0,"""조국 수사와 비교하면 직무유기 명백"" 전현직 검사 11명 고발--0","‘고교동창 스폰서 사건’의 스폰서 김 씨가 사건이 벌어졌던 2016년 당시 검찰총장이었던 김수남 변호사를 비롯해 전현직 검사 11명을 직무유기 혐의로 고발했다.	 스폰서 김 씨는 지난 30일 대검찰청 반부패부에 접수한 고발장에서, 김형준 검사가 박수종 변호사로부터 뇌물을 받은 사실 등을 인지하고도 해당 검사들은 감찰이나 수사를 하지 않았으며, 이러한 행위가 형법상의 직무유기와 특정범죄 가중처벌법상의 특수직무유기에 해당한다고 주장했다.	 스폰서 김 씨는 고발장을 접수하는 동시에, 대검찰청에 해당 검사들에 대한 감찰 요청서도 접수했다.	스폰서 김 씨는 고발장에서, 지난 2016년 피의자 신분이었던 박수종 변호사가 수사 책임자였던 김형준 전 검사에게 4천만 원의 금품을 건넨 사실이 있다며, 이는 피의자가 현직 검사에게, 그것도 증권범죄를 관장하거나 증권범죄에 막대한 영향력을 끼칠 수 있는 검사에게 돈을 지급한 것이기 때문에 명백한 뇌물로 보아야한다고 주장했다.	 따라서 검사들이 이를 알고도 입건하거나 수사하지 않은 것은 직무유기에 해당한다는 것이다.	  가 <죄수와 검사> 6편에서 보도한 바와 같이 박수종 변호사는 2015년 서울 남부지검에서 자본시장법위반 혐의로 입건돼 수사를 받고 있는 상태에서, 남부지검의 증권범죄 합동수사단장을 지냈던 김형준 전 검사에게 세 차례에 걸쳐 4천만 원의 금품을 건넨 바 있지만 뇌물 혐의로는 어떤 수사도 받지 않았다.	 이와 관련해 스폰서 김씨는 지난 10월 25일, 김형준과 박수종 두 사람을 뇌물 수수와 뇌물 공여 혐의로 경찰에 고발한 바 있다.	  김형준 전 검사와 박수종 변호사는 사건이 불거진 당시 이뤄진 대검 감찰팀 조사에서 “문제의 4천만 원은 박수종 변호사가 김형준 검사에게 빌려준 돈이며 나중에 모두 갚았다”고 해명했다.	 또 돈이 오간 시기인 2016년 3월부터 9월 사이에는 김형준 전 검사가 남부지검 증권범죄 합동수사단장을 떠나 예금보험공사에 파견을 가 있던 시기였고, 따라서 박수종 변호사에 대한 수사에 영향력을 미치기 어려웠다는 취지로 주장한 바 있다.	  스폰서 김 씨는 이에 대해 김형준 전 검사가 박수종에게 돈을 돌려준 것은 대검 감찰팀의 수사가 시작된 이후이기 때문에 처음부터 돈을 갚을 의도가 있었는지 의심스러울 뿐 아니라, 돈을 건네기 이전에도 박수종 변호사가 김형준 검사에게 천만 원 이상의 향응을 지속적으로 제공했던 점, 김형준 검사가 박수종 사건의 담당 검사에게 조속한 수사 진행을 지시했던 점으로 미루어 단순한 금전 대차 관계라는 두 사람의 해명은 성립이 되지 않는다고 지적했다.	  또 금품 수수 시기와 관련해서는 “뇌물성을 인정하는데는 금품수수 시기와 직무집행 행위의 전후를 가릴 필요가 없으며 심지어 장래에 담당할 직무에 대한 대가로 이익을 수수한 경우에도 뇌물죄가 성립할 수 있다”는 대법원의 판례가 존재한다며 금품의 수수 시기는 뇌물죄 성립 여부와 무관하다고도 덧붙였다.	 박수종, 김형준 두 사람의 뇌물 혐의를 인지하고도 수사하지 않은 직무 유기와 관련해 스폰서 김 씨가 고발한 전현직 검사는 2016년 당시 김수남 검찰총장과 김주현 대검 차장, 그리고 당시 대검 특별감찰팀 소속 검사였던 윤병준, 정수진, 조철, 안병익, 이선봉 검사 등 모두 7명이다.	  스폰서 김 씨는 이와 함께 자신이 대검 특별감찰팀에서 조사를 받을 당시 김형준 전 검사에게 준 뇌물과 향응을 구체적으로 진술했는데도 이 가운데 일부를 검사들이 누락시켰고, 자신이 진술한 성접대와 성매매 혐의 역시 수사하지 않았다며, 이 역시 직무유기에 해당한다고 주장했다.	   이와 관련해 스폰서 김 씨는 지난 9월, 검찰이 기소과정에서 축소한 뇌물과 누락한 성매매 혐의에 대해 경찰에 추가 고발을 한 바 있다.	 당시 스폰서 김 씨는 김형준 전 검사를 고발하는 동시에 뇌물 공여자인 자신도 추가로 처벌해달라며 자신의 이름도 피고발인에 포함시켰다.	 사건을 수사한 서울 지방경찰청 지능범죄수사대는 김 씨가 누락됐다고 주장한 뇌물 가운데 일부를 인정해 지난 11월 일부 기소의견으로 송치했지만 해당 사건을 송치받은 검찰은 수사를 진행하고 있지 않은 상태다.	    김형준 전 검사의 뇌물 축소와 성매매 누락에 대해 스폰서 김 씨가 직무유기 혐의로 고발한 검사는 당시 대검 특별감찰팀 소속이었던 윤병준, 정수진, 조철, 안병익, 이선봉 검사 등 5명이다.	  스폰서 김 씨는 이와 함께, 검찰이 김형준 검사의 비위 사실을 인지하고서도 언론보도가 나올 때까지 아무런 조치를 취하지 않았던 사실 역시 직무유기에 해당한다며 고발 사실에 포함시켰다.	   가 <죄수와 검사> 3편에서 보도한 바와 같이, 서울 서부지검은 2016년 5월 스폰서 김 씨의 또 다른 고교동창 한 모 씨가 스폰서 김씨를 고소한 사건을 통해 김형준 검사의 비위 사실을 파악했고, 이를 대검 감찰1과장에게 이메일로 보고했지만 대검 감찰팀은 한겨레 신문의 보도가 있었던 2016년 9월까지 아무런 조치를 취하지 않았다.	  스폰서 김 씨는 당시 서울 서부지검이 김형준 검사의 비위에 대해 즉각 수사에 착수하지 않은 것과 대검찰청이 감찰 착수를 하지 않은 것은 “검찰 공무원의 뇌물 수수 범죄의 경우 지체없이 입건함을 원칙으로 한다”고 되어있는 <검찰 공무원의 범죄 및 비위처리 지침> 3조를 위반한 것이라고 주장했다."
1,"""조국 수사와 비교하면 직무유기 명백"" 전현직 검사 11명 고발--1","  스폰서 김 씨가 보고와 감찰, 수사를 지체했다며 직무유기로 고발한 검사는 당시 서울 서부지검에서 스폰서 김 씨에 대한 고소 사건을 담당했던 박정의 검사와 김현선 부장검사, 당시 대검 감찰본부장이었던 정병하 검사와 감찰1과장이었던 조기룡 검사 등 4명이다.	  스폰서 김 씨는 고발장에서, 처벌을 감수한 자신의 폭로가 없었다면 검찰은 김형준 검사 사건 자체를 은폐했을 것이라며, 폭로 이후에도 자신은 그에 따른 처벌을 감수하고 있는 반면 검찰은 범죄를 면밀하게 수사해야 할 엄중한 의무를 이행하지 않았다고 주장했다.	 특히 그는 검찰이 지난 몇 달 동안 벌인 조국 전 법무부 장관 수사와 김형준 검사 사건을 비교하면 검사들의 직무유기는 명백하다고 덧붙였다.	 스폰서 김 씨의 고발 사건을 대리한 법무법인 민본의 민병덕 변호사는 “전체적으로 보아 2016년 당시 대검찰청을 비롯한 검찰은 김형준 부장검사와 관련한 대부분의 비위사실을 알았음에도 불구하고 이를 덮거나 범죄를 축소하려 했던 의도가 있었던 것으로 보인다.	”고 말했다."
2,"[변화] ""국고 횡령"" 주베트남한국문화원장 중징계 회부--0"," 가 지난해 7월 보도한 ‘국고 횡령해 관광다닌 재외기관장…정부는 면죄부 감사’ 와 관련 문화체육관광부는 박혜진 주베트남한국문화원장을 중징계하기로 결정했다.	 김태훈 문체부 해외문화홍보원장은 11일  와의 인터뷰를 통해 “공금 횡령과 문화원 공용차랑의 사적 사용, 직원에 대한 갑질 등 상당 부분 징계 사유가 발견돼 징계 절차를 진행중”이라고 밝혔다.	  박 원장은 다음달 중으로 한국에 소환된 뒤 인사혁신처 중앙인사위원회에 중징계 대상자로 회부될 예정이다.	 외교부는 후임 원장 선발을 위한 공모작업에 들어갔다.	  이와는 별도로 세종지방경찰청 광역지능수사대는 박 원장의 공금 횡령에 대해 본격 수사에 나섰다.	 이 사건의 공익신고자이자 문화원 회계담당직원이었던 김민중 실무관은 사비를 들여 귀국해 지난 7일 경찰 조사에 응했다.	  앞서  는 지난해 7월과 8월 박 원장이 공금을 횡령해 가족 동반 관광을 다녔으며 이를 은폐하기 위해 회계 장부 등을 조작했고, 문체부와 외교부는 부실한 감사를 통해 박 원장에게 사실상 면죄부를 주려 했다고 보도했다.	이후 감사원은 주베트남한국문화원에 대해 대행감사를 실시했고, 박 원장의 비위 사실을 확인해 지난해 12월 문체부에 감사 결과를 통보했다."
3,"죄수와 검사III ③ 죄수들, 중앙지검 검사실에서 범죄를 기획하다--0"," 는 세 번째 시즌 1편과 2편에서, 서울 중앙지검 검사실을 배경으로 벌어진 사건 거래와 형집행정지 로비 의혹을 보도했다.	  이번 편에서는 죄수들이 중앙지검 검사실에서 기획해 실행까지 옮긴 사기와 범죄수익은닉 범죄 혐의를 보도한다서울 중앙지검 별관에 있는 방위사업수사부는 굵직한 방위산업 비리를 전문적으로 수사하는 조직이다.	 그런데 지난 2016년, 방위산업 비리와는 아무 관계가 없는 죄수들이 중앙지검 별관 408호 김영일 검사실을 수시로 드나들었다.	 지난 1,2편에서 보도한 IDS 홀딩스 사건의 주범 김성훈과 브로커 죄수 이 모 씨 등이 그들이다.	 그런데, 당시 김영일 검사실에 자주 드나들었던 죄수가 한 명 더 있었다.	 또 다른 브로커 죄수 한 모 씨가 그 주인공이다.	한 씨는 지인에게 돈 2억 원을 빌린 뒤 그 가운데 1억 원을 갚지 못해 사기 혐의로 고소를 당했다.	 사기 전과가 많은 탓인지 실형을 받아 2016년 10월 구속됐다.	 그야말로 이른바 ‘잡범’이다.	 그리고 2017년 3월 초, 고소인에게 1억 원을 갚고 보석으로 석방됐다.	 그런데 그는 2016년 구속된 뒤 바로 다음 달인 11월부터 방위사업수사부 김영일 검사실에 출정을 다니기 시작했다.	 2017년 3월 초 출소할 때까지 넉달 반 동안 그의 출정 회수는 무려 50회에 달했다.	 일주일에 2-3번 꼴이다.	 단순 사기범이었던 한 씨가 방위사업 수사부에 출정을 다닌 이유는 뭘까?	 그리고 불과 다섯달 전 1억 원을 갚지 못해 구속까지 됐던 그가 감옥 안에서 어떻게 돈을 마련해 빚을 갚고 보석으로 풀려났을까?	 의문은 잠시 뒤로 하고, 출소 뒤 한 씨의 행적을 따라가 보자.2017년 3월 초 출소한 한 씨는 서울 청담동에 사무실을 차렸다.	 대로변 건물 12층 한 층 전체를 임대해 쓰며 직원들을 고용하고 스스로를 ‘한 회장’이라고 불렀다.	당시 한 씨는 그야말로 돈을 물 쓰듯 썼다고 한다.	 당시 한 씨로부터 동업 제안을 받고 한 달 반 가량 같은 사무실을 썼던 사업가 김 모 씨의 증언이다.	 이렇게 출처를 알 수 없는 돈을 펑펑 써대던 한 씨는 곧이어 IDS 홀딩스 사건 피해자들에게 접근했다."
4,"죄수와 검사III ③ 죄수들, 중앙지검 검사실에서 범죄를 기획하다--1"," IDS 홀딩스 사건은 만 2천 명의 피해자들이 무려 1조 8백억 원의 피해를 입은 다단계 사기 사건이다.	 그는 스스로를 IDS 홀딩스 사건의 주범인 김성훈의 친구이며, 8천 억 자산을 보유한 자산가로 소개했다.	 그러면서 김성훈에게 신세진 것이 많아 김성훈을 대신해 피해자들이 투자한 돈을 갚아주겠다고 제안했다.	 이른바 ‘대위변제’를 해주겠다는 것.	 구체적으로는, ‘캐퍼시터’라는 배터리 관련 독점 기술을 보유한 회사를 특수목적법인, SPC를 통해 인수한 뒤 그 SPC의 주식을 돈 대신 피해자들에게 나눠주겠다고 했다.	 인수 대상 회사의 가치가 무려 5,400억 원에 이르는데다 앞으로 사업이 잘 되면 1조 원 이상이 될 수도 있어 피해금액을 모두 회복하고도 남을 거라고도 했다.	 그 대신 김성훈에 대한 합의서와 처벌 불원서를 써달라는 것이 한 씨의 요구였다.	  한 씨는 김성훈의 측근과 미리 이같은 ‘대위변제안’을 상의한 뒤 피해자 수백 명을 모아 이같은 계획을 발표했다.	 이 자리에 한 씨는 나타나지 않았고 대신 그의 측근들이 대신 나와 피해자들을 설득했다.	 김성훈의 측근들도 “일단 김성훈을 석방시키고 난 뒤에 욕을 하든지, 돈을 갚으라고 요구하자”면서 바람을 잡았다.	 감옥에 갇혀 있던 김성훈 자신도 편지를 보내 대독시키면서까지 피해자들을 설득했다.	 결국 피해자들 대부분이 이 ‘대위변제안’에 설득됐다.	 만 2천명 가운데 만여 명, 86%의 피해자가 합의서와 처벌불원서를 써준 것이다.	 김성훈의 2심 판결을 불과 한 달도 남기지 않은 시점에 이 합의서와 처벌불원서가 재판부에 제출됐다.	 김성훈의 2심 재판에서 재판부는 “상당수의 피해자들이 피고인에 대한 처벌불원 의사를 표시하였다”면서 피해자들의 처벌불원서를 양형 사유 중의 하나로 적시했다.	 그러면서도 “범행으로 인한 피해가 막대한데도 피고는 반성하는 모습을 보이지 않고 있다”면서 1심에서 내린 징역 12년형보다 높은 징역 15년형을 선고했다.	 만약 피해자들의 처벌불원서가 없었더라면 더 높은 형량이 선고됐을지도 모른다.	 한 씨가 IDS 홀딩스 사건 피해자들에게 접근해 한 말은 새빨간 거짓말이었다.	 그가 5,400억 원에 이른다고 주장했던 회사의 가치는 불과 35억 원 정도밖에 되지 않았고 그마저도 완전히 인수하지 못했다.	 결국 피해자들은 액면가 100원에 불과한 SPC 주식을 18만 원 짜리로 계산해 합의서를 써준 꼴이 됐다."
5,"죄수와 검사III ③ 죄수들, 중앙지검 검사실에서 범죄를 기획하다--2"," 이뿐이 아니었다.	 한 씨는 일부 피해자들에게 이른바 ‘지급보증 수수료’ 명목으로 14억 원을 받아 챙겼다.	 만에 하나 회사가 돈을 벌지 못하거나 중간에 문제가 생기더라도 피해자들에게 돈을 갚아주려면 지급보증 상품에 가입을 해야하는데, 거기에 수수료가 필요하다는 명목으로 돈을 뜯어낸 것이다.	 대위변제 사기 뿐 아니라 피해자들에 대한 2차 사기 사건이 발생한 것이다.	 뒤늦게 속았다는 사실을 깨달은 IDS 사건 피해자들은 한 씨를 고소했다.	 한 씨는 경찰의 수사를 피해 병원에 입원해 있던 중 IDS 사건 피해자들에 의해 붙잡혔다.	 피해자들이 밤을 새며 미행을 하는 등 집요한 추적으로 병원에 입원해 있던 한 씨를 발견해 경찰에 신고한 것이다.	 한 씨는 결국 다시 구속됐고 사기와 범죄수익은닉 혐의로 징역 5년형을 선고받았다.	  불과 1억 원을 갚지 못해 구속된 한 씨는 어떻게 출소를 하자마자 돈을 펑펑 쓰고 다니며 대단한 사업가 행세를 할 수 있었을까.	 그리고 왜 IDS 홀딩스 사건의 피해자들에게 사기까지 쳐가면서 김성훈의 형량을 낮추기 위한 ‘작업’을 했을까.	 이 의문들을 풀기 위해서는 2017년 한 씨의 출소 전, 즉 한 씨가 죄수였던 시절로 돌아가야 한다.	 IDS 홀딩스 사건의 주범 김성훈은 2016년 9월 구속됐다.	 그리고 한달 뒤 브로커 죄수 한 씨가 구속됐다.	 그런데 우연히도 두 사람은 서울 구치소에서 같은 방에 수감됐다고 한다.	 한 씨의 출소 뒤 동업 제안을 받고 한 달 반 가량 같은 사무실을 썼던 사업가 김 모씨가 한 씨로부터 직접 들은 얘기다.	 한 씨는 이미 여러 차례 감방을 드나들면서 브로커 죄수로 유명해진 인물이었다.	 감방 안에 있을 때나 밖에 나와있을 때나, 몇몇 검사들과의 친분을 이용해 사건을 해결해 준 적이 여러 번 있었다고 한다.	 그래서 심지어 “자신은 징역을 가면 돈을 더 많이 번다”고 자랑을 하기도 했다는 것이다.	 IDS 홀딩스 사건의 주범 김성훈과 한 방을 쓰게 된 한 씨는 과거 그랬던 것처럼 김영일 검사실에 뻔질나게 출정을 다니기 시작한다.	 같은 죄수이면서도 일주일에 두세 번씩 검사실에 나가 전화도 하고 사람도 만나고 외부 음식도 먹는 한 씨를 보면서 김성훈이 한 씨에게 접근했다."
6,"죄수와 검사III ③ 죄수들, 중앙지검 검사실에서 범죄를 기획하다--3"," 사업가 김 씨가 한 씨로부터 들었다는 얘기들은 사실일까.	  가 열린민주당 김진애 의원실을 통해 확보한 김영일 검사실 출정 기록을 보면, 사실일 가능성이 높아 보인다.	 한 씨는 구속 한달 뒤인 2016년 11월 20일부터 2017년 1월 11일까지 두 달 동안 16번, 일주일에 두 번꼴로 김영일 검사실에 출정을 나갔다.	 아마 이 시기가 김성훈이 “희한한 놈이 들어왔네”라며 한 씨를 관찰하다 접근한 시기였을 것이다.	 그리고 1월 12일부터 한 씨와 김성훈은 함께 출정을 나가기 시작했다.	 한 씨가 돈 1억 원을 갚고 출소한 2017년 3월 초까지, 두 사람은 40여일 동안 무려 23일을 함께 출정을 나갔다.	 이제 앞서 던졌던 질문의 답을 찾아보자.	 1억 원이 없어서 구속까지 됐던 한 씨가 불과 몇 달사이에 돈을 모두 갚고 출소한 뒤 8천억 자산가로 행세할 수 있었던 배경, 그리고 IDS 피해자들에게 접근해 2차 사기까지 친 이유 말이다.	 한 씨와 동업을 하려했던 사업가 김 씨가 한 씨로부터 들은 말에 따르면 한 씨의 합의금 1억 원을 준 것은 김성훈이었다.	 김성훈이 한 씨에게 돈을 줘서 출소시킨 이유는 무엇일까.	 사업가 김 씨에 따르면 김성훈 자신의 형량을 줄이기 위해서는 IDS 피해자들로부터 합의서를 받아내야 하는데 바로 이 일의 적임자가 한 씨라고 보고 일을 맡기기 위해 한 씨를 먼저 출소시켰다고 한다.	 그리고 한 씨가 나가서 이 일을 할 수 있도록 김성훈은 자신이 어딘가에 숨겨놓았던 범죄 수익금 가운데 일부를 한 씨한테 줬다고 한다.	 사업가 김 씨의 말은 사실일까.	 한 씨의 구속 이후 진행된 검찰 수사에 따르면 김성훈이 실제로 자신의 자금 담당 측근을 홍콩에 숨겨두었던 27억 원을 한 씨에게 송금한 사실이 확인됐다.	 이 돈으로 한 씨는 거물 사업가 행세를 하며 피해자들에게 접근했고 다시 한 번 사기를 친 것이다.	 한 씨의 혐의에 사기 뿐 아니라 범죄수익은닉 혐의까지 포함된 이유가 여기에 있다.	 즉 김성훈이 피해자들에게 사기를 쳐서 챙긴 범죄수익금인 것을 알면서도 돈을 받아 썼다는 것이다.	 피해자들 입장에서 보면, 애초에 자신의 돈이었던 범죄수익이 다시 자신에게 사기를 치는 자금으로 사용된 것이다.	   이 모든 일이 일어난 배경은 김영일 검사실이었다.	 2016년에는 서울중앙지검 별관 방위사업수사부 408호였고, 김영일 검사가 특수 1부로 옮긴 뒤에는 본관 1003호였다."
7,"죄수와 검사III ③ 죄수들, 중앙지검 검사실에서 범죄를 기획하다--4"," 김성훈과 한 씨 두 사람이 구치소에서 같은 방을 썼다고 해도, 이들이 함께 검사실에 출정을 나가지 않았다면 대위변제사기와 피해자들에 대한 2차 사기는 불가능했을 것이다.	 이런 범죄를 모의하려면 외부와 자유롭게 소통을 해야할 뿐 아니라 무엇보다 숨겨놓은 돈을 움직여야 하기 때문이다.	 김영일 검사는   질의에 “김성훈과 한 씨는 각자의 사건이 있어서 부른 것일 뿐”이라고 답했다.	 구체적으로 어떤 사건 때문인지를 묻는 추가 질의에는 답하지 않았다.	  그런데  는 김영일 검사가 이같은 범죄 행각에 상당한 협조를 한 것으로 보이는 정황을 발견했다.	 첫째는 김영일 검사실에서 김성훈과 김성훈의 ‘금고지기’로 알려진 예 모 씨가 만나는 것을 봤다는 목격자의 증언이다.	 목격자 역시 김영일 검사실에 조사를 받으러 나갔다가 두 사람이 만나 따로 얘기하는 것을 봤다고 한다.	예 씨는 김성훈의 자금 운영을 담당했던 인물로, 홍콩에 있던 김성훈의 범죄수익 은닉자금 27억 원을 한 씨에게 전달하는 데 핵심적인 역할을 한 인물이다.	 따라서 범죄 수익을 옮기고 빼돌리라는 이런 지시를 김성훈이 검사실에서 직접 예 씨에게 했을 가능성도 배제할 수 없다.	둘째는 브로커 죄수 한 씨가 출소한 뒤 고용한 접견 변호사 최 모 씨의 증언이다.	 최 씨는 IDS 피해자들에게, 자신의 주요 업무가 김성훈에게 변호사 접견을 가는 것이었다고 털어놨다.	 그러면서 이렇게 말했다.	최 변호사의 말이 사실이라면, 김성훈이 출정을 갈 때마다 김영일 검사와 한 씨가 사전협의를 통해 날짜를 조율했다는 얘기가 된다.	 김영일 검사의 협조 아래 김성훈과 한 씨는 확실한 소통 채널을 가지고 범죄를 모의했다는 뜻이다.	  는 새롭게 취재한 이 두 가지 사실을 김영일 검사에게 전달하고 다시 입장을 물었으나 김영일 검사는 “허위 사실이 보도될 경우 법적 조치를 취하겠다”라는 답변만을 전해왔다.	 IDS 사건 피해자 가운데 일부는 지난 2018년 브로커 죄수 한 씨의 범죄 행각이 드러나자 검찰에 김영일 검사를 감찰해 달라는 진정서를 접수했다.	 그러나 검찰은 2년이 넘은 현재까지 아무런 결과를 내놓지 않고 있다.	 김영일 검사는 이후 서울 남부지검 부장 검사를 거쳐 대검 수사정보담당관으로 영전했다가, 지난 8월 제주지검 형사 1부장으로 좌천됐다.	   세 번째 시즌 2편이 보도된 이후 IDS 사건 피해자들은 보도 내용을 근거로 김영일 검사를 고발했다.	 지난 19일 서울 중앙지검에 접수된 고발장에 적시된 혐의는, 직권남용 권리행사방해와 직무유기다."
8,"죄수와 검사III ③ 죄수들, 중앙지검 검사실에서 범죄를 기획하다--5",   4편에서는 1조 사기범 김성훈의 은닉 자금에 대한 검찰의 축소 수사 의혹을 보도할 예정이다.
9,"[국회작동법 1부] ①10년 전부터 나온 ""민식이법""...국회가 외면했다--0","-	-	-	-	-	-	-	-	-	-	법안 하나가 국회를 통과하기까지 어떤 과정을 거치게 되는 것일까?	국회에서 통과되거나 통과되지 않는 법안들은 각각 나름대로의 합당한 이유가 있을까?	 는 오는 4월 치러지는 21대 총선을 맞아 준비한 기획 보도 <국회 작동법> <1부 ‘최악의 국회’는 이렇게 만들어진다> 편에서 먼저 최근 국회를 통과한 어린이 교통 안전 법안, 이른바 '민식이법'에 집중했다.	 '민식이법'을 보면 우리 국회가 민생법안을 어떤 식으로 처리하는지 단적으로 보여주기 때문이다.	 '민식이법'은 스쿨존 내에 무인단속기 의무 설치, 스쿨존 내 교통사고 유발 시 가중처벌 등의 내용을 담고 있는 어린이 교통 안전을 위한 법이다.	 지난해 9월 교통사고로 숨진 9살 민식 군의 사고 이후 발의됐다.	 선거법 등 패스트 트랙 법안 처리 과정에서 발목이 잡히기도 했지만 우여곡절 끝에 지난 12월 10일 국회를 통과했다.	  그런데 사실 '민식이법'은 20대 국회 초반부터 계속해서 발의됐던 법이다.	 민식군 사고 이전에 20대 국회에서만 7건의 관련 법안이 발의됐다.	 2016년에 4건, 2017년에 2건, 2018년에 1건이다."
10,"[국회작동법 1부] ①10년 전부터 나온 ""민식이법""...국회가 외면했다--1"," 2016년에는 더불어민주당 이용득· 박남춘 의원, 이용주 의원과 이언주 의원이 관련 내용인 도로교통법 일부개정 법률안을 발의했다.	 앞 세 의원의 법안은 스쿨존 내 무인단속기 설치 법안, 이언주 의원의 법안은 스쿨존 내 지정 시절의 주 출입문으로부터 100m 이내 횡단보도에 신호기를 우선적으로 설치하는 법안이었다.	  자유한국당 박명재 의원, 민주당 정재호 의원, 손금주 의원의 도로교통법 개정안도 잇따랐다.	  그러나 이 모든 법안은 민식 군 사고 이전에는 한 차례도 제대로 논의되지 않았다.	 일단 법안을 실질적으로 심사하는 단계인 상임위의 '법안심사소위' 단계까지 올라간 법안은 한 건도 없다.	 이용득·박남춘·정재호·손금주 의원의 개정안은 발의 후 수년간 아예 상임위에 상정도 되지 않았다.	  법안처리 우선순위에서 밀렸던 것이다.	 이용득·이언주·박명재 의원의 개정안은 행안위에 안건이 상정은 됐지만, 상정만 됐을 뿐 그 이후의 단계를 거치지 못했다.	 상임위 상정 이후에는 법안소위 심사, 상임위 의결, 법제사법위원회, 본회의 등의 단계를 거쳐야 하지만 첫단계까지만 진행됐다는 의미다.	 이 안건들은 '민식이법'이 통과되던 지난달 10일에야 '대안반영폐기'의 형식으로 일괄 처리됐다.	  이 같은 어린이 교통안전 법안은 19대 국회와 18대 국회까지 거슬러 올라간다.	 19대 국회에는 민주당 유승희 의원, 김윤덕 전 의원, 함진규 의원 등이, 18대 국회에는 윤두환 전 의원, 현기환 전 의원 등이 관련 법안을 발의했다.	 모두 국회 회기가 끝나면서 폐기됐다.	  지난 2013년에 도로교통법 개정안을 발의했던 유승희 의원은 취재진과 만나 ""민식이법이 있기 전에도 어린이 교통사고는 빈번했기 때문에 스쿨존 내에서 시속을 더 줄이고, 도로상의 표시를 분명히 하고 과속방지턱을 만들자는 법안을 발의했지만 주목을 받지 못한 채로 안타깝게 사라져 가버렸다.	 여야가 합의를 하지 않은 경우에는 민생법안이 상임위에서 논의되는 속도를 보면 빨라야 1년, 대부분의 경우는 2년, 3년, 4년을 끌다가 계류된다""고 말했다.	 2016년에 해당 법안을 발의했던 이용주 의원은 ""그 당시에 탄핵이나 대통령 선거 등 중요한 정치 일정에  밀렸다고 볼 수 있다""며 ""국회의원들이 지금 국민으로부터 비판을 받아 마땅한 일이다.	 싸울 때 싸우더라도 일을 하면서 하면 욕을 덜 먹지 않겠냐""고 털어놨다.	 장하나 정치하는엄마들 사무국장은 취재진과의 인터뷰에서 “민식이법이 민식군 사고 이전에 통과됐더라면 민식군은 지금 부모님 곁에 있었을 것”이라며 “ 4천 억원이 국회의원들 자기 돈도 아닌데, 이런 법이 우선순위에서 밀린다는 것은 애초에 아동·안전 문제는 그들의 관심사항이 아니기 때문”이라고 비판했다."
11,"30년 만에 재심, 전교조 북침설 교육의 진실은?--0","청주 상당고 강성호 교사는 지난 31년간 아물지 않은 상처가 있다.	 강성호 교사는 1989년 대학을 졸업하고 충북 제원고등학교로 첫 발령을 받은 지 불과 석 달만에 구속됐다.	죄목은 국가보안법 위반 혐의.	 수업시간에 “6.25는 남침이 아니라 미군이 먼저 침략했다, 북한도 잘 산다”는 등 북한을 찬양하는 교육을 했다는 것이다.	 강 교사는 수업도중 경찰에 강제 연행된 뒤 1999년 복직될 때까지 10년간 교단을 떠나야 했다.	 강 교사가 구속되던 1989년 5월은 전국교직원노동조합 출범을 앞두고 교사들이 줄줄이 구속됐던 시기다.	 전교조 결성에 앞장선 교사들에게 ‘빨갱이’라는 프레임을 씌워 여론을 호도하는 방법으로 전교조 결성을 막기 위해서였다.	 5월 24일 서울 인덕공고 조태훈 교사는 1년전 술자리에서 동료 교사에게 북침설을 말했다는 이유로, 26일 경북 영주 동산여중 이수찬 교사는 한 여학생이 김일성을 만나보고 싶다고 쓴 낙서를 방치했다는 이유로 각각 재판에 넘겨졌다.	 조태훈 교사와 이수찬 교사는 1심에서 유죄판결을 받았다가 항소심에서 승소했지만, 강성호 교사는 대법원에서 유죄가 최종 확정됐다.	 30년의 세월동안 수형번호 279라는 주홍글씨를 달고 있었던 강 교사는 지난해 비로소 용기를 냈다.	 법원의 재심 신청을 통해 진실을 규명하기로 한 것이다.	 는 강성호 교사의 재판기록 일체를 입수해, 사건의 진실을 추적했다.	충북 제천경찰서가 1989년 5월 19일 작성한 수사보고서에는 강성호 교사의 범행 날짜가 각각 같은해 4월 11일과 4월 25일로 적시됐다.	 그러나   취재결과 수사보고서가 작성된 날까지 경찰이 참고인으로 불러 조사한 5명중 어느 누구도 범행 날짜를 정확히 증언하지 못했다.	 5월 18일 조사를 받은 제원고 육성회장 노모씨와 유 모 부회장은 정확한 날짜를 모른다고 답했고, 김 모 총무는 북침설 교육 얘기를 전혀 들어본 적 없다고 했다.	 5월 19일 경찰에 출석한 제원고 최모 교장은 강성호 교사의 이른바 의식화 교육에 대해 구체적인 날짜를 대며 진술했지만 정작 북침설 교육 날짜에 대해서는 3월 21일부터 5월 2일 사이라고 뭉뚱그렸다.	 북침설 교육을 받았다고 주장한 학생을 직접 면담했던 제원고 신 모 교감 역시 3월초부터 4월말까지라고 말했을 뿐 구체적인 범행날짜를 밝히진 못했다.	 경찰이 범행 날짜에 대한 구체적인 증언을 확보한 것은 수사보고서를 작성한 다음날이었다.	 제원고 학생이 5월 20일 토요일 오전 수업을 마친 뒤 담임교사와 함께 경찰서에 출두, 지난 4월 11일과 4월 25일 각각 북침설과 북한 찬양 교육을 받았다고 진술했다.	 경찰이 이 학생의 증언이 나오기 전에 이미 범행 날짜를 알고 있었다는 건 풀리지 않는 의문이다."
12,"30년 만에 재심, 전교조 북침설 교육의 진실은?--1","강성호 교사와 함께 제원고에서 근무했던 김성장 교사는 당시 상황을 정리해 기록했고, 이 기록물은 1990년 책으로 발간됐다.	 이 책에는 당시 2학년 7반 담임교사였던 신 모씨는 강성호 교사가 경찰에 체포된 5월 24일 학생들에게 북침설 교육을 받았는지 여부를 묻는 설문조사를 했다고 나온다.	 하지만 신 교사가 북침설 교육을 처음 들은 것은 일주일 전인 5월 18일 점심무렵.	 2학년 7반 이미연 학생은 친구 이영자와 함께 이성 문제 등을 상담하다 수업시간에 북침설을 교육받았다고 말했다.	 신 교사는 학생주임 교사를 따로 불러 의논한 뒤 최모 교장과 신모 교감에게 보고했다.	 교장은 교감에게 사실 확인을 지시했고, 신 교감은 이미순 학생만 불러 면담했다.5월 18일 오후부터 5월 24일 오전까지 일주일간 이 학교 교장과 교감, 신 교사 중 어느 누구도 강성호 교사는 물론 다른 학생들에게 북침설 교육을 받았는지 여부에 대해 조사하지 않았다.	 31년이 세월이 흘러 최 모 교장은 이미 유명을 달리했고, 신 교감의 근황도 알 수 없었다.	 수소문끝에 신 교사가 충북 제천에 살고 있다는 소식을 들고 찾아갔지만 만나지 못했다.	 문자메시지로 질문 했지만 답변을 들을 수 없었다.	 동료 교사가 국가보안법 위반 혐의로 체포될 때까지 교장과 교감, 담임교사 모두 쉬쉬하며 제대로 사실 확인을 하지 않은 것이 이 사건의 두번째 의문이다.	강성호 교사가 구속된 다음날 제원고 학생들은 운동장에 나와 집단 시위를 벌였다.	 당시 수학여행을 떠나 학교에 없었던 1학년을 제외하고 2.3학년 학생들이 모두 시위에 참여했다.	 학생들은 강성호 교사로부터 북침설 교육을 받은 사실이 없다는 내용의 탄원서를 쓰고, 선생님을 돌려달라고 요구했다.	 강 교사의 무죄를 주장하며 재판부에 탄원서를 제출한 한 학생은 359명.	 반면 북침설 교육을 받았다고 진술한 학생은 2학년 7반의 7명에 불과했다.	  는 북침설 교육을 들었다는 학생들이 경찰과 검찰, 법정에서 각각 진술한 기록을 꼼꼼히 따져봤다.	 이미연 학생은 경찰조사에서 북침설 교육을 직접 듣고 옆에 있던 김은희에게 “이북이 남한을 침범했다고 배웠는데 미군이 먼저 이북을 침범했다고 하는데 우리에게 전혀 다른 것을 가르키는 것이 아니냐”고 말했다고 진술했다.	 이영자 학생은 처음에는 북침설 교육을 직접 들었다고 했다가 나중에 강 교사와의 대질 신문에서 “이미연과 김은희가 하는 대화를 듣고 북침설 교육을 받게 된 것을 알게 됐다”고 진술했다.	 그러나 정작 김은희의 진술은 달랐다.	 김은희는 “남침이다 북침이다 하는 이야기를 직접 듣지는 못했고, 그 시간에 옆자리에 앉은 이미연과 이영자의 이야기를 들었다”고 말했다."
13,"30년 만에 재심, 전교조 북침설 교육의 진실은?--2"," 서로의 증언이 서로 엇갈려 무엇이 진실인지 알기 어려운 상황.	 그런데 이들의 진술이 모두 거짓이었다.	 김은희 학생이 북침설 교육을 했다는 그날 학교를 결석했기 때문이다.	 당시 교실에 없던 학생과 서로 얘기를 주고 받았다고 거짓 증언을 한 것.	 결석했던 학생이 경찰서에 출석해 위증한 경우는 또 있었다.	 김숙희는 “ 강 선생님이 사진첩을 가지고 와 한장한장 넘겨가며 ‘북한도 많이 발전해 잘 살고 있다.	 금강산 백두산 사진을 보여주며 너희도 통일이 되면 이런 곳으로 신혼여행을 갈 수 있다’고 말했다”며 당시 수업 상황을 구체적으로 진술했다.	 하지만 이날 출석부에는 이 학생이 결석한 것으로 돼 있었다.	 이명자 학생은 검찰 조사에서 북침설 교육을 듣지 못했다고 답했다가 석달 뒤 법정에 출석해서는 북침설 교육을 직접 들었다고 증언했다.	 북침설 교육을 받았다고 진술했던 이하영 학생은 옆 친구가 쓴 자술서를 베껴 쓴 사실이 들통나기도 했다.	 이처럼 강성호 교사로부터 북침설 교육을 받았다고 주장하는 학생들 진술에 일관성이 없었다.	 하지만 법원은 이들 7명의 주장을 절대 다수인 359명의 목소리보다 더 중요한 증거로 채택했다.	 19일 작성된 경찰의 수사보고서는 강성호 교사의 범죄행위를 입증하기 위해 불온 서적과 사진 책자 등에 대해 사전 압수 수색 영장이 필요하다고 적시했다.	 하지만 압수수색 영장은 발부되지 않았다.	 대신 담당 검사는 수사를 개시하되 혐의 유무를 명확히 한 후 재지휘를 받으라고 지시했다.	 그러나 경찰은 체포영장 없이 강성호 교사를 연행해 구금했고, 압수수색 영장 없이 강 교사의 책과 사진첩을 무단으로 압수했다.	 경찰이 불법으로 입수한 책자는 강씨의 유죄를 입증하는 증거로 활용됐다.	 1심 재판부는 판결문에서 강성호 교사의 책 10권을 일일이 나열하며 평소 불온한 사상을 갖고 있는 강 교사가 북침설 교육 등 북한의 주장에 동조 찬양하고 있다고 판단했다.	재판부는 특히 감자씨와 볍씨의 통일이야기가 미군을 몰아내고 반민족적 반민주적 세력과의 치열한 투쟁과정을 통해 통일을 이뤄야한다는 내용을 담았다고 지적했다.	  가 국회도서관의 협조를 얻어 경찰이 압수한 서적과 동일한 출판본을 찾아 검증했다."
14,"30년 만에 재심, 전교조 북침설 교육의 진실은?--3", 재판부 지적과는 달리 통일에 대한 학생들의 글과 북한 실상을 이해하는 글이 대부분을 차지했다.	 게다가 경찰청 산하 공안문제연구소는 이 책이 “북한당국에 대해 실체를 오인하게 만드는 문제점은 있으나 용공적이라 할수는 없다”는 감정 결과를 내놨다.	 당시 제천 경찰서는 경찰청 산하 공안문제연구소에 불온 유인물에 대한 감정을 의뢰했다.	공안문제연구소는 현재 경찰대학 산하 치안정책연구소로 간판을 바꿔달고 더이상 불온 서적에 대한 이적성 여부를 감정하지 않고 있다.	 하지만 2천년대 초반까지만 해도 용공서적 감별사로 악명이 높았던 곳이다.	 당시 경찰이 감정을 의뢰한 책자는 모두 17권.	 공안문제연구소는 ‘찢겨진 산하’ 단 한 권에 대해서만 용공성이 있다고 판단했을뿐 나머지 16권은 특별히 문제가 되지 않는다고 감정했다.	 재판부가 판결문에서 강성호 교사를 소위 말하는 의식화교사의 증거로 나열한 10권의 책 중 9권은 이른바 불온 서적이 전혀 아니었던 것이다.	 일관성 없는 학생들의 증언와 함량 미달의 증거로 강 교사는 자신도 모르게 빨갱이 교사가 됐다.	그리고 다시 교단으로 다시 돌아오기까지 10년이 걸렸다.	 지난해 5월 강 교사는 청주지법에 재심을 청구했고 법원은 지난 11월 재심 결정을 내렸다.	 재심 첫 공판이 열린 지난 1월 30일 그는 다시 법정에 섰다.	 31년전 법정에 출두하면서 그가 손바닥에 썼던 진실과 승리를 입증하기 위해서다.
15,"[텔레그램 마약방] ② ""전세계 박왕열"", 전국에 마약 팔아 매달 100억 수익?--0"," 는 ‘텔레그램 마약왕’으로 불리는 마약판매상 ‘전세계’ 박왕열의 실체를 밝힌데 이어 그의 마약 유통망이 전국에 퍼져있다는 사실도 확인했다.	 ‘전세계’의 심부름꾼, 중간판매책으로 활동하다 유죄 선고를 받은 공범들의 판결문과 경찰 수사자료 등을 통해서다.	 전세계는 텔레그램을 통한 마약 유통망에 마약을 대주는 공급책, 일명 ‘상선’이다.	 전세계는 최근까지 한국으로 마약을 밀반입, 전국으로 유통하며 매달 최대 100억 원이 넘는 수익을 올리고 있었던 것으로 추정된다.	 2020년 2월 11일, 전세계의 심부름꾼으로 활동했던 마약범 J가 서울 을지로에 나타났다.	 J는 을지로에서 전세계가 보낸 필로폰 약 5.98g과 엑스터시 11정, 신종 마약류인 LSD가 흡착된 종이 15장 등 마약을 수거했다.	 이후 강남역 부근으로 이동한 J는 전세계의 지시를 받은 H로부터 합성대마 약 9.8g을 건네받았다.	 마약을 손에 넣은 J는 곧바로 부산으로 향했다.	 이른바 ‘던지기’ 작업을 하기 위해서였다.	 ‘던지기’란 마약 구매자가 홍보글을 보고 돈을 판매자에게 보내면, 판매자가 특정 장소에 마약을 숨겨놓고 찾아가게 하는 비대면 마약 거래 수법이다.	J는 부산역 바로 근처 공중전화박스 아래, 골목의 소화전 하단, 학원 건물의 우편함, 건물 간판 사이 등에 마약을 숨겼다.	 아래는 J가 부산 지역에 마약을 숨긴 장소다.	J는 2월 11일 저녁 7시부터 밤 11시까지 약 4시간 동안 32곳에 마약을 ‘던지기’했다.	 필로폰 약 18.61g, 시가로 1000만 원에 달하는 양이었다.	다음날인 2월 12일, J는 이번엔 대구로 향했다.	 대구에서 J는 3시간 동안 25곳에 필로폰과 합성대마를 숨겼다.	 마약을 은닉한 장소는 모두 전세계에게 사진으로 보고했다.	전세계의 또 다른 중간판매책 Y는 경상도 지역에 마약을 뿌렸다.	 Y는 울산의 한 고속버스터미널에서 전세계가 보낸 필로폰 91.63g을 받았다.	 필로폰 1g의 소매가는 대략 60만 원."
16,"[텔레그램 마약방] ② ""전세계 박왕열"", 전국에 마약 팔아 매달 100억 수익?--1"," 91.63g은 약 5500만 원에 달하는 분량이다.	Y는 경상북도를 돌며 주택가 곳곳에 마약을 숨겨놓고 구매자들이 찾아가게 했다.	 울산 11곳, 대구 6곳, 포항 13곳 등이었다.	 마약류관리법 위반 혐의로 구속된 Y는 1심에서 징역 1년을 선고받았지만, 2심에서 징역 2년을 받았다.	 아래는 Y에 대한 1심 판결문 중 일부 내용.	● 피고인은 전세계와 공모하여 그로부터 합계 100g이 넘는 수량의 필로폰을 수수하고, 필로폰을 포항, 울산, 대구지역에 관리했다.	 필로폰의 관리, 제공, 매매 범행은 치밀하고 계획적으로 이루어졌다.	-	 ‘전세계’ 공범 마약범 Y 1심 판결문 는 ‘전세계’ 공범들의 판결문과 경찰 수사자료 등을 토대로 그가 국내에 뿌린 마약의 유통 루트를 재구성했다.	 전세계가 동남아시아에서 보낸 마약은 국제 택배, 인편 등을 통해 인천공항으로 들어왔다.	 그리고 퀵서비스나 고속버스 수화물 등을 이용, 서울과 경기도, 충청도, 경상도 지역에 있는 중간판매책들에게 전달됐다.	 이후 중간판매책들은 서울과 대구, 울산, 포항, 김해, 양산, 부산, 대전, 논산, 소원, 의정부 등에 마약을 뿌려 구매자들에게 찾아가게 했다.	 아래는 전세계 마약의 유통 루트를 재구성한 지도.	신고 건수가 적은 이른바 ‘암수범죄’인 마약 범죄는 인지가 어렵다.	 특히나 비대면 거래가 주를 이루며 인지수사는 더욱 힘들어졌다.	 이로 인해 경찰이 직접 텔레그램 마약방에 잠입해 마약상으로부터 마약을 사는 척하며 검거하는 ‘함정수사’나 ‘첩보수사’가 대다수다.	 판결문과 수사자료에 나온 범죄 사실이 실제보다 작을 가능성이 큰 이유다.	 취재진이 접촉한 전현직 마약상, 텔레그램 마약방 ‘자경단’은 전세계 측이 유통한 마약의 양과 마약을 뿌린 지역이 수사기관 적발 규모보다 훨씬 클 것으로 추정한다.	그럼 전세계가 마약 유통으로 벌어들이는 돈은 어느 정도일까.	  는 수감중인 마약범 J를 면회해 ‘전세계’ 박왕열이 한 달에 유통하는 필로폰이 약 60kg이라는 증언을 확보한 바 있다."
17,"[텔레그램 마약방] ② ""전세계 박왕열"", 전국에 마약 팔아 매달 100억 수익?--2"," J는 과거 필리핀에서 박왕열과 함께 외국인수용소에 있었으며, 박왕열과 통화를 여러 번 하기도 한 인물이다.	 아래 내용은 구속 수감돼 있는 마약범 J와 취재진이 나눈 대화내용.	 ○  왕열이가 여기저기 이렇게 그 무슨 국제택배 해가지고 나름대로 거래처들이 많이 있어요.	 도매상부터 시작해가지고.	 그럼 이제 이렇게 가끔 대화를 하다 보면 보통 한 달에 한 달 쓰는 물량이 한 60㎏ 정도는 되는 것 같아요.	●  그게 보통 1g에 몇십 만 원 하잖아요?	○  1g에 내가 알기로는 40~50만 원정도 하죠.	 엄청난 금액이죠.	-	 ‘전세계 박왕열’ 공범 J와 대화내용 마약범 J의 증언대로라면, 전세계가 한 달에 유통하는 마약은 대략 300억 원 규모다.	 최근 코로나19 등의 여파로 마약 공급량이 감소하며 필로폰 기준 1g의 가격은 70만 원까지 오른 상태다.	취재진은 전현직 마약판매상들을 찾아 전세계가 유통하는 마약의 규모가 어느 정도인지 물었다.	 한 전직 마약판매상은 “직접 현장에서 마약을 던지고 오는 심부름꾼들은 그리 큰돈을 벌지 못한다.	 반면 마약을 공급하는 가장 윗급의 상선은 엄청난 돈을 만진다.	 마약 도매가격과 소매가격의 격차는 천지 차이”라고 말했다.	 한 마약판매상은 “필로폰 1g을 15만 원 정도에 사면, 구매자에게 한 60~70만 원에 팔았다.	 45만 원이 남는 거다.	 여기서 배송과 포장 등에 들어가는 비용을 빼도 판매가의 절반은 챙길 수 있다”고 말했다.	 다른 마약상들도 마약 판매의 수익률은 적어도 50%라고 밝혔다.	마약상들의 설명을 토대로 계산해 본다면, 전세계가 매달 300억 원 규모의 마약을 유통하며 얻는 수익은 최소 100억~150억 원대로 추정할 수 있다."
18,"[텔레그램 마약방] ② ""전세계 박왕열"", 전국에 마약 팔아 매달 100억 수익?--3"," 텔레그램 마약방에서 자경단으로 활동하고 있는 한 제보자는 “텔레그램에서 만난 마약상들은 모두 전세계를 칭송했다”고 말했다.	 “대부를 넘어서 이제 진짜 모르면 딜러 취급도 안 한다.	 이런 소리가 있어요.	 그러니까 전세계를 아는지 물어보고 먼저, 이제 ‘안다’ 그러면 믿고 사는 사람도 있고.	 전세계를 ‘모른다’ 그러면 그냥 ‘쟤는 사기꾼이다’ 이렇게 그냥.	 그 정도로 큰손이죠.	”-	 제보자 문제는 전국에 마약을 퍼뜨리며 막대한 돈을 벌고 있는 범죄자 ‘전세계’ 박왕열의 행방이 여전히 묘연하다는 점이다.	 필리핀 경찰과 공조수사를 벌이고 있는 한국 경찰은 박왕열과 함께 필리핀에서 살다가 한국으로 와 자수한 마약범 L의 증언도 확보한 상태다.	 하지만 아직 박왕열의 은신처를 찾아내지는 못했다.	 아래는 취재진이 경찰청 관계자가 나눈 대화 내용.	○  저희가 이제 수집한 정보로는 아직까지 뭐 그렇다 할만한 그게 없습니다.	●  필리핀에서 박왕열이랑 같이 살던 사람이 있었다면서요.	○  네.	 지금 그 사람, 그 사람한테 받은 것으로 지금 하고 있거든요.	●  그런데 뭐 민다나오에 있다는 말도 있던데.	 뭐 밀림에 있다.	○  그렇게 생각은 안 합니다.	 왜냐하면 어디에 있든 간에 그렇게 살면 진짜 잡기가 어렵고.	 누구든지 그런데 거기 너무 있기가 힘들기 때문에 그렇게 있을 확률이 높지는 않아요, 저희가 생각할 때는."
19,"[텔레그램 마약방] ② ""전세계 박왕열"", 전국에 마약 팔아 매달 100억 수익?--4","현재 ‘전세계’는 언론 취재와 보도가 시작되자 텔레그램 활동을 중단한 상태다.	 하지만 전세계가 경찰 수사가 잠잠해질 때만을 기다리며 새로운 중간판매책들을 모집하고 있고, 다시 마약 판매를 준비하고 있다는 얘기가 곳곳에서 나오고 있다.	 텔레그램 마약방 자경단으로 활동 중인 제보자는 “전세계가 아직 검거되지 않은 중간판매책들도 버리고, 아예 물갈이를 하고 있다”고 밝혔다.	 한 마약판매상은 “어차피 텔레그램에서 전세계 계정으로 채팅을 하는 것도 전세계의 직원이다.	 전세계는 뒤에서 마약을 공급하는 역할만 하고 있다.	 계정을 바꿔서든 아니면 새로운 중간판매책들을 통해서든 곧 다시 나타날 것이다”라고 말했다.	마약 범죄 전문가들은 전세계가 잡히지 않고 있는 현 상황을 매우 우려했다.	 전세계가 해외를 통해 텔레그램 마약 세계에 마약을 공급해주는 이른바 ‘상선’이기 때문이다.	 지금도 텔레그램 마약방에서는 각종 마약이 홍보·판매되고 있다.	박진실 마약 전문 변호사는 “전세계는 해외에서 많은 양의 마약을 조달해서 국내에 뿌릴 정도로 급이 높다.	 상선 중에도 뭐 최상위에 있다고 볼 수 있는 여지가 있는 사람이다”고 말했다.	“마약 범죄는 ‘공급이 곧 수요를 창출하는 시스템’이다.	 마약은 술이나 담배처럼 일상에서 구입할 수 있는 게 아니기 때문에 인위적으로 수요를 만들어야 한다.	 이를 위해 상선들은 각종 SNS에 활발히 광고를 올리며 소비자를 유혹해 마약에 중독시킨다.	 또 마약을 살 돈이 없는 마약 투약자들에게 ‘내 판매책으로 들어오면 마약을 싸게 주겠다’고 말해 투약자를 판매자로까지 만든다.	 그러면서도 자신들은 해외에서 검거되지 않고, 돈만 회수해 간다.	 이런 상선들이 잡히지 않는 한 우리 사회 곳곳으로 마약은 계속 공급되고, 유통될 수밖에 없다.	”-"
20,"죄수와 검사III ②특수부 검사와 1조 사기범, 그리고 3억 수표--0"," 는 <죄수와 검사> 세 번째 시즌 첫 기사를 통해 감옥에서 벌어지는 검사와 브로커, 죄수 사이의 검은 ‘삼각거래’ 실태를 보도했다.	 등장인물은 김영일 검사와 브로커 죄수 이 모 씨, 그리고 죄수K.	 2018년 초 이 씨의 제안으로 죄수K는 김영일 검사실에 공무원 뇌물 사건을 제보한다.	 죄수K는 그 대가로 이 씨로부터 6천만 원과 접견변호사를 제공 받는다.	 그리고 브로커 죄수 이 씨는 검사실에서 개인 전화를 쓰는 등의 편의를 검사로부터 받는다.	  그럼 ‘삼각거래’에 사용된 돈은 누구의 것이었을까.	 이후 두 번 째 거래는 규모가 더 커졌다.	 이번에는 1억 원짜리 수표 3장이 등장한다.	 이 씨는 접견변호사 L을 통해 죄수K에게 3억 원을 주고 또 다른 죄수의 형집행정지 로비를 부탁했다.	 여기에서 ‘또 다른 죄수’는 누구였을까.	 브로커 죄수 이 씨와 김영일 검사의 인연은 2010년으로 거슬러 올라간다.	 당시 김영일 검사는 인천지검 특수부 소속이었다.	 당시 김 검사는 이 씨와 관련된 사건을 담당하면서 이 씨를 알게됐다고 한다.	 그 뒤 이 씨는 출소했다가 2015년 다시 구속된다.	 그리고 김영일 검사실을 회사 출퇴근하듯 드나들기 시작했다.	 2016년 김영일 검사는 서울중앙지검 방위사업수사부 소속이었다.	 방위사업수사부 408호에 불려간 재소자들의 출정기록에 따르면 2016년 한 해 동안 이 씨는 94번 출정을 다녔다.	 이후에도 김 검사와의 관계는 계속 유지됐다.	 이 씨는 검사실에서 자유롭게 외부와 연락을 하는 편의를 제공받았다.	 그리고 그 대가로 다른 죄수들의 사건 제보를 조율했던 것으로 보인다."
21,"죄수와 검사III ②특수부 검사와 1조 사기범, 그리고 3억 수표--1"," 대표적인 것이 죄수K에게 돈을 주고 사건 제보를 종용했던 ‘삼각거래’ 사건이다.	  이 씨는 남의 회사 지분을 사기로 빼앗고, 주식을 싸게 사주겠다며 돈을 가로채는 등의 범죄를 저지른 단순 사기범이다.	 이 씨가 방위사업수사부나 특수부에 그렇게 자주 드나든 이유는 ‘사건 브로커’라는 것을 제외하면 설명하기 어렵다.	 그리고 이 씨는 검사실에서 ‘또 다른 죄수’를 만나게 된다.	 김성훈은 제 2의 조희팔 사건이라고 불리는 IDS홀딩스 투자 사기 사건의 장본인이다.	 IDS홀딩스 사건은 홍콩 금융상품에 투자해 수익을 올려주겠다고 속여 만2천여 명에게 1조 원이 넘는 피해를 안겨준 전형적인 금융 다단계 사기 사건이다.	 김성훈은 IDS의 대표였다.	 2016년 구속됐고 이듬해 징역 15년이 확정됐다.	 김성훈이 구속됐을 당시 김영일 검사는 서울중앙지검 방위사업 수사부 소속이었다.	 그런데 2017년 1월 12일 김영일 검사는 구치소에 있는 김성훈을 중앙지검 방위사업수사부 408호로 부른다.	 브로커 죄수 이 씨가 1년에 94번 출정을 갔던 그 검사실이다.	 김성훈은 2017년 4월까지 모두 35번 출정을 갔다.	 2017년 하반기 김영일 검사가 서울중앙지검 특수부로 옮기고 나서도 출정은 계속됐다.	 중앙지검 특수1부 1003호 출정기록에 따르면 2017년 10월부터 2018년 7월까지 김성훈은 34번 출정을 갔다.	  는 당시 김성훈이 김영일 검사실에 출정을 나온 모습을 본 목격자의 진술을 확보했다.	 2017년 구속돼 김영일 검사실에서 조사를 받던 이주선은 김성훈과 만났다.	 이주선 역시 IDS홀딩스 사건 관계자다.	 당시 김영일 검사는 이주선과 김성훈에게 편하게 둘이서 이야기를 나누라고 배려해줬다고 이주선은 기억했다.	 이주선은 “김성훈이가 김영일 부장실에 있더라고요.	 저를 불러서 갔는데 김영일 부장이, 부부장."
22,"죄수와 검사III ②특수부 검사와 1조 사기범, 그리고 3억 수표--2"," 그때는 부부장이죠.	 부부장이 편하게 둘이 얘기하라 해서.	.	”라고 말했다.	 당시는 김성훈이 1,2심 재판이 모두 마무리 된 상태였다.	 이주선은 “1심 2심 다 끝난 상태에 김성훈이가 김영일 검사실에 가 있을 이유가 전혀 없는 거죠.	 담당 검사도 아니고.	.	”라고 말했다.	 이주선은 또 김 검사가 김성훈에게 외부 음식을 제공해줬다고 기억했다.	 “초밥만 시켜먹는 게 아니라 뭐 먹는 거 시켜주고 그러죠.	 거기에서 일반 음식을 수용자한테, 범죄자한테 시켜준다는 거는 있을 수 없는 일이죠.	”   확인 결과 이주선과 김성훈은 2017년 10월 31일, 11월 5일, 적어도 두 차례 김영일 검사실에게 함께 조사를 받은 것으로 나타났다.	 이렇게 김영일 검사실에 출정을 다니던 김성훈은 역시 김영일 검사실에 상주하다시피 출정을 다녔던 브로커 죄수 이 씨와 만나게 된다.	 김성훈과 이 씨는 2017년 1월부터 2018년 7월까지 서울중앙지검 방위사업수사부 408호와 특수1부 1003호에서 모두 21번 같은 날 조사를 받았다.	 이 같은 만남을 거듭하면서 두 사람은 김성훈의 형집행정지 방법을 모색했고, 죄수K에게 돈을 주고 로비를 부탁한 것으로 추정된다.	 김영일 검사는 김성훈과 이 씨를 각각 다른 사건으로 불러 조사했을 뿐이라는 입장만 밝혔다.	 그럼 브로커 죄수 이 씨는 김성훈의 형집행정지로비를 왜 죄수K에게 의뢰했던 걸까.	 죄수K의 출정기록에서 그 배경을 추측할 수 있다.	 출정기록을 보면 죄수K는 2017년 10월부터 이듬해 6월까지 대검찰청으로 6번 출정을 갔다."
23,"죄수와 검사III ②특수부 검사와 1조 사기범, 그리고 3억 수표--3"," 대검에 출정을 가게되면 먼저 중앙지검 구치감에 도착하고 대검 직원이 별도의 차량으로 이동시킨다.	 정해진 절차이지만 다른 재소자가 보기에는 대단하게 보일 수 있다.	 죄수들 사이에서 대검에 출정을 다니는 것은 하나의 특권이자 검찰권력의 중심부와 가깝다는 것을 보여주는 징표로 여겨진다.	 죄수K는  에 보낸 편지에서 이렇게 썼다.	 “ 이00 눈에도 그리 보였을 겁니다.	 대검은 기본적으로 수사 기능이 없는데 대검을 다니니까 더욱 그리 보였을 겁니다.	  변호사와 접견할 때도 구체적으로 얘기한 바는 없지만 대검 출정 계속 다니는 뉘앙스로 얘기했습니다.	” -	죄수K의 편지 중 대검에 자주 출정을 다니는 죄수K.	 브로커 죄수 이 씨는 죄수K에게 제공한 접견변호사 L을 통해 1억 원짜리 수표 3장을 제시했다.	 그리고 대검 검사들에게 김성훈의 형집행정지 로비를 해달라고 부탁했다는 게 죄수K의 주장이다.	 김성훈이 형집행정지가 돼야 홍콩에 숨겨놓은 3백억 원을 사용할 수 있다며 로비가 성공하면 3억 원 외에 ‘별도의 성의표시’를 하겠다는 말을 전달 받았다고 죄수K는 말했다.	 수표는 L변호사가 보관하고, 요청이 있을 때마다 자금을 집행하는 식이었다고 죄수K는 말했다.	 죄수K는 L변호사가 본인의 계좌로 보낸 3천만 원 입금 내역서를 제시했다.	 실제로는 변호사 수수료 3백만 원을 떼고 2천 7백만 원이 입금됐다.	 3억 수표 가운데 3천만 원을 제외한 나머지 2억 7천만 원을 보관하고 있다고 L변호사가 작성한 확인증도 제시했다.	 L변호사는 이에 대해 “형집행정지와 관련된 부분은 알 필요가 없는 사항이며, 구체적 내용을 알지 못한다.	 2,700만 원은 죄수K가 지정한 변호사에게 입금되었으며, 그 과정에서 수수료 등 대가를 받은 사실이 없다”고 알려왔다.	브로커 죄수 이 씨도 죄수K에게 맡겨 놓고 가만히만 있지는 않았다.	  는 이 씨가 검찰청에서 외부와 통화한 녹취를 입수했다."
24,"죄수와 검사III ②특수부 검사와 1조 사기범, 그리고 3억 수표--4"," 2018년 6월 27일, 서울중앙지검 특수1부 김영일 검사실.	 이 씨가 외부 지인과 나눈 대화다.	 ○ 브로커 죄수 이 씨 :	 성훈이 관련 건 그쪽은 오늘 들어갔었어?	● 지인 :	 들어갔다 왔죠.	 그런데 뭐라고 그랬나면 김OO이 김형준 부장 죽인 사람이잖아요.	 그러니까 검찰에서는 고깝게 보죠.	○ 브로커 죄수 이 씨 :	 그래서 안 한대?	● 지인 :	 아니요 안 하는 게 아니고요.	 그런데 김OO씨가 대검도 왔다갔다 좀 하고 말이 많은 사람이에요.	 -2018년 6월 27일 브로커 죄수 이 씨의 통화 내용 자세한 내용은 파악이 되지 않지만 분명한 건, 죄수가 특수부 검사실에서 검찰청 전화를 이용해 다른 죄수의 형집행정지 로비가 어떻게 진행되고 있는지 알아봤다는 사실이다.	 죄수K는 브로커 죄수 이 씨에게 부탁 받은 김성훈의 형집행정지 로비를 실행할 의사가 애초에 없었다.	 자신의 친구였던 김형준 검사와 전관 변호사 박수종에게 배신을 당하고, 수사 과정에서도 검찰의 사건 축소 은폐 등을 목격했던 죄수K는 검사들의 비리 증거를 확보하는 것이 목적이었다.	 “형집행정지 제안 받은 후 실제로 액션은 없었음.	 변호사 개입 불법 증거를 확보하기 위해 하는 척만 했음.	 오히려 000검사한테 김영일  감찰하라 했지요.	”-"
25,"죄수와 검사III ②특수부 검사와 1조 사기범, 그리고 3억 수표--5","죄수K의 편지 중 죄수K의 로비에 진전이 없자 브로커 죄수 이 씨는 독촉하는 편지를 보내기 시작했다.	 시한을 주고 실패하면 돈을 돌려달라는 내용이었다.	 “길동이에게 5월말까지 형집을 000가 마무리한다고 최종 이야기했다.	 너가 형 체면 살리려면 5월 말까지 처리해줘라.	”-	브로커 죄수 이 씨의 편지 중   “너가 진행하던 형집 일은 L변호사 통해 계속 듣고 있었다.	 수차례 네가 약속한 것이 이행이 안되고 있어 부득이 형이 너에게 서신한다.	  상환에 대해 너의 계획을 알려주기 바란다.	”-	브로커 죄수 이 씨의 편지 중 김성훈도 L변호사를 통해 죄수K에게 연락했다.	 형집행정지 로비는 김성훈과 브로커 죄수 이 씨, 죄수K 3자 간의 모의와 협의를 통해 진행됐다는 사실을 보여준다.	 “오늘 길동이 접견했습니다.	 전달내용 전해드립니다.	 ‘사실 여러 번 이런 일들이 반복되니 화가 나고 신뢰가 떨어지는 건 사실이다.	 일이 연기가 된 거라면 중단하지 말고 추진해달라.	 그래도 안되면 말일까지 한다고 했으니 금원은 이 회장 과 정리하면 되는 거다.	’ 이런 입장이십니다.	 저도 일이 추진되고 있다고 한다면 끝까지 하면 좋겠다는 생각입니다.	”-	L변호사의 편지 중 L 변호사의 편지를 통해, 김성훈 자신도 형집행정지 로비에 관여했다는 사실과 “형집행정지 관련 일은 알지 못한다”는 L 변호사의 해명이 거짓이라는 사실을 알 수 있다."
26,"죄수와 검사III ②특수부 검사와 1조 사기범, 그리고 3억 수표--6","결국 죄수K는 지난 2월 경찰에 불법 로비 자금을 받았다며 자수하고 관계자들을 고발했다.	 어떠한 변명도 하지 않고 잘못에 대해 처벌 받겠다는 대목이 죄수K의 고발장에 적혀있다.	 죄수K의 고발로 수사에 착수한 경찰은 먼저 수표를 추적했다.	 죄수K가 받은 1억 원짜리 수표 3장.	 수사 결과 이 수표들은 조 모 변호사 사무실 계좌에서 발행된 것으로 확인됐다.	 새로운 등장 인물 조 변호사는 김성훈이 IDS 홀딩스 사기를 치던 당시 법률 자문을 맡아 피해자들을 현혹하는데 일조했던 인물이다.	 경대수 전 새누리당 의원의 보좌관을 지내기도 했다.	  는 조 변호사의 사무실을 방문하고, 전화를 걸고 문자 메세지를 남기는 방법으로 해명을 요청했지만 조 변호사는 응답하지 않았다.	 조 변호사 사무실에서 발행된 수표는 29억 원.	 이 돈은 유콘파트너스라는 회사에서 입금됐다.	그런데 이 유콘파트너스의 이사로 앞서 나온 접견변호사 L이 다시 등장한다.	 L변호사는 경찰 조사에서 김성훈의 측근 정 모 씨에게 돈을 받아 유콘파트너스 법인계좌에 입금했다고 진술한 것으로 전해졌다.	 L변호사는 이에 대해 “이00 씨가 게임 회사 인수를 위하여 회사를 설립한다고 하면서, 이사로 등재해달라고 요청하였고, 제가 이를 허락한 것은 맞다.	 그러나 회사 설립 과정이나 금원이 입금된 과정은 몰랐다”고 해명했다.	 경찰은 자수한 죄수K와 브로커 죄수 이 씨를 알선수재 혐의로, L변호사는 변호사법 위반 혐의로 각각 기소 의견 송치할 예정이다.	 또 자금세탁을 도운 조 변호사와 김성훈에 대해서는 범죄자금은닉 혐의로 수사를 이어갈 방침이다.	 1조 원 사기를 친 거물 죄수가 있었다.	 여기에 브로커 죄수가 붙어 형집행정지 로비를 계획했다.	 그리고 대검에 출정을 다니는 죄수를 포섭했다.	 거래는 수억 원대."
27,"죄수와 검사III ②특수부 검사와 1조 사기범, 그리고 3억 수표--7"," 이들의 계획을 실행하는 데는 접견변호사의 역할이 필수적이었다.	 돈 세탁에도 변호사가 활용됐다.	 그 돈은 범죄수익은닉 자금, 즉 금융사기 피해자들의 돈이었다.	 그리고 이 모든 것들의 시작과 중심에는 서울 중앙지검 특수부 검사실이 있었다.	 검사의 방조 혹은 협조가 없었다면 불가능한 일이었다.	 죄수K도 이 점을 강조했고, IDS 사건 피해자도 검사의 처벌을 요구했다.	 “이OO, 김성훈 등도 역시 재소자이기에 검사 앞에서는 약자이고 이 약자를 이용하는 검사가 최고의 악입니다.	 이 관점에서 보시면 제도적으로 출정을 개선하여 불법 여지를 끊어 놓는 것이 중요한 거지요.	 나의 부끄러움을 알려 내가 처벌받는 한이 있더라도 반드시 이 고리를 끊어야 합니다.	”-	죄수K의 편지 중 “피해자를 2차 3차 죽이는 거야 지금, 검사가.	 다리 역할을 해준 거잖아요.	 제2의 범죄 행위를 할 수 있게끔.	 검사가, 막아야 할 사람이, 그거를 처단해야 할 사람이 제 2의 범행 행위를 할 수 있게끔 장을 만들어준 거예요.	”-	IDS 사건 피해자 인터뷰 중 <죄수와 검사> 세 번째 시즌 3편에서는, 김영일 검사실을 배경으로 싹튼 또다른 범죄 행위를 보도할 예정이다."
28,"뉴스타파, 윤석열 장모 녹취 입수...""도이치 모터스 내가 했다""--0"," 는 지난 2월, 도이치 모터스 주가 조작 의혹 사건과 관련해 윤석열 검찰총장의 아내 김건희 씨가 경찰의 내사 보고서에 등장한다고 보도했다.	 보고서에 따르면 김 씨가 도이치 모터스 주가 조작 사건의 ‘선수’에게 자신의 계좌와 주식, 돈을 맡기는 이른바 ‘전주’ 역할을 했다는 것.	  는 이와 관련해 윤석열 총장의 장모 최 모 씨가 자신도 도이치 모터스 건과 관련돼 있다고 말한 녹취를 입수했다.	 가 입수한 녹취에는 최 씨가 지인과 대화 중 “도이치 모터스는 내가 했다”고 시인하는 내용이 들어있다.	 또 이 녹취에는 최 씨가 성남시 도촌동 땅에 투자하는 과정에서 허위 잔고 증명 위조를 담당했던 김건희 씨의 지인 김 모 씨가, 대출을 받는 과정에도 깊숙이 개입했음을 시인하는 내용도 포함돼 있다.	  가 입수한 윤석열 장모 최 씨의 녹취는, 최 씨가 지난 2월 25일 지인과 나눈 대화 내용이다.	 윤 총장 아내 김건희 씨의 도이치 모터스 주가 조작 연루 의혹을  가 보도한 지 8일 뒤의 시점이다.	○ 지인 :	 저기 회장님 따님 주식 갖고 또 지랄하더만.	.	● 최 씨 :	 그건 상관 없어, 왜냐하면  주식은 한 일도 없고, 그때 우리 애가 교수직에 있었기 때문에 아무 것도 안 했어.	 아무 것도 안 했기 때문에.	.	 그리고 그게 뭐지?	 그 시효가 다 지난 거래.	○ 지인 :	 ● 최 씨 :	 다른 사람이 했어도 다… 그랬기 때문에 걔네들이 손을 못 댄 거지.	 그렇지 않았으면 가만히 있나?"
29,"뉴스타파, 윤석열 장모 녹취 입수...""도이치 모터스 내가 했다""--1","○ 지인 :	 그러네.	 그러니까.	.	.	● 최 씨 :	 응, 다 지난 거야.	-	 윤석열 장모 최 씨와 지인과의 통화 녹취 중대화의 전반부에서, 지인이 도이치 모터스 관련   보도에 대해 묻자 최 씨는 자신의 딸인 김건희 씨가 “교수였기 때문에 주식은 한 일이 없다”고 대답한다.	 그러면서도 공소 시효가 이미 지났다는 점을 강조한다.	 주목할만한 것은 그 다음 대목이다.	 지인은 이렇게 묻는다.	○ 지인 :	 그러니까 그때 도이치 그거는 회장님이 했었잖아.	● 최 씨 :	 어 그럼.	.	 그거는 벌써 2천 몇 년인가 뭐…○ 지인 :	 그래서 나는 ‘왜 회장님이 한 건데 왜 따님이 한 걸로 나오지?	’ 속으로 그랬다니까."
30,"뉴스타파, 윤석열 장모 녹취 입수...""도이치 모터스 내가 했다""--2","● 최 씨 :	 응, 그러니까○ 지인 :	 아이 참, 아이고, 그래요.	 회장님 알겠어요-	 윤석열 장모 최 씨의 통화 녹취 중지인은 도이치 모터스와 관련한 어떤 행위를 회장님, 즉 최 씨가 하지 않았느냐고 묻는다.	 최 씨는 이에 대해 당연하다는 듯 “어 그럼”이라고 답한다.	 그리고 “2천 몇 년인가”라고 그 시기까지 더듬어 기억하는 모양새다.	 는 지난 2월 김건희 씨의 도이치 모터스 사건 연루 의혹을 보도하면서, 경찰의 내사 보고서에 등장하기 이전에 이미 김건희 씨가 도이치 모터스 주주가 됐다고 보도했는데 그 시기는 2009년 5월이다.	 당시는 도이치모터스의 우회 상장 직후로, 권오수 회장은 김건희 씨에게 주식 8억 원 어치를 장외매도했다.	 이 사실은 금감원 공시 자료에 기록돼 있다.	 “도이치 모터스는 내가 했다, 이천 몇 년에.	.	”라는 최 씨의 말이 사실이라면 2009년 5월 8억 원 어치의 주식을 장외매수했을 때 명의는 김건희 씨로 되어있었지만 실질적인 소유주는 최 씨였을 가능성이 있다.	 그런데 경찰 내사보고서에 따르면 8개월 뒤 주가 조작 ‘선수’ 이 모 씨를 직접 만난 것은 최 씨가 아니라 김건희 씨였다.	 따라서 김건희 씨와 최 씨가 함께 ‘작전’에 참여했을 가능성이 있다.	 김건희 씨의 역할이 명의를 빌려준 데 그쳤는지, 돈 심부름까지 했는지, 아니면 그보다 더 적극적으로 가담했는지는 수사를 통해서 밝혀져야 할 대목이다.	  는 윤석열 총장의 장모 최 씨가 도이치 모터스의 주주임을 자처했다는 다른 지인의 증언을 추가로 확보했다.	 이 지인은 과거 최 씨와 수억 원의 돈 거래를 하는 등 밀접한 관계였지만 지금은 최 씨와 법적 분쟁 중인 인물이다.	 그에 따르면 2010년 초, 자신이 타던 BMW 차량이 고장이 나자 최 씨가 자신에게 “내가 도이치모터스에 투자했고 권오수 회장과도 잘 아는 사이니 가서 내 이름을 대고 고치라”고 권했다는 것이다.	  가 근거를 요구하자, 그는 자신이 차량을 고친 수리비 내역서를 보내왔다."
31,"뉴스타파, 윤석열 장모 녹취 입수...""도이치 모터스 내가 했다""--3"," 수리비 내역서에 따르면 이 지인이 차를 고친 시점은 2010년 2월, 경찰 내사보고서가 지목한 김건희 씨의 주가 조작 가담 시점이자 김건희 씨가 도이치모터스 장외 주식을 매수한 지 8개월 뒤이다.	  가 입수한 윤 총장 장모 최 씨의 녹취 가운데는 최 씨가 2013년과 2016년 사이 진행한 이른바 도촌동 땅 투자와 300억 허위 잔고증명 위조 사건에 관한 얘기도 나온다.	  는 지난 4월 이 사건의 전말을 보도한 바 있다.	최 씨 :	 그거를 48억 대출을 어떻게 해서 받았냐면, 그 땅을 이제 우리가 샀잖아.	 계약만 했잖아.	 계약을 했는데 잔금을 못 치뤘잖아.	 못 치루니까 000이 신안저축에서, 000이 돈을 빌려가지고 여기를 이렇게 뭐 어떻게 개발한다는 개발 계획서 넣고 어떻게 해서 또 분할도 해주고.	.	 분할하고 사업계획하고 해서 감정가를 높였어.	 감정가를 높여가지고 48억을 대출받은 거지.	-	 윤 총장 장모 최 씨의 대화 녹취 중최 씨는 지난 2013년 동업자 안 모 씨와 함께 경기도 성남시 서울 도촌동의 땅 6필지, 55만 3천 제곱미터를 40억 원에 매입했는데 자신의 가족 회사를 통해 채권을 사들이고 땅을 경매에 붙이는 방법으로 동업자 안 씨를 배제시킨 뒤 약 50억 원의 투자 수익을 올렸다.	 이 과정에서 불거진 것이 이른바 허위 잔고 증명서 위조 사건이다.	 허위 잔고 증명서를 직접 위조한 것으로 드러난 김 모 씨는, 윤 총장 아내 김건희 씨의 지인이다.	 김 씨는 허위 잔고 증명서를 위조했을 뿐 아니라 최 씨의 차명법인을 물색하기도 한 인물이다.	 그런데 위 최 씨의 대화에서 나오는 000이 바로 그 김 모 씨다.	 김 씨를 통해 감정가를 인위적으로 높여 대출 한도를 높이는 작업까지 했다고 최 씨가 시인한 것이다.	이들이 도촌동 땅을 사들이는 과정에서 저지른 사문서 위조 혐의에 대해서는 최 씨와 김 씨, 동업자 안 씨가 재판에 넘겨졌으며, 최 씨 및 김 씨의 재판과 동업자 안 씨의 재판은 별도로 분리되어 진행 중이다.	 동업자 안 씨는 재판부에 국민참여 재판을 요청했으나 받아들여지지 않았다."
32,"뉴스타파, 윤석열 장모 녹취 입수...""도이치 모터스 내가 했다""--4"," 열린민주당 최강욱 대표와 황희석 최고위원 등은 지난 4월 7일, 윤석열 총장 아내 김건희 씨의 주가 조작 연루 혐의를 고발했지만 5개월이 지나도록 검찰은 수사의 첫 단계인 고발인 조사조차 하지 않고 있다.	 반면 경찰은  에 내사 보고서를 제보한 현직 경찰관에 대해 이미 기소 의견으로 검찰에 송치한 상태다.	 지난 9월 17일 우희종 서울대 교수와 김민웅 경희대 교수 등은 서울중앙지검과 법무부에 김건희 씨에 대한 수사를 촉구하는 진정서를 제출했다.	 이 진정서에는 온라인을 통해 모은 4만 9백여 명의 동의서가 첨부됐다.	 이들은 “검찰은 다른 국민들과 비교해 조금의 불공정함이 없는 공평한 잣대로 김건희 씨를 수사해 검찰총장의 가족을 위한 선택적 정의가 아니라 보편적 정의를 구현하기 위해 최선을 다하고 있음을 보여야 한다”고 주장했다."
33,"부산택시노조 간부, 협상 후 사용자 측 뒷돈 수수 의혹--0","부산지역 최대 택시노조의 간부들이 사용차 측과 임단협 교섭을 진행한 후 모두 세차례 1인당 1,000만 원씩 현금을 받은 정황을 보여주는 녹음 파일이 나왔다.	  가 입수한 녹음 파일에서 이들에게 돈을 준 것으로 나오는 사람은 택시회사 사업자 단체인 부산시택시운송사업조합 장성호 이사장이다.	 이 때문에 택시회사 측에 유리한 임단협을 체결해 준 대가로 노조 간부들이 돈을 받은 게 아니냐는 의혹이 일고 있다.	  취재인은 최근 한국노총 산하 전국택시산업노동조합 부산지역본부 전 간부와 전택 지회장 D씨와의 전화 통화 녹음 파일을 입수했다.	 이들이 전화 통화를 한 시점은 2019년 2월 12일이다.	 녹음 파일에는 당시 전택 부산본부 의장을 맡았던 이 모 씨가 장성호 이사장으로부터 뭉칫 돈을 받아 노조측 교섭위원 6명에게 세차례에 걸쳐 모두 1,000만 원씩을 나눠줬다”는 내용이 담겨있다.	 녹음 파일을 들어보면 지난 2017년과 2018년 전택 부산본부 노조측 교섭위원이었던 D씨는 “작년 3,4월에 교섭 끝나고 돈을 얼마 받았냐”는 부산본부 전직 간부의 질문에 “500만 원을 받았고, 각 교섭위원들에게 500만 원씩 다 준 것 같다”고 답했다.	 D씨는 또 “12월에는 기름값 명목으로 100만 원씩 받았고, 1월에는 부산 연산동에서 점심을 먹으면서 이 의장 부터 400만 원씩을 또 받았다”고 말했다.	 D씨는 이 의장이 식사 모임 자체를 함구할 것을 주문했다고 덧붙였다.	 전택 부산본부는 부산시 전체 택시 회사 96개 가운데 71개사 노조가 가입한 조직으로 부산지역 택시 임단협 협상의 주도권을 갖고 있는 단체다.	 전택 부산본부 의장이 도장을 찍어주지 않으면 회사 측이 일방적으로 사납금을 올리기 어렵다.	 전택 부산본부와 부산시택시운송사업조합은 임단협을 통해 지난 2018년 사납금을 종전보다 103,500원 인상했고, 지난해에는 다시 149,500원을 올렸다.	 이 때문에 택시운송사업조합측이 노조측 교섭위원들에게 돈을 준 것은 사납금 인상안에 합의해 준 대가가 아니냐는 의혹이 일고 있다.	 이에 대해 전택 부산본부 전 의장 이 모 씨는 녹음 파일이 조작된 것이라고 주장했다.	 이 씨는 “임단협이 끝난 뒤 교섭위원들에게 교통비 조로 노조 조직기밀비를 100만 원씩 준 사실은 있지만 택시운송사업조합 측으로부터 돈을 받은 것은 아니다”며 “전택 부산본부 전 간부와 D씨가 짜고 자신을 음해하기 위해 없는 사실을 꾸며낸 것”이라고 말했다.	 이 씨는 지난해 상반기 의장직에서 물러났다.	 그러나  는 장성호 이사장이 교섭이 끝난 뒤 돈을 준 사실을 인정하는 전화 녹음 파일도 입수했다.	 전택 부산본부 전 간부는 D씨와 통화를 마치고 30여 분 뒤 장 이사장에게 전화를 걸어 ‘교섭하고 돈을 왜 줬냐’고 질문했다.	 이에 장 이사장은 “달라는데 안 줄 수 있나.	 기본으로 들어가는 거다”며 돈을 준 사실을 인정했다."
34,"부산택시노조 간부, 협상 후 사용자 측 뒷돈 수수 의혹--1"," 부산지방경찰청은 현재 전국택시노조 부산본부 간부들의 금품 수수 의혹을 수사하고 있다.	부산시는 2008년이후 세차례 택시요금을 인상했다.	 요금 인상이 불가피한 이유로 택시 기사의 열악한 처우 개선 등을 꼽았다.	 하지만 지난 10여 년간 택시 기사의 처우는 개선되지 않았다.	  취재 결과 지난 2008년 544,000원이던 부산 지역 택시 기사의 월 기본급은 13년째 단 한푼도 오르지 않았다.	 반면 택시 기사들이 회사에 갖다 내는 사납금, 즉 운송수입금은 같은 기간 7차례 올랐다.	 올해 사납금은 월 352만 원으로 2008년보다 115만 원, 50% 가까이 인상됐다.	 한 달에 23일 일하고 사납급을 전부 채우면 각종 수당을 합쳐 110만원 남짓한 급여를 받는다.	 만약 근무일수가 모자라거나, 사납금을 미처 채우지 못하면 쥐꼬리만한 월급도 반토막이 된다.	 물론 사납금을 채우고 남는 돈은 기사들 몫이다.	 하지만 ‘코로나 19’ 여파로 경기 침체가 계속되면서 사납금을 채우는 게 점점 어려워지고 있다.	 30년 넘게 택시를 운전했다는 한 택시 기사는 “새벽 5시에 나와 오전 11시 47분까지 46,200원 벌었다”며 “ 저녁 9시, 10시까지 일해야 사납금 15만 원을 채울까 말까”한다며 고충을 토로했다."
35,"조선일보의 ""윤석열 아내 구하기""... 사실 관계 틀렸다--0"," 가 지난 2월에 보도한 ‘윤석열 총장 아내 김건희 씨의 도이치모터스 주가조작 연루 의혹’과 관련해, 조선일보가 9일자 기사를 통해 “ 가 보고서 내용을 오독해 오보를 낸 것으로 본다”는 ‘경찰 관계자’의 말을 내세워   보도 흠집내기에 나섰다.	 하지만 도이치모터스 주가조작 의혹 사건을 다룬 경찰보고서를 살펴보면 조선일보가 주장하는 ‘오독’이라는 건 불가능하다.	  는 보고서 원문의 해당 부분 내용을 다시 공개하고 설명을 덧붙인다.	 도이치모터스 사건 관련 경찰 내사보고서에는 김건희 씨의 이름이 두 번 등장한다.	 조선일보가 ‘경찰 관계자’라는 익명을 동원해 ‘오독’을 주장한 부분은 김건희 씨가 첫 번째로 등장하는 부분이다.	 하지만 두 번째 등장하는 부분을 보면 전혀 오독의 여지가 없다.	 “김건희 신한증권 10억 자금 조달”이라고 명시적으로 적혀있기 때문이다.	 조선일보가 ‘오독’을 주장한 첫 번째 부분 역시 앞 문장과 함께 읽어보면 오독할 여지가 거의 없다.	 또한 “ 가 경찰 보고서를 ‘오독’했다”는 주장은 사실 최소 한 달 전부터 검찰이  들을 상대로 해왔던 해명이라는 점도 확인됐다.	 조선일보는 해당 기사에서 “유출된 해당 보고서에는 ‘권오수 도이치모터스 회장이… .	.	.	 모터스 주주인 김건희를 강남구 학동 사거리 근처에서 이 모 씨에게 소개하고 주식을 일임하면서 신한증권 계좌 10억 원으로 주식을 매수하게 했음’이라고 쓰여있다.	 문장이 복잡하긴 하지만, 경찰은 이 문장이 ‘주식과 계좌를 이 씨에게 맡긴 주체는 권오수 회장’이란 의미로 작성됐다고 파악했다.	”라고 주장했다.	 이 대목이 김건희 씨가 경찰 보고서에 첫 번째로 등장한 부분이다.	 이 ‘첫 번째 부분’은 뒤에서 다루기로 하고, 우선 경찰 보고서에서 김건희 씨가 두 번째로 등장하는 부분을 살펴보자.	 조선일보가 위 기사에서 전혀 언급하지 않은 부분이다.	이 두 번째 부분은 보고서를 작성한 경찰관이 도이치모터스의 주가와 거래량 변동을 정리해 놓은 부분이다.	 주가와 거래량의 변동 시기에 맞춰 당시에 발생한 사건들을 끼워놓은 형식이다."
36,"조선일보의 ""윤석열 아내 구하기""... 사실 관계 틀렸다--1"," 여기에 권오수 회장이 김건희 씨를 주가조작 선수 이 모 씨에게 소개해 준 2010년 2월 초순경, 김건희 씨의 신한증권 계좌에 들어있던 자금을 조달했다는 명시적인 문장이 적혀있다.	 김건희 씨가 등장한 첫 번째 부분과 시기상으로도, 내용상으로도 맞아 떨어지며, 김건희 씨의 역할이 단정적으로 표현되어 있다.	 바로 “김건희 신한증권 10억 원 자금 조달”이라는 짧은 문구다.	 여기엔 오독의 여지가 없다.	 조선일보는 해당 기사를 작성하면서 김건희 씨가 등장하는 첫 번째 부분만을 거론했고, “김건희 신한증권 10억 원 자금 조달”이라는 두 번째 부분에 대해서는 언급조차 하지 않았다.	 알고서 그랬다면 악의적인 것이고, 모르고서 그랬다면 보고서 전체를 한 번도 살펴보지 않고 기사를 썼다는 얘기가 된다.	 이제 조선일보가 익명을 내세워  가 ‘오독’했다고 주장한 김건희 씨의 첫 번째 등장 부분을 살펴보자.	 조선일보는 해당 기사에서 “문장이 복잡하긴 하지만, 경찰은 이 문장이 ‘주식과 계좌를 이 씨에게 맡긴 주체는 권오수 회장’이란 의미로 작성됐다고 파악했다.	”라고 썼다.	 첫번째 단락의 주어는 권오수 회장으로 시작한다.	“권오수 회장은 도이치모터스의 유상증자대금이 보호예수에서 풀리면서 100만주 정도를 이00에게 맡겼고 그에게 매수를 받아달라고 지시하여” 여기까지의 주어는 권오수 회장이다.	 이후 주어는 주가조작 선수 이00으로 바뀐다.	 “이00은 2009년 11월말 경부터 주식을 매수하기 시작했으며 그 당시  도이치모터스의 가격은 천팔백 원인데 2010.1월 말경 이00이 매수한 이후 주가는 이천 오백 원까지 올렸음”두번째 단락의 첫 문장은 다시 주어가 권오수 회장이다.	 그런데 문장이 좀 이상하다.	 처음 시작할 때의 주어는 권오수 회장이지만 마지막 부분의 주어는 도이치모터스 주주인 양00이다.	 “2010.2월 초순경 권오수 회장이 이00에게 김00, 양00 등을 소개시켜 주었고, 증권계좌를 위탁하면 높은 수익과 원금을 보장하겠다고 제의하여 도이치모터스 주주인 양00이 삼성증권 계좌를 위탁하였음” 중간에 주어가 바뀌긴 하지만, 이 문장의 앞 부분,즉 주가조작 선수 이00에게 김00, 양00 을 소개시켜준 주체는 권오수 회장이고 뒷 부분, 즉 삼성증권 계좌를 위탁한 주체는 도이치모터스 주주인 양00이라는 게 분명하다.	이제 김건희 씨가 등장하는 마지막 문장을 보자.	 “그 후 또 다른 도이치모터스 주주인 김건희를 강남구 학동사거리 근처 동인이 경영하는 미니자동차매장 2층에서 이00에게 소개하고 주식을 일임하면서 신한증권계좌 10억 원으로 도이치 주식을 매수하게 하였음” 바로 앞 문장과 마찬가지로 이 문장 앞 부분의 주어는 권오수 회장이 맞다.	 그러나 앞 문장에 비추어보면, 이 문장 뒷 뒷 부분, 즉 “주식을 일임하면서 신한증권 계좌 10억 원으로 도이치 주식을 매수하게 하였음”의 주체는 김건희 씨로 해석하는 것이 자연스럽다.	 권오수 회장이 주가조작 선수 이 모씨에게 도이치모터스 주주들을 잇따라 소개하고 주주들이 이 씨에게 자신의 계좌를 맡기는 과정이 묘사되어 있기 때문이다."
37,"조선일보의 ""윤석열 아내 구하기""... 사실 관계 틀렸다--2"," 백 번 양보해, 그 주체가 권오수 회장이라고 해도 일임한 주식과 신한증권 계좌 10억 원은 문맥상 권오수 회장 자신의 것이 아니라 ‘또다른 도이치모터스 주주’ 김건희 씨의 것임이 분명하다.	 권오수 회장이 주가조작 선수 이00에게 일임한 주식과 신한증권 계좌가 자신의 소유였다면 권 회장과 선수 이 씨가 둘이서 별도로 만나 논의하면 될 일인데, 굳이 ‘또 다른 주주’인 김건희 씨를 소개한 자리에서 그렇게 할 이유가 없다.	사실 이 부분만 보더라도 주가조작 선수 이 씨에게 맡긴 주식과 신한증권 계좌 10억 원의 소유주는 김건희 씨라는 것이 분명해 보인다.	 여기에, 앞에서 소개한 두 번째 부분을 함께 감안하면 위 문장의 해석은 이론의 여지없이 더욱 분명해진다.	   보도의 핵심은 “경찰 내사보고서 상 김건희 씨가 도이치모터스 주가 조작에 전주로 참여했다”는 것이므로, 조선일보가 익명을 빌려서 쓴 ‘오독’이라는 흠집내기는   보도의 핵심을 한참 비껴가고 있다.	 조선일보는  가 보고서를 의도적으로 오독했다고 주장하면서 ‘경찰 관계자’라는 익명의 취재원이 했다는 말을 전했다.	 그런데 “ 가 보고서를 오독했다”는 주장은 이미 최소한 한 달 전부터 검찰이 유포해왔다는 정황이 포착됐다.	  가 최근 입수한 한 언론사 검찰  의 3월 초 정보 보고 내용이다.	 -	-	-	-	-	-	-	-	-	-	-	-"
38,"조선일보의 ""윤석열 아내 구하기""... 사실 관계 틀렸다--3",-	-	-	-	-	-	-	-	-	-	-	-	-	-	-	-	-	-	-	-
39,"조선일보의 ""윤석열 아내 구하기""... 사실 관계 틀렸다--4",-	-	-	-	-	-	-	-	-	-	-	-	-	-	-	-	-	-	-	-
40,"조선일보의 ""윤석열 아내 구하기""... 사실 관계 틀렸다--5","-	-	-	-	-	-	-	-	-	-	-	-	-	-	 가 문장의 주어를 잘못 해석했다는 조선일보의 주장은 대검찰청 관계자가 최소한 한달 전부터  들을 통해 유포해 온 주장과 똑같다.	 우연인지, 조선일보의 해당 기사를 작성한 두   중 한 명은 검찰  다.	 대검찰청은 윤석열 총장 장모의 사문서 위조 혐의에 대해서도 여러 차례에 걸쳐  들에게 적극적으로 해명한 바 있다.	 검찰총장 가족의 사적인 문제를 대검 차원에서 다뤄온 것이다.	 조선일보는 지난 4월 3일, MBC가 보도한 채널A와 검찰의 유착 의혹을 제보한 사람이 이른바 ‘제보자X’라고 보도했다.	 제보자X는 지난해 8월부터 12월까지  가 12부작으로 보도한 <죄수와 검사>의 주요 제보자 가운데 한 명으로, 죄수의 신분으로 검찰 수사에 조력했으며 그 과정에서 자신이 목격한 검찰의 선택적 기소와 불법적 수사 관행을 폭로한 인물이다."
41,"조선일보의 ""윤석열 아내 구하기""... 사실 관계 틀렸다--6"," 그런데 조선일보는 제보자X가 <죄수와 검사> 시리즈 뿐 아니라 윤석열 검찰 총장의 아내 김건희 씨의 주가조작 연루 의혹도 제보했다고 보도한 것이다.	 일단 제보자X가 윤석열 총장 부인의 주가 조작 의혹의 제보자라고 4월 3일 보도한 조선일보가 불과 6일 뒤인 4월 9일에는 해당 의혹의 제보자가 경찰 직원이라고 쓴 것은 앞뒤가 맞지 않는다.	 게다가 제보자X는  의 김건희 씨 관련 보도를 제보한 인물이 아니다.	 조선일보는 이 기사를 작성하면서  에 대해 어떤 확인 절차도 거치지 않았다.	 이에 대해 조선일보는  에 제보자X의 페이스북 글을 보고 그런 추정을 했다는 취지로 해명했다.	 자의적인 추정에 근거한 오보이지만 조선일보는 지면에 정정보도를 실어달라는  의 요구에 응하지 않고 있다.	 한편 조선일보 보도 이후 문화일보 역시  가 내보낸 윤석열 총장 부인의 주가조작 연루 의혹 보도가 제보자X의 제보에 의한 것이라는 기사를 작성했다.	 특히 문화일보는 윤석열 총장 부인의 주가조작 연루 의혹 뿐 아니라,  가 보도한 이른바 ‘고교동창 스폰서 사건’의 김형준 전 부장검사 뇌물 수수 의혹과 상상인 유준원 회장의 여러 비위 의혹 역시 제보자X의 제보에서 비롯됐다고 기사를 썼다.	 그러나 제보자X가 제보한 것은 자신이 연루됐던 스포츠 서울 주가조작 사건에서 유준원 회장이 전주 역할을 하고서도 수사를 받지 않았다는 의혹에 한정된다.	 다른 내용은 전부 다른 제보와 취재를 통해 확인한 내용이다.	문화일보 보도 이후 김형준 전 부장검사의 고교동창 스폰서 김 모 씨는 변호인을 통해 “문화일보 보도에 대해 매우 화가 난다”면서 “저는 제보자X와 개인적인 인연도 없고 연락을 주고받은 적도 없으며 남부 구치소 접견실에서 우연히 한 번 만났던 게 전부”라고 밝혀왔다.	  는 문화일보에도 정정보도를 요청한 상태다."
42,윤석열의 거짓말 VS 윤우진의 거짓말--0,"윤우진 전 용산세무서장에게 변호사를 소개했다는 의혹과 관련, 지난해 7월 국회 인사청문회 과정에서 나온 윤석열 후보자의 해명이 윤우진 전 서장의 주장은 물론 이 사건 관련 법원 판결 내용과도 정면으로 배치된다는 사실이   취재결과 새롭게 확인됐다.	지난해 청문회 직후 윤석열 당시 검찰총장 후보자는 ‘변호사 소개’ 논란에 대해 여러번 입장을 번복한 뒤 최종적으로 “후배 검사 출신인 이남석 변호사는 윤우진 전 서장의 경찰 수사 단계에서 선임된 변호인이 아니었다”고 해명한 바 있다.	 “이남석 변호사는 윤 전 서장에게 국세청 문서를 송달하는 일만 맡았다”는 주장이었다.	하지만  는 윤우진 전 세무서장이 2014년 국세청을 상대로 낸 파면 취소 소송 기록을 확인하는 과정에서 윤 전 서장이 윤석열 총장과는 전혀 다른 주장을 해 승소한 사실을 확인했다.	 윤 전 서장은 소송 과정에서 “이남석 변호사는 국세청 문서 송달 담당자가 아닌 형사 사건 변호사였다”고 주장했고, 재판부는 이 주장을 받아들여 윤 전 서장에 대한 파면을 취소한 것으로 드러났다.	 결국 ‘이남석 변호사의 역할’과 관련, 윤석열 총장과 윤우진 전 서장 중 한 사람이 거짓말을 했다는 사실이 확인된 것이다.	 윤 총장의 주장이 사실이라면, 윤우진 전 세무서장은 법원을 속여 재판에서 이긴 셈이 된다.	 반대로 윤우진 전 서장의 주장이 사실이라면, 윤석열 총장은 법원의 판결 내용을 왜곡한 꼴이 되는 것이다.	  는 지난해 7월 윤석열 검찰총장 후보자 인사청문회 당시부터 윤우진 전 용산세무서장 뇌물 사건에 윤석열 총장이 개입했다는 의혹을 지속적으로 보도해 왔다.	 청문회 당일에는 ‘2012년 윤석열 녹음파일’을 공개해 윤 후보자의 국회 위증 의혹을 보도했고, 올해 3월에는2012년 경찰 수사 때 윤석열 당시 부장검사가 윤우진 서장 뇌물 사건의 공범으로 경찰 수사대상이었다는 사실을 추가로 보도한 바 있다.	지난해 7월 열린 윤석열 검찰총장 후보자 인사청문회의 최대 쟁점은 윤우진 전 용산세무서장 뇌물 수수 사건에서 촉발된 변호사 소개 의혹이었다.	 2012년 당시 윤석열 부장검사가 서울경찰청 광역수사대에서 뇌물수수 의혹으로 수사를 받던 윤우진 전 서장에게 변호사를 소개했는지 여부였다.	 2015년 2월 윤 전 서장이 검찰에서 무혐의 처분을 받는 과정에 윤석열 후보자가 관여했는지, 검찰이 봐주기 수사를 한 것은 아닌지도 논란거리였다.	의혹은 윤우진 전 서장의 ‘특별한 검사 인맥’ 때문에 더 주목을 받았다.	 윤 전 서장이 윤석열 후보자의 최측근으로 알려진 윤대진 검찰국장의 친형이었고, 윤 후보자도 윤우진 전 서장과 막역한 사이로 알려져 있었기 때문이다.	인사청문회 초반부터 야당인 자유한국당 의원들은 이남석 변호사 소개 의혹을 집요하게 추궁했으나, 윤 후보자는 청문회 내내 의혹을 부인했다.	그러나 청문회가 종반으로 치닫던 7월 8일 자정 무렵, 가 2012년 당시 윤우진 전 세무서장에게 이남석 변호사를 소개해줬다는 본인의 육성 녹음 파일을 공개하자윤석열 후보자는 입장을 바꾼다.	소개는 해 줬지만 이남석 변호사가 윤우진 전 세무서장의 변호사로 선임되지는 않았기 때문에 문제가 되지 않는다는 취지였다.	 또 “친동생 같은 윤대진 검사를 보호하기 위해, 기자에게 ‘내가 변호사를 소개했다’고 거짓말을 했다”고 주장했다.	 그러나 청문회가 끝나고 반나절도 지나지 않아 이남석 변호사가 실제 윤우진 사건을 수임했다는 사실이 언론 보도를 통해 밝혀지면서 윤석열 후보자의 뒤바뀐 입장 역시 거짓말로 드러났다."
43,윤석열의 거짓말 VS 윤우진의 거짓말--1," 이후 윤석열 검찰총장은 또 다시 말을 바꿨다.	 “이남석 변호사는 경찰 수사 때문에 윤우진 전 세무서장을 변호한 게 아니라, 윤우진 서장에게 국세청의 문서를 전달해주는 역할만 맡았다”는 주장이었다.	윤 후보자의 입장이 이렇게 정리된 뒤, 당시까지만 해도 ‘윤석열 검찰총장’ 임명을 추진했던 민주당도 같은 논리로 윤석열 후보자 방어에 나섰다.	 아래는 표창원 당시 더불어민주당 국회의원의 방송 인터뷰 내용 중 일부.	당사자인 이남석 변호사 역시 언론 인터뷰를 통해 ‘자신은 윤우진 전 세무서장의 경찰 수사 단계 변호를 맡은 적이 없다’고 밝혔다.	그러나   확인결과, 윤석열 검찰총장과 민주당, 이남석 변호사 본인이 지난해 내놓은 주장은 윤우진 전 용산세무서장이 국세청을 상대로 낸 파면취소 소송 과정에서 드러난 사실과 전면 배치된다.	윤우진 전 용산세무서장이 국세청을 상대로 파면 취소 소송을 제기한 건 2014년이다.	 2012년 8월 뇌물 수수 혐의로 경찰 수사를 받던 도중 해외로 도망갔던 윤 전 서장이 국세청으로부터 파면당하자 이를 취소해 달라는 행정소송을 낸 것이다.	 윤 전 서장은  2015년 4월 승소했다.	파면 취소 소송의 핵심쟁점 중 하나는 국세청의 출근 통보가 해외 도피 중이던 윤우진 서장에게 제대로 전달됐는지 여부였다.	 국세청은 “경찰 수사가 진행중이던 2012년 9월부터 3차례에 걸쳐 윤 전 서장이 선임한 이남석 변호사에게 출근 통보를 했지만, 윤 전 서장이 이를 무시하고 무단결근했다”고 주장했다.	 반면 윤 전 서장은 “이남석 변호사는 당시 경찰수사에 대비하기 위해 선임한 형사 사건 변호사였기 때문에 국세청의 출근 통보를 자신에게 송달해 줄 의무도 없었고, 실제로 전달 받지도 못했다”고 반박했다.	 아래 내용은 판결문에 실린 윤우진 전 서장 측의 주장 중 일부.	법원은 윤우진 전 세무서장의 손을 들어 줬다.	 그리고 이 판단은 윤우진 전 세무서장이 파면 취소소송에서 이기는 데 결정적인 역할을 했다.	  결국 “이남석 변호사는 국세청 송달 변호사였다”는 윤석열 검찰총장의 주장이 사실이라면 윤우진 전 세무서장은 재판부를 속이고 소송에서 이긴 셈이 된다.	 반대로 “이남석 변호사는 경찰 수사 대비 변호사였다”는 윤우진 전 서장의 주장이 사실이라면, 윤석열 검찰총장은 사실을 알았던 몰랐던 사법부 판결까지 왜곡하는 더 큰 거짓말을 한 꼴이 된다.	 중요한 건, 어느 쪽이 됐든 이남석 변호사의 역할을 놓고 갈라진 윤석열 검찰총장의 주장과 윤우진 전 세무서장의 주장은 양립할 수 없다는 점이다.	윤석열 검찰 총장의 발언과 윤우진 전 서장 관련 판결문 등을 검토한 검사 출신 이연주 변호사는 “핵심 당사자들의 주장이 대립하는 만큼 철저한 재조사가 불가피하다”고 말했다."
44,"""나의 참혹한 대한민국""_북한이탈여성들의 미투--0","대한민국에 살고 있는 북한이탈주민은 3만 3000명이 넘는다.	 이 중 72.1%가 여성이다.	 1998년 12.2% 수준에서 20여 년만에 6배 가량 증가했다.	 여성 비율이 증가하면서 예상치 못한 문제도 늘고 있다.	 북한이탈여성에게 가해지는 성폭력은 그 중 하나다.	 2017년 여성가족부가 시행한 연구에 따르면, 조사대상자의 36%가 남한에 들어온 뒤 성폭력 피해를 경험한 적이 있다고 답했다.	  는 두 명의 북한이탈여성이 겪은 성폭력 피해 사례를 취재했다.	 2013년 탈북한 한서은 씨와 2010년 탈북한 배유진 씨다.	 두 사람은 모두 탈북자 관련 업무를 맡고 있는 수사·정보기관 관계자에게 수 년에 걸쳐 성폭행을 당했고, 이를 고발했거나 고발을 준비하고 있다.	  는 이들이 대한민국 국민이 된 이후 겪어야 했던 성폭행 피해, 그리고 피해사실을 고발한 뒤 벌어진 2차 폭력과 반성하지 않는 가해자들의 모습을 통해, 북한이탈여성들이 온 몸으로 받아내야 했던 우리 사회의 어두운 단면을 고발한다.2013년 1월 탈북한 한서은 씨는 그 해 10월 대한민국 국민이 됐다.	 6개월 간의 국정원 중앙합동신문센터 조사를 받고서야 얻은 자격이었다.	 대한민국 국민이 된 뒤 서은 씨는 영어학원, 회계학원 등을 다니며 공부했고 편의점 점원, 마트 계산원 등을 하며 생계를 이어갔다.2016년 6월, 서은 씨는 자신의 신변보호담당관이던 경찰에게서 두 명의 군인을 소개받았다.	 성 모 중령과 김 모 상사였다.	 신변보호담당관은 이들을 ‘국가 일을 하는 사람’, ‘믿을 만한 사람’이라고 소개했다.	 두 명의 군인이 모두 국군 정보사령부 소속이란 사실은 나중에야 알게 됐다.	 탈북하기 전까지 서은 씨는 북한에서 한 연구소 연구원으로 일했다.	 두 군인이 서은 씨를 찾은 건 이 때문이었다.	 이들은 서은 씨에게 북한 관련 정보, 특히 서은 씨가 일했던 북한 연구소와 관련된 정보를 요구했다.	 대한민국에 들어온 이후 종종 해오던 일이라, 서은 씨는 대수롭지 않게 생각하고 이들을 도왔다.	 정보사 군인들은 한 달에 2~3번 씩 서은 씨를 찾아와 정보를 받아갔고, 사례비를 지급했다."
45,"""나의 참혹한 대한민국""_북한이탈여성들의 미투--1"," 서은 씨는 돈을 받을 때마다 영수증에 사인을 해 줬다.	 서은 씨와 두 명의 군인은 분명히 ‘공식적인 업무관계’였다.	 이들의 관계는 2016년 6월부터 2017년 6월까지 약 1년간 지속됐다.	 성 중령과 김 상사는 서은 씨에게 명절선물도 챙겨주고 한국 사회에서 겪는 소소한 문제를 해결해주기도 했다.	 시간이 지나면서 사적으로도 친밀한 사이가 됐다.	 나이가 많았던 성 중령은 서은 씨에게 “아빠처럼 생각하라”고 말할 정도였다.	 기댈 곳이 없던 서은 씨는 점점 두 사람을 믿고 의지했다.	 시간이 갈수록 정보사 소속 군인 2명은 까다로운 정보를 요구하기 시작했다.	 “북한에 있는 동생에게 연락해 정보를 수집해 달라”는 등의 요구였다.	 서은 씨는 결국 이 두 사람의 도움을 받아 북한에 사는 친동생에게 연락했고, 동생에게 정보를 받아 넘기기 시작했다.	 그러던 중 2018년 1월 경 문제가 생겼다.	 동생과 연락이 두절된 것이다.	 성 중령은 서은 씨에게 “동생이 북한에서 보위부에 체포된 것 같다”고 알려왔다.	 동생의 체포 소식을 들은 뒤부터 서은 씨는 정신을 차릴 수가 없었다.	 자신을 돕다가 잘못된 동생을 위해 무엇이든 해야 한다는 생각이 앞섰다.	 하지만 서은 씨가 기댈 곳이라곤 두 명의 정보사 군인, 성 중령과 김 상사 밖에 없었다.	 서은 씨는 “친동생을 구해 달라”고 두 사람에게 필사적으로 매달렸다.	 하지만 이들은 서은 씨의 요청을 외면했다.	 한 달에 2~3번 씩 찾아오고, 거의 매일 전화를 하던 두 사람은 “동생이 북한 보위부에 잡혀간 것 같다”는 소식을 전한 뒤로는 서은 씨의 전화도 잘 받지 않았다.	 2018년 5월 25일."
46,"""나의 참혹한 대한민국""_북한이탈여성들의 미투--2"," 서은 씨는 저녁 늦게 김 상사와 만나 술을 마셨다.	 ‘동생을 구해 달라’는 부탁을 하기 위해 나간 자리였다.	 술자리는 2차까지 이어졌다.	 그리고 그 날 새벽, 서은 씨는 서울 강남의 한 모텔에서 성폭행을 당했다.	 술에 취해 정신을 잃었고, 눈을 뜨니 모텔이었다.	 김 상사의 성폭행은 이후 13개월 간 11차례나 더 이어졌다.	 모두 서은 씨의 집에서 벌어진 일이었다.	 성폭행은 서은 씨의 몸에 흔적을 남겼다.	 두 번의 낙태 수술을 견뎌야 했고, 정신과 치료도 받았다.	 김 상사는 서은 씨에게 500만 원의 합의금을 제시하며 공증을 요구했다.	 서은 씨는 거절했다.	 서은 씨는 성 중령에게도 성폭행을 당했다.	 2019년 1월 21일이었다.	 역시 동생 문제를 부탁하기 위해, 성 중령에게 북한 정보를 제공해줄 수 있는 또 다른 북한이탈주민을 소개해 주러 나간 자리였다.	 김 상사에게 당했던 날처럼, 서은 씨는 이 날도 억지로 술을 먹어야 했다.	 성 중령은 집에 데려다준다는 핑계로 쫒아온 뒤, 서은 씨를 성폭행했다.2019년 10월 16일, 서은 씨는 먼저 군 검찰단에 김 상사를 ‘위력에 의한 간음’ 등의 죄목으로 고소했다.	 12월 4일에는 성 중령을 ‘업무상 위력에 의한 간음’ 죄로 고소했다.	 군 검찰은 곧바로 수사에 착수했다.	 하지만 수사과정에서 서은 씨는 예상치 못한 일을 당해야 했다.	 2차 폭력이었다."
47,"""나의 참혹한 대한민국""_북한이탈여성들의 미투--3"," 2020년 4월 28일, 국방부검찰단 별관 3층에서 서은 씨에 대한 고소인 조사가 진행됐다.	 그런데 조사를 하던 군 검사는 서은 씨에게 자신의 노트북에 저장돼 있던 음성녹음 2개를 듣도록 했다.	 성 중령에게 성폭행을 당할 당시 상황이 녹음된 파일이었다.	 음성파일에 대한 사전 설명이나 동의 절차는 없었다.	 서은 씨는 충격을 받았다.	 “어떤 거라고 알려주지 않고 그냥 녹음을 들으라고 했어요.	 성관계가 있었던 당시 녹음된 파일이었어요.	 너무 힘들었습니다.	 제 정신이 아니었고.	.	.	다 듣고 나니 검사랑 수사관이 ‘들어와서 할 얘기 있으면 하라’고 했어요.	 그때 제 심정은 하루살이 같은, 하루살이 같은 벌레가 돼서 하늘에 떠 있는 것 같았어요.	 이제 죽겠구나.	.	.	하는 생각도 들었고요.	  상담소 선생님에게 -	 전화를 했어요.	 전화하는 내내 울었어요."
48,"""나의 참혹한 대한민국""_북한이탈여성들의 미투--4"," 그때 전화가 안 됐으면 죽었을 것 같아요.	”-	 성폭행 피해자 한서은아무런 동의 절차없이, 성폭행 피해자에게 폭행 당시 상황을 듣도록 하는 건 누가봐도 비상식이다.	 그런데 그런 일이 다른 곳도 아닌 국가 수사기관에서 벌어졌다.	 서은 씨의 변호를 맡고 있는 전수미 변호사는 “피해자를 다시 성폭행 사건 당시로 되돌려놓는 끔찍한 2차 가해”라고 말했다.	 현재 서은 씨의 고소사건에 대한 군 검찰 수사는 마무리된 상태로, 기소 여부만 남아 있다.	 는 서은 씨 사건에 대한 입장을 듣기 위해 정보사에 연락하고 질의서를 보냈다.	 정보사는 두 번에 걸친 서면 답변을 통해 “정보사는 불법적인 방법을 동원해 업무를 추진하도록 지시하거나 종용하지 않았다.	 현재 수사가 진행 중인 사안이어서 공식적인 입장 표명은 적절하지 않다”는 입장을 밝혔다.	 피해자에게 사과하는 내용은 단 한 줄도 없었다.	  는 서은 씨가 고소한 성폭행 가해자 중 한 명인 김 상사도 찾아가 입장을 물었다.	 하지만 김 상사 역시 “수사가 진행 중”이라는 이유로 답변을 거부했다.	 피해자에게 사과할 의사가 없는지를 묻는 취재진의 질문에는 “언론에 나간 것이 전부 진실이 아니다”라며 오히려 “이상한 거 못 느낍니까?	 그대로 믿는 거예요?	” 라고 되물었다.	 배유진 씨는 2010년 7월 두만강을 건너 탈북했다.	 딸 아이의 행복을 위해 벌인, 목숨을 건 도강이었다.	 중국 경찰에 붙잡혀 북송 위기에 처하기도 했던 유진 씨는 2011년 태국을 거쳐 한국에 들어 왔다.	 대한민국 국민이 된 뒤 유진 씨는 성폭력상담사 프로그램을 이수한 뒤 북한이탈여성을 돕는 상담원이 됐다.	 그리고 일을 하는 과정에서 서울 서초경찰서 보안계 소속 경찰인 김모 경위를 만났다."
49,"""나의 참혹한 대한민국""_북한이탈여성들의 미투--5"," 2015년 5월 경의 일이었다.	 김 모 경위는 탈북자 사회에서 유명한 사람이었다.	 북한이탈주민과 관련된 크고 작은 사건들을 잘 처리해 언론에도 이름이 오르내렸다.	 김 경위는 2010년부터 2018년까지 약 8년간 서초서에서 탈북자 신변보호담당관으로 활동한 최장기 근무자였다.	 유진 씨가 김 경위와 본격적으로 만나기 시작한 건 2016년이었다.	 김 경위는 유진 씨에게 ‘북한 관련 동향 보고서 작성이 신변보호관의 주요 업무 중 하나’라며 북한 관련 첩보 제공을 부탁했다.	 유진 씨는 이미 유명인사였던 김 경위를 신뢰했고, 그를 돕기로 마음먹었다.	 김 경위의 요구는 구체적이었다.	 유진 씨는 김 경위를 위해 자신이 알고 있는 북한 관련 정보를 정리해 넘겼다.	 내심 ‘언젠가는 나도 도움을 받을 날이 올 것’이라 생각해 ‘베테랑’ 김 경위를 최선을 다 해 도왔다.	 2016년 5월 23일, 김 경위는 살구를 사들고 유진 씨 집에 찾아왔다.	 유진 씨가 소속된 단체에서 북한 민속놀이 대회를 준비하던 때였다.	 살구는 민속놀이 대회에서 쓸 물건이었다.	 그런데 그 날, 김 경위는 유진 씨를 성폭행했다.	 김 경위의 성폭행은 이후 19개월 동안 11차례나 더 이어졌다.	 성폭행 장소는 모두 유진 씨의 집이었다.	 유진 씨는 김 경위가 소속된 서초서 보안계에 먼저 도움을 청했다.	 하지만 소용이 없었다.	 취재진은 유진 씨가 도움을 청했던 서초서 관계자에게 연락해 유진 씨에게 도움을 주지 않은 이유를 물었다.	 서초서 관계자는 “ 성폭행 한 사실을 몰랐다”고 말했다."
50,"""나의 참혹한 대한민국""_북한이탈여성들의 미투--6"," 김 경위가 해당 사건에 대해 함구해 더 알아보지 못했다는 것이다.	 서초서 관계자는 “김 경위는 유능한 직원”이고 “너무 의욕적으로 일을 하다보면 그런 일이 일어날 수 있다”고 아무렇지 않게 말했다.	 유진 씨는 서초서 청문감사관실도 찾아가 상담을 청했다.	 하지만 역시 도움을 받지 못했다.	 서초서 청문감사관실은 유진 씨 피해를 정식 진정으로 접수하지도 않았다.	 서초서 청문감사관실은 취재진에게 “감사관실은 수사권한이 없다”, “피해자가 진정서를 접수하지 않아 감사를 진행할 수 없었다”는 입장을 전했다.	지난달 29일,  는 유진 씨를 성폭행했다는 의혹을 받고 있는 김 경위를 직접 만났다.	 김 경위는 “성관계는 있었지만 성폭행은 아니었다”고 주장했다.	 그리고 자신을 ‘대단한 사람’으로 추켜세우던 유진 씨에게 “마음이 혹했다”고 말했다.	“유진 씨는 평소 제게 ‘당신같은 사람은 우리에게 없어서는 안 될 고마운 존재다’라고 말했어요.	 나를 띄워주는 거죠.	 밥을 같이 먹을 때도 ‘나를 위해 차렸다’고 하고.	.	.	그러다보니 순간적으로 마음이 혹한 경우도 있었고, 순간적으로 혹했을 겁니다, 지금 생각해보면.	 관계를 가지고 난 이후에는 ‘왜 자꾸 전화 안 하냐’ 이런식으로 하니까 ‘큰일났다’고 생각했고.	.	.	”-	 유진 씨 성폭행 가해자 김모 경위취재가 시작된 뒤인 지난 6월 30일, 서초서는 김 경위를 대기발령 조치하고 업무에서 배제했다."
51,"""나의 참혹한 대한민국""_북한이탈여성들의 미투--7"," 또 해당 성폭행 사건에 대한 감찰 조사에 착수했다.	 서초서는  에 보낸 공식 답변서에서 “북한이탈주민 여성과 대상자의 성관계 등 관련 진술이 확보됨에 따라 대상자가 경찰 공무원으로서 부적절한 처신을 한 것으로 판단된다”는 입장을 밝혔다.	 유진 씨가 도움을 요청할 때와는 판이하게 달라진 태도였다.	 다만 서초서는 “김 경위는 피해자인 유진 씨의 신변보호담당자가 아니었으며, 해당 사안은 신변보호 업무 수행 중 발생한 사안은 아니다”라고 밝혔다.	 사실상 김 경위 개인의 일탈행위일 뿐 서초서와는 관련이 없다는 발뺌이었다.	 서은 씨와 유진 씨는 장기간에 걸쳐 수차례 반복적으로 성폭행을 당했다는 공통점이 있다.	 가해자가 상당한 위력을 가진 신분이란 점 역시 비슷하다.	 두 사람이 당한 피해를 단순 성폭력이 아닌 ‘업무상 위력에 의한 간음’으로 해석해야 하는 이유다.	 서은 씨는  와의 인터뷰 과정에서 여러차례 “자신을 성폭행한 두 명의 정보사 군인들에게 상당한 위협감을 느껴왔다”고 말했다.	 “북한에 살고 있는 자신의 가족 신상정보까지 알고 있었고 언제든 북에 넘나들 수 있다”고 말해 두려움을 느꼈다는 것이다.	 서은 씨 입장에서 보면, 가해자들은 ‘마음만 먹으면 서은 씨를 언제든 북송시킬 수도 있는 힘을 가진 사람들’이었다.	 유진 씨도 다르지 않았다.	 북한이탈주민 사회에서 만들어진 가해자 김 경위에 대한 높은 평판, 북한 보위부처럼 절대 권력을 지닌 것으로 느껴지는 경찰이란 신분은 유진 씨에겐 그 자체로 큰 두려움이었다.	 게다가 북한이탈주민에게 신변보호담당관은 남한사회에 정착해 처음 만난 권력자였다.	 지속적인 성폭행을 거부하기도, 피해 고발을 결심하기도 어려웠던 이유다.	 북한이탈주민 사회의 보수적 성문화, 피해자 여성에게 책임을 지우는 분위기도 성폭행 피해자들이 입을 닫게 만든다.	 서은 씨가 첫 성폭행 피해를 당하고 1년이나 지난 뒤에야 고소를 결심한 것도, 유진 씨가 4년째 고소를 주저하는 것도 이 때문이다.	 서은 씨의 변호를 맡고 있는 전수미 변호사는 이렇게 말했다.	 “ 북향민들 커뮤니티 안에서 소문이 났어요.	 ‘누가 이렇게 대한민국 군인에게 일을 당했다’는 식으로."
52,"""나의 참혹한 대한민국""_북한이탈여성들의 미투--8",".	.	 서은 씨는 이 커뮤니티 안에서 소문이 나면서 힘들어 했죠.	 ‘피해자가 자기라는 게 밝혀지면 모든 게 끝난다’고 생각한 거예요.	 그래서 고소를 포기하려고 했었어요.	 한번은 저에게 묻더라고요, ‘그만두고 싶다’고.	 자기가 죽어도 이 사건이 진행되냐고.	.	.	탈북민 남성들은 ‘어떤 여자가 겁탈을 당했다’고 하면 ‘남자가 나쁜 사람이다, 처벌해야 된다’고 생각하는 게 아니라 ‘여성이 품행을 어땠길래’, ‘치마를 입었어?	 왜 남자랑 단둘이 있었어?	 왜 그런 여지를 준 거야?	’ 이렇게 생각하는 경향이 세요.	 그것 분위기가 성폭력 피해자들을 위축시키는 거죠.	” -	 전수미 변호사, 서은 씨 변호인북한이탈여성의 성폭력 문제를 오랫동안 상담해왔던 남성아 천주교성폭력상담소 상담원의 말도 비슷했다.	 “우선 탈북여성들의 경우 성폭력에 대한 이해도가 상당히 낮아요.	 상담소 같은 곳에서 도움을 받을 수 있다는 생각을 많이 못해요.	 제가 ‘왜 이걸 신고를 하거나 누구한테 얘기를 하지 못했냐’고 물으면 ‘그런 걸 어떻게 얘기해요?	’ 이렇게 말해요."
53,"""나의 참혹한 대한민국""_북한이탈여성들의 미투--9"," 피해 사실을 드러내는 것을 부끄러워하고 자신의 문제로 인식하는 분위기가 팽배하죠.	 성폭력 피해를 ‘폭력’으로 봐야 하는데, 성적인 것으로 보고 부끄러운 일로 치부해버리는 경우가 많아요.	” 대한민국에 정착해 살고 있는 북한이탈여성들이 얼마나 많은 성폭력에 노출되고 있는지는 연구로도 확인된 바 있다.	 2017년 여성가족부가 성정현 협성대 교수에게 의뢰해 진행한 ‘북한이탈여성 폭력피해 실태 및 지원방안 연구’가 대표적인 사례다.	 성 교수는 158명의 북한이탈여성을 상대로 설문조사한 결과를 보고서로 작성했다.	 결과는 놀라웠다.	무려 36%가 넘는 탈북여성이 남한에 들어온 뒤 성폭력 피해, 즉 심한 성추행이나 강간미수, 강간 피해 경험이 있다고 응답한 것이다.	 모든 유형의 성폭력 피해사례가 시간이 갈수록 증가하고 있다는 점, 탈북여성들이 북한에서보다 남한에서 더 많은 성폭력 피해에 노출됐다는 점 등이 확인됐다.	 “탈북과정에서보다는 조금 적었지만, 남한에서의 피해가 북한에서보다는 상당히 높은 것으로 조사됐습니다.	 2배에서 3배 정도 많았어요.	 이 조사결과를 보고 개인적으로나 연구자들이 많이 실망했죠.	 정말 부끄러운 일이었습니다.	”-	 성정현 협성대 교수감시와 통제가 일상화된 북한 체제, 언제든 북송될 수 있는 탈북과정에서의 경험들은 북한이탈여성이 갖는 또 다른 특징이다.	 이들에게 ‘저항’과 ‘거부’는 곧 죽고사는 문제와 같다.	 그래서, 성폭력 피해를 경험한 북한이탈여성의 상당수는 저항보다 투항을 택한다.	 북한이탈주민의 외상후 스트레스 장애를 연구해 온 류원정 숙명여자대학교 아동복지학과 교수는 이를 ‘학습된 무기력’으로 규정했다.	“북한이탈주민들은 탈북과 대한민국 입국과정에서 지속적으로 거부나 저항을 할 수 없는 상황에 반복 노출됩니다.	 그런 과정에서 무기력이 학습되죠.	 이런 이유 때문에 남한에서 부당한 폭력이나 위력에 의한 폭력을 당해도 쉽게 거절하거나 적절하게 대응하지 못하게 됩니다."
54,"""나의 참혹한 대한민국""_북한이탈여성들의 미투--10","”-	 류원정 숙명여자대학교 아동복지학과 교수서은 씨와 유진 씨의 성폭행 피해를 취재하는 과정에서  는 여러 명의 북한이탈주민과 관련 전문가들을 만났다.	 그리고 남한사회에서 느끼는 ‘신분 차별’에 대한 생각을 물었다.	 이들은 입을 맞춘 듯 ‘2등 시민’, ‘이질적 종족’, ‘불법체류자’, ‘범죄자’ 같은 부정적인 단어를 줄줄이 토해냈다.	 북한이탈주민이자 서은 씨의 지인인 김영수 씨는 “내가 만일 한국에서 태어났고 한국사람이었으면, 이런 사람들을 만날 일이 있었을까요?	”라고 되물었다.	 인터뷰를 마치면서, 성폭행 사건이 발생한 지 4년 만에 고소를 결심한 유진 씨는 자신과 비슷한 피해를 경험한 북한이탈여성들을 향해 이런 말을 남겼다.	 “내가 기치가 되어 앞으로 나설께요.	 저 같은 피해를 당한 탈북여성들도 덮고 가려고 했던 것을 다 드러내서 가슴에 맺힌 걸 얼마라도 풀고, 억울함을 해소해서, 다만 얼마라도 행복하게 살았으면 좋겠어요.	”-"
55,"한명숙 위법수사 의혹 폭로 죄수 H, ""검사 13명 고발할 것""--0"," 를 통해 한명숙 사건 수사 검사들의 위법 수사 의혹을 폭로한 죄수 H가 사건에 관계된 검사들과 증인 등 18명을 조만간 고발하기로 했다.	 죄수 H는 고발장을 통해 피고발인들은 “검사가 아니라 사회악의 표본일 뿐”이라고 주장했다.	 한편 죄수 H가 최근   <죄수와 검사> 시리즈 인터뷰 등을 통해 폭로한 것과 동일한 주장을 지난 2013년부터 지속적으로 해왔으며 2017년에는 청와대에 진정까지 넣었으나 검찰이 별다른 조사없이 종결시킨 사실도 새롭게 확인됐다.	 죄수 H는 최근 자신의 변호인을 통해 해당 고발장을  에 보내왔다.	 고발장에 적시된 피고발인은 당시 한명숙 수사팀과 지휘라인 전원이다.	 우선 진술 연습을 직접 강요했다고 죄수 H가 주장하고 있는 당시 중앙지검 1128호실의 엄희준 검사와 한명숙 사건을 담당했던 신응석 검사, 당시 특수 1부 부부장이었던 임관혁, 주영환 검사, 특수 2부 부부장이었던 조재연 검사, 특수 1부 부장이었던 김기동, 이동열 검사, 특수 2부 부장이었던 권오성, 최윤수 검사, 중앙지검 3차장이었던 윤갑근 검사, 중앙지검장이었던 노환균, 한상대 검사, 그리고 당시 검찰총장이었던 김준규 검사 등 검사 13명과 특수부 수사관이었던 신 모, 곽 모 계장, 주 모 경찰관이 피고발인 명단에 들어있다.	 이들 외에 당시 법정에 나가 한만호의 진술 번복이 거짓이라고 증언했던 증인 김 모 씨와 최 모 씨도 피고발인에 포함됐다.	 죄수 H가 이들에게 적용해야 한다고 주장한 혐의는 직무유기, 직권남용, 모해위증, 모해위증 교사, 모해위증 방조, 협박, 강요 등이다.	 고발장의 전체 내용은 이미  를 통해 보도된 H의 주장과 대동소이하다.	 H는 고발장에서 피고발인 검사들이 “공무원의 정치적 중립 의무를 위반하였음은 물론 마땅히 준수해야 할 공정한 수사기관으로서의 역할을 망각한 채 서울시장 선거에 부당히 개입한 것이며, 그들의 행위는 선거제도의 핵심인 공정성마저 파괴한 중요한 범죄”라고 주장했다.	 그러면서 “이와 같이 중대 범죄를 저지른 피고발인들은 부당한 범죄를 조작하고 양산, 방조하였음에도 불구하고 현재 검찰의 요직에서 승승장구하고 있거나 요직을 거쳐 소위 잘나가는 변호사로서 활약하고 있다”며 “피고발인들은 검사가 아닌 사회악의 표본일 뿐”이라고 주장했다.	 죄수 H는 고발장에서,  를 통해 보도되지 않은 검사들의 추가적인 위법행위가 있다고도 주장했다.	 우선 한만호의 법정 진술을 탄핵하기 위해 동원된 증인 김 씨와 최 씨의 사건을 검사들이 무마해주었다고 주장했다.	 마약사범 최 씨의 경우 진술조작을 지시한 특수부 검사가 최 씨가 고소된 사건의 담당 검사 및 공판검사와 소통 후 최저 구형 처리해주었고, 김 씨의 추가 사건 역시 최저 형량을 구형하도록 조정해줬다는 것이다.	 죄수 H 자신과 관련된 신주인수권부 사채  관련 사건도 담당검사와의 협의 후 참고인 중지를 통해 연기 처리해줬다고 했다.	 다만 죄수 H는 위 주장에 대한 구체적 근거를 제시하지는 않았다.	 2011년 4월 죄수 H가 진술 연습과 조작을 폭로하겠다며 검사실 출정을 거부하자 검사가 자신을 적극적으로 회유한 사실도 추가 폭로했다.	 자신을 검사실로 불러 직접 삼겹살을 구워주며 회유했다는 것이다.	 ● 4월 26일 조사에 응하자, 1128호 엄희준 검사실에 양념삼겹살 초벌구이한 고기와 부르스타에 불판까지 준비한 후 고기를 구워주고 담배도 제공하면서 “H씨는 증인 안하기로 했다”면서 저의 추가 사건을 참고인 중지해준다고 회유한 사실도 있었습니다.	-"
56,"한명숙 위법수사 의혹 폭로 죄수 H, ""검사 13명 고발할 것""--1"," 죄수 H 고발장 중죄수 H는 다만 현재 작성해놓은 고발장을 경찰에 접수할지, 검찰에 접수할지, 아니면 공수처 출범후 공수처에 접수할지는 정하지 못했다고 변호인을 통해 밝혔다.	 이번 고발 사건을 대리하고 있는 법무법인 민본의 신장식 변호사는 “경찰에 고발을 하면 검찰이 사건을 일방적으로 가져가버릴 가능성이 있고, 검찰에 고발을 하면 검찰이 과연 자기 살을 도려내는 철저한 진상규명을 할 수 있을까하는 의구심을 가지고 있다.	 공수처의 경우 7월에 발족이 예정돼 있지만 실제로 공수처장이 임명되고 실제로 일을 할 수 있는 게 언제부터일지 고민이 된다.	 공소시효가 내년 2월까지로 얼마 남지 않았기 때문이다 ”면서 “여러모로 고발의 시기와 고발 기관을 상의하고 있다”고 말했다.	한편 죄수 H가   취재가 시작되기 한참 전인 지난 2013년부터 한명숙 사건 수사 검사들의 위법 사실을 여러차례 주장해왔다는 증언도 나왔다.	 법무법인 율의 양승봉 변호사는 “지난 2013년 서울시 간첩조작 사건을 변론하던 중 당시 피고인이었던 유우성 씨를 통해 동료 재소자인 H를 알게 됐고 그 이후 H의 사건 일부를 맡게 되었다”면서 “자신이 H를 처음 만난 2013년에도 죄수 H가 이번에  에 폭로한 내용과 동일한 이야기를 여러차례 들려주었다”고 말했다.	 “그 때 그 이야기를 한두 번 한 게 아니에요.	 굉장히 많이 했었어요.	 외부에도 편지를 쓰고 그렇게 하신 걸로 알고 있거든요.	 그 당시에.	 이런 이야기를 하면 할수록 자기한테는 불리한 상황인데 끊임없이 저한테 하소연 하고 외부에도 그걸 이야기 하려고 노력을 하더라고요.	 솔직히 감옥에 갇힌 사람들이 검사하고 척질 이유가 없잖아요.	 그리고 그 때도 고소 건이 여러 가지가 있었습니다.	 그렇기 때문에 더더군다나 검사들과 척질 이유가 없는 사람이였죠.	 오히려 잘 보이면 잘 보여야될 사람이지.	 없는 이야기를 만들어낼 그런 분위기는 전혀 아니었어요.	 상황 자체가.	”-	 양승봉 변호사 인터뷰 중 는 양승봉 변호사를 통해 죄수 H가 지난 2017년 12월 청와대에 보낸 진정서를 입수했다.	 이 진정서에는, 죄수 H가 고 한만호 씨를 만나게 된 경위와 한만호 씨의 이야기를 전 모 검사와 홍 모 검사에게 전달한 사연, 그리고 검찰이 자신의 아들을 불러 압박한 뒤 어쩔 수 없이 검찰에 협조를 하게 됐고 그 뒤 다른 증인들과 함께 진술 연습을 했다는 주장까지, 그가  와의 인터뷰에서 밝힌 내용과 거의 비슷한 내용이 적혀있었다."
57,"한명숙 위법수사 의혹 폭로 죄수 H, ""검사 13명 고발할 것""--2",죄수 H가 청와대로 보낸 진정서는 대검찰청에 이첩됐고 2018년 3월 다시 서울중앙지검으로 송부됐다.	 그러나 서울중앙지검은 그 해 7월 진정인 조사조차 하지 않고 H의 진정을 공람종결 처분했다.	 서울중앙지검은 공람종결 처분한 이유를 묻는   질의에 대해 “범죄로 볼만한 구체적 자료가 없었기 때문”이라며 당시 “진정인 및 한명숙 등에 대한 관련 사건 진행 경과 등을 확인 조사했다”고 답변했다.
58,한스바이오메드의 무책임한 해명...내부 공모·은폐 있었다--0,"인공유방 불법 제조 혐의로 경찰 수사를 받고 있는 코스닥 상장 의료기기 제조사 한스바이오메드가  의 관련 보도 이후 무책임한 해명을 내놨다.	 재료의 안전성을 입증할 수 있으며, 조직적인 공모·은폐가 없었다고 주장했으나,  가 입수한 회사 내부 자료에 따르면 사실이 아닌 것으로 확인됐다.	 는 지난 3일 한스바이오메드가 자사 인공유방 보형물 ‘벨라젤’을 제조하는 과정에서 식품의약품안전처 허가사항을 위반해 인체 이식용으로 부적합한 실리콘 재료를 사용했다는 사실을 보도했다.	 다우코닝사의 7-9700 접착제와 Q7-4850 탄성물질이다.	한스바이오메드는 보도 내용에 대해 4일 공식 해명자료를 내고 “일부 제품에서 허가 기재 사항에 대한 오류가 발생하였음을 인지하였다”며 “해당 제품 및 제품에 사용된 재료의 안전성을 입증할 수 있는 다양한 연구 자료를 갖고 있으며, 이는 인체에 해로운 것이 아님을 말씀드린다”고 주장했다.	또 “임직원들이 이에 대한 사실을 숨기기 위해 조직적으로 공모나 은폐했다는 주장은 사실이 아니다”고 밝혔다.	그러나  가 입수한 회사 내부 자료에 따르면 회사 임직원들은 지난 십년간 인체이식용 의료기기 제조에 부적합한 접착제 다우코닝 7-9700을 몰래 사용해온 사실을 알고 있었다.	 회사 업무일지를 보면 한스바이오메드는 벨라젤 인공유방 연구개발 단계인 지난 2009년부터 7-9700 접착제를 적용했다.	 이듬해인 2011년부터는 실제 제작 공정에도 도입했다.	 회사는 이로부터 4년 뒤에 식약처 허가를 받았다.	그러나 회사 내부에서도 논란이 있었다.	 허가사항에 기재하지 않은 7-9700 접착제, 즉 인체이식용에 적합하지 않은 재료를 사용한 것이 ‘폭탄’이 될 수 있음을 알고 있었기 때문이다.	 이 때문에 내부에서는 2016년 문제의 접착제를 인체이식용으로 적합한 등급인 ‘Med1-161’로 접착제를 변경하는 계획이 추진됐다.	 비교 견본품을 만들어 연구하는 작업까지 거쳤다.	 제조허가를 받은 지 1년도 지나지 않은 시점이었다.	그러나 이 같은 계획은 좌초됐다.	 회사 내부에서 회람된 회의록을 보면 “외관상 차이가 없는 것으로 확인”됐다며 “생산상 문제점, 영업팀의 피드백이 없는 경우에는 현재의 공정대로 생산을 진행하는 것으로 확정”한다고 의견을 나눴다.	 이식용 의료기기 개발에 정통한 업계 관계자에 따르면 “이식용으로 허가된 Med1-161 재료의 단가가 7-9700보다 높다”며 “제조허가사항을 변경하기 위해 임상시험을 새로 해야 하는 문제도 있었을 것”이라고 말했다.	 이후 한스바이오메드는 문제가 된 7-9700 접착제를 최근까지도 벨라젤 제조 공정에 사용한 것으로 확인된다.	 벨라젤 제품군 가운데 내수용 ‘라운드’와 ‘아나토미컬' 제품이 공식적으로 이 공정을 거친다."
59,한스바이오메드의 무책임한 해명...내부 공모·은폐 있었다--1," 이 회사의 2018년 7월 기준 공정작업서를 보면 인체이식용으로 부적합한 7-9700을 ""인공유방 쉘 내부 표면에 골고루 비벼주라”고 적혀 있다.	 이후 150도의 온도에서 제품에 따라 4~8시간의 열경화 작업을 거친다.	 원료 제조사 다우코닝의 물질안전보건자료에 따르면 7-9700은 고온에서 포름알데히드 등 유해물질을 생성한다.	‘일부 제품’의 문제라는 회사의 해명도 사실과 다르다.	 7-9700과 마찬가지로 인체이식용으로 부적합한 Q7-4850 실리콘 원료는 벨라젤 모든 제품군에 공통적으로 사용된다.	 이 Q7-4850은 벨라젤 전 제품 바닥의 실리콘 마개, 즉 패치를 제조하는 데 쓰이고 있다.	 2009년부터 제조 공정에 적용됐다.	 Q7-4850은 탄성을 지닌 반창고 본체 제조용으로 널리 사용된다.	 즉 인체 외부용 의료기기를 만드는 데 주로 쓰이는 원료다.	 원료 설명서 내용을 종합하면 이 원료로 인체에 삽입되는 의료기기를 제조하더라도 튜브, 카테터 등 몸 안에서 30일 이내로만 삽입됐다가 제거되는 제품에만 사용될 수 있다.2018년에는 벨라젤 인공유방의 쉘 원재료를 허가사항과 달리 임의로 변경하는 방안도 논의됐다.	 2018년 5월, 회사 임직원들은 원재료 선정 검토 자료를 돌려보고, 회의를 진행했다.	 벨라젤 제품군 중 마이크로 제품의 규격 불량 문제가 발생했기 때문이다.	 당시 회의 자료 상단에는 ‘대외비 문건’라고 적혀 있다.	 생산 후 시간이 지날수록 제품의 크기가 늘어나, 유통 단계가 되면 허가 규격을 어기게 되기 때문에 해결책을 찾아야 했던 것이다.	당시 연구 담당자는 쉘의 원재료를 변경하는 방안을 고려했다.	 그러나 회사 내부에서는 원재료를 변경하면 제조허가를 다시 받아야 하므로 “재임상이 불가피하게 된다”고 주저했다.	 허가를 변경하지 않으면 발생하는 문제도 정확히 인식하고 있었다.	 그러나 대책 논의는 부도덕하게 흘러간 것으로 확인된다.	 는 한스바이오메드 황호찬 대표이사와 전화로 연락이 닿았다.	 그는  가 첫 보도 전 이메일로 보낸 질의서에는 답하지 않았다."
60,한스바이오메드의 무책임한 해명...내부 공모·은폐 있었다--2," 황 대표는 이번 사안에 대해 정확히 알지 못했다는 취지로 말했다.	 그는 “CEO가 모든 걸 알 수 있는 것은 아니다”라며 “연구개발하는 사람들에게는 그들의 영토가 있다.	 CEO라고 해서 그 사람들한테 ‘어떻게 됐느냐’, ‘결재를 올려라’하는 일이 우리 회사에는 일체 없다”고 말했다.	그는 원재료 변경이 필요하다면 제조허가 역시 변경했어야 하지 않느냐는 질문에는 “공식적으로 할 수 있는 것들은 다 했다”고 답했다.	 또 “2015년 허가사항은 10년 전 기술""이라며 ""지금도 10년 전 기술 그대로 제품을 만들라는 것이냐”고 되물었다.	그는 벨라젤 인공유방 이식 환자와 주주들에게 충분히 해명을 했다고 생각하느냐는 질문에는 “피해자도 없었다.	 안전하니까 안심하셔도 된다”고 답했다.	 그는 또 “우리가 만약에  안 만들면 인공유방 식민지가 되는 것 아니냐.	 국산이 없으니까.	”라고 말했다.	 는 한스바이오메드의 최고의사결정권자가 자신하는 것처럼 과연 이 회사 인공유방 제품군에 대한 안전성 문제가 지적된 적이 없었는지, 다음 보도에서 짚을 계획이다."
61,윤석열 아내 김건희-도이치모터스 권오수의 수상한 10년 거래--0," 는 <""윤석열 아내 김건희, 주가조작 연루 의혹"" 경찰 내사 확인> 기사를 통해 경찰이 지난 2013년 도이치모터스 주가조작 의혹 사건과 김건희 씨의 관여 여부를 내사하다 중단한 사실을 보도했다.	 그러나 경찰의 내사가 있었다는 사실만으로 의혹이 사실이라고 단정지을 수는 없다.	 금감원의 비협조로 경찰의 내사가 정식 수사로 전환되지 못했기 때문이다.	 그런데  가 공시된 자료를 토대로 분석을 해보니 도이치모터스 권오수 회장과 김건희 씨는 10여 년 전부터 최근까지 수상한 금전 거래 관계를 지속한 것으로 확인됐다.	 경찰이 내사를 벌인 주가조작 의혹은 그 시점으로 보면 권 회장과 김 씨 사이에 오랫동안 계속된 수상한 거래의 딱 중간 시점에 벌어진 일이다.	 가 입수한 경찰보고서에는 김건희 씨의 주가조작 가담 의혹 시점인 2010년 2월을 기준으로 “김건희 씨가 도이치모터스의 주주였다”는 대목이 나온다.	 사실일까.	  는 도이치모터스의 공시 자료에서 실제 김건희 씨가 당시 도이치모터스의 주주였던 근거를 발견했다.	 도이치모터스의 우회상장 넉달 뒤인 2009년 5월 19일 두창섬유라는 회사가 도이치모터스 주식 124만 주 가운데 24만 8천 주, 약 8억 원 어치를 장외 매도했는데, 그 상대방 이름이 바로 김건희, 윤석열 총장의 아내였다.	 경찰보고서가 주장하는 김건희 씨의 주가조작 참여 의혹 시점이 2010년 2월 초니까 그보다 9개월 가량 앞선 시점이다.	김건희 씨가 도이치모터스 주식 24만 8천 주, 8억 원 어치를 장외 매수한 시점은 도이치모터스가 ‘다르앤코’라는 코스닥 상장사 인수합병을 통한 우회상장을 한 지 넉달이 채 지나지 않은 때이다.	 도이치모터스는 인수합병 전에 두창섬유라는 회사에 40억 원의 채무를 지고 있었는데, 돈을 갚는 대신 상장 이후에 이 채권을 주식 124만 주로 전환해줬다.	 그리고 두창섬유는 주식을 배정받은 지 불과 닷새 뒤 김건희 씨에게 그 가운데 5분의 1을 한꺼번에 장외 매도했다.	 당시 김건희 씨가 주식을 장외 매수한 가격은 주당 3,225원으로 시세보다 적어도 200원 이상 낮았다.	그런데 이 두창섬유라는 회사는 권오수 회장의 회사였다.	 즉, 오너가 지배하던 다른 회사에서 자금을 동원해 ‘다르앤코’ 인수합병 자금을 마련하고, 인수합병 뒤에는 이 채권을 주식으로 전환해 채무를 털어버리는 복잡한 과정 한 가운데에 김건희 씨가 등장한 것이다.	인수합병 초기 지분을 정리하는 과정에서 사실상 오너가 보유하던 주식을 개인이 대량으로 넘겨받은 셈인데, 과연 이런 일이 흔히 있는 것인지, 현직 투자업체 대표에게 자문을 구했다.	 현직 투자업체 대표는, 김건희 씨와 권오수 회장의 관계에 대한 사전 정보 없이 인터뷰에 응했다.	 매우 특수한 관계가 아닌 다음에야 사실상 오너가 보유한 지분을 개인에게 넘겨주는 일은 흔하지 않다는 것이다.	 도이치모터스 권오수 회장이 두창섬유의 보유 주식 8억 원 어치를 김건희 씨에게 일괄 장외 매도한 이유는 무엇일까."
62,윤석열 아내 김건희-도이치모터스 권오수의 수상한 10년 거래--1,"의문은 남겨두고, 조금 더 시간의 흐름을 따라가 보자.	 김건희 씨가 도이치모터스 주식 8억 원 어치를 장외 매수하고 6개월이 지나면, 경찰이 의심한 주가조작 사건이 나온다.	 경찰보고서에 따르면 이 작전은 2009년 11월 무렵부터 2011년 11월쯤까지 이루어졌고 김건희 씨는 2010년 2월 초 여기에 가담했다.	 만약 경찰이 내사했던 주가조작 의혹이 사실이라면, 그리고 김건희 씨가 2009년 5월에 매입한 주식 8억 원 어치를 주가조작 의심 시기의 최고점에 팔았다면, 김건희 씨는 주당 3,225원에 사들인 주식 24만 8천 주를 8,380원 에 팔아 12억 원 이상의 차익을 봤을 것으로 추정된다.	  경찰보고서에 등장하는 주가조작 ‘선수’ 이 모 씨의 자필서에 따르면 김건희 씨는 자신의 주식 외에도 10억 원이 예치된 증권사 계좌를 이 씨에게 맡긴 것으로 보인다.	 이 투자금 10억 원에서 발생했을 이득은 위 12억 원이라는 이득 추정치에 포함되지 않는다.	권오수와 김건희, 두 사람의 거래 관계는 김건희 씨가 윤석열 총장과 결혼한 이후에도 계속 이어진다.	 김건희 씨가 윤 총장과 결혼한 이듬해인 2013년, 도이치모터스는 ‘도이치파이낸셜’이라는 자동차 할부 금융 회사를 설립하는데, 이 ‘도이치파이낸셜’의 주식 40만주, 2억 원 어치가 김건희씨에게 배정됐다.	 주식의 가격은 주당 500원, 액면가 그대로였다.	 이 거래 또한 역시 매우 이례적인 일이라고 한다.	  가 자문을 구한 현직 투자업체 대표는 이렇게 말했다.	 윤석열 총장은 지난해 7월 열린 인사청문회의 서면 답변서에서, 도이치파이낸셜 설립 당시 김건희 씨가 공모 절차에 참여해 주식을 산 것이라고 해명했다.	 그러나 공시된 범위 내에서 아무리 찾아봐도 당시 공모 절차가 있었다는 기록은 남아있지 않았다.	 인사청문회 당시 바른 미래당 채이배 의원 역시 같은 점을 지적하며 답변이 허위일 가능성이 있다고 추궁했으나, 윤석열 총장은 아무런 답변을 하지 않았다.	그런데 김건희 씨가 주식을 취득한 지 2년 뒤인 2015년 6월, 도이치모터스는 자회사인 도이치파이낸셜의 신주 200만 주를 주당 1,500원에 추가로 매입했다.	 발행 당시 액면가 500원이었던 주식을 주당 1,500원, 세 배 가격에 사들인 것이다.	 도이치파이낸셜 주식은 비상장 주식이었기 때문에 이에 따라 평가액이 3배로 올라가게 된다.	 따라서 김건희 씨가 보유했던 도이치파이낸셜 주식 40만 주의 평가액 역시 매입 2년 만에 2억 원에서 6억 원으로 높아지게 된다.	 8개월 뒤인 2016년 2월에는 ‘우리들 휴브레인’이라는 회사가 도이치파이낸셜의 유상증자에 참여해 주당 천 5백원의 가격으로 70억 원 어치의 주식을 사들였다.	 주당 천 5백 원이라는 가격이 실제로 시장에서 받아들여졌다는 증거다."
63,윤석열 아내 김건희-도이치모터스 권오수의 수상한 10년 거래--2," 도이치파이낸셜을 매개로 한 김건희 씨와 권오수 회장의 거래는 더 이어졌다.	  2017년 1월, 김건희 씨는 권오수 회장으로부터 도이치파이낸셜의 비상장 주식 20억 원 어치를 사들이는 계약을 맺었다.	 이때 김건희 씨가 사들이기로 약속한 도이치파이낸셜 주식의 가격은 주당 800원이었다.	 도이치파이낸셜 설립 당시 자신이 배정 받은 40만 주의 매입 가격인 주당 500원보다는 비싸지만, 도이치모터스나 ‘우리들 휴브레인’이 사들인 가격인 주당 천 5백 원에 비하면 여전히 절반 수준이다.	 김건희 씨보다 5달 앞선 2016년 8월에는 미래에셋이 도이치파이낸셜의 유상 증자에 참여해 주식을 매입했는데, 미래에셋이 주식을 사들인 가격은 주당 천 원이었다.	 가 자문을 구한 현직 투자업체 대표는, 기관투자가보다 개인에게 더 싼 값에 주식을 파는 것은 있을 수 없는 일이라고 단언했다.	 지난해 7월 인사청문회에서 윤석열 총장은 이에 대해 “미래에셋이 인수한 것은 연리 7%의 수익이 보장된 배당우선주이고, 내 아내가 인수한 것은 일반보통주다.	 그래서 금액의 차이가 나는 것이다”라고 해명한 바 있다.	 그러나 윤 총장의 해명은 이치에 맞지 않는다.	 똑같은 보통주인데도 김건희 씨보다 훨씬 비싼 가격에 사들인 사례가 있기 때문이다.	 앞에서 언급한 것처럼 2015년 6월 도이치모터스가 사들인 도이치파이낸셜 주식 200만주 역시 보통주였다.	똑같은 보통주인데 모기업인 도이치모터스에게 주당 천 5백 원에 팔았던 주식을 김건희 씨에게는 8백원에 파는 계약을 맺은 것이다.	 더군다나 도이치모터스가 주식을 살 때에 비해 김건희 씨가 주식 양수 계약을 맺을 때는 회사의 실적이 더 좋았을 때다.	 회사의 실적이 더 좋아진 상황에서 굳이 과거보다 훨씬 싼 값에 주식을 특정인에게 팔 필요는 없어 보인다.	만약에 실제로 김건희 씨가 도이치파이낸셜의 주식을 주당 800원, 20억 원에 인수했다면 김건희 씨의 보유 주식 평가액은 주가를 천 원으로 계산할 경우 24억 원, 천 5백 원으로 계산할 경우에는 37억 5천만 원으로 늘어났을 것이다.	 보유하는 것만으로 적게는 4억 원, 많게는 17억 5천만 원의 차익이 발생하는 것이다.	 그러나 윤석열 총장은 실제로는 그런 차익이 발생하지 않았다고 해명했다.	 자신이 서울중앙지검장에 임명된 2017년 5월, 아내 김건희 씨가 도이치파이낸셜의 주식 인수 계약을 취소하고 20억 원을 돌려받았다는 것이다.	 한 달 뒤인 2017년 6월에는 2013년, 그러니까 도이치파이낸셜 설립 당시 배정받은 주식 2억 원 어치도 산 가격 그대로, 즉 액면가 500원에 모두 팔았다고 주장했다.	이게 사실이라면 윤석열 부부는 불과 얼마 전까지 주당 천 원이나 천 500원에 거래된 주식을 800원에 매입할 권리를 포기한 것이 된다."
64,윤석열 아내 김건희-도이치모터스 권오수의 수상한 10년 거래--3," 덧붙여, 현재 시세가 천 원에서 천 500원에 형성된 기존 보유 주식을 누군가에게 500원에 매각했다는 얘기가 된다.	 남편이 중앙지검장에 임명됐다는 이유만으로 적게는 6억 원에서 많게는 21억 5천만 원을 포기했다는 것이다.	 상식적으로 납득하기 힘들기 때문에 혹시 말로만 거래를 취소한 것은 아닌지, 특수관계인에게 주식을 넘긴 건 아닌지, 혹은 거래를 가장해 누군가에게 주식을 차명으로 맡겨둔 것은 아닌지 등 의혹이 꼬리를 물 수밖에 없는 상황이다.	 때문에 윤석열 총장 인사청문회 당시 바른 미래당 채이배 의원은 다음과 같이 문제를 제기하며 전환사채 매입 계약서와 주식 매도 계약서를 제출하라고 요구했다.	그러나 윤총장은 끝까지 자료 제출을 하지 않았으며 질의에도 답하지 않았다.	도이치모터스 권오수 회장은 10년 가까이 지속적인 거래를 통해 김건희 씨에게 금전적 이득을 챙길 수 있는 기회를 줬다.	 이는 주식회사인 도이치모터스의 기회 비용이 김건희 씨에게 간 것으로, 엄밀히 말해 배임 혐의가 적용될 수도 있다.	 배임 혐의의 위험까지 감수한 채, 일반인은 꿈꾸기 어려울 정도로 큰 돈을 벌 수 있는 기회를 김건희 씨에게 최소 3번 이나 줬던 권오수 회장은, 다른 분야에서도 김건희 씨를 금전적으로 도왔다.	 김건희 씨가 운영하는 전시 기획사인 ‘코바나콘텐츠’는 2009년 앤디 워홀 전을 시작으로 샤갈, 고흐, 고갱 등 유명 예술가들의 전시를 잇따라 주최하며 업계의 주목을 받고 있는 회사다.	 그런데 코바나콘텐츠가 주최하는 공연과 전시 대부분에 도이치모터스는 후원이나 협찬을 해왔다.	 코바나콘텐츠가 홈페이지에 실적으로 게시하고 있는 12개의 전시나 공연 가운데 무려 10개에 도이치모터스가 후원이나 협찬을 한 것으로 확인됐다.	도이치모터스 권오수 회장은 김건희 씨와 어떤 관계이기에 10년에 걸친 지속적인 금전 거래 관계를 통해 이득을 주고 전시회에도 금전적인 지원을 아끼지 않았을까.	 그것은 단순히 호의에 따른 것이었을까.	 대가는 무엇이었을까, 그리고 그 대가는 윤 총장의 검사로서의 직무 수행과 아무런 관련이 없었을까.	 이와 관련해 인사청문회 당시 인사청문 위원들은 코바나콘텐츠의 세부적인 협찬 내역도 제출하라고 요구했지만 윤총장은 역시 어떤 자료도 내놓지 않았다.	 윤석열 총장은 평소 법과 원칙을 강조해왔다.	 지난해 인사청문회에서도 평생 불의와 타협하지 않았다고 스스로를 평가했다.	 경찰은 도이치모터스 주가조작 의혹과 김건희 씨의 관여 의혹을 내사했지만 결국 정식 수사로 전환되지는 못했고, 의혹은 덮여 버리고 말았다.	 도이치모터스 권오수 회장과 김건희 씨의 10년에 걸친 수상한 거래 관계로 미루어 볼 때 그 의혹은 개연성이 적지 않아 보인다.	 평생 불의와 타협하지 않았다는 그의 소신이 자신의 아내와 관련된 문제에는 어떻게 적용될까."
65,윤석열 아내 김건희-도이치모터스 권오수의 수상한 10년 거래--4," 경찰이 내사한 주가조작 의혹이 사실이라면 공소 시효는 1년 가량 남아있다.	 아래는 10년에 걸쳐 이루어진 김건희 씨와 도이치모터스 권오수 회장 사이의 거래를 시간 순에 따라 정리한 타임라인이다.	 ※ 기사 수정 공지 :	 본 기사 보도 이틀 뒤인 지난 19일 도이치모터스가 이 보도에 대한 해명을 내놨습니다.	 도이치모터스의 해명에 따라, 기존 보도 내용 가운데 “도이치모터스가 2017년 1월 김건희 씨에게 전환가 주당 800원에 전환사채를 발행했다”는 부분을 “도이치모터스 권오수 회장이 2017년 1월 김건희 씨와 주당 800원에 주식 매매 계약을 체결했다”는 것으로 바로잡았습니다.	   는 보도 전, 도이치모터스 권오수 회장에게 두 차례에 걸쳐 질의서를 전달하고 전환사채 관련 부분에 대한 해명을 요청했으나 당시 권 회장은 어떤 답변도 내놓지 않았습니다.	  는 보도 전 취재 대상자의 반론을 기사에 반영하기 위해 최대한 노력하고 있고, 보도 이후라도 합당한 반론이 오면 해당 기사에 추후 반영하는 것을 원칙으로 삼고 있습니다.	 전체 기사의 논리와는 무관한 부분이나 반론에 따른 일부 내용 수정으로 혼란을 드린 점, 사과드립니다."
