0,"어디선가 누군가 ""위험하다"" 외치면... AI가 경찰을 보내준다--0",위급상황이 생겼을 때 “도와달라”고 외치면 인공지능이 촬영해 대처할 수 있는 시스템이 만들어진다.	 보편화 될 경우 범죄 사각지대를 메우는 데 몫을 하게 될 전망이다.	대전시는 대덕구 중리동 만남어린이공원에 ‘음성인식 위급상황 대응 시스템’을 구축했다고 10일 밝혔다.	이 시스템은 대전시가 인공지능 기술을 적용해 사회문제를 해결하기 위해 사업비를 냈고 대덕구가 실증 장소를 제공했다.	 공원이나 학교 주변에서 “살려주세요” “도와주세요”라고 외치면 CCTV가 감지해 촬영해 유성구 봉명동에 있는 대전시통합관제센터로 전송한다.	 센터 모니터에는 사고 영상이 팝업으로 떠 관제센터 요원이 상황을 빠르게 파악하고 대처할 수 있다.	시는 정부출연연구원과 대학이 개발한 AI 기술을 중소기업이 이전받아 사업화에 성공할 수 있도록 매년 5~6개 기업에 2억원 내외 사업비를 지원 중이다.	시 관계자는 “10~20m 거리에서 구조 요청을 하면 음성을 인식한 CCTV가 소리가 들리는 곳을 촬영해 관제센터로 전송하는 방식”이라며 “범죄 사각지대를 없애는데 기여할 것”이라 말했다.
1,"""말로만?"" 지적에 뿔난 유튜브, 백인 우월주의 채널 ""퇴출""--0","구글의 온라인 동영상 서비스 유튜브가 마침내 행동에 나섰다.	 그동안 흑인 사회를 지지하고 인종차별에 반대한다는 입장을 밝혔지만 정작 컨텐츠 유통은 막지 못한다는 지적에 침묵했던 유튜브가 최근 '백인 우월주의'를 내세운 대표 채널을 퇴출시킨 것.30일 미국 IT 매체 <테크크런치> 등에 따르면 유튜브가 지난 29일 인종차별 여지가 있는 6개 채널을 삭제했다.	 삭제된 채널 목록은 리차드 스펜서, 내셔널 폴리시 인스티튜드, 라딕스 저널 제휴 채널, 스테판 몰리뉵스, 암렌 팟캐스츠, 데이비드 듀크로 이들은 극우·백인 우월주의를 내세웠다.	 특히 스테판 몰리뉵스의 경우 극우주의 인종차별 과학 채널로 알려졌고 암렌 팟캐스츠는 백인 우월주의 컨셉트의 방송을 진행했던 것으로 전해졌다.	유튜브 측은 <테크크런치>에 ""증오 표현을 금지하는 정책을 반복적이거나 심각하게 위반한 채널을 종료시켰다""며 ""인종 우월주의 컨텐츠를 다루기 위해 가이드라인을 업데이트 한 후 영상 삭제가 5배 늘었고 해당 가이드라인을 위반한 2만5000개 이상의 채널이 삭제됐다""고 밝혔다.	이달 초까지 유튜브는 현지에서도 '말 뿐인 플랫폼'으로 치부됐다.	 지난달 백인 경찰이 흑인 조지 플로이드를 과잉 진압해 목숨을 잃게 한 사건이 발생한 후 유튜브도 연대 의지를 밝히고 100만달러 기부 의사를 전했다.	 그러나 백인 우월주의 등 극우 컨텐츠 확산을 방조하고 있다는 비판을 피하지 못했다.	지난해 6월에도 유튜브는 백인 우월주의나 나치를 옹호하는 컨텐츠와 채널을 삭제하겠다고 발표했지만 즉각적인 조치를 취하지 못했다.	 누리꾼과 현지 외신의 비판도 이런 행동력에서 비롯됐다.	 백인 우월주의를 내세운 리처드 스펜서나 KKK 리더 격인 데이비드 듀크가 꾸준하게 활동했기 때문이다.	 일부 계정 및 영상을 삭제했지만 이의 신청을 그대로 받아들여 다시 복구되는 등 실효성이 없다는 지적을 피하지 못했다.	그랬던 유튜브가 달라졌다.	 가장 극단적인 백인 우월주의의 상징적 채널들을 과감하게 쳐내며 가이드라인을 엄중히 지킬 것임을 시사했다.	 ""인종차별과 폭력에 대항해 연대한다""던 메시지가 거짓이 아님을 강하게 피력했다.	 다만 현지 외신들은 이의신청 등 일종의 변수가 남아있다고 우려했다.	<테크크런치>는 ""지난 월요일 오후 유튜브 채널을 잃는 것에 불만을 제기하기 위해 관련 계정 소유주들이 트위터로 모여들고 있다""며 단체 행동이 있을 가능성을 제기했다."
2,아마존 이어 마이크로소프트도…경찰에 얼굴인식 기능 판매 거부--0,"인종 차별에 대한 경각심이 높아지면서 얼굴인식 기술을 경찰에 팔지 않겠다는 기업이 늘고 있는 가운데, 마이크로소프트가 이에 동참했다.11일 로이터, CNN 등에 따르면 마이크로소프트는 얼굴인식 기술의 사용을 규제하는 법이 마련될 때까지 관련 기술을 경찰에 판매하지 않겠다고 밝혔다.	브래드 스미스 MS 사장은 ""우리는 인권에 기반을 두고 이 기술을 통제할 법률이 시행될 때까지 미국 경찰에 얼굴인식 기술을 판매하지 않기로 했다""고 말했다.	스미스 시장은 지난해에도 얼굴인식 기술이 대량 감시에 악용될 수 있다는 우려 때문에 캘리포니아의 한 경찰에 얼굴인식 기술 판매를 거절한 바 있다.	얼굴인식 기술은 인공지능을 이용해 얼굴 생김새로 사람의 신원을 파악하는 기술이다.	 범죄자 식별 등에 사용될 수 있지만, 이 기술에 인종·성별에 따른 편견이 심겨 있다는 우려도 크다.	 흑인이나 아시아인, 여성 등 백인 남성이 아닌 사람은 신원을 잘못 파악할 가능성이 크다는 것이다.	지난해 8월 미국 시민단체가 캘리포니아 주의회 의원들의 사진을 경찰의 범죄자 데이터베이스와 대조한 당시 의원 80명 중 26명이 범죄자로 잘못 판정됐고, 그중 절반은 유색인종이었다.	같은 맥락으로 아마존은 1년간 경찰에 자사의 얼굴인식 소프트웨어 '레커그니션'의 판매를 중단한다고 밝혔다.	또 이에 앞서 아빈드 크리슈나 IBM 최고경영자는 지난 8일 의회에 인종 차별 방지와 정의를 요구하며 얼굴인식 사업에서 손을 뗀다고 발표했다."
3,"""""솜방망이 처벌"" 그만...""n번방 방지법"" 후속책 마련해야""--0","“국회가 ‘쇠몽둥이’를 쥐어 줘도, 정작 법원은 ‘솜방망이’로 처벌을 합니다.	 ‘처벌이 능사가 아니다’라고도 말하는데, 아닙니다.	 처벌이 없으면 만사가 헛것입니다.	” 지난 5월 이른바 ‘n번방 방지법’ 6개 법안이 20대 국회 마지막 본회의를 통과한 가운데, 실효성을 높일 수 있는 후속 대응책이 필요하다는 지적이 나왔다.	 특히 디지털 성범죄 양형기준을 제정해 처벌을 강화하고, 범죄 특성에 맞춘 실질적인 피해자 보호·지원방안 등을 마련해야 한다는 주장이다.1일 권인숙 더불어민주당 의원은 ‘n번방 방지법, 디지털 성폭력 근절을 위한 21대 국회 입법과제’ 정책세미나를 열고 이같이 논의했다.	권 의원은 “정책과 법을 결정하는 기성세대들이 온라인 공간의 끔찍한 성착취 현실에 무지했고, 귀 기울이지 못했다”라며 “디지털성범죄 연쇄고리를 끊기 위해서는 처벌 강화만이 아니라 범죄 예방과 피해자 보호, 신속한 삭제 지원 등 선제적인 국가대응 시스템을 마련해야 한다”고 말했다.	양형기준은 법관이 형을 정할 때 참고하는 기준을 말한다.	 기존에는 디지털 성범죄에 대한 양형기준이 따로 마련돼 있지 않아, ‘솜방망이’ 처벌이 이루어지는 원인 가운데 하나로 양형기준이 지목돼 왔다.	 지난 5월 대법원 양형위원회는 이 기준을 발표할 예정이었지만 ‘n번방 방지법’로 재논의를 결정했다.	한국형사정책연구원 김한균 선임연구위원은 “수사기관이 지구 끝까지 쫓아가고, 국회가 특별법으로 법정형을 가중해도 법원의 양형기준이 관대하고 솜방망이 처벌이 계속된다면 유사 n번방 사건은 이어질 것”이라고 말했다.	이어 “디지털 성범죄 피해는 유포에 대한 피해자의 두려움이 매우 크다.	 불법촬영물 완전삭제 없이는 피해회복이 불가능하다는 특성을 고려해야 한다”라며 “현행 양형기준상 감경요소인 초범, 반성, 피해자와 합의를 디지털 성범죄 양형기준에서도 같게 평가해서는 안 된다”라고 강조했다.	디지털성폭력 피해자 보호·지원을 위한 다양한 방안도 고려돼야 한다.	 김정혜 한국여성정책연구원 부연구위원은 △불법촬영물 삭제 지원 대리신청자 범위 확대 △허위영상물 삭제 근거 마련 △디지털 성폭력 사건 지원 변호사 목록 제공 △비수도권 상담 및 지원기관 확보 등이 필요하다고 짚었다.	 △재판과정에서 피해촬영물이 증거로 공개될 때, 노출을 제한하는 방안도 마련해야 한다고 지적했다.	또, 현재는 불법촬영물임이 명백해 보여도 피해자가 지원요청을 하지 않으면 이를 삭제할 근거가 없다.	 지원기관 또는 수사기관이 피해자를 찾을 수 없는 경우도 마찬가지다.	 이 같은 문제로 촬영물 유포가 지속되기도 한다.	 김 부연구위원은 “피해자가 삭제요청을 하기 전에 지원기관이 채증하고 삭제하는 ‘지원’의 근거가 필요하다”라며 “피해에 대한 선제적 대응이 가능해질 수 있다.	 단, 명백한 불법촬영물의 판단기준을 만들 수 있는지는 논의해야 한다”라고 말했다."
4,"""""솜방망이 처벌"" 그만...""n번방 방지법"" 후속책 마련해야""--1","이날 정책세미나에서는 디지털 성폭력 피해자의 손해배상에 대한 하한을 설정해야 한다는 주장도 나왔다.	 사실상 디지털 성폭력 피해자가 자신의 성착취 영상물에 접근이 가능한 가해자를 상대로 민사 손해배상 청구를 진행하는 것은 거의 불가능한 상황이다.	 형사재판은 가명을 쓸 수 있지만 민사재판은 불가능한 데다가, 민사소송은 피해자의 실명, 주소가 가해자에게 송달돼 신상정보가 고스란히 노출되기 때문이다.	신고운 민주사회를위한변호사모임 여성인권위원회 변호사는 “디지털 성폭력 범죄는 손해산정의 어려움과 피해 특성을 고려해 손해배상액의 하한을 설정하는 등 특별한 고려가 필요하다”라고 말했다.	인식 개선은 중요한 과제다.	 신고운 변호사는 현행 법률 용어를 교체해, 인식을 전환할 것을 제안했다.	 성폭력범죄의 처벌 등에 관한 특례법 제14조 는 ‘성적 욕망을 유발’하거나 ‘음란’한, 혹은 ‘성적 수치심’이라는 용어가 등장한다.	 신 변호사는 가해자의 행위가 피해자의 성적 자기결정권을 침해했는지 따져보고 ‘사적 이미지 기반 남용 행위’ 등으로 용어를 교체할 것을 권고했다.	또, 성폭력처벌법상 ‘촬영·제작’을 ‘취득’으로 바꿔, 가해자의 다양한 행위를 담을 수 있도록 해야 한다고 말했다.	 텔레그램 성착취 사례처럼 가해자는 비대면·비접촉으로도 피해자의 사진·동영상 등을 확보할 수 있기 때문이다.	지난 5월 법 개정으로 소지·시청·구입·저장, 광고·소개·구입·시청으로 처벌 가능 범위가 이전보다 넓어졌지만, 신 변호사는 유포 행위의 범주를 큰 틀에서 접근해야 한다고 주장했다.	신 변호사는 “디지털 기술 발전으로 새로운 유형의 가해행위가 등장할 수 있다.	 개정된 법에서도 ‘접속 링크 제공’이나 ‘제시’ 행위는 포함돼 있지 않다”라며 “열거 방식에서 벗어나 ‘권한 없는 접근’과 같이 보다 넓은 법적 개념으로 포섭할 수 있도록 해야 할 것”이라고 지적했다.	한편, 이날 정책세미나 좌장은 이수정 경기대학교 범죄심리학과 교수가 맡았다.	 한국형사정책연구원 김한균 선임연구위원, 한국여성정책연구원 김정혜 부연구위원이 발제를 담당했다.	 토론에는 신고운 민주사회를위한변호사모임 여성인권위원회 변호사, 김여진 한국사이버성폭력대응센터 피해지원국장, 최서희 ReSET 활동가, 박다해 한 , 서지현 법무부 양성평등특별자문관, 김영주 방송통신위원회 인터넷윤리팀장, 유정미 여성가족부 권익지원과장, 최종상 경찰청 사이버수사과장이 참여했다."
5,"""전동킥보드, 자전거도로 달리게 법 개정해달라""--0","“전기자전거처럼 개인형 이동수단도 법 개정을 통해 보행자 위협 없이 안전한 주행이 가능하도록 해야 합니다.	”코리아스타트업포럼 퍼스널모빌리티 산업협의회는 2월17일 기자간담회를 열고 “전동킥보드의 자전거도로 주행을 허용하는 도로교통법 개정안을 통과시켜 달라”고 촉구했다.	협의회에는 현재 11개사가 소속돼 있다.	 △고고씽 △다트 △디어 △빔 △스윙 △씽씽 △윈드 △일레클 △지빌리티 △킥고잉 △플라워로드 등이다.	현행법상 전동킥보드는 원동기장치 자전거에 해당한다.	 ‘오토바이’로 분류된다는 의미다.	 운행 가능한 속도는 시속 25㎞로 제한돼 있지만, 이 같은 분류로 인해 차도로만 주행해야 한다.	 자전거도로 주행은 허용되지 않는다.	 인도 주행도 마찬가지다.	정미나 코리아스타트업포럼 정책팀장은 “시속 25km 제한이 있음에도 차도로 달려야 해서 차량과 속도의 불균형이 일어나 위험하다”라며 “이 같은 규정은 현실과 맞지 않고 시민의 안전도 위협하고 있다”라고 지적했다.2016년 발의된 도로교통법 개정안은 전동킥보드에 ‘전기자전거’에 준하는 기준을 적용하는 내용을 담고 있다.	 기획재정부, 행정안전부, 경찰청, 지방자치단체 등 정부 부처와 전문가, 시민사회 단체가 합의했지만 20대 국회 종료가 임박한 현재까지 소관 상임위인 국회 행정안전위원회 문턱도 넘지 못했다.	국회가 미적거리는 사이 공유 전동킥보드 수는 점점 늘고 있다.	 협의회 소속 업체 11곳이 운행하고 있는 공유 전동킥보드 수만 해도 지난해 12월 기준 총 1만7130대까지 늘었다.	 강남3구 밀집 외 대부분의 자치구, 경기 일부 지역, 인천·광주·대구·부산 등 일부 광역 지자체에서 서비스가 이루어지고 있다.	간담회에 참석한 기업들은 서비스 운영을 위해서는 명확한 법적 근거가 필요하다고 강조했다.	 진민수 매스아시아 이사는 “지방자치단체에서 전동킥보드 공유 서비스 업체들과 논의를 하고 싶어하는데 법적 가이드라인이 없어 사업상 애로사항이 있다”라고 말했다.	하성민 피유엠피 이사는 “보행자 안전을 위해서는 전동킥보드와 관련한 기술적 조치, 인프라 구축 등이 필요하다.	 이를 위해서는 법 개정이 중요하다”라며 “법제화가 이루어지면 자전거 도로처럼 별도의 통행로를 구축하는 등 인프라 개선이 이루어질 수 있을 것”이라고 말했다."
6,"트위터-트럼프 ""2차전""?…흑인 청년 사망 관련 트럼프 트윗에 또 ""딱지"" 처리--0","트위터와 도널드 트럼프 미국 대통령의 '2차전'이 시작됐다.	트위터는 29일 도널드 트럼프 대통령의 트윗에 '폭력 미화'를 이유로 또 한 번의 '딱지'를 붙였다.	워싱턴 포스트, 로이터 통신 등에 따르면 이날 트럼프 대통령은 지난 25일 미니애폴리스 백인 경찰의 과잉 진압으로 흑인 청년이 사망한 '조지 플로이드 사건'을 향한 시위가 이어지는 것과 관련해 ""이들 폭력배가 조지 플로이드의 기억에 대한 명예를 떨어뜨리고 있다""며 ""시위대가 '약탈하면 발포한다'""는 트윗을 올렸다.	이에 트위터는 트럼프의 게시물에 ""이 트윗은 폭력 미화 행위에 관한 트위터 운영 원칙을 위반했다""는 안내문이 보이도록 처리하며 또 한 번 일종의 '딱지'를 붙였다.	그러면서 ""그러나 공익 측면에서 이 트윗을 볼 수 있도록 하는 것이 바람직할 수 있다""며 '보기'를 클릭한 뒤에야 원문이 게시되도록 했다.	이에 트럼프 대통령은 곧장 통신품위법 230조 폐지를 거론하며 트위터를 압박했다.	 트럼프 대통령은 ""트위터는 중국이나 급진 좌파가 늘어놓는 거짓말과 프로파간다에는 아무 것도 하지 않는다""라며 ""소셜미디어는 공화당과 보수주의자, 미국 대통령을 목표로 삼았다.	 의회는 통신품위법 230조를 폐지해야 한다.	 그때까지는 규제받게 될 것!""	이라고 강조했다.	통신품위법 230조는 온라인 플랫폼을 운영하는 정보기술 기업이 각 이용자가 올린 게시물 내용과 관련해 법적 책임을 지지 않도록 보호하는 내용을 담고 있다.	트럼프 대통령과 트위터의 '전쟁'은 지난 26일 불거졌다.	 앞서 트위터는 '우편투표는 선거 조작'이라는 트럼프 대통령의 트윗에 '사실 확인이 필요하다'는 경고 문구를 삽입했다.	이에 트럼프 대통령은 트위터를 향해 '소셜미디어 기업들을 폐쇄하겠다'고 협박했고, 실제로 하루 만인 28일 관련 내용이 담긴 행정명령에 서명했다.	트럼프 대통령은 이 행정명령 내용을 아예 입법화하겠다고 입장을 밝혔다."
7,"한국정보통신기술협회 ""디지털 뉴딜 성공, ICT 표준화에 달렸다""--0","한국은 전통적인 ICT 강국으로 분류된다.	 꼭 기술력만 놓고 보는 것이 아니라 기술 DNA 자체가 다르다는 말이 있다.	 미국이나 중국 등 인재와 자원이 넘치는 국가들과 비교해 한국의 신기술 개발, 추격 속도는 상대적으로 빠른 편이며 반도체, 통신 등 복잡하고 정밀함이 요구되는 분야에서 두각을 나타내곤 한다.	 일반 국민들의 기술 포용력도 높아 혁신 기술의 주요 테스트베드로 한국이 거론되는 일도 적지 않다.	정부도 이 같은 한국 고유의 장점들을 잘 알고 있다.	 국가 경쟁력 강화를 위해 매년 ICT 기술 및 정책 육성에 대단위 예산과 관심을 기울이는 이유다.	 또 올해 천명한 ‘한국형 디지털 뉴딜’은 다음 세대 한국이 지금보다 더 개선된 환경에서 데이터, 네트워크, 인공지능 분야의 리더로 거듭나기 위한 준비 및 계획이 총망라된 프로젝트다.	디지털 뉴딜이 실현된 세상에선 모든 것이 빅데이터화 되며 네트워크를 통해 주고받는 데이터가 다시 인공지능을 거쳐 지능화 제품, 서비스, 인프라로 발전해 나가는 과정이 하나의 생태계로 만들어진다.	 무엇보다 이 같은 과정 전반에 걸쳐 효율성 극대화를 위해 꼭 필요한 것이 각 단계를 잇는 유기적 기술 융합과 표준화 기술이다.	ICT 분야에서 표준에 담긴 가치는 결코 적지 않다.	 특히 차세대 혁신 기술에서 표준 기술의 선점은 곧 시장의 독점과 막대한 부의 창출을 의미한다.	 나아가 국가적 위상 확대와 경제 성장에 이바지하는 바도 크다.	OECD에 따르면 전세계 국제무역의 80% 이상이 표준의 직접 영향권에 있다.	 영국표준화기구는 2015년 표준화가 노동생산성의 37.4%, GDP 성장에 28.4% 기여한다고 발표했다.	 국내에서는 한국정보통신기술협회가 2011년부터 2016년까지 자료를 조사한 결과 5년간 ICT 표준이 약 3800억원의 경제적 가치를 창출하고 GDP 성장에 0.8% 기여했다고 밝힌 바 있다.	이처럼 표준은 기술 개발과 시장을 연결하는 가교 역할을 한다.	 그만큼 표준화는 기업만의 과제가 아닌 민관의 유기적 협력이 반드시 필요한 영역이다.	 현재 한국에서는 TTA가 유일의 ICT 표준화 기구로서 국내 ICT 표준 제정 및 세계화를 담당하고 있다.	올해 ‘ICT 표준진흥주간’에 맞춰 13일부터 16일까지 개최되는 ‘글로벌 ICT 표준 컨퍼런스 2020’을 계기로 TTA의 역할과 추후 활동계획 등에 관해 최영해 회장과 서면 인터뷰를 진행했다.	최 회장은 서울대, 미국 시라큐스대 공공행정학 석사를 거쳐 2014년 미래창조과학부 창조경제국 심의관을 지냈다."
8,"한국정보통신기술협회 ""디지털 뉴딜 성공, ICT 표준화에 달렸다""--1"," 이후 과학기술정보통신부 전파정책국장, 대통령 직속 4차산업혁명위원회 지원단장 등을 거쳐 TTA 회장직에 오른 통신, ICT 정책분야의 전문가다.	 이하는 일문일답.	한국정보통신기술협회는 1988년 설립된 국내 유일의 ICT 표준화 기구로서 ITU, ISO/IEC, ETSI 등 많은 글로벌 표준화 기구와 협력해 국내외 기술 표준화 업무를 담당하고 있다.	 국제 이동통신 분야 표준을 연구하는 3GPP의 설립 멤버이기도 하다.	지금까지 전기통신, 전파방송, ICT 응용 등에서 약 1만9000여건의 표준을 제정했다.	 관련해 2019년 ITU 전파통신총회에서는 우리나라가 전파통신 부문 의장단에 역대 가장 많은 7명이 선출되는 희소식이 있었고 ITU 의장단 및 기고서 제출 측면에서도 세계 3위를 기록하고 있다.	TTA는 2000년대 초반까지 3G, 4G 등 이동통신과 디지털 방송 표준화에 주력했고, 2010년대부터는 ICT 융합기술 및 생활밀착형 표준에 중점을 두고 있다.	 아울러 ICT 시장 변화에 맞춘 시험 인증 서비스를 함께 제공함으로써 국제 공인 품질과 신뢰성 확보에도 기여하고 있다.	ICT 표준은 수십, 수백개의 표준이 모여 하나의 제품이나 서비스를 구현하도록 한다.	 그동안 많은 표준이 만들어졌으나, 가장 최근의 대표적 사례로는 우리나라가 세계 최초로 상용화한 5G 이동통신 관련 표준이 있다.4차 산업혁명의 핵심인 ICT 기반 융합과 확산, 가속화를 위해서는 실제 초고속, 초저지연, 초연결로 정의되는 4세대 이동통신망보다 진화된 이동통신망이 필수였다.	 이를 위해 TTA는 일찍이 국내 산업계, 연구계, 학계와 더불어 5G 표준화를 주도해왔다.	그 결과 2018년 6월에는 이동통신 표준화를 주도하는 3GPP에서 5G 상용 서비스 표준인 ‘Release 15’ 규격을 개발한 후, 올해 6월에는 5G 융합 서비스에 특화된 Release 16 규격 표준화를 성공적으로 마무리하는 성과를 거둘 수 있었다.	또한 TTA는 ITU 5G 비전/성능 요구사항 정의, 후보 기술 제안 및 평가 등 6년간 ITU 5G 국제표준화 중요 과정을 주도적으로 이끌어 지난 7월에는 우리나라가 제안한 국내 5G 상용화 기술 및 3GPP 5G 기술이 ITU 5G 국제표준 기술에 선정된 바 있다.	TTA는 세계 최초 5G 상용화를 넘어 안전함이 보장된 세계 최고 통신망이 될 수 있도록 다양한 표준화 노력을 하고 있다.	 2018년 11월 발생한 KT 아현지사 화재 이후 ’통신 재난 시 이동통신 사업자 간 로밍을 통한 서비스 연동’ 표준을 제정하고, 올 6월에 이동통신 재난 로밍을 성공적으로 시연한 바 있으며, 5G 장비 생태계를 조성하고 글로벌 시장을 개척하는 데 중요한 초석이 되는 ‘개방형 5G 프론트홀 인터페이스’ 표준을 제정했다.	아울러 TTA는 일반 국민의 안전과 편리성 증진을 위한 표준들도 제정한다.	 ‘긴급 구조 요청 스마트폰 사용자 인터페이스’와 ‘긴급재난문자 서비스’ 표준이 대표적이다.	 전자는 방송통신위원회, 경찰청, 소방청 등 관련 정부기관과 이동통신 3사 등 산업계가 함께 개발한 표준으로 사회적 약자인 고령자와 여성 등이 긴급 상황 발생 시 유용하게 사용될 것으로 기대되고 있으며, 후자는 코로나 19 펜데믹에서 모든 국민이 접하고 있는 재난문자 발송 관련 사항이다.	코로나19 상황이 언급되어 몇 가지 더하자면, 코로나19 감염자 추적 및 밀접 접촉자 파악을 위한 휴대폰 위치추적, CCTV, 금융거래 정보 등을 파악할 수 있는 ICT 표준도 이미 사회 전반에 널리 쓰이고 있다.	 또한 한국이 비대면화 상황에서 원격교육 및 원격근무로 신속한 전환이 가능했던 이유도 영상회의, 디지털 교과서, 전자문서, 고속 유·무선 네트워크 등 다양한 ICT 표준이 이미 마련돼 있었던 덕분이라고 생각한다."
9,"한국정보통신기술협회 ""디지털 뉴딜 성공, ICT 표준화에 달렸다""--2","우리나라가 5G 세계 최초 상용화를 이루고 시장 점유율을 확대해 가자, 이에 자극을 받은 미·중·일이 최근 5G망에 적극적인 투자를 아끼지 않고 있다.	 또 6G 시장 선점을 위한 국가 주도 R&D에도 나서고 있다.	 따라서 우리나라도 10년 뒤 실현될 6G에 대한 선제적 준비가 필요한 시점이다.	구체적으론 2023년경 ITU에서 국제표준화할 것으로 예상되는 6G 비전에 국내 요구사항을 반영시켜야 하는데, 정부도 이미 올해 8월 이동통신 R&D 추진 전략을 발표하고 대규모 6G R&D 과제를 기획 중이다.	 TTA 역시 국내 R&D 성과를 국제 표준으로 연결시키는 작업에 보다 적극적으로 매진할 계획이다.	가깝게는 6G 중점 분야인 6초 주요 기술을 ITU 6G 비전에 반영하는 작업이 있고, 중장기적으론 THz 대역 등 6G 공용 국제 주파수를 전세계 주요 국가들과 협력해 확보하는 것, 나아가 국내 6G 기술을 국제 표준에 포함시키는 일련의 작업이 진행될 것이다.	올해 ICT 분야를 넘어 모든 산업에서 가장 뜨거웠던 이슈는 단연 코로나19 팬데믹이었다.	 코로나19가 몰고 온 비대면 문화는 산업의 디지털 전환을 급속화하고 지능화 시대의 조기 안착을 견인하고 있다.	 그만큼 이를 위한 D.	N.	A 기술 기반의 다양한 융합 서비스가 보다 본격적으로 등장할 것으로 예견된다.	정부도 디지털 뉴딜 정책 실현에 적극적으로 나서고 있다.	 실생활 속 헬스케어, 교육, 교통, 물류, 제조, 환경, 문화 등 다양한 분야에서 차세대 융합 서비스들이 더욱 빠르게 적용돼 나갈 것이다.	 아울러 정보보안, 공공안전 등 디지털 시대의 약점을 보완할 ICT 기술의 중요성도 높아지리라 보고 있다.	궁극적으론 이 모두를 뒷받침하는 양질의 ICT 표준 기술 제정이야말로 국내 디지털 뉴딜의 성공 여부를 가를 핵심 경쟁력이 될 것이다.	 TTA는 정부의 디지털 뉴딜 정책이 성공적으로 안착될 수 있도록 6G, AI 등 핵심기술에 대한 표준화를 선제적으로 시작했고, 우리나라가 뉴 노멀 시대를 선도하는데 ICT 표준이 핵심적인 역할을 할 수 있도록 최선의 노력을 다할 것이다.	과학기술정보통신부가 주최하고 TTA 및 국립전파연구원 등 5개 기관이 주관하는 국내 최대의 ICT 표준화 전략 공유 행사다.	 올해 벌써 4회차를 맞았다.	 올해 슬로건은 ‘뉴 노멀 시대 선도를 위한 ICT 표준의 역할’로, 코로나19를 고려해 비대면 온라인 방식으로 진행되고 있다.	 대신 유튜브와 네이버TV 라이브 스트리밍을 통해 누구나 시청할 수 있도록 했다."
10,"한국정보통신기술협회 ""디지털 뉴딜 성공, ICT 표준화에 달렸다""--3","특히 이번 행사에서는 ICT 표준화를 선도하는 유럽과 함께 국제 공동워크숍이 프로그램에 포함됐고, 부대행사로 차세대 선도 기술 분야를 대상으로 한 ICT 표준화 기술 세미나들이 열리고 있다.	종합해 볼 때 총 4일간 16개 세션에 걸쳐 글로벌 ICT 표준화 성과와 동향에 관해 폭넓게 조망할 수 있는 자리들이 마련돼 있다.	 모쪼록 본 행사가 정부의 디지털 뉴딜 실현과 ICT 표준 글로벌 경쟁력 확보에 많은 도움이 되길 바라는 마음이다.	아울러 이전부터 한국이 가진 자원은 ‘사람’ 뿐이었다.	 표준화 관련 전문 기관 및 유능한 인재에 대한 대우와 양성이 중요함을 다시 한번 인식하는 자리가 되길 희망한다."
11,[SNS에세이] 이 판국에 야구가 대수인가요?--0,"지난 23일 목요일, 오후 5시 15분 미국 위스콘신주 한 주택가에서 7발의 총성이 울려 퍼졌다.	 피격자는 제이콥 블레이크, 그는 흑인 남성이었고 자신의 어린 세 자녀가 지켜보는 앞에서 백인 경찰이 쏜 총에 맞아 쓰러졌다.	 그의 손에 무기는 없었다.	제이콥의 변호사는 “주민 사이의 갈등을 중재하던 제이콥에게 경찰이 테이저건을 쐈다”며 “그가 차에 남은 아이들이 괜찮은지 차량으로 돌아가려 하자, 이를 저지하던 경찰이 그에 등 뒤에서 수차례 총을 쏜 것”이라고 말했다.	 제이콥은 다행히 목숨을 건졌지만 총알이 척수를 절단해 하반신 마비가 온 상태다.	제이콥의 움직임은 미국 문화에서 총기를 꺼내는 행동으로 오인받을 수도 있는 행위다.	 하지만 꺼질 줄 모르는 흑인에 대한 과잉진압, 인종탄압에 반대하는 미국 시민들은 또다시 분노했다.	 위스콘신주 거리엔 시위대가 던진 화염병이 불붙고 있다.	 아직 지난 5월에 있었던 조지 플루이드 사건의 여운도 채 가시지 않던 참이었다.	이번 상황을 두고 위스콘신주 밀워키에 연고를 둔 메이저리그 구단 ‘밀워키 브루어스’는 인종탄압 행위를 전면 규탄하며 27일 예정된 신시내티 레즈와의 경기 보이콧을 선언했다.	밀워키 브루어스는 공식 페이스북을 통해 “밀워키 브루어스는 오늘 밤 경기에 참가하지 않을 각오”라며 “지역사회의 어려움과 국가적 고통을 초래하는 사건들에 대해 우리는 잠시 멈추고 이를 들여볼 필요가 있다”고 밝혔다.	하지만 이 경우 내셔널리그 중부 3위에 올라 있는 밀워키는 몰수패를 당하게 된다.	 상대인 신시내티 레즈와의 격차는 단 2경기, 싸워보지도 않고 턱 밑까지 추격당할 수 있는 상황이었지만 개의치 않기로 한 것이다.	 하지만 곧 놀라운 스포츠맨십이 이어졌다.	 신시내티 레즈도 밀워키와 뜻을 함께하겠다고 밝힌 것.	메이저리그 사무국은 결국 해당 경기를 연기한다고 선언했다.	 앞서 26일에는 같은 밀워키의 연고를 둔 미국프로농구 구단 ‘밀워키 벅스’도 제이콥 사건에 문제를 제기하며 플레이오프 경기를 포기한 바 있다.	스포츠는 역사 속 ‘경쟁’에서 시작해 지금은 대중에게 큰 즐거움을 주는 콘텐츠로 자리 잡았다.	 또 그 과정에서 편 가르기보다 중요한 가치로 떠오른 것이 바로 양보와 존중, 협력, 규칙준수와 같은 현대적 스포츠맨십이다.	 밀워키 브루어스는 이를 스포츠 내에 국한하지 않고 지역사회 고통에 대한 공감, 약자를 위한 목소리에 힘을 더하는 결정으로 승화시켰다."
12,[SNS에세이] 이 판국에 야구가 대수인가요?--1,"오늘 밀워키 구장에 들뜬 함성 소리는 없을 것이다.	 양팀 팬들이 서로를 향해 흥분을 드러내는 일도 없을 터다.	 오늘밤 두 구단 팬들의 공통 타깃은 ‘불의’다.	 모두가 공감할 수는 없겠지만, 적어도 한사람이라도 더 많은 이가 제이콥이 겪은 일에 대해 함께 고민할 것이다.	 밀워키의 포스팅은 이런 뜻을 모든 팬에게 효과적으로 전달하고 그들을 결집시키는 리더십을 발휘했다.	 현재 1000여개 이상의 댓글이 달린 입장문에는 이미 많은 팬들의 지지의 목소리를 보내고 있다.	밀워키의 마무리 투수 조시 헤이더는 “지금은 침묵하지 말고 다 함께 목소리를 높일 때”라며 “스포츠보다 더 중요한 게 있다”고 말했다."
13,코로나 가짜뉴스 엄정 대응 나선 정부...도대체 어떻길래?--0,"최근 일부 종교집단과 보수세력이 광화문에서 대규모 집회를 가진 후에 국내 코로나19 집단감염 사태가 걷잡을 수 없이 진행되고 있다.	 이에 대해 집회를 주도한 측에서는 '음모론'을 내세우며 가짜뉴스를 퍼뜨리고 있는 상황이다.	이들이 배포하고 있는 가짜뉴스의 핵심 내용은 '정부가 고의로 확진자 수를 늘리고 있다'는 것이다.	 정부가 특정 목사와 교회를 겨냥해 코로나 검사를 강요하고, 확진자 수를 늘려 탄압의 방식으로 쓴다는 주장이다.	 여기에 '외부 불순분자로부터 특정교회가 바이러스 테러를 받았다'는 주장도 더해진다.	현 단계에서 사회적 거리두기를 3단계 격상 여부가 논의되고 있지만, 이에 앞서 이미 지난주 금요일 부터 서울시에서 사회적 거리두기를 3단계로 격상한다는 허위 정보가 유통된 바 있다.	이에 대해 25일 방송통신위원회는 코로나19 방역활동을 방해하고 국민의 생명과 안전을 위협하는 가짜뉴스 등 허위조작정보에 대해 엄정 대응한다고 밝혔다.	현행법 상 코로나19 가짜뉴스는 내용에 따라 공무집행방해죄, 업무방해죄, 명예훼손죄 등에 해당해 처벌할 수 있다.	국민의 불안과 불신을 조장하고, 방역활동을 방해하며, 국민의 안전을 위협하는 심각한 사회적 범죄인 만큼 방통위는 중앙사고수습본부, 방심위, 경찰청 등과 범정부 대응체계를 가동해 가짜뉴스를 신속하게 삭제 차단하기로 했다.	방통위는 이를 위해 국민들이 코로나19 관련 정확한 정보를 명확히 인식하도록 방송사에 팩트체크 보도를 활성화해 줄 것을 요청했다.	 네이버, 다음 등 주요 포털사업자에도 협조를 요청해 방역 정보와 팩트체크 보도를 인터넷에서도 쉽게 확인할 수 있도록 했다.	한편, 방심위는 심의횟수를 주 1회에서 주 2~3회로 확대하기로 했다.	 앞으로 허위조작정보를 긴급안건으로 상정해 최대한 신속하게 심의해 삭제 차단할 예정이다.	코로나19 방역활동을 방해하거나 사회적 혼란을 야기하는 허위조작정보를 발견하면 경찰청 사이버 범죄신고 홈페이지 또는 방송통신심의위원회에 신고하면 된다."
14,"반복된 애플의 갑질 논란...한국 시장 ""호갱"" 벗어날까--0","애플이 갑질 논란 끝에 자진시정안을 내놓았다.	 애플은 국내 이동통신사에 광고비와 제품 무상 수리 비용을 떠넘겼다는 혐의로 2016년부터 공정위 조사를 받아왔다.	 애플은 광고비용 분담 및 협의절차 개선을 비롯해 1000억원 규모의 소비자 및 중소 사업자 지원안을 제시했다.	 수리비·보험료 할인, 제조업 R&D 지원센터 및 애플 디벨로퍼 아카데미 설립 등이 여기에 포함됐다.	 이통사에 대한 갑질 뿐만 아니라 지속되는 한국 시장 홀대 논란을 이번에 털고 가겠다는 의도로 풀이된다.24일 공정거래위원회는 애플코리아와 협의를 거쳐 거래상지위남용 관련 잠정 동의의결안을 마련해 오는 25일부터 10월 3일까지 40일간 이해관계인 의견을 수렴한다고 발표했다.	이번 자진시정안은 애플의 국내 이통사에 대한 갑질 논란을 계기로 마련됐다.	 애플코리아는 국내 이통사에 광고비, 제품 무상 수리비, 대리점 판매대 설치비, 신제품 출시 홍보 행사비 등을 떠넘겼다는 혐의를 받아왔다.	이에 공정위는 2016년부터 애플코리아에 대한 우월적 지위 남용 여부에 대한 조사에 착수했고, 2018년 4월 이 같은 관행에 불공정 거래 소지가 있다는 판단을 담은 심사보고서를 애플코라아에 전달했다.	애플은 이통사에 광고비 전가 외에도 시연용 단말기 구매를 강요하고, 아이폰 포스터 개수 및 부착 위치를 사전에 지정했으며, 최소 발주 물량을 강제한 것으로 알려졌다.	공정위는 애플코리아의 시장 지위가 이통사와의 거래에 있어서 우위에 있으며, 광고 기금을 조성하는 방식으로 이통사에 광고비를 전가해 왔다고 판단했다.	 이후 지난해 3월까지 세 차례 전원회의 심의를 열어 애플코리아의 거래상 지위 남용 행위에 대한 위법 여부를 가려왔다.	애플은 동의의결안 제도를 활용해 위법 논란을 피해갔다.	 동의의결은 조사 대상 사업자가 제시한 자진시정방안을 공정위가 타당하다고 인정하면 법 위반 여부를 따지지 않고 사건을 종결하는 제도다.	애플의 갑질 논란은 한국 시장 진출 이후 반복돼 왔다.	 특히 이용자를 홀대 한다는 비판이 쏟아져 나왔다.	 늦은 제품 출시와 해외 대비 비싼 가격 책정과 부족한 서비스 지원 등이 지적됐다.	 특히 제품 수리 문제와 민원 처리에 대한 불만이 컸다.	 국내 서비스 초기에는 아이폰 부분 수리를 제공하지 않고 제품 전체를 리퍼폰으로 교체하는 정책을 강행해 이용자 수리 비용 부담을 높였다.	애플코리아의 공식 서비스센터는 지난해 기준으로 총 88개소로 직영점 1개, 위탁업체 4곳에서 운영하는 87개에 불과하다.	외주에 의존하다 보니 소비자 피해 사례도 불거져 나왔다."
15,"반복된 애플의 갑질 논란...한국 시장 ""호갱"" 벗어날까--1"," 외주 업체와 애플코리아 간 수리 절차가 이중으로 걸쳐 진행되는 과정에서 소비자는 제대로된 설명도 듣지 못한 채 AS가 지연되거나 수리 불가 판정을 받는 경우가 빈번하게 발생했다.	 수리업체에 대한 애플의 갑질 문제도 터져나왔다.	지난 2016년 4월 공정위는 애플과 수리업체 간 계약서상 불공정 약관조항에 따라 소비자 피해가 발생한다고 판단했다.	 당시 공정위는 일방적으로 사전 통지 절차도 거치지 않고 수리 위·수탁 계약을 해지하거나 위탁 업무의 범위를 변경할 수 있도록 규정한 조항 등 불공정 조항 20개를 시정했다.	지난해 애플 공인 서비스 업체 유베이스는 무상 수리 대상자에게 수리비를 받아 가로챈 혐의로 경찰 수사를 받기도 했다.	애플 앱스토어의 국내 서비스도 도마 위에 올랐다.	 지난해 방송통신위원회는 전기통신사업자 이용자보호업무 평가등급에서 애플에 최저 평가에 해당하는 '미흡' 등급을 내렸다.	 애플은 이용자 보호업무 관리체계, 피해예방 활동실적, 이용자 의견 및 불만 처리실적 등 전반적인 이용자 보호업무 수준이 미흡한 것으로 평가됐다.	애플은 자진시정안을 통해 광고비용 분담 및 협의절차 개선, 보증수리 촉진 비용 폐지 등 거래질서 개선방안과 함께 1000억원 규모의 사용자 후생제고 및 중소 사업자 상생지원안을 밝혔다.	 후자는 공정위 조사가 이뤄졌던 통신사 갑질 논란과 직접적인 연관이 없는 내용이어서 그동안의 비판을 의식해 내놓은 조치라는 평가가 나오고 있다.1000억원 규모 지원안은 크게 네 가지로 구성됐다.	 ▲제조분야 중소기업들을 대상으로 제조업 R&D 지원센터 설립 ▲디벨로퍼 아카데미 설립 후 연간 200명의 인재 양성 ▲혁신학교, 교육 사각지대 및 공공시설 등에 디지털 교육 지원 ▲아이폰 사용자 대상 유상 수리 비용 10% 할인 등이다.	특히, 해외 시장에도 많지 않은 R&D 지원센터나 애플 디벨로퍼 아카데미가 언급된 점은 애플이 한국 시장을 우선순위에 두기 시작했다는 신호로 읽히는 대목이다.	R&D 지원센터는 다양한 프로그램을 통해 중소기업들이 스마트 공정과 관련된 최신 장비 및 친환경적 제조 기술을 경험할 수 있도록 교육과 협업을 진행한다.	 디벨로퍼 아카데미 센터는 학생들에게 소프트웨어 개발, 비즈니스, 마케팅, 디자인, UI, UX 교육 프로그램을 제공하고 글로벌 업체들과의 네트워킹을 지원한다.	애플은 이번 자진시정안에 대해 ""애플은 한국 소비자들을 아주 소중하게 생각하며, 더 풍요로운 삶을 위해 고객들이 최고의 제품 및 서비스를 제공받을 수 있도록 우리의 모든 파트너사들과 긴밀하게 협력하고 있다""라며, ""우리는 교육 분야 및 중소기업의 경쟁력 확보를 위한 기여를 더욱 확대하고, 미래 세대의 역량 강화를 지원함으로써 한국과 더욱 긴밀한 관계를 이어가기를 기대한다.	 애플은 지속적으로 전세계 고객들에게 가장 좋은 제품과 서비스를 제공하는 데 초점을 둘 것""이라고 입장을 밝혔다."
16,100만 관람객은 없었다…SNS로 본 세계 새해맞이 풍경--0,"2021년 새해를 맞아 전 세계 곳곳에서는 축하 행사가 열렸다.	 올해는 코로나19 여파로 예년과 다르게 행사가 취소되거나 개최하더라도 관람이 제한되고 온라인 중계로 대체되는 등 차분한 분위기가 이어졌다.	서울에서는 67년 만에 보신각 야외 타종 행사가 취소됐다.	 1953년 행사가 시작된 이래 처음이다.	다만 사전 제작한 영상과 시민들의 희망 메시지가 유튜브, 라디오, 지상파 등을 통해 방송되며 비대면 행사로 대체됐다.	 영상에서는 고음질로 제작된 보신각 종소리를 33번 송출했고, 이를 배경으로 다양한 시민들의 인터뷰가 전달됐다.	북한에서는 수도 평양의 김일성광장에서 콘서트 및 불꽃놀이 행사가 열렸다.	 31일 열린 신년경축 공연에서는 모란봉전자악단 가수들과 무용수들이 화려한 조명으로 장식된 무대에서 ‘김정은 장군께 영광을’, ‘내 나라 제일로 좋아’ 등의 노래를 불렀다.	 평양 시민들은 마스크를 쓴 채 풍선을 흔들며 새로운 시작을 축하했다.	 공연은 50분 만에 마무리됐고 1일 0시부터는 새해를 여는 국기 게양식과 불꽃놀이가 이어졌다.	세계적인 새해맞이 행사인 호주 시드니의 불꽃놀이 장면은 TV로 생중계됐다.	 매해 100만명 이상이 참가하는 대형 행사지만 올해는 오페라 하우스와 하버 브리지 인근의 왕래가 금지되고, 인근의 공원과 도로마저 폐쇄되면서 한산한 모습이었다.	 축하 쇼는 7분으로 단축됐다.	 호주에서 두 번째로 인구가 많은 도시인 멜버른은 불꽃놀이를 아예 취소했다.	대만에서는 높이 508m의 빌딩인 타이베이101에서 새해맞이 행사를 개최했다.	 대만 정부는 코로나19 확산을 우려해 행사의 직접 관람을 제한하고 온라인 생중계를 통해 축제를 보도록 장려했다.	 또한 새해 아침의 총통부 국기 게양식은 일반인 참석을 취소하고 공무원과 초청 게스트로만 진행됐다.	홍콩 역시 새해 전야 불꽃놀이를 취소하고 대신 온라인 새해 카운트다운 행사를 최초로 개최했다.	 2분 분량의 빅토리아 항구에서 펼쳐지는 불꽃놀이와 레이저쇼 영상을 홍콩관광청의 공식 웹 사이트와 SNS 등으로 송출한 것이다.	 홍콩의 새해 행사가 취소된 것은 이번이 두 번째다."
17,100만 관람객은 없었다…SNS로 본 세계 새해맞이 풍경--1," 지난해의 경우 반정부 시위의 우려로 불꽃놀이를 취소하고 소규모 행사로 대체했다.	코로나19 상황이 심각한 일본에서도 각종 새해맞이 행사가 줄줄이 취소됐다.	 31일 NHK방송에 따르면 이날 오후 6시 기준 코로나 19 신규 확진자는 4500명에 이르렀다.	 도쿄도는 31일 자정에 사람들이 모이는 것을 막기 위해 심야 열차 운행을 중단했다.	 또한 연말 최대 행사 중 하나인 시부야 스크램블 교차로 파티를 포함해 다양한 행사가 모두 취소되며 조용한 분위기를 보였다.	중국은 수도 베이징에서 개최하던 행사를 코로나19 여파로 중단했다.	 405m 높이의 중앙TV방송탑에서 조명과 문구를 연출하는 새해맞이 조명쇼가 사상 처음으로 취소된 것이다.	 다만 상하이 디즈니랜드에서는 개장 5주년을 기념해 화려한 새해 축하 행사가 펼쳐져 눈길을 끌었다.	두바이 소재의 부르즈칼리파에서는 불꽃놀이와 레이져쇼가 펼쳐졌다.	 830m 높이의 건물 전체에서 불꽃이 뿜어져 나오는 장관과 함께 연출된 다양한 국가의 언어가 나오는 화려한 빛의 쇼가 관람객의 눈길을 사로잡았다.	 이번 새해 전야 축하 행사는 코로나19 확산 방지 차원에서 앱을 통해 사전 등록한 이들만 참가할 수 있었다.	 대부분의 유럽 국가들은 새해맞이 행사를 취소하며 조용한 모습을 보였다.	 프랑스의 경우 새해 전야 파티와 모임을 막고자 31일 통금을 시행하면서 10만명의 경찰 병력을 배치했다.	 통금은 오후 8시부터 다음날 오전 6시까지 이어졌다.	 프랑스의 바, 레스토랑, 문화 명소는 1월까지 폐쇄될 예정이다.	세계에서 가장 유명한 새해맞이 행사 중 하나인 뉴욕 타임스스퀘어의 볼드롭은 비대면 TV 중계로 전환됐다.	 매년 엄청난 인파가 몰리는 행사지만 올해는 통행을 막고 무관중으로 진행됐다.	 1907년 시작된 이래 제2차 세계대전 때 중단됐던 것을 제외하면 처음으로 대폭 축소된 것이다.	 텅 빈 타임스퀘어의 모습을 두고 가베 구티에레즈 NBC 뉴스 특파원은 자신의 SNS계정에 ""초현실적""이라고 짧게 표현했다."
18,"[블록먼데이] ""앓던 이"" 하나는 시원해진 빗썸--0","지난 21일 금융감독원 전자공시시스템에는 ‘비덴트’의 대표이사가 김재욱에서 김영만으로 변경된다는 내용이 공시됐다.	 앞서 19일 이원컴포텍은 사모펀드 '비트갤럭시아 1호 투자조합'의 지분 50%를 양수한다고 공시했다.	 비트갤럭시아의 최대주주는 김재욱 비덴트 전 대표다.	그가 '비트갤럭시아'의 지분을 처분하고 '비덴트' 대표직을 내려놓았다는 소식은 가상자산 거래소 ‘빗썸’ 입장에서 앓던 이가 빠진 격이다.	 김재욱 전 대표는 올해 상반기  빗썸의 거미줄 같은 지배구조 속에서 빗썸의 경영권을 두고 발생한 분쟁 속 당사자이기 때문이다.	김재욱 전 대표는 2018년 '빗썸'의 공동대표를 지내기도 했다.	 퇴임 후 '빗썸'의 주주사인 '비덴트' 대표직을 유지하다가, 2019년 김병건 BK그룹 회장의 'BTHMB홀딩스'가 '빗썸홀딩스' 인수 잔금 납입에 실패하며 내놓은 주식 2324주를 '비덴트' 명의로 양수, 기존 보유 주식과 합쳐 총 34.24%의 '빗썸홀딩스' 주식을 확보해 최대주주사로 올라선다.	 '빗썸홀딩스'는 '빗썸코리아'의 지분 74%를 보유한 회사인 만큼, '빗썸홀딩스'의 최대주주는 곧 '빗썸'의 실소유주가 된다.	이로 인해 한때 김 전 대표가  '빗썸' 소유주가 아니냐는 추측도 있었지만, 새로 드러난 진짜 주인은 따로 있었다.	 올해 4월 공개된 내용에 따르면 현재 빗썸홀딩스의 지분을 직간접적으로 가장 많이 보유한 인물은 바로 이정훈 빗썸홀딩스 이사회 의장이다.	단독으로는 '비덴트'가 34%의 대주주이나, 이 의장은 자신이 최대주주인 싱가포르 법인 ‘SG GK’로부터 내려오는 지배 구조를 통해 'DAA+BTHMB홀딩스+우호지분'을 더한 65%의 압도적인 지분율로 '빗썸'의 실소유권을 장악하고 있다.	 '34% vs 65%'이니 애초에 경영권 싸움은 성립조차 되지 않았던 셈.	 앞서 비덴트의 최대주주사인 비티원 이사진 선임을 두고도 김재욱 전 대표와 이정훈 의장 측이 공방을 벌여 해당 건은 김 전 대표가 승리했으나, 역시 실질적인 의미는 없었다.	결국 경영권 확보에서 밀려난 김재욱 전 대표는 '빗썸'과의 관계를 청산하기로 마음먹은 듯하다.	 지난 6월 이원컴포텍이 김 전 대표와 그가 소유한 개인법인 '자람어드바이저리'가 보유한 비트갤럭시아 지분 50%를 양수한다는 공시가 나왔고, 거래는 19일 종결됐다.	 양수 금액은 300억원이다.	이어 21일 김재욱 전 대표가 비덴트 대표에서도 물러나며 그를 둘러싼 잡음은 거의 일단락됐다.	 업계는 ‘뉴페이스’ 이원컴포텍이 빗썸의 경영 참여보다는 자회사 지배구조 개편과 빗썸홀딩스 주식 처분 등에서 이익을 볼 목적인 것으로 보고 있다.	빗썸 입장에서 김재욱 전 대표 관련 사건들은 내부 흙탕물 싸움이 외부에 알려진 일인 만큼 회사 이미지에 적잖은 타격이었다.	 다만, 이 일을 통해 베일에 쌓여 있던 빗썸의 실소유주가 공개됐고, 복잡한 지배구조도 조만간 정리될 것으로 예상되는 만큼 회사 내외부 정비 차원에선 일종의 성장통으로 기록될 수 있다."
19,"[블록먼데이] ""앓던 이"" 하나는 시원해진 빗썸--1","하지만 이제 시작이다.	 빗썸의 ‘아픈 이’들은 아직 남아 있다.	 특히나 빗썸이 삼성증권을 상장사로 기업공개를 준비 중이란 소식이 업계에 퍼지며 빗썸의 IPO가 타당한지에 대한 논쟁도 커지고 있다.	 가상자산 거래소가 국내 증시에 상장된 전례가 없고, 빗썸에는 투명성과 관련해 해묵은 논란들이 적지 않다는 점 때문이다.	 대표적으로 경영권 분쟁보다 앞서 발생한 ‘BXA 토큰’의 발행 주체가 누구인지 확실시해야 하는 문제가 있다.	BXA 토큰은 간단히 설명해 ‘빗썸 패밀리에서 공통으로 사용할 가상자산’이란 명목으로 약 300억원어치가 판매된 토큰이다.	 김병건 BK그룹 회장이 빗썸 인수발표 당시 처음 BXA 토큰의 빗썸 상장을 언급한 직후 투자자들이 몰렸다.	 국내외 유력 거래소 중 하나인 ‘빗썸 코인’에 대한 기대가 컸던 까닭이다.	 문제는 실제 발행만 됐을 뿐 예정된 상장은 이뤄지지 않았다는 점이다.	 상장에 실패한 토큰 가격이 폭락하며 큰 피해를 본 투자자들은 BXA 토큰 발행을 주도한 김 회장과 이 의장을 고소했다.	하지만 두 사람 중 누구도 토큰 발행의 책임을 지지 않는 상황이다.	 김 회장은 이 의장이 코인 상장에 대한 약속을 지키지 않아 본인도 피해를 봤다는 입장이고, 빗썸 측은 김 회장이 BXA 토큰 발행 과정에서 정당한 합의 절차를 따르지 않고 무자본 M&A를 강행한 결과란 입장이다.	이런 양측의 책임 떠넘기기 속에 사건 해결은 지지부진 시간만 축내고 있는 상황이다.	 진실은 당사자인 김 회장과 이 의장만이 알고 있겠지만, 빗썸 입장에선 이 일도 오래 끌어봐야 결국 회사 이미지와 상장평가에 악영향을 미칠 뿐일 만큼, 조속한 합의와 해결이 필요해 보인다.	이런 와중에 6월 중순에는 이정훈 의장이 2018년 김병건 회장에게 4000억원 규모의 빗썸홀딩스 지분 매각을 추진하면서 기획재정부 장관에게 신고하지 않아 ‘외국환거래법’을 위반했다는 내용의 경찰 수사가 시작됐다.	 다만, 이 문제에 대해 빗썸은 국내법에 따라 해당 신고는 주식 ‘취득’에만 해당하며, ‘처분’ 행위에는 신고 의무가 없는 것이라며 즉각 소명했고 결과를 기다리고 있다.	이 외에도 빗썸은 국내 최대 가상자산 거래소란 지위에 비해 여러 해킹, 개인정보 유출 사고 등을 겪으며 조금씩 신뢰를 잃어 왔다.	 IPO는 물론이고 내년 3월 시행될 특금법 개정안에 따라 가상자산 업계가 정식 제도권에 편입되는 과정에서 사회적 공감대를 얻으려면, 빗썸 같은 선두 기업이 투명한 경영과 내부 통제를 통해 업계를 향한 부정적 이미지를 제고해야 할 시점이다.	한편, 가상자산 업계가 침체기를 겪고 있는 것과 달리 최근 빗썸의 실적은 양호한 편이다.	 비덴트 분기 보고서를 통해 공개된 빗썸 코리아의 1분기 실적은 매출 448억원, 당기순이익 228억원이다."
20,"[블록먼데이] ""앓던 이"" 하나는 시원해진 빗썸--2"," 2018년 적자에서 2019년 영업이익 677억원 흑자로 돌아선 뒤, 올해 1분기 중 다시 작년 성과 돌파가 예상되는 실적을 올린 것이다.	 빗썸은 실적 개선의 이유로 내부 운영 시스템 최적화, 가상자산 가치 반등에 대한 투자자들의 기대심리 상승 등을 이유로 꼽았다."
21,"댓글창에 ""불륜 아니냐?""…김지은, ""악플러"" 40명 고소--0","안희정 전 충남도지사의 성폭력 피해 사실 등을 폭로한 김지은 씨가 자신에 대해 '악플'을 단 누리꾼들을 고소한 것으로 알려졌다.8일 서울 수서경찰서는 김 씨가 지난 5월 6일 명예훼손·모욕 혐의로 누리꾼 40명을 고소한 사건을 수사 중이다.	 경찰은 해당 누리꾼을 상대로 댓글 작성 경위 등을 파악 중이다.	김씨는 지난 3월 안 전 지사에 대한 미투 사건을 다룬 ‘김지은입니다’라는 책을 펴냈다.	 고소당한 누리꾼들은 김 씨의 책을 소개하는 기사에 '성폭력이 아니라 불륜 아니냐', '내 주변 사람들은 공감하지 못한다' 등의 댓글을 단 것으로 전해졌다.	한편 김 씨의 책은 알라딘 7월 첫째 주 사회과학분야 베스트셀러 2위에 올라 있다.	 책에는 김 씨가 지난 2018년 안희정 전 충남도지사의 성폭력 사실을 고발하고 안 전 지사가 대법원 최종 유죄 판결을 받기까지 544일 간의 기록을 담고 있다.	 현재 안 전 지사는 모친상을 당해 오는 9일 오후 5시까지 일시 석방됐다."
22,"[콘텐츠뷰]웨이브 ""SF8""...지구종말 버킷리스트가 있다면?--0","6500만년전 지구의 주인은 '공룡'이었다.	 지구에 터를 잡고 살아가던 공룡이 흔적만 남긴 채 사라진 이유는 무엇일까.	 지난해 9월 CNN 등 미국 현지 언론들은 일제히 텍사스대 연구팀의 논문을 주목했다.	 해당 논문에 따르면 6500만년전 운석이 지구에 충돌하면서 생긴 충격파가 멸종의 결정적 원인으로 추정된다.	이는 지난 2016년 유카탄 반도의 칙술루브 분화구에서 발견한 암석 사료를 토대로 연구한 결과다.	 연구팀이 확보한 암석의 퇴적층은 길이만 160m에 해당하는데 1cm의 퇴적층은 1000년의 시간을 나타낸다.	 폭발력으로 보면 제2차 세계대전에서 사용된 원자폭탄보다 100억배 강력한 만큼 어떤 생명체도 살아남기 어려웠을 것이다.	 그렇게 공룡들은 이 땅에 발자국 정도의 흔적만을 남긴 채 최후를 맞이했다.'	지구에 운석이 충돌하지 않을까'하는 호기심은 현재 진행형이다.	 지난 5월에도 미국항공우주국은 지름 670m~1.5km 사이의 소행성이 초당 11.68km 속도로 이동해 지구 궤도에 접근할 것이라고 발표했다.	 만에 하나 지구와 충돌할 경우 그 피해 규모를 추산하기 어려운 만큼 나사도 해당 소행성을 잠재적 위험요소로 감지한 채 예의주시했던 것으로 알려졌다.	 다행히 해당 소행성은 지구 궤도를 스쳐 지나갔고 직접적인 충돌은 없었다.	 웨이브 오리지널 시네마틱 드라마 'SF8-	일주일 만에 사랑할 순 없다'는 거대 운석과의 충돌을 일주일 남겨둔 위기의 상황을 재현한다.4년간 비좁은 고시원에서 공부하며 어렵게 경찰이 된 '남우'는 어느날 청천벽력같은 소식을 듣는다.	 20일 후 충돌할 것이라는 운석의 속도가 빨라져 그 시간이 일주일 앞으로 다가온 것.	 유감스럽게도 미사일로 운석을 폭파시키겠다는 나사의 계획이 실패로 돌아가면서, 세계 각국 정부가 '지구 종말'을 공식 선언하는 지경에 이른다.	 종말이 예견됐지만 영화같은 폭동은 일어나지 않았고, 남우의 곁에는 사랑하는 연인들의 애틋함만이 남았다.	드라마는 남우의 시선을 중심으로 담담하게 이야기를 풀어간다.	 밋밋했던 전개는 '혜화'의 등장으로 전환점을 맞이한다.	 혜화를 본 남우는 그녀를 현상수배범으로 착각해 체포하게 된다."
23,"[콘텐츠뷰]웨이브 ""SF8""...지구종말 버킷리스트가 있다면?--1"," 남우의 기시감은 보기 좋게 빗나갔고, 초능력자를 알아볼 수 있다는 '양선생' 찾기에 투입된다.	 양선생이 초능력자의 능력을 발견하면 그들을 활용해 미사일 연료 효율을 높이거나 운석 궤도를 바꿀 수 있다는 믿음에서다.	그럼에도 남우나 혜화의 행동은 종말을 일주일 남긴 급박한 상황과는 달리 여유롭고 낙관적이다.	 제작진은 지구 종말보다는 애인이 없어 외로운 현실이 더 비관적인 남우, 자신의 초능력은 쓸모없다며 양선생을 하염없이 기다리는 혜화를 통해 이 드라마의 주제가 '재난'이 아님을 명확히 드러낸다.	남우와 혜화를 풋풋하게 바라보던 제작진은 지구 종말 디데이를 맞아 '양선생'을 전면에 내세운다.	 초능력을 볼 줄 아는 양선생은 남우에게도 '사고로 죽으면 최초의 기억'으로 돌아가는 능력이 있음을 파악한다.	한낱 '모태 솔로'였던 남우는 순식간에 과거로 돌아가 지구를 구할 히어로가 되는데, 현재의 기억을 가져가기 위해서는 혜화의 도움이 필요했다.	 혜화의 초능력은 '자신이 사랑하는 사람에게 자신을 잊지 못하게 하는 것'이었다.	 즉 두 사람이 사랑에 빠진 후 자연재해로 죽는 남우가 과거로 돌아가 이 일을 널리 알려야 했다.	 운석은 빠른 속도로 지구를 향해 돌진했고 두 사람이 입을 맞추려던 그때 혜화는 소리친다.	 ""선생님 죄송해요 저 도저히 못하겠어요.""	혜화를 짝사랑했던 남우와 달리 그녀의 마음은 좀처럼 움직이지 않았다.	 '벙찐' 남우의 뒤로 거센 바람과 함께 운석이 충돌하면서 시간은 다시 4년 전으로 돌아간다.	 폭염에 선풍기마저 고장난 고시원에서 깨어난 남우는 물을 받기 위해 정수기가 설치된 공용장소로 향한다.	 그 곳에서 혜화를 만난 남우는 또 한번의 기시감을 느끼지만 끝내 그녀를 기억하지 못한다.'	일주일 만에 사랑할 순 없다'는 '지구 종말이 오면 당장 하고 싶은 것'에 대한 원초적인 질문을 던진다.	 마지막 순간을 사랑하는 사람과 함께 보내고 싶은 인간의 본능, 여기에 생의 마지막 순간에 운명적으로 만난 사랑일지라도 '일방통행'은 이뤄지지 않음을 분명히 한다.	 지구와 소행성의 충돌이라는 거대한 맥거핀에 숨겨진 메시지는 '마지막을 함께할 수 있는 사랑, 지금 옆에 있는 그 사람의 소중함을 잊지 말자'는 뜻 아닐까."
24,"징역 7년 받은 양진호…""웹하드 카르텔"" 혐의 빠진 이유는--0","이른바 '갑질 폭행'으로 사회적 공분을 일으켰던 양진호 씨에 대해 법원이 1심에서 징역 7년을 선고했다.	 폭행 등 주요 혐의에 대한 선고가 진행됐지만 '웹하드 카르텔'을 통한 음란물 불법유통에 대한 부분은 다뤄지지 않았다.	수원지법 성남지원 제1형사부는 28일 열린 1심 선고 공판에서 양씨에게 2013년 12월 확정판결 이전 혐의에 대해서는 징역 5년, 그 이후의 혐의에 대해서는 징역 2년을 각각 선고했다.	 성폭력 치료프로그램 40시간 이수와 아동·청소년 및 장애인 관련 기관 취업 제한 5년도 명령했다.	 마약류 관리에 관한 법률 위반 혐의에 대해서는 추징금 1950만원이 선고됐다.	 웹하드 카르텔에 대한 혐의는 별도 선고될 예정이다.	양씨는 2018년 자신이 실 소유주로 있는 웹하드 업체 직원들을 상대로 폭력을 행사하고 업무와 관련되지 않은 강압적 행동을 지시한 혐의로 기소됐다.	 특수강간, 상습폭행, 마약류 관리에 관한 법률 위반, 동물보호법 위반, 총포화약법 위반 등의 혐의를 받았다.	 지난해 7월 웹하드 카르텔을 통해 음란물 등 불법 콘텐츠 유통을 주도한 혐의와 회삿돈 167억여원을 빼돌린 혐의로 추가 기소된 바 있다.	웹하드 카르텔이란 동영상을 올리는 업로더, 유통과 공유가 이뤄지는 웹하드 플랫폼, 불법 검색 목록을 차단하는 필터링 업체, 불법 자료를 삭제하는 디지털 장의사 간 유착관계를 말한다.	예를 들어 헤비업로더가 성범죄 동영상 등을 웹하드 사이트에 올리면 트래픽 및 유료 과금 모델로 1차 수익을 챙긴 후 필터링을 하지 않는 방식이다.	 관련 영상 피해자가 디지털 장의 업체에 영상 삭제를 의뢰한 것으로 또 한 차례 수익을 챙기면서 헤비업로더를 시켜 다양한 웹하드 사이트에 배포하는 방식으로 꾸준하게 부당이득을 올린다.	검찰은 지난해 7월 추가 기소 당시 양씨가 웹하드 업체 2곳과 필터링 업체를 함께 운영하며 헤비업로더와 공모해 불법 음란물을 게시하게 만든 한편 필터링은 느슨하게 진행한 것으로 파악했다.	 양씨의 지시에 따라 조직된 '음란물 유포 조장팀'이 회사 외부장소에 PC를 설치하고 웹하드 게시판에서 음란물을 최상단에 노출시키는 매크로 프로그램도 썼다고 덧붙였다.	 검찰과 경찰에 따르면 양씨가 웹하드 카르텔로 올린 부당이득은 연간 수백억원에 달한다.1심 선고 공판 후 검찰 측은 ""음란물 불법 유통 관련 혐의는 공판이 마무리 되지 않아 먼저 기소된 폭행 등의 혐의에 대한 선고가 내려졌다""며 ""관련 기소 내용에 대해서는 충분한 심리를 거쳐 별도 선고할 것으로 예상된다""고 전했다."
25,"‘컴퓨터는 늘 실수한다’... 얼굴인식 기술, 엉뚱한 사람 범인 만들다--0","미국에서 얼굴인식 기술의 오작동으로 엉뚱한 사람을 범인으로 몰게 된 사건이 발생했다.	 기술 발전에서 늘 수반되는 결함이 인재와 맞물릴 때 생기는 부작용이 여실히 나타났다는 평가다.	<뉴욕 타임즈> 등 외신은 지난 24일 아프리카계 미국인 로버트 윌리엄스가 얼굴인식 기술 오류로 인해 무고하게 절도범으로 몰린 사례를 소개했다.	윌리엄스는 디트로이트 경찰이 운영하는 얼굴인식 시스템 작동 과정에서 범인으로 지목됐다.	 2018년 디트로이트 시내에서 벌어진 상점 도난 사건 수사 도중 보안 영상 속 잡힌 진짜 범인의 사진을 시스템이 그의 신분증 속 얼굴과 잘못 일치시킨 탓이다.	경찰은 지난 1월 윌리엄스의 아내와 두 딸이 보는 앞에서 체포됐다.	 그의 DNA 샘플과 지문, 머그샷 등이 범죄 데이터베이스에 등재됐다.	 하지만 상점 보안 직원이 범행 현장에서 그를 목격하지 않았다고 말하면서 혐의를 벗었다.	사태가 불거지자 미국시민자유연맹은 윌리엄스 사건을 기각해달라고 요청했고, 디트로이트 검찰은 그의 데이터를 범죄 데이터베이스에서 삭제하기로 했다.	 이 사건에 대해 담당 형사 중 한 명은 “컴퓨터가 잘못된 것”이라 밝혔다.	얼굴인식 기술은 그 유용성과 별개로 공적 업무 수행 과정에서의 결함 문제로 수차례 비판을 받았다.	 특히 최근 미국 내 흑인 인권 운동이 일면서 동시에 몇 주간 사법 기관에서의 사용이 더 논란이 됐다.	윌리엄스 사태가 알려지자 IBM과 마이크로소프트, 아마존 테크 기업들은 경찰 업무를 위한 얼굴인식 기술 작업을 중단하거나 보류할 것이라 밝혔다.	 IBM의 CEO 아르빈드 크리슈나는 이달 초 낸 성명서에서 “현재 국내 법 집행 기관이 얼굴 인식 기술을 사용해야하는지 여부와 방법에 대해 국가와 대화를 시작할 때가 됐다”고 말했다."
26,"""왜 트위터처럼 못해?""…침묵하는 페이스북에 직원들 뿔났다--0","페이스북 직원들이 파업도 불사하겠다는 의지를 피력했다.	 트위터가 도널드 트럼프 미국 대통령의 게시물을 블라인드 처리했지만 마크 주커버그를 비롯한 페이스북 경영진들은 별도의 조치를 하지 않았다는 이유에서다.1일 <뉴욕타임스>에 따르면 수백명의 페이스북 직원들이 회사의 결정에 대한 반대 입장을 들며 '근무 거부' 의사를 밝혔다.	현재 미국의 페이스북 직원들은 코로나19 여파로 재택근무를 하고 있다.	 근무를 거부한다고 밝힌 일부 직원들은 거리로 나와 페이스북 경영진에게 ""보다 강경한 태도를 보이라""는 입장을 전했다.	이들은 온라인 캠페인도 진행했다.	 청원사이트를 통해 퇴사 및 경영진의 촉구를 요구하는가 하면 페이스북·트위터 등 SNS에서는 현 상황이 불행하다는 메시지를 전했다.	 <뉴욕타임스> 등 외신들은 ""15년전 페이스북이 설립된 이래 마크 주커버그 리더십에 대한 가장 심각한 도전""이라고 설명했다.	페이스북 직원들의 항의는 지난 25일 미국 미니애폴리스의 경찰 데릭 쇼빈이 위조 지폐 혐의로 조지 플로이드를 체포하는 과정에서 무릎으로 목을 졸라 사망케 한 사건에서 출발한다.	 일련의 사건이 알려진 후 미국 곳곳에서 시위가 발생했고 무장 투쟁 형태로 이어졌다.	트럼프 대통령은 ""약탈행위를 계속하면 발포하겠다""는 강력한 트윗을 남겼고 잭 도시 트위터 최고경영자는 이를 전면 차단해 갈등의 불씨가 피어올랐다.	 페이스북에도 비슷한 분위기의 게시물이 올라왔지만 제재가 없었고 오히려 마크 주커버그 CEO가 트럼프 대통령과 전화로 대화했다는 소식이 전해지자 내부 직원들의 동요가 발생했다는 분석이다.	사태가 악화되자 마크 주커버그는 자신의 페이스북을 통해 ""개인적으로는 선동적인 언변에 대해서는 부정적""이라면서도 ""하지만 나는 표현의 자유를 위해 헌신하는 기관의 리더로서 반응할 책임도 있다""고 밝혔다.	 트럼프 대통령의 정치적 메시지를 담은 게시물이 누군가를 선동하고 분열시킬 수 있어도 표현의 자유를 최우선 가치로 세우는 플랫폼이 이를 막을 수 없다는 입장이다.	페이스북의 플랫폼 개발자 로렌 탄은 "" 폭력으로 선동하는 트럼프의 게시물에 대해 페이스북이 침묵하는 것은 부끄러운 일""이라는 트윗을 남겼다.	한편 <뉴욕타임스>는 페이스북 고위 직원들이 조만간 파업에 들어갈 것으로 전망했다."
27,[SNS에세이] 진짜 뮬란은 홍콩에 있다--0,"현재 SNS에는 #TheRealMulan #FreeAgnes라는 해시 태그를 단 글이 많이 올라오고 있다.	홍콩의 유명 민주화 운동가인 아그네스 차우가 홍콩 국가보안법 위반 혐의로 지난 10일 체포된 이후다.	 그녀는 2014년 홍콩 행정장관 직선제를 요구하며 벌어진 '우산 혁명'의 전면에 나서 홍콩 민주화 시위의 상징으로 자리한 인물이다.	아그네스 차우는 이날 홍콩보안법상 '국가 분열' 혐의로 경찰에 체포됐다.	 '희대의 악법'으로 불리는 홍콩보안법은 지난 7월 1일부터 시행됐다.	 이 법은 △국가의 분열 △정권의 전복 △테러 활동 △외국 세력과의 결탁 등 4가지 범죄를 최고 무기 징역형으로 처벌할 수 있도록 한다.	홍콩보안법이 비판을 받는 이유는 홍콩의 민주주의를 훼손시킬 우려가 크기 때문이다.	 중국이 홍콩보안법을 앞세워 반중 인사를 탄압할 것이라는 우려는 현실화 되고 있다.	 아그네스 차우를 비롯해 중국 정부에 비판적인 의견이나 행동을 한 홍콩 민주화 인사들이 체포되는 사건이 속속 벌어지고 있다.	아그네스 차우의 체포에 대해 홍콩의 민주화 운동가인 네이선 로는 트위터에 “홍콩에서 저항의 목소리를 잠재우고 싶다는 중국 정부의 파괴적인 움직임”이라며 “나는 무슨 일이 일어나고 있는지 주시해줄 것을 세계에 촉구한다”고 썼다.	현재 SNS에는 차우가 집에서 연행되는 현장 모습을 비롯해 그녀와 관련된 동영상, 사진 등을 올리는 움직임이 확산되고 있다.	 또한 ‘진짜 뮬란은 홍콩에 있다’는 의미를 담아 #TheRealMulan 이라는 해시태그를 단 글로 아그네스를 응원하는 모습도 보인다.	 디즈니 원작 영화 <뮬란>은 여자임을 숨기고 나라를 지키는 병사가 돼 영웅으로 거듭나는 주인공 뮬란의 이야기를 담고 있다.	앞으로도 중국 정부는 눈엣가시와도 같은 홍콩 민주화 운동가들을 향해 칼춤을 출 것으로 보인다.	 과연 홍콩 시민들은 원하는 자유를 쟁취할 수 있을까.	 ‘민주주의는 피를 먹고 자란다’는 말이 실감 나는 홍콩의 암울한 현실이다."
28,"‘연예인·지인 얼굴을 음란물’에... 방심위, ‘딥페이크’ 사이트 차단--0","‘딥페이크’ 기술을 악용해 연예인이나 지인의 얼굴을 음란물에 덧씌운 게시물에 접속차단 조치가 이뤄진다.	방송통신심의위원회 디지털성범죄심의소위원회는 딥페이크 등 허위영상물 제작·반포가 이뤄진 디지털성범죄정보 52건에 대해 ‘시정요구’을 의결했다.	 이번 조치는 딥페이크를 금지하는 개정 ‘성폭력범죄의 처벌 등에 관한 특례법’ 시행에 맞춰 이뤄졌다.	딥페이크는 인공지능을 활용해 기존 인물의 얼굴 등 특정 부위를 CG처리처럼 합성한 기술이다.	 기술이 발전하면서 음란물에 특정 인물의 얼굴을 씌우는 형태의 범죄가 빈번하게 발생하는 부작용이 커지고 있다.	방심위의 이번 조치는 국내 연예인이나 일반인의 영상을 음란물과 합성해 ‘○○○ 딥페이크’ 등으로 유통한 해외 사이트와 SNS 계정 등에 이뤄졌다.	 몇몇 영상은 조악하게 만들어졌지만 일부 영상은 정교하게 합성돼 실제와 구분하기 어려운 수준이라는 게 방심위의 설명이다.	방심위는 일반인 영상을 받아 음란물 형태로 편집해 제공하는 일명 ‘지인능욕’ 합성정보도 확인됐다고 밝혔다.	 특히 해당 정보에는 피해자 이름과 나이, 거주지 등 개인정보가 함께 유출돼 문제가 심각한 수준이다.25일 시행된 성폭력범죄 특례법 개정안에 따라 기존에 처벌대상이 아니었던 딥페이크 영상물에 대한 제작과 배포 행위가 처벌 대상이 됐다.	사람의 신체 등을 대상으로 한 영상물을 만들어 성적 욕망이나 수치심을 유발하는 형태로 편집해 반포하는 경우 5년 이하 징역이나 5000만원 이하 벌금을 받게 된다.	 만약 이 같은 영상을 영리 목적으로 인터넷 등 통신망에 뿌릴 경우 7년 이하 징역형까지 처할 수 있다.	방심위는 “디지털성범죄 피해자 보호를 위해 접속차단의 시정요구와 함께 국제공조점검단을 통해 원 정보의 삭제를 추진할 것”이라며 “허위영상물 제작과 유포 행위 근절을 위해 경찰청 등 관계 기관과의 공동대응도 강화할 계획”이라 밝혔다."
29,휴가철 바가지 요금 걱정? 지자체 누리집에서 확인하세요--0,"문화체육관광부는 관광객 맞이 환경 개선 계획을 14일 발표했다.	 여름 휴가철을 맞아 국민들이 쾌적한 국내 여행을 즐길 수 있도록 하기 위해서다.	 관계 부처, 17개 시도, 관광협회중앙회, 호텔업협회, 한국관광공사와 함께 관광지 방역을 비롯해 안전사고 예방, 물가 안정, 숙박·음식업 관리 등에 나설 예정이다.	우선 지자체는 자체적으로 여름 성수기 물가관리 및 불법 시설물 단속 특별 대책 기간을 운영한다.	 무신고 숙박업소와 불법 시설물, 가격표시제 이행 여부 등을 점검하고 특히 관광지 물가 안정을 위해 지자체별로 주요 관광지의 ‘가격 정보’와 ‘착한 가격업소’ 등을 지자체 누리집에 게시하고 관광객들에게 알린다.	문체부와 해양수산부 등 관계 부처는 여름철을 맞이해 물놀이형 유원시설과 호텔·콘도·펜션 내 수영장 방역 점검을 강화한다.	 현재 지자체는 합동으로 물놀이형 유원시설에서 △출입명부 작성 △일일 입장인원 제한 △거리두기 곤란 놀이기구 한시적 중단 △방수 마스크 또는 마스크 보관 방수팩 제공 등을 준수하고 있는지 점검하고 있다.	또한 정부와 지자체는 여름 성수기 관광지 요금 게시와 준수 위반 여부, 불법 시설물 설치 여부, 불법숙박 운영 여부 등을 종합적으로 집중 점검한다.	 각 지자체, 관광 경찰 등은 합동으로 불법 숙박을 단속하고 결과를 취합해 향후 대책을 마련하는 데 활용할 예정이다.	해수욕장 자릿세 등 부당 요금 징수를 단속하기 위한 ‘부당요금 신고센터’도 운영한다.	 주차장, 구명조끼 등 주요 품목에 대해 전년 대비 이용 요금이 과도하게 상승한 해수욕장을 점검해 부정 상행위 등 물가 안정 위반 행위를 단속할 예정이다.	한편 관광지에서 불법 행위 등 불편 사항을 겪거나 관광안내, 통역이 필요한 경우에는 한국관광공사에서 운영하는 ‘1330 관광불편신고센터’에 도움을 요청하거나 불편사항을 24시간 신고할 수 있다.	 지자체별 신고 창구에서도 불편 사항을 접수한다."
30,면허증이 휴대폰에 쏙…24일부터 ‘모바일 운전면허증’ 도입--0,"‘모바일 운전면허증’이 오는 24일부터 도입된다.11일 이동통신 업계에 따르면 24일부터 이통3사 본인인증앱 ‘패스’ 기반의 운전면허증 서비스가 시작된다.	 패스는 가입자 약 3000만명에 육박하는 앱이다.	모바일 운전면허증을 등록하려면 패스앱에서 운전면허증을 촬영하면 된다.	 찍은 면허증은 바코드나 QR코드 형태로 저장된다.	이통3사는 ""패스는 본인 명의인증과 기기인증의 '이중인증'이 이뤄지기 때문에 보안이 매우 강력하다""며 ""블록체인 기술과 위변조 방지 등 다중 보안 기술을 적용했으며 개인정보 유출 위협을 원천 차단하기 위해 운전면허증과 관련된 모든 정보는 스마트폰 내부 안전영역에만 저장하는 방식""이라고 설명했다.	모바일 운전면허증은 경찰청·도로교통공단의 '운전면허정보 검증 시스템'과 연동된다.	 면허증을 챙기지 못해도 운전면허 자격 여부를 실시간으로 쉽고 빠르게 확인할 수 있다.	모바일 운전면허증 도입 이후에는 분실과 도난으로 인한 부작용과 재발급에 소모되는 시간과 비용도 줄어들 것으로 보인다.	 경찰 측은 “1년에 분실되는 운전면허증이 수백만 건”이라며 “ 분실 위험을 최소화하면서도 사용자의 운전자격과 신원을 확인할 수 있는 편의성을 높일 것”이라고 기대했다."
31,"애플 아이폰11 잠금, 강제로 풀렸다--0","FBI는 애플이 지난달 미국 플로리다 펜서콜라 해둔 항공기지에서 발생한 총기난사 사건에서 테러 용의자가 사용했던 2대의 아이폰 잠금 해제를 돕지 않겠다며 거절한 후 아이폰 잠금 해제에 필요한 도구를 확보한 것으로 드러났다.	애플의 개인정보보호 정책과 이를 빠져나가려는 미 수사당국 간의 줄다리기가 계속되는 가운데 FBI가 애플 아이폰11 잠금 해제에 성공한 것으로 밝혀져 또 다른 논란을 예고한다.	 <블룸버그>는 1월22일 FBI가 도널드 트럼프 미 대통령 개인 변호사인 루디 줄리아니가 연루된 우크라이나 스캔들 수사 과정에서 핵심 용의자의 아이폰11 잠금 해제를 시도한지  두 달 만에 성공했다고 전했다.	 애플 도움 없이 최신 아이폰 잠금을 강제로 푼 것이다.	FBI는 비밀번호가 걸린 스마트폰을 푸는 데 필요한 블랙박스 기술을 확보한 것으로 보인다.	 지난해 FBI는 민간 기업 그레이시프트 기술을 사용해 혐오 범죄로 유죄를 선고받은 범죄자의 형제 소유 아이폰11 프로 접근에 성공한 바 있다.	 그래이시프트와 이스라엘 셀레브라이트 두 민간 기업은 비밀번호를 무작위 대입 공격을 통해 무방비 상태로 만들 수 있다고 주장한다.	 아이폰 보안을 우회해 전체 파일 시스템 추출이 가능하다는 설명이다.	 안드로이드 스마트폰도 마찬가지다.	셀레브라이트는 디지털 법의학계에서는 꽤 유명한 곳으로 전세계 다양한 정보, 국방, 사법기관과 오랫동안 협력해온 업체다.	 FBI와는 지난 2013년 계약을 맺고 암호 해독 기술을 제공하고 있다.	이번 사례에서 <블룸버그>는 과거 애플에 아이폰 잠금 해제를 위해 도움을 요청한 미 법무부의 주장에 의문이 생길 수밖에 없다고 지적한다.	 그러나 미 수사당국은 테러처럼 1분 1초를 다투는 정밀 수사에서 신속성이 무엇보다 중요하다는 입장이다.	첨단과학수사연구소 운영하는 사이러스 R 밴스 주니어 뉴욕 맨해튼 지방검사장은 <패스트컴퍼니>와 인터뷰에서 “경찰이 증거로 제출한 아이폰의 82%가 잠겨 있으며, 첨단과학수사연구소가 잠금 해제에 성공한 것은 절반에 불과하다""라며 ""하지만 지역 경찰이나 사법 기관이 첨단과학수사 연구소를 운영할만한 여력이 없다.	 수사 대상자 아이폰의 유심카드 내지 통신사를 통해 시간, 장소 등의 메타 데이터를 요청할 수 있으나 주소와 수신인 정도만 확인할 수 있을 뿐이다”라고 말했다.	그는 “잦은 iOS 업데이트는 아이폰 잠금 해제를 매우 복잡하고 어려운 작업으로 만든다”라며 가장 부족한 자원은 시간이라고 덧붙였다.	 잠금 해제에 2개월이 소요되고 따라서 FBI가 애플에 협조를 요청하지 않을 수 없다는 의미로 풀이된다.	FBI와 애플은 지난 2015년 미국 캘리포니아주 샌버나디노에서 발생한 총기난사 사건을 계기로 관계가 꼬이기 시작했다.	 FBI의 데이터 잠금 해제 및 우회 소프트웨어 개발 요청을 애플은 거부했다.	 당시 팀쿡 애플 CEO는 ""어떤 형태를 띠든 결국 백도어""라며 사용자의 자기정보 통제권이 위기를 맞고 있다고 강조했다."
32,"애플 아이폰11 잠금, 강제로 풀렸다--1", 선례가 생기면 수사당국의 요청이 줄줄이 이어질 것이며 이런 요청이 기업에 큰 부담을 줄 것이라는 주장도 곁들였다.	 2019년 12월 펜서콜라 해둔 항공기지 총기난사 사건에서도 애플은 FBI의 아이폰 잠금 해제 요청을 거부했다.
33,"LG전자 20대 직원, 투신…병원 이송중 숨져--0",서울 중구 서울역 부근에 위치한 LG전자 건물에서 20대 여성이 투신하는 사고가 발생했다.27일 서울 남대문경찰서에 따르면 LG전자 직원 A씨가 이날 오후 12시30분쯤 서울 중구 LG서울역빌딩에서 뛰어내렸다.	A씨는 인근 병원으로 후송 도중 숨진 것으로 확인됐다.	 경찰은 유족 및 동료 직원들의 진술을 토대로 사망 경위를 조사하고 있다.	 경찰은 A씨의 유류품과 휴대폰 등을 수거했고 유서는 발견되지 않은 것으로 전해졌다.
34,"‘프랜차이즈 택시’ 장벽도, 개인택시 양수 기준도 대폭 완화--0","정부가 ‘프랜차이즈 택시’ 확대를 위해 기존 택시 가맹사업 면허기준을 대폭 완화했다.	 또, 택시 운전경력이 없어도 개인택시 면허를 양수 받을 수 있도록 규제를 손질했다.	 플랫폼과의 결합을 통한 택시 서비스 혁신을 앞당기고, 청장년층의 진입기회를 넓혀 개인택시 고령화 문제를 해소하겠다는 복안이다.	 4월2일 국토교통부는 이 같은 내용을 골자로 한 ‘여객자동차 운수사업법 시행규칙’을 개정·공포했다고 밝혔다.	이전의 가맹사업 제도는 과도한 면허기준으로 인해 활성화가 쉽지 않았다.	 새로운 시행규칙에 따라 택시 운송가맹사업 면허기준은 현재의 8분의1 수준으로 대폭 완화됐다.	특·광역시의 경우 기존에는 총 택시대수의 8% 또는 4천대 이상이어야 했으나 1% 또는 500대 이상으로 완화됐다.	 인구 50만 이상 사업구역은 총 택시대수의 12% 이상에서 1.5% 이상으로, 인구 50만 미만 사업구역은 총 택시대수의 16% 이상에서 2% 이상으로 기준이 낮아졌다.	국토부는 이를 계기로 플랫폼과 택시의 결합이 활성화될 것으로 내다보고 있다.	 새싹기업들은 가맹사업 시장에 쉽게 진입해 가맹형 브랜드 택시를 운영할 수 있고, 기존 가맹사업자들의 사업 확장도 용이해질 거라는 판단이다.	 또 ‘프랜차이즈 택시’가 다양해지면 승객들도 차별화된 부가 서비스를 누릴 기회가 커질 것으로 예상하고 있다.	 이는 지난달 31일 국무회의에서 의결된 여객자동차법 개정안의 후속조처다.	 이 법이 본격적으로 시행되면 택시의 혁신은 더욱 가속화될 거라는 게 국토부의 시각이다.	개인택시 면허 양수도 손쉬워졌다.	 기존에는 법인택시 등 사업용 차량을 최근 6년 내 5년간 무사고 운전한 경력 등이 필요했다.	 앞으로는 5년 간 무사고 운전경력과 교통안전교육만 받으면 개인택시 양수자격을 취득할 수 있게 된다.	청장년층의 개인택시 진입기회를 늘려, 택시산업의 인력구조를 바꾸겠다는 정부의 의지가 담겨 있는 대목이다.	그간 과도한 개인택시 양수조건으로 인해 개인택시 기사들의 평균연령이 62.2세로 고령화되고 있다는 지적이 잇따랐다.	 이로 인해 안전에 대한 우려와 더불어 심야근무 기피에 따른 심야 택시부족 문제가 지속적으로 제기돼 왔다.	아울러 택시운전 자격시험을 기존 택시연합회에서 한국교통안전공단으로 이관하는 내용도 4월 중 공포될 예정이다."
35,"‘프랜차이즈 택시’ 장벽도, 개인택시 양수 기준도 대폭 완화--1"," 절차가 일원화되면서 택시운전 자격을 취득하는 기간이 하루 또는 이틀로 대폭 단축될 전망이다.	 기존에는 운전적성정밀검사, 자격시험, 범죄경력 조회 등의 과정을 거쳐 약 2주가 소요됐다.	다만 이번 시행규칙 변경으로 정부 바람처럼 택시산업이 젊은 피를 수혈할 수 있을지는 미지수다.	 시중에서 거래되는 개인택시 면허가격이 만만치 않은 데다가, 최근 신종 코로나바이러스감염증 확산 여파로 택시업계 일각에서 매출 급감을 호소하는 상황이기 때문이다.	국토부 어명소 종합교통정책관은 “정부는 모든 국민이 원하는 시간에, 원하는 방식으로 원하는 장소까지 이동할 수 있는 세상을 만들 수 있도록 모빌리티 혁신을 계속 지원할 계획”이라며 “이번 시행규칙 개정 이후에도 플랫폼과의 결합을 통한 서비스 혁신을 유도하고, 택시가 승객과 종사자 모두가 만족하는 좋은 일자리로 거듭나도록 하기 위해 불합리한 규제를 과감히 개선해 나가겠다”라고 말했다."
36,2020년 페북·트위터 달군 키워드는--0,"페이스북·트위터 등 글로벌 사회관계망서비스들이 연말을 맞아 2020년을 뜨겁게 달궜던 열쇳말을 정리해 발표했다.	 신종 코로나바이러스 감염증부터 방탄소년단, N번방, 조지 플로이드 사망사건, 인종차별 반대 운동인 ‘흑인의 목숨도 소중하다’ 등 올해 SNS상에서 회자됐던 각 분야의 주제들이 포함됐다.8일 페이스북은 페북과 인스타그램·왓츠앱·메신저 등 패밀리앱 전반에 걸쳐 지난해 대비 올해 이용자의 관심이 급증한 단어들을 정리한 ‘이어 인 리뷰 2020’을 발표했다.	먼저 코로나19 관련 게시물들이 두드러졌다.	 사회적 거리두기로 소위 ‘집콕’ 문화가 확산되면서 온라인 기반 홈피트니스 게시물이 크게 증가했다.	 인스타그램의 ‘집콕 스티커’는 지난 3월 출시된 지 일주일 만에 총 1억회 이상 사용됐다.	 비대면 소통이 활성화되면서 페북 메신저와 왓츠앱, 인스타그램 라이브 기능의 이용도 늘었다.	 지난 3월 기준 페북 메신저 및 왓츠앱 통화량은 전주 대비 2배 이상 상승했다.	 페북 메신저의 그룹 영상통화 기능 이용자는 70%, 통화시간은 2배 증가한 것으로 나타났다.	분야별 핵심어는 다양하게 나타났다.	 ‘정의·평등’ 부문에선 인종차별 반대 시위로 확대된 미국의 조지 플로이드 사망 사건과 더불어 미국 대통령 선거가 화두로 꼽혔다.	 특히 선거전이 한창이던 8월에는 부통령 후보인 카멀라 해리스가 큰 화제를 모았다.	또 ‘글로벌 아이콘’ 부문에서는 미국 전 연방대법관 故 루스 베이더 긴즈버그, 농구 선수 故 코비 브라이언트 등이 선정됐다.	 코로나19로 온라인 추모 문화가 확산된 영향이다.	 ‘엔터테인먼트’ 분야에서는 BTS와 블랙핑크, 영화감독 봉준호와 올해 오스카 작품상을 수상한 영화 <기생충>이 포함됐다.	같은 날 트위터도 ‘#ThisHappend2020’, ‘#2020어떤일이’ 등 2020년 1월부터 11월까지 전세계 이용자들의 트윗과 계정을 분석해 각 분야의 키워드를 추렸다.	올해 전세계에서 가장 많이 트윗된 해시태그는 단연 ‘코로나19’였다.	 유사 해시태그를 합해 총 4억건 가량이 트윗됐다.	 ‘흑인의 목숨도 소중하다’는 의미의 인종차별 반대 운동인 ‘BLM’이 2위, 코로나19로 외출이 줄어들면서 집에 머문다는 의미의 ‘스테이홈’이 3위, 일본 닌텐도사의 게임기 닌텐도 스위치와 게임 ‘동물의 숲’이 각각 4위, 5위에 올랐다.	전세계에서 ‘가장 많이 언급된 계정’ 1위는 ‘방탄소년단’이었다.	 2017년 이후 4년 연속 1위다."
37,2020년 페북·트위터 달군 키워드는--1," ‘전세계에서 가장 많이 언급된 인물’에는 도널드 트럼프 미국 대통령이 1위를, 조 바이든 미국 대통령 당선인이 2위를 차지했다.	 지난 5월 경찰의 과잉 행위로 사망한 흑인 조지 플로이드가 3위로 집계됐다.	 올해 1월 헬리콥터 추락 사고로 사망한 전 농구선수 코비 브라이언트는 4위였다.	국내에서 사회 분야 ‘가장 많이 언급된 키워드’ 1위는 코로나19로, 집계기간 동안 700만건을 기록했다.	 자가격리, 사회적 거리두기, 재난지원금, 사랑제일교회 등 코로나19 연관 단어들이 사회 분야 키워드에 올랐다.	 전국민의 공분을 샀던 ‘N번방’은 2위로 집계됐다.	 ‘페미니즘’은 올해 5위를 기록했다.	 ‘세월호’ 참사 키워드는 6위, ‘낙태죄’가 10위에 올랐다.	국내에서 가장 많이 언급된 정치인은 ‘문재인’ 대통령이었다.	 다음으로는 추미애 법무부 장관, 이낙연 더불어민주당 대표, 윤석열 검찰총장, 강경화 외교부 장관, 이재명 경기지사, 금태섭 전 의원, 나경원 전 의원, 류호정 의원 순으로 나타났다.	‘화제의 인물’ 1위에는 18만건 가랑의 언급량을 기록한 ‘이용수 할머니’가 올랐다.	 앞서 이용수 할머니는 지난 5월 위안부 피해자 지원 단체인 ‘정의기억연대’에 회계 부정 의혹을 제기한 바 있다."
38,어르신 채용·노사단협까지...양질 일자리 창출 나선 배민--0,"국내 배달앱 시장 1위 배달의민족을 운영하는 우아한형제들이 지난 22일 배달원 노조와 단체협약을 맺었다.	 배민라이더스 운영사이자 우아한형제들의 자회사인 우아한청년들과 민주노총 산하 서비스연맹 서비스일반노조가 배달원 처우개선과 근로환경 개선 내용 등이 담긴 협약서에 합의를 한 것.	이는 개별 플랫폼 기업과 플랫폼 종사자간 국내 최초의 협약 사례로, 플랫폼 노동자인 라이더를 단순 개인사업자가 아닌 파트너로 인정했다는 점에서 업계와 노동계 모두로부터 주목을 받았다.	앞서 우아한형제들은 플랫폼기업, 노동계, 학계 전문가 등 자발적으로 모여 출범한 사회적 대타협기구 '플랫폼 노동 대안 마련을 위한 사회적 대화 포럼'에도 참여, 해당 포럼에서는 10월 초 첫 결과물인 공동 협약을 내놓은 바 있다.	또 도로 위를 돌아다녀야 하는 배달 업무 특성상 사고 위험에 항상 노출돼 있는 라이더를 위해 이륜차 종합보험을 마련해 대인·대물 피해를 보호받을 수 있도록 했다.	 라이더 건강 보호를 위해 산재보험 100% 필수 가입도 원칙으로 했다.	 특히 배달업계에서 라이더 산재보험 의무화는 배민이 유일하다.	 라이더들의 안전을 위해서는 지난 2018년 서울지방경찰청과 배달 이륜차 안전운전을 위한 업무협약을 맺고, 매달 라이더 대상 안전운전 교육을 진행하고 있다.	이외에도 배민은 라이더들을 대상으로 교통사고 발생 시 1인당 최대 1000만원까지 치료비 및 생계비 등을 지원하는 '우아한 라이더 살핌기금'을 운영하는 등 배달 서비스에 있어 중요한 일자리의 한 축인 라이더 처우 개선과 지원에 앞장서 양질의 일자리로 만들기 위한 노력을 지속해오고 있다.	배민은 라이더뿐만 아니라 취약계층인 어르신 일자리 창출 및 지원방안에도 적극적으로 나서고 있다.	 노년층의 경우 노동 및 경제활동 등으로부터 소외돼 있는 경우가 많아 양질의 민간부문 시니어 일자리 발굴이 시급한 계층으로 꼽힌다.	실제 통계청의 '2020년 5월 경제활동인구조사 고령층 부가조사 결과'를 보면 고령층의 경우 올해 5월 기준 실업자 수 전년 동월 대비 8만 명 가량이 증가해 실업률은 동기간 2.9%에서 3.8%로 0.9%p 상승한 것으로 나타났다.	 이와 함께 고령층 가운데 장래 일하기를 원하는 비율은 67.4%에 달했다.	이에 지난 9월24일 우아한형제들은 서울시어르신취업지원센터와 '지역형 어르신 일자리 창출을 위한 업무협약를 체결, B마트 물류센터에서 일할 만 55세 이상 '시니어 크루'를 연내 200명 규모로 채용하겠다고 밝혔다.	앞서 배민이 지난해 시작한 초소량 즉시배송 서비스인 B마트 서비스 확대에 따라 우아한형제들은 지난 9월 초부터 B마트 물류센터 5개 지점서 만 55세 이상 어르신 15명을 선발해 시범근무를 추진한 바 있다.	이번 서울시와의 협약에 따라 배민은 서울시어르신취업센터에 등록된 노인 구직자 풀을 통해 채용을 진행할 수 있게 됐으며, 이들은 B마트 물류센터에서 물품의 신선도 관리나 정리, 선별, 포장 등 업무를 담당하게 된다.	 B마트 '시니어크루'는 복리후생 등 기존 일반 크루와 동일한 대우를 받는다.	한편, 한국의 경우 노인 고독사가 해마다 빠르게 증가하고 있는 상황에서 독거노인의 안부를 챙기기 위한 우아한형제들의 활동도 주목을 받고 있다.	 배민은 서울 금호동 옥수중앙교회가 독거노인 고독사 방지를 위해 진행해온 우유배달 캠페인의 취지에 공감해 지난 2012년부터 본격적인 후원에 나서 '어르신의 안부를 묻는 우유배달'을 진행해오고 있다.	매일 아침 독거노인 가정에 무료로 우유를 배달해드리고, 현관에 우유가 2개 이상 쌓일 경우 배달원이 가족이나 주민센터 등에 통보해 안부를 확인하는 노인 돌봄 나눔활동으로 2015년 사단법인 설립 이후 현재 서울 16개구, 총 2000여 가구로 배달권역과 대상이 확대됐다."
39,어르신 채용·노사단협까지...양질 일자리 창출 나선 배민--1," 우아한형제들이 지난 2012년부터 현재까지 기부한 우유는 총 78만여개에 이른다.	우아한형제들 관계자는 ""노동이나 경제활동 사각지대에 있는 취약계층인 시니어와 라이더가 좀 더 좋은 환경에서 일하고, 플랫폼 노동과 시니어 크루가 좋은 일자리로 뿌리내릴 수 있도록 앞으로도 다양한 지원책과 방안을 내놓을 것""이라고 말했다."
40,"""역겹고 미친 짓"" 美 ""조지 플로이드 챌린지""에 전 세계 분노--0","소셜네트워크서비스에 게재된 '조지 플로이드 챌린지'에 전 세계 네티즌들이 분노하고 있다.	이 챌린지는 미국 미네소타주 미니애폴리스 경찰 데릭 쇼빈이 조지 플로이드를 무릎으로 짓눌러 제압하는 과정을 그대로 따라한 것이다.	 실제로 트위터, 인스타그램, 스냅챗에는 엎드려 있는 상대방의 목을 무릎으로 누른 채 웃고 있는 사진들이 끊임없이 확산됐다.	 백인 경찰이 흑인을 과잉 진압하며 인종차별 주의가 논란이 됐는데 이를 비꼬기라도 하듯 흑인이 백인의 목을 누른 사진까지 등장했다.	미국을 비롯한 해외 매체들은 조지 플로이드 챌린지 논란을 보도하며 사태의 심각성을 알렸다.	 3일 영국 <데일리 메일>은 ""스냅챗에서 수십명의 백인 10대가  죽음을 재현하는 끔찍한 유행이 발생했다""며 ""참가자 대부분은 무릎으로 목을 누르는 사진에서 웃고 있다""고 전했다.	같은 날 <뉴욕포스트>는 ""이 챌린지는 다른 SNS 사용자 사이에서 큰 분노를 일으켰다""며 ""많은 사람들이  범인이 부끄러워 해야 한다는 게시물을 올렸다""고 설명했다.	조지 플로이드 챌린지가 퍼지자 수사당국이 조사에 나섰고 관련 게시물을 올린 10대들을 체포했다.	 영국 <스탠다드>, <미러> 등 주요 매체들은 ""SNS에 게재된 게시물들이 큰 논란을 일으켰다""며 ""이런 행위는 증오 범죄이며 강력하게 조사한다는 것을 확인시켜주고 싶다""는 현지 경찰의 입장을 전했다.	네티즌들 역시 조지 플로이드 챌린지에 대해 분노하고 있다.	 SNS 사용자들은 ""조지 플로이드 챌린지는 역겨운 행위다"" ""만약 이것이 재미있다고 생각된다면 문제가 있는 사람이 분명하다"" ""챌린지를 하는 것은 멍청하고 어리석다""는 입장을 밝혔다.	한편 지난 25일 미국 미니애폴리스의 경찰 데릭 쇼빈이 조지 플로이드를 체포하는 과정에서 목을 무릎으로 압박하며 과잉 진압 논란에 휩싸였다.	 비무장 상태였던 조지 플로이드는 저항도 하지 못한 채 숨졌고 데릭 쇼빈은 검찰로부터 3급 살인 및 2급 우발적 살인 혐의로 기소됐다.	 사건이 발생한 후 미국 곳곳에서는 인종차별을 반대하는 캠페인과 시위가 이어졌다."
41,"""포트나이트""에 ""경찰차""가 사라졌다--0","에픽게임즈가 배틀로얄 1인칭 슈팅게임 '포트나이트'내 경찰차를 삭제한 것으로 알려졌다.21일 월스트리트저널에 따르면 에픽게임즈가 미국 미네소타주 미니애폴리스 경찰의 과잉 진압으로 숨진 조지 플로이드를 기리는 전국적 시위가 발생한 영향을 받았다.	WSJ는 포트나이트 개발진의 말을 인용해 ""업데이트 후  많은 차량이 남아 있었지만 경찰차는 없었다""는 내용을 전했다.	 실제로 에픽게임즈는 지난 18일 포트나이트 챕터2 시즌3을 업데이트했다.	해당 개발자는 WSJ에 ""정치적 메시지라고는 생각치 않는다""면서도 ""단지 우리가 대중들이 생각하는 이슈에 대해 민감하게 대응한 정도로 본다""고 말했다.	일각에서는 포트나이트에서 경찰차가 사라진 것에 대해 큰 의미를 둘 필요가 없다는 목소리도 나온다.	 포트나이트에서 경찰차는 장식용 수준에 불과했고 유저는 사용할 수 없는 콘텐츠인 만큼 그 영향력이 미미하다는 분석이다.	 반면 경찰차가 사라진 것이 상징적인 의미가 있을 것이라는 의견도 온라인 커뮤니티에서 흘러 나왔다.	한편 게입업계는 지미 플로이드가 숨진 후 온라인 등 다양한 채널로 퍼진 '흑인의 목숨도 중요하다' 캠페인을 지지했다.	 일렉트로닉 아츠의 경우 ""전 세계적인 인종 차별에 맞서기 위해 투쟁하는 단체에게 100만달러를 기부할 것""이라고 밝히며 지지를 표명했다.	 EA 외에도 베데스다, 라이엇 게임즈, 액티비전 블리자드, 트위치 등의 게임 관련 기업들이 흑인 사회를 지지한다고 밝혔다."
42,"업비트, 방문자 넘어 ""관심도"" 1위 노린다--0","2020년 국내 가상자산 거래소 방문자 수 1위에 올랐던 업비트가 관심도에서도 빗썸을 바짝 추격 중이다.	 글로벌빅데이터연구소가 5일 공개한 자료에 따르면 1위 빗썸과 2위 업비트의 온라인 정보량 격차는 2.2%에 불과하다.	 최근 새롭게 부상한 포블게이트는 긍정도에서 좋은 평가를 받았다.	이번 조사·분석은 △커뮤니티 △유튜브 △블로그 △트위터 △페이스북 등 11채널 채널 21만개 사이트에서 진행됐다.	 연구소는 2020년 한 해 이들 사이트에서 발생한 거래소 관련 포스팅을 분석한 결과, 빗썸이 15만8700건을 기록하며 1위에 올랐다고 밝혔다.	 업비트는 14만9700건으로 2위에 올랐으며 빗썸과는 1만건 이하의 근소한 차이를 나타냈다.	참고로 두 거래소를 합친 점유율은 약 76%다.	 온라인에서 언급되는 국내 거래소의 4분3을 빗썸과 업비트가 차지하고 있는 셈.	 이들을 제외하고 두자릿수 점유율을 보인 거래소는 3위 코인빗이 유일하다.	 4위 코인원은 2만9000건, 5위 포블게이트는 1만7600건로 선두권과는 10배가까운 차이를 나타냈다.	이번 조사 대상 중 업비트의 성장세는 주목할 만하다.	 2017년 빗썸보다 3년 늦게 시장에 진입한 업비트는 다시 3년만인 지난 2020년 빗썸을 제치고 국내 가상자산 거래소 방문자 수 1위를 달성한 바 있다.	마케팅 전문업체 이더랩이 공개한 자료에 따르면 2020년 9~11월 사이 업비트 월평균 방문자 수는 447만명이다.	 372만명을 기록한 업비트보다 약 75만명 더 많다.	 앞서 8~10월 통계에서는 빗썸이 459만명으로 427만명의 업비트를 앞섰으나 11월들어 순위 변동이 생겼다.	 다만, 빗썸은 ‘고객-	파트너’ 관심도 비교 부문에선 여전히 업비트를 25% 앞선 것으로 나타났다.	연구소는 관심도 내 긍정률과 부정률도 분석해 발표했다.	 특정 거래소를 언급할 때 긍·부정을 판단할 수 있는 감성어 키워드를 기준으로 조사한 결과 긍정률이 가장 높은 거래소는 49.34%의 포블게이트로 나타났다.	 코인원이 44.53%로 2위이며, 빗썸과 업비트는 각각 20.39%, 18.56%로 방문객 대비 낮은 긍정률을 보였다."
43,"업비트, 방문자 넘어 ""관심도"" 1위 노린다--1","한편, 코인빗의 경우 긍정률과 부정률 모두 좋지 않은 평가를 받았는데, 이는 지난해 코인빗 운영진이 시세조작 혐의로 검찰에 송치된 사건이 영향을 미친 것으로 보인다.	 코인빗은 혐의를 전면 부인 중이며, 해당 사건 담당 경찰들을 ‘피의사실 공표죄’ 혐의로 고소한 상태다."
44,SNS에 올라온 윤지오 사망 소식?…지인 “해킹당한 것”--0,"고 장자연 사건의 유일한 목격자로 알려진 배우 윤지오 씨가 사망했다는 소식이 SNS에 올라왔다.	 하지만 윤 씨의 지인과 가족은 계정이 해킹당한 것이라며 사망 의혹을 부인한 상태다.24일 윤지오 씨의 인스타그램 계정에는 “안녕하세요, 지오의 가족입니다.	 우리 지오가 부디 편하게 쉴 수 있게 부탁드립니다.	 많이 여리고 예쁜 아이입니다”라는 글이 올라왔다.	이 게시물에는 “마지막으로 준비한 공론화와 사적 용도로 사용 없는 계좌 전액 공개, 고인을 위한 영상은 추후 정리가 되면 부탁한 대로 게시하고, 이곳은 추억을 보관하는 곳으로 두겠다”면서 사망을 암시하는 내용이 담겼다.	이는 온라인 커뮤니티와 SNS에 퍼졌고 갑작스러운 소식에 누리꾼들은 충격을 받고 사실 여부를 확인하기도 했다.	그러나 곧 반박하는 댓글이 올라왔다.	 자신을 윤 씨의 가까운 지인이라고 밝힌 한 누리꾼은 “누군지는 모르지만 선을 넘으셨다”면서 “지금 윤 씨와 같이 있으며 해킹돼 로그인도 못 하는 상황이라 대신 댓글로 전한다.	 걱정해 주셔서 감사하다""고 밝혔다.	또한 이 누리꾼은 “현재 전문가를 통해 계정복구를 시도하고 있다.	 누가 이토록 악랄한 짓을 했는지 밝혀내 반드시 처벌받게 할 것”이라고 경고하기도 했다.	또한 윤지오가 설립한 시민단체의 사무총장인 김상민 씨는 24일 언론과의 인터뷰를 통해 “윤 씨의 어머니와 연락한 결과 SNS가 해킹당했고 신변에는 이상이 없다는 답을 받았다”고 밝혔다.	현재 윤지오 씨의 SNS 계정은 비공개로 전환됐다.	 윤지오 씨는 자신의 페이스북과 트위터 등 다른 SNS에 나타나지 않고 있는 상태다.	앞서 윤지오 씨는 배우였던 고 장자연 씨의 성추행 피해 현장을 목격한 것으로 알려진 인물로 많은 주목을 받은 바 있다.	 고 장자연 씨는 언론인, 연예기획사 대표, 금융당국 관계자 등 유력 인사들의 술자리 접대를 강요받은 내용을 폭로한 일명 '장자연 리스트'를 남기고 2009년 스스로 극단적인 선택을 했다.	이후 윤 씨는 고 장자연을 둘러싼 성접대 강요 사건의 증인으로 나섰으나 정보통신망법상 명예훼손, 후원금 사기 등의 의혹을 받아 피소됐고 잡음이 계속되자 지난해 4월 말 캐나다로 출국해 지금까지 체류 중이다.	 경찰은 인터폴에 윤지오 씨에게 적색수배 요청을 내렸지만 윤 씨는 무죄를 주장하며 최근까지 근황을 SNS를 통해 공개해왔다."
45,"日, SNS서 ""원조교제"" 글 급증…코로나19 여파로--0","코로나19의 영향으로 최근 일본에서는 원조교제 관련 게시물이 많이 늘어난 것으로 알려졌다.	 코로나19 여파에 따른 학생들의 자유시간 증가, 일자리 축소로 인한 경제적 어려움 등이 주요 원인이다.	코로나19가 기승을 부리기 시작한 올해 3월부터 일본 트위터에는 원조교제를 의미하는 ＃엔, ＃jk ＃호베츠 등의 해시태그가 붙은 게시물이 크게 늘어났다.	 원조교제는 쉬운 돈벌이를 원하는 10대와 이를 노리는 성인의 부적절한 만남을 뜻한다.	 이에 일본 경찰은 경고성 메시지를 통해 10대 보호에 나서고 있다.	일본 효고현 경찰은 지역 내에서 원조교제로 의심되는 글이 올라오는 경우 ‘이 트윗은 아동 매춘 등의 피해로 연결될 우려가 있습니다’라는 취지의 메시지를 학생과 연락을 시도한 성인에게 보내고 있다.	 문제는 원조교제 관련 글이 늘면서 경고성 메시지 발송 횟수도 늘어난다는 것이다.	고베신문 등 현지 언론에 따르면 효고현 경찰 소년과는 지난해 6월부터 올해 2월까지 9개월 동안 1854건의 원조교제 경고 메시지를 보냈다.	 월 평균 206건 정도였다.	 하지만 3월에는 312건으로 갑자기 급증했고, 이후 8월까지는 단속이 강화됐음에도 160~227건으로 줄어들지 않은 것으로 나타났다.	이는 코로나19의 영향으로 휴교 조처가 내려지면서 자유 시간이 늘어난 여고생 등이 원조교제 관련 글을 예전보다 더 많이 올리기 때문으로 추정된다.	 또한 코로나19로 인해 휴업하는 자영업자가 증가하면서 아르바이트를 잃거나 구하지 못한 학생들이 데이트 대가로 남성에게 금전적 대가를 받는 만남도 눈에 띄게 늘어난 것으로 알려졌다.	트위터에는 “경제적 지원을 위해 만날 수 있는 사람을 찾고 있다.	 돈이 절실하다.	 현금을 주셨으면 한다” 등의 부적절한 만남을 의미하는 글이 여럿 올라와 있다.	관련 범죄는 계속 단속되고 있다.	 일본 사이타마현 경찰서는 17일 도쿄도 청소년 건전 육성 조례 위반 혐의로 20대 회사원 A씨를 체포했다.	 용의자는 지난 4월 오사카의 한 호텔에서 여중생이 미성년자임을 알면서도 음란 행위를 한 후, 동영상을 촬영한 혐의를 받고 있다.	공무원이 연루된 범죄도 있었다.	 오사카 청사에서 근무하던 전 문화과장 B씨는 지난해 12월과 올해 2월 10대 여학생 2명에게 각각 2만엔을 주고 음란 행위를 한 혐의로 17일 불구속 입건됐다."
46,"日, SNS서 ""원조교제"" 글 급증…코로나19 여파로--1", B씨는 몇 년 전부터 SNS에서 다른 젊은 남성의 사진을 자신이라고 속인 채 약 168명과 실제로 만나 40여명과 음란 행위를 했다고 진술했다.	 B씨는 신분과 나이를 속이고 연예 관계자나 의사 등 가짜 명함을 제시한 것으로 알려졌다.	효고현 경찰 소년과는 “낯선 인물과 만나는 것은 위험이 따른다.	 안이하게  글 쓰는 것을 삼가 달라”며 호소하고 있다.	한편 원조교제 행위에 경고하는 메시지는 실제로 중단의 효과를 거두고 있는 것으로 나타났다.	 효고현 경찰에 따르면 “경고문을 받은 뒤 상당수의 게시물은 삭제되거나 계정이 일시중지됐다”고 밝혔다.	 나라현의 경우 경찰의 경고 메시지를 받은 SNS 이용자 중 60% 이상이 원조교제 관련 기록을 중지하는 것으로 조사됐다.
47,"[콘텐츠뷰] 우리가 몰랐던 ""비밀의 숲2""--0","감정없는 정의 검사 '황시목'이 돌아왔다.	 tvN 주말드라마 '비밀의 숲 시즌2'는 전작보다 더 확대된 세계관을 들고 나타났다.	 주목할 점은 넷플릭스에서도 본방송 종료 후 10시 30분부터 시청 가능하다는 것.	 전작 비밀의 숲은 본방송이 종영한 후에도 넷플릭스가 공급계약을 체결할 만큼 작품성을 인정받았다.	권력의 정점에서 선 부장검사가 정의를 구현하기 위해 유력 기업의 회장인 장인, 검찰, 경찰의 비리와 맞서는 이야기를 16부작에 담아냈다.	 황시목과 한여진 콤비가 사건을 풀어나가는 과정도 재미를 줬지만, '판'을 기획한 이창준의 설계가 극을 뒷받침했다.	 넷플릭스를 통해 전세계 190개국에 마니아층까지 탄생시킨 비밀의 숲, 그 두 번째 시즌은 어떻게 바라봐야 할까.	정치·사회 문제에 관심이 없는 이라면 검찰과 경찰의 수사권 대립 이슈는 다소 어렵게 받아들여질 사안이다.	 실제로 '검경 수사권조정 관련 시행령 입법예고안'을 두고 검찰과 경찰이 첨예하게 대립하고 있는 상황.	지난 7일 법무부는 수사권 개혁을 위한 개정 형사소송법, 검찰청법의 대통령령 제정안을 마련해 입법예고 했다.	 입법예고된 대통령령은 40일간 관계부처 의견수렴 절차를 거쳐 10월쯤 국무회의에서 심의를 거친다.	 내년 1월 1일부터 시행될 예정인데 이중 검사의 수사개시 범위가 '뜨거운 감자'로 떠올랐다.	검사의 직접수사 범위가 구체화 됐는데 개정 검찰청법에서 검찰의 직접 수사 범위를 부패범죄, 경제범죄, 공직자범죄, 선거범죄, 방위사업범죄, 대형참사범죄 등으로 규정하고 그 범위를 대통령령에 맡겼다.	반면 검찰이 직접 수사할 수 있는 주요공직자의 범위는 공직자윤리법상 재산등록의무자로 제한하는 한편 범죄 액수가 일정금액 이상인 경우에만 검사가 직접 수사할 수 있도록 법무부령이 더해졌다.	 이를 두고 경찰과 검찰 각각 반대의 목소리를 높이는 상황이다.	비밀의 숲 시즌2는 마치 해당 이슈에 맞추기라도 한 듯 '검경 수사권 조정'에 대한 갈등을 다룬다.	 극은 '통영 익사 사건'을 계기로 발생한 검찰의 '전관예우'와 이를 이용하려는 경찰 측의 대립을 들여다 본다.	 검경 수사권조정의 도화선이 된 사건 이후 양측의 의견을 중재할 '검경협의회'가 구성되면서 불안한 동거 속 숨겨진 비밀을 파헤칠 전망이다.	시즌2에 등장한 황시목은 여전히 감정이 없다.	 해무가 짙게 깔린 해안도로를 달릴 때나, 휴게소에서 산 알감자를 먹을 때도 감정을 드러내지 않는다."
48,"[콘텐츠뷰] 우리가 몰랐던 ""비밀의 숲2""--1"," 나라를 들썩이게 한 비리 수사를 완벽하게 끝마쳤음에도 황시목은 여전히 지방검찰청에서 본인의 업무를 해낸다.	 이 대목에서 제작진은 황시목이 변하지 않았다는 것을 암시할 정도로 일관된 캐릭터 성격을 보여준다.	 시즌2가 시작되면서 새로운 인물들이 극의 흐름을 주도하고 활동 무대가 본청으로 바뀌었음에도 황시목만큼은 변하지 않는다는 것을 강조하고 싶었을지 모른다.	잔잔하게 흘러가던 흐름이 급변할 것이라는 암시는 아이러니하게도 '알감자'를 통해 드러난다.	 황시목은 원주로 가기 전 휴게소에 들러 알감자와 커피를 사온다.	 차에 탄 황시목이 알감자 한 알을 먹으려 들어 올리는 순간 형사법제단 부장검사인 우태하의 전화를 받게 되고, 그로 인해 원주로 가던 발길을 돌려 본청으로 합류한다.	이 과정에서 중요하게 들여다 볼 부분은 알감자와 커피다.	 알감자는 대부분 휴게소에서 구매 가능할 만큼 흔한 음식이 됐지만, 강원도 원주의 특산물 중 하나가 감자라는 것을 알고 있는 이들에게는 특별한 복선으로 다가온다.	 어쩌면 황시목이 알감자를 먹지 못한 채 돌아가는 것은 발령지인 원주지청 대신 본청에서 일하는 것을 암시한다고 볼 수 있다.	커피는 또 다른 관점에서 해석할 수 있다.	 시즌1에서 박무성을 죽인 것으로 예상되는 유력 용의자가 카페에서 만남을 가진 장면이 등장한다.	 만남의 장소이면서도 사건의 키를 풀 수 있는 특정 공간으로 묘사됐다.	 시즌2에서 황시목이 직접 커피를 마시는 장면이 등장하진 않았지만 우태하가 권유할 당시 ""마셨다""고 말하는 장면이 나온다.	 카페에서 파는 커피는 '특정 사건'을 의미하며, 이를 마신 황시목이 또 다시 소용돌이에 휘말릴 것이란 느낌을 전달한다.	이야기의 전개 방식도 주의 깊게 들여다 볼 부분이다.	 시즌1은 하나의 사건에서 파생되는 인간 관계의 비밀과 권력자간 유착을 몰입도 있게 표현했다.	 권력에 집착하는 인간의 욕망과 비밀스러운 관계를 조명한 만큼 시즌2에서도 비슷한 전개로 사건을 풀어갈 전망이다.	이미 떡밥은 상당하다.	 아직 등장하지 않은 김사현 검사와 우태하 부장의 관계, 의정부 경찰서장으로 재직했던 최빛의 사건 은폐, 평소에도 자주 연락을 나누지만 대립 관계에 선 우태하와 최빛의 관계, 권력 기생형 검사 서동재의 등장, 3화 예고를 통해 알려진 용산경찰서 식구들의 과거, 강원철 지검장에게 접근을 시도하는 이연재 등은 비밀의 숲 시즌2를 흥미롭게 감상할 만한 '키포인트'다.	 안개가 자욱한 두 번째 비밀의 숲에는 어떤 메시지가 담겼을까."
49,"[콘텐츠뷰] 넷플릭스판 ""설국열차""는 천천히 달린다--0","넷플릭스의 오리지널 시리즈 '설국열차'가 가 지난달 25일 전 세계 190개국 시청자와 만났다.	 2013년 개봉한 봉준호 감독의 '설국열차'를 기대했던 시청자라면 고개를 갸우뚱할 정도로 다른 내용이 펼쳐진다.	 '윌포드 인더스트리가 만든 거대한 열차 속 계급간 갈등'의 세계관에 '수사극'이 가미됐다.	 영화와 다른 설정의 넷플릭스 판 설국열차에는 무엇이 숨겨져 있을까.	드라마 '설국열차'는 영화보다 원작 프랑스 만화의 세계관에 가깝다.	 '커티스', '길리엄', '남궁민수', '요나', '메이슨' 등 영화 속 인물이 나오지 않는 것도 이런 이유에서다.	 인트로부터 애니메이션이 등장한다.	넷플릭스 판 설국열차는 윌포드 인더스트리가 만든 열차의 계급사회라는 세계관을 유지하면서도 인물과 내용에 다양한 변주를 줬다.	영화 속 '윌포드'는 커티스가 꼬리칸을 넘어 엔진에 다다랐을 때 정체를 드러내지만 드라마의 경우 실체에 대한 궁금증을 남겼다.	 시청자의 혼란은 1화 막바지에 '베넷 녹스'가 '멜라니'에게 ""미스터 윌포드""라고 말하는 부분부터 시작된다.	 '멜라니=윌포드'라는 가설을 뒷받침한다는 의견과 윌포드 인더스트리 직원들의 인사법이라는 가정이 양립하고 있다.'	윌포드'를 바라보는 시선도 사뭇 다르다.	 영화에서 윌포드는 '경외의 대상'이자 열차를 움직이는 동력, 즉 '절대자' 위치로 묘사된다.	 영화에서는 꼬리칸을 제외한 승객들이 어떤 인물인지 자세히 묘사되지 않지만 남궁민수가 엔진의 문을 열기 전 마주하는 위협적 상황을 비춰볼 때 윌포드를 절대자로 숭배하는 느낌을 지울 수 없다.	반면 드라마는 등급별로 나눠진 승객들이 저마다 윌포드에 대한 의구심을 표하며 철저하게 '비즈니스적인 관계'임을 묘사했다.	 꼬리칸에서 일어난 반란에 대해 두려워 하면서도 변호사를 고용해 사건을 직접 해결하겠다는 승객이 등장한다.	 윌포드를 맹신하지 않는 것을 보여주는 대목이다.	윌포드 인더스트리의 직원으로 등장하는 인물들이 꼬리칸 승객을 대하는 태도도 미묘한 차이를 보인다.	 영화가 직원과 승객간 수직적 관계에 초점을 맞췄다면 드라마의 경우 생존에 목숨을 건다.	 멜라니와 베넷 녹스는 영하 100도가 넘는 강추위에도 열차 수리를 위해 방한복을 입고 파손된 기내를 점검한다."
50,"[콘텐츠뷰] 넷플릭스판 ""설국열차""는 천천히 달린다--1", 영화의 설정이라면 상상할 수 없는 전개다.	윌포드 인더스트리 속 설정만 봐도 영화와 다른 작품임을 알 수 있다.	 이외에도 드라마 설국열차는 다양한 지점에 변주를 줬다.	큰 틀부터 살펴보면 장르의 차이를 꼽을 수 있다.	 영화는 꼬리칸 혁명을 통한 계급사회의 모순을 강조한 일종의 '투쟁극'이다.	 기후 이상으로 인한 '포스트 아포칼립스'를 전면에 배치한 후 계급간 갈등과 투쟁을 녹여냈다.	드라마도 같은 배경으로 출발하지만 영화에는 없었던 살인사건의 진범을 파헤치는 이야기가 추가됐다.	 영화 속 커티스가 열차 맨 앞칸까지 도달하는 목적을 위해 달렸다면 드라마의 '레이턴'은 '꼬리 칸 혁명'과 '진범 찾기'라는 두 가지 목표를 완수해야 한다.	 레이턴이 전직 경찰로 설정된 만큼 새로운 사건과 마주할 가능성도 배제할 수 없다.	 영화에는 없던 인물 간 로맨스와 관계의 변화도 드라마를 관통하는 변수다.	흥미로운 점은 이러한 차이점을 초월하는 '설국열차 유니버스'다.	 영화 속 열차는 총 60칸으로 구성된 반면 드라마에서는 1001칸의 열차가 등장한다.	 드라마와 영화의 시점이 10년 차이를 두고 있음을 감안하면 두 개의 열차가 부딪히지 않을 만큼의 간격을 두고 각각 운행되고 있다는 가설도 불가능한 것은 아니다.	 만화에서도 두 개의 설국열차가 있다는 설정을 비춰볼 때 드라마는 영화의 '프리퀄'이 될 가능성도 존재한다.	넷플릭스는 매주 월요일마다 새로운 에피소드를 공개할 예정이다.	 시즌1 전체 에피소드 가운데 3화까지 공개된 상황에서 지금까지 나온 단서만으로는 앞으로의 전개를 예측하기 어렵다.	 다만 넷플릭스의 설국열차를 더욱 흥미롭게 관찰하기 위해서는 두 가지를 기억하면 된다.	 원작 만화에 가까운 이야기를 어떻게 변주했을지 들여다보면서 상대적으로 입체감을 살린 인물들의 심리와 관계 변화가 키포인트다.	 드라마의 외투를 입고 긴 호흡으로 그려낸 넷플릭스 판 설국열차는 오늘도 천천히 달린다.
51,"""야! 너두 핵잡을 수 있어""…서든어택, 이용자와 손 잡았다--0","온라인 1인칭 슈팅게임 ‘서든어택’이 이용자 참여형 제도까지 도입해 '핵 뿌리 뽑기'에 나선다.	 공정성이 필수인 FPS게임은 핵 이용 시 자동으로 적을 조준하고 총알을 무한정 쏘거나 벽을 뚫고 발사하는 등 비정상 플레이가 난무한다.	서든어택 측은 다각적인 대처로 지난해 불법 프로그램 사용자 13만9376명을 제재했다.	 같은 기간 불법 프로그램 유통망도 집중 관리하면서 1515개 사이트를 차단했고 관련 홍보영상 1039개를 찾아내 삭제했다.	 올 들어 6월 중순까지 불법 프로그램 판매자 5명을 검거했고, 이용자 11만820명을 단속했다.	불법 프로그램 근절에 고삐를 죄기 위한 일환으로 지난 18일 '길로틴 시스템'을 시범 적용했다.	 길로틴 시스템은 서든어택 이용자로 구성된 배심원단이 집단지성을 활용해 비정상 게임 행위를 직접 판결하는 제도다.	서든어택은 관련 사안에 대해 법적으로 대응하기 위해 경찰청, 게임물관리위원회와 긴밀한 공조를 이어왔다.	 시작은 2011년으로 거슬러 올라간다.	 당시 불법 프로그램 개발 및 유포 혐의로 인터넷 카페 운영자 등을 분당경찰서에 고발했다.	이후엔 검거까지 이뤄졌다.	 2015년 대구지방경찰청은 총 10억원의 부당수익을 올린 일당을 불구속 입건했고, 2017년 게임물관리위원회와 부산지방경찰청의 경우 합동 단속을 통해 4억원 상당의 부당이익을 챙긴 일당을 붙잡았다.	 2018년에는 업계 최초로 서든어택 불법 프로그램 이용자에게 범죄 혐의가 인정되는 기소유예 처분이 내려진 바 있다.	쾌적한 환경을 위한 캠페인도 병행했다.	 서든어택은 연예인 홍보모델을 활용한 캠페인 영상을 공개하거나 불법 프로그램 관련 신고·제보하면 이용자에게 포상을 주는 클린 캠페인을 운영했다.2014년부터 시작한 클린 캠페인은 이용자 참여도가 높아지고 있다.	 지난해 클린 캠페인은 1차보다 2차 캠페인에 42% 많은 이용자가 불법 광고 단속에 참여했다.	 올해는 다음달 1일까지 '2020 클린 캠페인'을 실시하며 불법 프로그램 사용자 및 판매 사이트, 홍보 영상 등을 제보하면 총 100명을 선발해 넥슨캐시를 지급할 예정이다.	더 확실한 불법 프로그램 근절을 위해 서든어택은 선량한 이용자와 손을 잡았다.	 다음달 2일까지 시범 운영하는 길로틴 시스템은 이용자로 구성된 배심원단이 집단지성을 활용해 비정상적인 게임 행위를 직접 판결하는 제도다.	이는 크게 이용자 신고와 배심원 판결로 나뉜다."
52,"""야! 너두 핵잡을 수 있어""…서든어택, 이용자와 손 잡았다--1"," 특정 이용자에 대한 신고가 누적되면 의심 기록, 배틀 로그, 스크린샷 등 증거자료가 포함된 사건파일을 배심원단에 제공한다.	 사건을 배당 받은 배심원단은 유·무죄를 직접 판단하게 되며 다수 배심원 결정에 의해 제재 여부가 결정된다.	 이 과정에서 악용 사례를 막고자 허위 신고와 부정확한 판결이 반복되는 이용자, 배심원에게는 게임 이용정지 등 불이익을 내려진다.	배심원단은 서든어택 멤버십 등급과 정확한 신고 및 판결로 쌓은 신뢰점수를 고려해 매달 1일 12만명 규모로 선발하며 한 달간 활동한다.	 선발된 배심원 전원에게는 활동 기간 중 착용 가능한 특별 아이템을 지급한다.	 이후 높은 참여도와 정확한 판결로 우수 배심원에 선발된 1500명에게는 추가 보상을 제공할 계획이다.	이외 서든어택은 특정 게임모드에서 불법 프로그램 이용자가 탐지될 시 매칭 풀에서 즉각 제외하고, 불법 프로그램 이용자간 매칭이 되도록 설정하는 시스템도 운영 중이다.	서든어택을 개발하는 선승진 넥슨지티 실장은 ""다수의 선량한 이용자와 손잡고 더 쾌적하고 공정한 서든어택을 만들기 위해 길로틴 시스템을 개발했다""며 ""이를 계기로 잘못된 승부욕을 가진 이용자들이 불법 프로그램 사용을 멈추고 진정한 FPS게임 재미를 만끽하길 바란다""고 말했다."
53,"논란의 ""줌"", 싱가포르 교육부에서도 사용금지--0","프라이버시 및 보안 논란에 휩싸인 화상회의 서비스 '줌' 사용을 제한하는 조치들이 여기저기에서 내려지고 있는 가운데,  싱가포르 정부도 히 재택 수업이 진행 중인 학교 교육현장에서 줌 사용을 금지했다.	해킹으로 음란물이 노출되는 상황을 고려한 조치다.4월 13일 <블룸버그> 등 주요 외신들에 따르면 싱가포르 교육부는 최근 일부 학교에서 줌을 이용한 온라인 수업 도중 백인 해커 공격자들이 해킹을 통해 수업 중이던 학생들에게 음란물을 전송하는 등 비교육적 행위가 일어나자 일선 학교에 줌 사용을 제한했ㄷ.	 관련 사항에 대해서는 경찰 고발을 검토하고 있다.	이 같은 사실은 지난 10일 싱가포르 일간 <스트레이트타임스> 등에 의해 보도됐다.	 백인계로 알려진 해커들은 싱가포르 동부 소재 중등학교 1학년 온라인 수업이 진행 중인 모듈에 침입해 이 같은 일을 저질렀다.	이들은 음란 사진 전송 외에 일부 학생에게 성적 행위를 요구하는 채팅까지 진행한 것으로 알려졌다.	 싱가포르는 코로나19 재확산 조짐에 현재 이달 8일부터 온라인 수업을 진행 중이다.	앞서 대만 정부를 비롯해 미국 일부 기업들도 줌을 이용한 화상회의나 주요 자료 전송을 제한하고 있는 상황이다.	 국내에서도 온라인 수업이나 일부 기업체가 줌을 이용하고 있는데, 이에 대한 보안 우려가 제기되고 있는 상황이다.	 줌은 최근 페이스북 출신을 보안 총괄 담당으로 영입하는 등 사태 해결에 나서고 있지만 우려의 시선을 잠재울 수 있을지는 미지수다."
