0,"“점포 계산기로 신고”…편의점업계, 아동학대 신고·예방 앞장--0",편의점업계가 경찰청과 손잡고 아동학대 예방 캠페인에 나선다.	 최근 경남 창녕에서 아동학대 피해 어린이가 편의점에서 구조된 일을 계기로 전국 단위 점포망을 갖춘 편의점이 최적의 공익 활동 공간으로 주목받고 있다.	 CU는 점포 계산기에 아동학대 긴급신고 기능을 추가했다.	 앞으로 점포 인근에서 아동학대 의심 상황이 목격되면 계산기에 신고 버튼을 눌러 신속히 경찰에 알릴 수 있다.	  이마트24는 아동학대에 대한 고객 경각심을 불러일으키기 위해 아동학대 신고 포스터를 매장 출입구에 부착하고 계산대 모니터에 캠페인 이미지를 지속 노출한다.	 GS25는 학대 피해 아동이 회복할 수 있도록 심리치료 프로그램 비용을 지원할 예정이다.	 세븐일레븐은 자체브랜드 상품에 아동학대 예방 문구를 넣는 ‘도담도담 캠페인’을 전개한다.	 우선희 세븐일레븐 상생담당매니저는 “편의점이 가진 촘촘한 사회적 인프라를 활용해 아동학대를 예방하고 보다 안전한 사회를 만드는데 보탬이 되고자 노력할 것”이라고 했다.	     / -	 Copyrights ⓒ  무단 전재 및 재배포 금지 -
1,[TV북마크] ‘실화탐사대’ 성추행·강간·협박에도 소년범 솜방망이 처벌→공분--0,"8일 방송한 MBC ‘실화탐사대’가 어머니의 시신을 방치한 채 살아가는 남자와 고등학생에게 성 착취 등의 협박을 당해온 13세 소녀의 안타까운 사연으로 눈길을 끌었다.	제작진은 노모가 사망한 후 약 한 달이 지나도록 장례를 치르지 않고 있다는 한 남성을 찾았다.	 그는 어머니가 돌아가신 후 여자 원피스를 입고 돌아다니거나 인근 식당에서 무전취식을 하는 등 기이한 행동을 일삼았다.	 심지어 집안에 온갖 쓰레기를 모아둔 탓에 악취와 벌레가 들끓어 이웃들의 피해가 이만저만 아니었다.	 지적 장애를 가진 그의 이러한 행동에는 나름의 이유가 있었다.	 그는 집안을 가득 채운 쓰레기들이 대부분 ‘엄마의 물건’이라며 버리고 싶지 않다고 밝혔다.	 그가 입고 다니던 원피스 역시 엄마의 옷이었다.	 아들은 “엄마 생각나서.	 엄마 보고 싶어서”라며 돌아가신 엄마의 흔적을 차마 지우지 못하는 속내를 드러냈다.	 또한 장례를 치르지 못한 이유는 비용을 지불할 능력이 없어서라고 털어놨다.	 그가 지적 장애를 가졌음에도 도움을 받을 수 없는 이유는 장애 등급 때문이었다.	 주민 센터 관계자는 “장애인 연금 신청을 하려면 중증이어야 하는데, 이 분은 신청할 수 있는 등급이 아니”라고 설명했다.	 복지 사각지대에 놓인 그는 어머니에게 배운 대로 교회, 무료 급식소 등을 전전하며 가끔 식사를 제공해주는 이웃들의 도움에 기대고 있었다.	안타까운 사정에 처한 그를 위해 다행히 관계 기관이 나섰다.	 덕분에 어머니의 장례는 무사히 치러졌다.	 관할 구청과 주민 센터 역시 그의 자립을 돕겠다고 약속했다.	 주거 환경 개선을 위해 청소 업체도 나섰다.	 이성규 한국장애인재단 이사장은 “발달 장애 3급이면, 일상생활이 가능하도록 반복적으로 교육하고 적응 훈련을 시키면 될 것 같다”며 홀로서기가 불가능한 일이 아님을 밝혔다.	 ‘실화탐사대’는 지속적인 관리 감독이 가능한 제도 보완의 필요성을 강조하며 그의 앞날을 응원했다.	이날 ‘실화탐사대’ 두 번째 사연은 고등학생에게 온갖 협박을 당한 13살 소녀 은경의 이야기였다."
2,[TV북마크] ‘실화탐사대’ 성추행·강간·협박에도 소년범 솜방망이 처벌→공분--1," 평범했던 소녀 은경이는 어느 날 장난삼아 인터넷 사이트에 영상 하나를 올렸다 난처해졌다.	 생각했던 것과 다르게 영상에 수많은 구애의 댓글이 달리자 은경이는 영상이 장난이었음을 고백하며 급히 사태를 수습하고자 했다.	 하지만 은경이의 SNS를 통해 개인정보를 확보한 한 고등학생은 협박을 시작했다.	가해자는 영상통화를 통해 음란행위를 시켰고, 이를 빌미로 은경이를 자신의 집으로 유인해 유린하거나 돈을 요구하기도 했다.	 자신을 놔달라고 애원하는 아이에게 다른 여자를 데리고 오면 놓아주겠다는 황당한 요구까지 늘어놨다.	 결국 경찰에 체포된 가해자의 혐의는 성추행, 강간, 협박 등 모두 5가지에 달할 정도로 심각했다.	공분을 일으킨 것은 가해자에 대한 솜방망이 처벌이었다.	 은경의 가족들은 ‘형사 재판’이 진행되면서 가해자에게 7년 이상의 형이 구형될 것이라고 생각했다.	 그런데 무슨 이유에선지 사건은 갑자기 ’소년 보호 재판’으로 이관됐고, 가해자는 전과 기록조차 남지 않는 소년원 보호 처분을 받는 데 그쳤다.	 가해 학생이 모범생이고, 초범이며, 재범의 우려가 적고, 진심으로 반성하고 있다는 것이 그 이유였다.	 은경이는 아직도 두려움에 떨고 있었고, 은경이의 어머니는 눈물을 흘리며 억울함을 호소하고 있다.	관련 전문가들 역시 “성폭행 피해자가 죗값을 물어달라고 이야기하는데 누가 이 가해자의 장래를 생각할 수 있는가.	 그럼 피해자는 형사 사건에서 전혀 필요 없는 존재인가”, “이건 성범죄고 그 대상이 자기 또래도 아니고 초등학생을 대상으로 했다는 건데 한 아이의 인생을 완전히 나락으로 떨어뜨린 대가치고는  너무나 솜방망이”라며 부당한 처벌에 분노했다.	현재 검찰은 이 판결이 타당하지 않다며 서울고등법원에 항고했다.	 ‘실화탐사대’ 박지훈 변호사는 “소년범의 재범률이 무려 90% 이상에 달한다.	 솜방망이 처벌 때문에 재범률이 높다고 단정 지을 수 없지만, 관대한 처분이 소년범들의 경각심을 일으키지 못하는 하나의 사실”이라고 지적했다.	 동아닷컴     / -	 Copyrights ⓒ  무단 전재 및 재배포 금지 -"
3,"[속보] 中하이난 다녀온 관악구 30대 사망자 남성, 코로나19 음성 판정--0","중국을 다녀온 뒤 사망한 30대 한국인 남성이 코로나19 검사 결과 음성으로 판정됐다.	질병관리본부는 18일 오후 “관악구 30대 남성 사망 관련 코로나19 검사 결과 음성 판정”이라고 전했다.	이날 오전 9시 7분경 서울 관악구에 사는 A 씨가 의식과 호흡이 없다는 신고를 받고 119를 통해 한림대학교 강남성심병원으로 옮겨졌으나 오전 10시 30분경 사망했다.	A 씨는 폐에서 각혈이 발견되고 폐렴 증상을 보였으며 지난달 중국 하이난성을 다녀온 것으로 알려져 코로나19로 사망한 것 아니냐는 우려가 있었다.	 이 환자가 코로나19 음성으로 판정되면서 아직까지 국내에서는 코로나19로 사망한 환자는 없다.	 질병관리본부에 따르면 국내에서는 산소마스크로 산소 치료를 받는 환자 외에는 모든 환자가 경증인 상태다.	A 씨에 대해서는 사망 직전인 오전 9시 50분경 영등포보건소에서 검체를 체취했으며, A 씨를 접촉했던 119구급대원과 경찰관들도 현재 격리됐다.	 A 씨의 가족인 형도 자가격리됐다.	A 씨는 지난달 9~11일 일정으로 중국 하이난성에 가족여행을 다녀왔다.	세계보건기구 상황보고서에 따르면 중국 남쪽에 있는 휴양지인 하이난성에서는 이달 17일 기준 코로나19 확진자가 162명 발생했고 이중 4명이 사망했다.	동아닷컴 온라인뉴스팀  -	 Copyrights ⓒ  무단 전재 및 재배포 금지 -"
4,[종합] 텔레그램 n번방 ‘박사’ 조주빈 신상공개…동료 “조용한 아이였는데”--0,"‘텔레그램 n번방’ 사건의 핵심 용의자인 ‘박사’ 조모 씨의 신상이 공개됐다.	SBS는 23일 오후 ‘텔레그램 n번방’의 ‘박사’ 조 씨에 대해 인천의 한 전문대를 졸업한 조주빈이라고 단독 보도했다.	 정보통신을 전공한 조주빈은 재학 당시 학보사에서 편집국장으로 활동하기도 했다고.	 4학기 중 3학기에서 평균 학점 4.0을 받으며 우수한 편에 속했던 것으로 전해졌다.	SBS와의 인터뷰에서 조주빈의 학보사 동료는 “어디서나 볼 수 있을 법한 조용한 아이였다”면서 “내가 알고 지냈던 사람이 박사였다니 일차적으로 먼저 소름이 돋았다”고 말했다.	‘텔레그램 n번방’ 사건은 2019년 2월부터 수십여 명의 여성을 협박하여 성 착취 영상물을 찍게 하고, 이를 텔레그램을 통해 판매한 디지털 성범죄 사건.	 핵심 용의자는 영상을 1번방부터 8번방까지 8개의 채팅방에서 판매한 n번방의 ‘갓갓’과 입장 금액에 따라 채팅방 등급을 나눈 박사방의 ‘박사’다.	박사방의 경우 공식적으로 확인된 피해 여성만 74명이며 이가운데 미성년자가 16명 포함됐다.	 조주빈은 아르바이트 등을 미끼로 피해자들을 유인, 얼굴이 나오는 나체 사진을 받아낸 후 이를 빌미로 성 착취물을 촬영하도록 협박하고 박사방에 유포한 혐의를 받고 있다.	 조주빈은 유료 대화방을 운영하며 후원금 명목으로 암호화폐를 받은 후 유료회원을 입장시켜 성 착취물을 제공한 것으로 파악됐다.	경찰은 지난 19일 ‘박사’ 조주빈을 비롯해 총 4명을 검거하고 구속했다.	 SBS ‘그것이 알고싶다’ 측은 21일 방송과 SNS 계정을 통해 19일 영장실질심사에 출석한 당시의 조주빈의 얼굴을 공개했다.	 마스크로 얼굴을 가렸지만 눈과 헤어스타일 등이 드러난 사진이었다.	 ‘박사’의 신상을 공개하고 그를 포토라인에 세워달라는 국민청원이 230만을 넘어선 가운데 23일 SBS 뉴스를 통해 조주빈의 신상이 공개됐다.	SBS가 단독 보도로 선공개했지만 공식적으로 조주빈의 신상정보 공개 여부는 오늘 결정된다.	 범죄자 신상 공개 여부를 결정하는 신상정보공개심의위원회는 경찰 3명과 외부위원 4명으로 구성되며 위원 7명은 다수결로 범죄자의 신상 공개 여부를 결정한다.	한편, 경찰은 또 다른 텔레그램 채팅방 ‘n번방’의 운영자로 알려진 ‘갓갓’ 검거를 위해 수사망을 좁히고 있는 것으로 전해졌다.	동아닷컴     / -	 Copyrights ⓒ  무단 전재 및 재배포 금지 -"
5,[DA포토]개그우먼 박지선 사망.. 자택 들어서는 앰뷸런스 차량--0,"개그맨 박지선이 모친과 자택에서 숨진 채 발견됐다.	 2일 오후 앰뷸런스 차량이 박지선의 자택으로 이동하고 있다.	경찰은 박지선과 그의 모친이 극단적인 선택을 한 것으로 추정하며 정확한 사망 경위를 조사 중이다.	 ※우울감 등 말하기 어려운 고민으로 전문가의 도움이 필요하면 자살예방 핫라인 1577-0199, 자살예방 상담전화 1393, 희망의 전화 129, 생명의 전화 1588-9191, 청소년 전화 1388 등에서 24시간 상담을 받을 수 있습니다.	동아닷컴     / -	 Copyrights ⓒ  무단 전재 및 재배포 금지 -"
6,[종합] ‘실화탐사대’ 약사 유튜버 약쿠르트 최초 심경 “구독자들에게 죄송” (전문)--0,"훈남 약사 유튜버로 유명한 약쿠르트 박모 씨가 사생활 논란에 최초 심경을 밝혔고, 피해 여성들은 울분을 토했다.	 27일 MBC ‘실화탐사대’에서는 성병을 옮긴 의혹을 받는 훈남 약사이자 인기 유튜버 약쿠르트 박 씨 사생활 논란을 집중 조명했다.	약쿠르트 박 씨 전 여자친구 정다정 씨는 “외모로만 보고 좋아했다면 연예인을 좋아해겠지만, 그 사람이 좋은 행동을 하고 공익적인 일을 해왔던 모습, 그 모습을 더 좋아했기에 배신감이 컸다”고 말했다.	정다정 씨가 약쿠르트 박 씨를 알게 된 것은 유튜브 채널을 구독하면서부터다.	 정다정 씨는 “그 사람이 두 달 동안 새벽에 일어나서 의미 있는 일을 하자고, 좋은 취지로 실시간 방송을 했엇다.	 ‘여러분 잘 일어났어요’라며 친근감 있고 소탈 모습에 경계심이 허물어졌다”고 말했다.	유명인답지 않게 소탈한 모습, 유기견 봉사와 마스크 기부 등 좋은 일을 하는 약쿠르트 박 씨에 호감이 생겼다는 정다정 씨.	 그렇기에 첫만남부터 통하는 부분이 많았다.	 하지만 행복한 순간도 잠시였다.	 갑자기 약쿠르트 박 씨로부터 황당한 연락을 받았다고.	 정다정 씨는 “갑자기 뜬금없이 ‘너도 알고 있지?	’라고 연락이 왔다.	 ‘너한테 부끄러워서 얼굴을 들 수 없고, 고마웠다’는 메시지였다”고 말했다.	 이런 연락이 온 이유는 알고 보니 온라인에 올라온 폭로 글 때문이었다.	 정다정 씨는 덜컥 겁이 났다.	 폭로 글 속 여성과 같은 증상이 나타났기 때문.	 정다정 씨는 “그 부분도 되게 아팠다.	 처음 느껴보는 증상이었다.	 따갑고, 쓰린 마치 화상을 입은 듯 했다.	 물에 닿으면 화상 입은 곳이 쓰리고 아프지 않냐."
7,[종합] ‘실화탐사대’ 약사 유튜버 약쿠르트 최초 심경 “구독자들에게 죄송” (전문)--1," 그 증상이 너무 심해 물이나 커피를 마시고 싶어도 무서워서 못 마시겠더라.	 너무 고통스러워서”라고 말했다.	걱정스러운 마음에 산부인과를 찾은 정다정 씨도 성병에 감염된 사실을 알게 됐다.	 해당 성병은 태아에게도 영향을 미칠 수 있고, 불치병으로 알라졌다.	 정다정 씨는 무너져 내렸다고.	 정다정 씨는 “평생 죽을 때까지 가져가는 병 아니냐.	 앞으로 내가 만날 가족이나 그 사람들한테 피해 줄 수 있는 부분이 아니냐.	 그게 너무 괴롭다.	 그래서 용서할 수 없다”며 눈물을 보였다.	이런 정다정 씨한테 약쿠르트 박 씨는 “그런데 원인인 나인 것 같다.	 정말 도의적으로 다 책임을 다할게.	 정말 몰랐다”고 했다.	이에 ‘실화탐사대’ 제작진은 폭로 글을 쓴 여성 김은별 씨를 찾았다.	 김은별 씨와 약쿠르트 박 씨는 정다정 씨와 사귀기 전 4개월간 만났던 사이라고 한다.	 김은별 씨가 1년 전 똑같은 검사를 받을 당시 음성 판정을 받았지만, 약쿠르트 박 씨를 만난 이후 양성 판정을 받았다.	 김은별 씨는 “관계를 2년 만에 가졌는데, 가진 게 그 사람이다”라고 말했다.	그리고 결정적으로 성병 검사를 받게 된 이유도 약쿠르트 박 씨 때문이다.	 김은별 씨는 “그 사람이 먼저 ‘나 밑에 난리가 났다’, ‘헤르페스가 올라온 것 같다’고 했었다.	 그래서 내가 놀라서 ‘병원 가야 하는 거냐’고 물었다.	 그러니까  ‘웬만한 사람 다 있고 치료약은 없다’고 했었다”며 “살면 처음 느끼는 통증이다."
8,[종합] ‘실화탐사대’ 약사 유튜버 약쿠르트 최초 심경 “구독자들에게 죄송” (전문)--2," 칼로 난도질하는 느낌이다.	 하얀 물이 막 흐른다.	 내 의지가 아닌데 하얀 물이 뚝뚝 떨어진다”고 말했다.	약쿠르트 박 씨는 김은별 씨한테 성병을 옮긴 것도 모자라 새롭게 만난 정다정 씨한테 성병을 옮겼다.	 성병을 인지한 상태에서도 어떤 조치를 하지 않고 관계를 가진 행위는 직업 윤리에 어긋나는 짓이라고 전문가는 지적했다.	 특히 약쿠르트 박 씨는 여성 건강을 강조했던 인물이라는 점에서 피해 여성들은 분노했다.	김은별 씨는 “여성들 위해 약을 추천해던 인물이다.	 여성을 아끼고 위해주는 사람인 줄 알았다.	 그런데 자신과 만나는 여성에게는 이런 식으로, 안전 장치 없이 하는 게 좀.	 내가 고통스러워하는 걸 알면서도 2차 피해를 했다는 게 너무 무섭다”고 말했다.	이에 ‘실화탐사대’ 제작진은 약쿠르트 박 씨를 찾았다.	 하지만 약쿠르트 박 씨 약국을 지인에게 맡기고 출근을 하지 않고 있다.	 그런 상황에서 최근 약쿠르트 박 씨가 입장을 밝혔다.	 두 번의 비뇨기과 검사 결과, 자신은 헤르페스 음성 판정을 받았다고.	 이상한 점은 방송에서 그가 헤르페스 1형 보균자임을 밝혔다는 점이다.	 하지만 약쿠르트 박 씨가 검사한 것은 소변검사였다.	 전문의는 소변검사로 검사를 진행할 변별력이 떨어진다고 이야기했다.	 증상이 있을 때 검체를 채취해 검사해야 정확하다는 것이다.	이런 가운데 또 다른 피해 여성이 나왔다.	 박초롱 씨는 “여자친구가 있다는 소리를 한 적이 없었다”며 여자친구가 있음에도 자신을 만났다고 주장했다."
9,[종합] ‘실화탐사대’ 약사 유튜버 약쿠르트 최초 심경 “구독자들에게 죄송” (전문)--3," 그러면서 약쿠르트 박 씨와통화한 내용을 공개했다.	 통화 속 약쿠르트 박 씨는 “만나지도 않은 사람한테 일일이 말하기도 그렇다.	 여자친구 있다는 말이 좀 그렇다”고 말했다.	 확인 결과 정다정 씨한테 보낸 일상 사진을 박초롱 씨에게도 보냈다.	박초롱 씨는 “손발이 그렇게 덜덜덜 떨린 것 태어나서 처음이다.	 덤프트럭이 급좌회선을 해서 내가 간신히 살아 남은 느낌이다.	 너무 충격적이라 아무것도 할 수 없었다”고 말했다.1차 폭로 글 이후 김은별 씨한테 약쿠르트 박 씨로부터 연락이 왔었다.	 김은별 씨는 “글 올린지 30분도 안 돼 약쿠르트 박 씨로부터 전화가 왔다.	 전화를 받지 않으니 계속 연락이 왔었다.	 ‘집에 찾아오면 경찰에 신고하겠다’고 하니 ‘경찰 불러봐라 나 자살할 것 같다’고 했다”고 말했다.	 급기야 집도 찾았다.	 김은별 씨는 “너무 무섭더라.	 그 사람이 밖에서 죽겠다고 하니 너무 무서워서 글을 내린 것”이라고 말했다.	 정다정 씨 역시 “‘나 너무 억울하다, 꽤심하다’ 식으로 말하더라.	 너무 당황스러웠다.	 내 걱정은 1도 없더라”고 이야기했다.	이후 ‘실화탐사대’ 제작진은 겨우 약쿠르트 박 씨를 만나 그에게 심경을 물었다.	 약쿠르트 박 씨는 “얘기하고 싶지 않다.	 헤르페스가 별개 아닌 것은 아니다.	 대화 상황에서는 무마시키기 위해서 그렇게 말한 것”이라며 “소변검사에 대해서는 약을 먹고 있어서 이후에 다시 재검사를 받겠다."
10,[종합] ‘실화탐사대’ 약사 유튜버 약쿠르트 최초 심경 “구독자들에게 죄송” (전문)--4," 구독자와 시청자들에게 미안하다”고 자리를 떠났다.	 피해 여성들에게 사과 한 마디 없었다.	이런 약쿠르트 박 씨 태도를 보면서 피해 여성들은 울분을 토했다.	 김은별 씨는 앞으로 만나게 될 사람에 대한 죄책감을 언급하기도 했다.	 정다정 씨는 약쿠르트 박 씨 태도에 대한 분노를 드러냈다.	 스튜디오에서 모든 상황을 지켜보던 MC들도 경악과 분노를 반복했다.	 방송 직후 온라인에서도 약쿠르트 박 씨를 향한 비판의 목소리가 이어졌다.	 안녕하세요.	약사이자 유튜버 약쿠르트입니다.	 가장 먼저 저로 인해 상처를 입은 당사자분께 진심으로 사과의 말씀 드립니다.	 또한 제 사생활로 인해 물의를 일으키고 구독자분들께 큰 실망을 안겨드려 죄송합니다.	저는 이번 일을 당사자들과 개인적으로 마무리하고 싶었습니다.	 또한 당사자들과 제 가족, 지인 등에게 2차 피해가 생기는 걸 막고자 섣불리 제 입장을 표명하기보다 모든 채널을 닫고 조용히 있는 쪽을 택했습니다.	하지만 사실 여부를 파악하지 않은 기사들이 올라오며 생각보다 큰 이슈가 되었고 이는 오히려 많은 억측과 잘못된 정보 악성루머들이 생산되는 결과를 초래하였습니다.	그동안 저는 정확한 사실을 전달하기 위해 병원에서 검사를 하고 자숙의 시간을 가졌습니다.	빠르게 해명하지 못하고 기다리게 해드린 점 죄송합니다.	 제가 잘못한 부분들을 인정하며 그에 대한 사과와 함께 사실과 다른 부분, 저의 입장 등을 밝히고 싶습니다.	 더이상 상황이 악화되지 않고 당사자들과 그분들과 연결된 지인분까지 상처받는 분들이 없길 바라며 제 개인 유튜브 채널에 글을 올립니다.	당사자들은 제 또래의 여성분들로서 개인 SNS를 통해 응원의 메시지를 주고 받고, 약국에서의 상담을 통해 알게 된 사이었습니다.	 그분들과 연락을 주고 받으며 좋은 감정 또한 있었지만 서로의 생활패턴과 성격 등이 맞지 않아 깊은 연인관계로 발전하지는 못했습니다."
11,[종합] ‘실화탐사대’ 약사 유튜버 약쿠르트 최초 심경 “구독자들에게 죄송” (전문)--5,"저는 유튜버로서 그간 여러 매체에 출연했습니다.	 공익을 전파하는 입장과 다르게 건강과 안전에 대한 경각심 없이 당사자들과 적절치 못한 관계를 맺은 점 죄송합니다.	 제 유튜브 채널과 SNS에서 보여지는 것과 다른 행동을 한 저로 인해 당사자분들은 큰 상처를 받았을 것으로 생각합니다.	 죄송합니다.	그분들은 저와 관계 후 성병 검사를 하였고 헤르페스와 유레아플라즈마가 검출되었다고 평생 보유하며 살아가야 한다는 글을 올렸습니다.	 부끄럽지만 저는 이 일이 있기 전까지 성병 검사인 STD 검사를 받은 적이 없습니다.	 그래서 우선 성병 여부를 정확히 알아보기 위해 병원을 찾아 검사를 받았습니다.	그 결과, 가드넬라, 유레아플라즈마는 양성, 헤르페스 1형, 2형은 음성판정을 받았습니다.	혹시나 하는 마음에 다른 병원을 통해 재검사를 받았으며 이 전 검사와 동일한 판정을 받았습니다.	건강과 보건을 책임지는 약사로서 경각심을 갖지 않고 주기적으로 검사를 받지 않았던 점, 피임에 대해 부주의했던 점, 상대 여성이 놀란 상황을 별일 아닌 것으로 안일하게 생각했던 점 제 불찰이고 잘못입니다.	 그렇지만 의도적이고 악의적인 목적으로 성병을 옮기려 한적이나 강제적인 성관계는 없었습니다.	좀 더 진심으로 소중히 대해주지 못한 점 죄송합니다.	 제 행동의 앞과 뒤가 달랐던 점에 대해 큰 죄책감을 느끼고 반성하고 있습니다.	 잘못한 부분에 대해서 당사자들에게 진심으로 죄송합니다.	 법적인 대응은 고려하고 있지 않습니다.	추가로 언론이나 메신저, 인터넷 등을 통해 신상을 유추할 수 있는 정보나 악의적인 루머, 기사 등이 공개되지 않도록 자제 부탁드립니다.	 더불어 글을 올린 여성분들의 신상을 파악하거나 추론하는 일도 없기를 바랍니다.	 명예훼손에 해당하는 루머와 댓글, 기사 등은 현재 수집 중입니다.	 그분들께 추가적인 피해가 없도록 진심으로 부탁합니다.	걱정해주신 분들께 감사인사드리며 실망시킨 제 구독자 및 주변 분들, 관계자분들에게 사과의 말씀 올립니다."
12,[종합] ‘실화탐사대’ 약사 유튜버 약쿠르트 최초 심경 “구독자들에게 죄송” (전문)--6," 지금까지도 너무 과분한 사랑과 관심을 받았다고 생각합니다.	 제 분에 맞지 않는 사랑을 받아 자만했고, 겸손하지 못한 행동으로 더 큰 질타를 받고 있다 생각합니다.	지금껏 좋아해 주신 분들, 제 안위를 걱정해주신 분들 정말 감사드립니다.	 저는 앞으로 유튜브를 비롯한 각종 외부활동을 중지하며 제 행동에 따른 죄책감을 느끼고 관련된 분들에게 사죄하고 반성하며 살겠습니다.	 다시 한 번 진심으로 죄송합니다.	﻿동아닷컴     / -	 Copyrights ⓒ  무단 전재 및 재배포 금지 -"
13,"여의도 칼부림, 흉기 난동→극단적인 선택--0","여의도 칼부림, 흉기 난동→극단적인 선택여의도 칼부림 사건이 발생했다.12일 오전 9시15분께 서울 영등포구 여의도의 한 건물의 지하 식당에서 50대 여성 A씨가 30대 남성 B씨를 흉기로 찌르는 사건이 일어났다.	이날 서울 영등포경찰서와 소방당국 등에 따르면 A씨는 이 여의도 식당에서 함께 일했던 B씨를 흉기로 찌른 뒤 스스로 극단적인 선택을 한 것으로 알려졌다.	 A씨는 칼부림 후 현장에서 숨진 채 발견됐다.	 피해 남성 B씨는 복부에 자산을 입은 채 인근 병원으로 옮겨졌다.	경찰은 ‘여의도 칼부림’ 사건의 범행 동기 등 정확한 사건 경위를 조사하고 있다.	동아닷컴    -	 Copyrights ⓒ  무단 전재 및 재배포 금지 -"
14,운전면허증 스마트폰에 담는다…디지털 신분증 상용화--0,"이제 편의점에서 주류 등을 구매할 때 신분 확인을 모바일로 할 수 있다.	 이동통신 3사와 경찰청은 ‘패스’ 인증 애플리케이션을 이용해 온·오프라인에서 운전 자격과 신분을 증명하는 ‘패스 모바일운전면허 확인서비스’를 24일 선보인다.	 국내 최초 디지털 공인 신분증을 상용화하는 사례다.	 패스 모바일운전면허 확인서비스는 편의성이 우수하며, 가입자 3000만 명을 돌파한 패스를 기반으로 해 빠른 확산이 가능하다.	 사용자 본인 명의의 스마트폰 1대에 1개 통신사를 통해서만 이용 가능하고, QR코드와 바코드가 표출되는 화면에 캡처 방지 기술을 적용했다.	 기본 화면에는 운전면허증 사진, 인증용 QR코드 바코드만 노출돼 생년월일, 주소 등 개인정보의 불필요한 노출을 최소화했다.	  개인정보 보호와 위·변조 방지를 위해 다양한 첨단 보안기술도 활용했다.	 패스 앱에 운전면허증 등록 시 본인 회선 명의 인증과 기기 점유 인증을 거치며, 운전면허증 사진과 면허번호, 식별번호의 진위 여부도 동시에 확인한다.	 특히 블록체인 기술로 패스 서비스와 경찰청 운전면허 시스템을 연동해 경찰청과 도로교통공단에 등록된 실제 면허증 사진이 앱에도 등록돼 타인의 사진이나 정보로 면허증을 위·변조하려는 시도를 효율적으로 차단할 수 있다.	 패스 모바일운전면허 확인서비스는 우선 전국 CU, GS25 편의점 전매장에서 미성년자 확인을 위한 신분증으로 활용되며, 7월부터는 전국 27개 운전면허시험장에서도 운전면허증처럼 사용할 수 있다.	 경찰청은 교통경찰 검문 등 일선 경찰행정에 적용하는 방안을 검토 중이며, 렌터카 및 공유 모빌리티 업계 역시 적용을 고려하고 있다.	    / -	 Copyrights ⓒ  무단 전재 및 재배포 금지 -"
15,텔레그램 박사방 운영자 ‘조주빈’ 얼굴 공개 “악마의 삶 멈춰줘 감사” [포토화보]--0,"‘텔레그램 n번방 사건’에서 ‘박사장’이라는 이름으로 운영한 조주빈이 25일 처음 얼굴을 드러냈다.	 이날 오전 아동·청소년의 성보호에 관한 법률 위반 등 혐의로 구속된 조씨를 기소의견으로 검찰에 송치했다.	서울 종로경찰서 유치장에 입감됐던 조주빈은 이날 오전 8시쯤 목에 보호대를 차고 마스크를 쓰지 않은 채 경찰서를 나섰다.	조주빈은 “저에게 피해를 입은 모든 분들께 진심으로 사죄한다.	 멈출 수 없었던 악마의 삶을 멈춰줘서 감사하다”고 말했다.	조주빈은 미성년자를 SNS 등으로 돈을 벌게 해주겠다고 한 뒤 이들의 얼굴이 나온 나체 사진을 찍어 협박, 가학적인 성행위 콘텐츠를 요구했다.	  경찰은 조주빈을 포함해 총 124명을 검거, 18명을 구속했다.	 조주빈은 아르바이트를 미끼로 피해자들을 유인해, 얼굴이 나오는 나체사진을 받아내 이를 빌미로 성 착취물을 찍도록 협박한 혐의를 받고 있다.	 피해여성만 최소 74명이며 이 중 16명이 미성년자인 것으로 파악하고 있다.	서울지방경찰청은 24일 조주빈에 대한 신상정보 공개 결정을 내렸다.	서울청은 “피의자는 불특정 다수의 여성을 노예로 지칭하며 성 착취 영상물을 제작·유포하는 등 범행 수법이 악질적·반복적이다.	 아동·청소년을 포함해 피해자가 무려 70여명에 이르는 등 범죄가 중대할 뿐 아니라 구속영장이 발부되고 인적·물적 증거가 충분히 확보됐다”며 이같이 결정했다.	동아닷컴     / -	 Copyrights ⓒ  무단 전재 및 재배포 금지 -"
16,[신간] 사주 음양오행을 디자인하다 “아침이 되었다고 밤이 사라진 것은 아니다”--0,"사주명리학자 최제현의 다섯 번째 저서 ‘사주 음양오행을 디자인하다’는 우리 주변에서 흔히 일어나는 사건 사고와 자연현상을 음양으로 쉽고 간결하게 이야기하고 있다.	 사주명리를 인문학, 과학과 결합해 재미와 깊이를 함께 잡은 책이다.	저자 최제현은 서울경찰청에서 경찰공무원으로 근무한 독특한 이력을 갖고 있다.	 2006년 온라인카페 ‘최제현의 사주이야기’를 개설했으며 같은 해 ‘제현 음양연구소’를 설립했다.	 2009년 ‘균형사주’를 발표했고, 2007년부터 2012년까지 ‘오늘의 운세’와 사주칼럼을 연재했다.	 주 6회씩 5년간 1500여 회에 이르는 경이적인 연재기록이었다.	 2016년 안중근 장학회로부터 대한민국 대상을 수상했다.	음양은 형태적인 모습과 본질적인 성질이 늘 함께 존재한다.	 형태적인 모습은 겉으로 보이는 성향이고, 본질적인 성질은 내면에 감춰진 실제적인 성향이라 할 수 있다.	저자는 이 책을 통해 “음양오행의 본질은 보이지 않는 것에 대한 이해가 있을 때 더욱 명확해진다.	 모든 사물의 형태는 단순히 ‘있음’과 ‘없음’이 아니다.	 ‘있음’과 ‘없음’은 변화의 과정으로 아침이 되었다고 밤이 사라진 것이 아니라 밤은 아침에 의해 변화되었을 뿐이다.	 따라서 이 변화는 본성의 변질이 아닌 위치의 변동일 뿐이다.	 음양은 위치만 변할 뿐 본성은 변화되지 않는다”라고 밝히고 있다.	     / -	 Copyrights ⓒ  무단 전재 및 재배포 금지 -"
17,"장충동 앰배서더 호텔 화재, 연기 마신 투숙객 병원行--0","그랜드 엠버서더 호텔에서 불이 났다.26일 오전 4시 51분께 서울 중구 장충동 그랜드 엠버서더 호텔에서 불이나 연기를 들이마신 투숙객과 호텔직원 37명이 병원으로 옮겨졌다.	 연기를 마신 투숙객들은 크게 다치지 않은 것으로 알려졌다.	소방당국에 따르면 불이 난 지 약 2시간 만인 오전 6시 33분께 큰불은 잡혔으며 현재 연기를 빼는 작업을 진행 중이다.	불은 호텔 지하 1층에서 시작됐고, 투숙객과 직원 등 약 600명이 대피했다.	경찰과 소방당국은 진화 작업이 완료되는 대로 정확한 화재 원인을 조사할 계획이다.	동아닷컴 온라인뉴스팀  -	 Copyrights ⓒ  무단 전재 및 재배포 금지 -"
18,‘탐사보도 세븐’ 조주빈의 이중생활…덫에 걸린 VIP들--0,"TV조선 <탐사보도 세븐>에서는 텔레그램 성 착취 사건 ‘박사방’의 운영자, 조주빈의 이중생활과 유명인들을 상대로 한 사기 행각에 대해 집중 취재한다.3월 텔레그램 성 착취 사건 ‘박사방’의 운영자 조주빈이 검거됐다.	 박사방을 운영하며 봉사활동을 다닌 이중적인 모습과 유명인들에게 사기를 친 사실까지 포착됐다.	 평범한 20대 청년이었던 그는 어떻게 언론사 사장과 전 광역시장에게 접근할 수 있었을까.	“교회 오빠 같은 순수한 청년이었어요.	” 조주빈이 검거 직전 다녀간 단골 미용실 주인은 그가 성범죄자 ‘박사’와 다른 모습이었다고 한다.	 대학을 우수한 성적으로 졸업했고, 경찰과 함께 보이스피싱 인출책을 검거하여 경찰 감사장을 수상했던 조주빈.	 군대 전역 이후에는 60여 차례의 봉사활동을 하며 한 봉사 단체의 팀장 직까지 맡았다.	 조주빈을 기억하는 이웃들은 그가 여느 20대 청년들보다 더 예의 바르고 순수한 모습이었다고 말한다.	 평범한 스물다섯 살 청년 조주빈, 무엇이 그를 괴물로 만들었을까.	제작진은 조주빈의 범행 이유를 찾기 위해 그의 온라인 행적을 취재했다.	 포털사이트에 올렸던 470여 건의 지식 답변, 유명인들의 관상을 분석하던 개인 사이트.	 범죄 심리 전문가들은 조주빈의 행동에 공통점이 있다고 말한다.	 조주빈이 잔혹한 성범죄자가 된 이유는 무엇일까.	 제작진은 어렵게 만난 조주빈의 변호인에게 지금껏 드러나지 않았던 그의 범행 이유를 들을 수 있었다.	조주빈이 검찰송치 전 포토라인에 서서 손석희 사장, 윤장현 전 광주시장,  를 언급했다.	 조사 결과 이들에게 사기를 쳐 총 수천만 원에 달하는 돈을 갈취한 것으로 확인됐다.	 2017년 일어난 손석희 사장의 접촉사고 취재 과정에서 협박, 폭행 논란 등으로 분쟁 중인 손 사장과  에게는 접촉사고 CCTV 영상을 빌미로, 공직선거법 위반으로 재판 중이던 윤장현 전 시장에게는 방송에서 해명할 기회를 주겠다며 접근했다.	 조주빈은 20년 차 기자와 전 광역시장을 어떻게 믿게 만들었을까.	 이 과정에 공통적으로 손석희 사장이 있었다는 뜻밖의 사실이 드러났다.	 윤장현 전 시장의 한 관계자는 윤 시장이 조주빈의 말에 따라 서울에 간 날 손석희 사장과 직접 만났다고 증언한다."
19,‘탐사보도 세븐’ 조주빈의 이중생활…덫에 걸린 VIP들--1," 피해자라던 손석희 사장과 조주빈은 어떤 관계일까.	지난 2017년 4월 과천시의 한 교회 주차장에서 손석희 사장의 차가 견인차를 들이받는 접촉사고가 일어났다.	 사고 현장에 있었던 견인차 기사는 “도망치는 손 사장의 차를 막아 세운 뒤에야 차에서 내려 150만 원에 합의했다”라며 당시를 생생하게 기억한다.	 손석희 사장이 사고처리 없이 달아난 사실이 알려지자 뺑소니 논란과 동승자 문제 등 의혹이 불거졌다.	 이후 조주빈까지 이 사건의 CCTV 영상을 자신이 가지고 있는 것처럼 속여 손석희 사장과  에게 접근했다.	 제작진은 사건의 전말을 알려줄 영상을 추적하던 중 충격적인 제보를 받는다.	 바로 사고 당시 영상이 실제 존재한다는 것.	 어렵게 피해자와 접촉한 제작진, 사고 당시 영상은 어떤 내용을 담고 있을까.	동아닷컴     / -	 Copyrights ⓒ  무단 전재 및 재배포 금지 -"
20,"한화 제이드가든, 유기농 불루베리 수확 체험 진행--0","한화 제이드가든 수목원은 ‘블루베리 수확 체험’을 진행한다.	 26일부터 7월5일까지 매주 주말 참여할 수 있다.	 운영 시간은 오전 10시부터 오후 4시까지다.	 유기농 블루베리를 직접 수확하고 맛볼 수 있다.	 한편 제이드가든은 신종 코로나19 예방을 위해 애쓰는 이들을 위해 ‘덕분에 챌린지’ 동참했다.	 의료기관 종사자와 의료봉사자, 군인, 경찰관, 소방관, 우정사업본부까지 확대해 혜택을 제공한다.	 상기 업종 종사자는 12월31일까지 무료입장 가능하며, 동반 4인까지 30% 할인을 받을 수 있다.	 한화리조트 H-	LIVE은 30일까지 홈페이지에서 티켓 구매 시 입장료 30%를 할인 받을 수 있다.	 티켓은 오는 12월 31일까지 이용 가능하다.	      / -	 Copyrights ⓒ  무단 전재 및 재배포 금지 -"
21,"롯데월드 어드벤처, “할로윈은 심쿵 큐티하게…”--0","-	다양한 할로윈 포토존, 해저왕국 콘셉트 어트랙션-	매직아일랜드, ‘캐슬 좀비 M’ 공연 하루 2회 진행 테마파크가 크리스마스와 함께 하반기 양대 중요 이벤트 시즌으로 꼽는 할로윈이 다가왔다.	 서울 잠실 롯데월드 어드벤처도 가족, 친구, 연인 등 다양한 방문객들을 만족시킬 즐길거리를 마련했다.	  우선, 실내 어드벤처 지역은 큐티한 할로윈으로 변신했다.	 눈길을 끄는 친근하고 귀여운  호박유령 포토존과 할로윈 빅로티 포토존을 마련했다.	 해저 왕국 테마의 새 어트랙션도 있다.	 스릴 어트랙션이 많은 야외 매직아일랜드에 새로 오프한 ‘머킹의 회전목마‘는 돌고래, 해마, 물고기 등 귀여운 바다 생물로 구성했다.	  할로윈 공연으로는 로티, 로리와 큐티 할로윈 캐릭터들이 총 출동하는 ‘로티스 할로윈 파티 퍼레이드’가 있다.	 오후 6시30분에는 메인 무대인 가든 스테이지에서 뮤지컬 쇼 ‘드라큐라의 사랑’ 무대가 펼쳐진다.	  16일 재오픈한 셀프 포토 스튜디오  ‘그럴싸진관’도 할로윈 마녀의 숲 부스, 가을 캠핑 부스 등 가을에 맞는 컬러와 트렌드를 반영한 부스를 추가했다.	  매직 아일랜드에서는 언택트 트렌드에 맞춰 관객과 직접 접촉하는 콘텐츠를 줄이면서도 할로윈의 짜릿한 스릴을 느낄 수 있게 포토존과 공연 등 볼거리를 강화했다.	 메인브릿지에 좀비에게 습격받은 경찰차, 좀비가 거꾸로 매달린 호러 공중전화박스 등 할로윈 분위기의 포토존을 설치했다.	 빅 대디와 좀비들이 매직캐슬을 점령하며 화려한 불기둥과 함께 퍼포먼스를 선보이는 ‘캐슬 좀비 M’ 공연은 매일 2회 열린다.	 1회 공연은 일몰시간에 맞춰 유동적으로, 2회는 오후 8시에 막을 올린다.	 오후 8시30분부터는 3D 미디어 맵핑쇼 ‘매직캐슬 라이츠업’이 할로윈 콘셉트로 업그레이드되어 공연한다.	 이밖에 워크스루형 호러 어트랙션 ‘좀비프리즌’도 호러 영상관 ‘좀비 씨어터’도 있다.	  할로윈 시즌을 즐길 수 있는 우대도 다양하게 마련했다.	 23일까지 티몬, 이베이, 마이리얼트립을 통해 인당 3만4000원에 2회 입장이 가능한 ‘종일권 재방문 패키지’를 판매한다.	 대인 1인과 소인 1인이 함께 입장 가능한 ‘종일 가족권 재방문 패키지’도 5만8000원에 판매한다."
22,"롯데월드 어드벤처, “할로윈은 심쿵 큐티하게…”--1"," 삼성카드 또는 KT 회원이면 본인과 동반 1인까지 50% 할인된 가격에 종합이용권을 구매할 수 있다.	 현장 키오스크에서 엘페이로 티켓을 결제하면 본인과 동반 1인 50% 할인에 추로스를 증정하는 이벤트도 진행 중이다.	 이밖에 SKT 회원은 본인 40%, 동반 3인까지 30% 할인된 가격에 입장이 가능하다.	       / -	 Copyrights ⓒ  무단 전재 및 재배포 금지 -"
23,“공포와 스릴을 골라서 즐기자”…롯데월드 어드벤처 ‘할로윈 스페셜 주간’ 진행--0,"롯데월드 어드벤처는 23일부터 11월1일까지 ‘할로윈 위크’를 운영한다.	 이 기간 동안 환상의 나라에 출몰한 좀비 서커스단 ‘좀비 트레인:	피에로의 저주’를 비롯해  좀비감옥 호러 체험관 ‘좀비 프리즌’, 좀비 영화를 골라볼 수 있는 호러 전용극장 ‘좀비 씨어터’, ‘할로윈 스페셜 그리팅’ 등의 프로그램을 운영한다.	  우선 관객과의 거리를 유지하면서 매직캐슬에서 진행하는 ‘캐슬 좀비M’은 호러 분위기 물씬 풍기는 데코와 사운드, 매직캐슬을 감싸는 화려한 불기둥이 매력이다.	 실내 어드벤처에서 매직 아일랜드로 이어지는 메인 브릿지, 좀비에게 습격 받은 경찰차, 좀비가 거꾸로 매달린 호러 공중전화박스 등 할로윈 분위기를 물씬 풍기는 할로윈 분위기가 물씬 풍기는 포토 스폿을 준비했다.	 귀여운 인형들이 반기던 ‘환타지 드림’은 할로윈 위크 기간 동안 오후 2시부터 9시까지 피에로 좀비들이 등장하는 라이드 어트랙션 ‘좀비 트레인:	피에로의 저주’로 변신한다.	 흉악한 좀비들이 감옥에서 탈출하는 콘셉트의 ‘좀비 프리즌’은 약 6분 동안 12개의 구간으로 구성된 감옥 내부를 통과하는 워크스루형 어트랙션이다.	 16만 명의 구독자를 보유한 공포 라디오 인플루언서 ‘왓섭’이 프리퀄에 참여해 스토리를 구성하고, 국내 유명 영화 세트 제작사가 실감나는 감옥 환경을 구현했다.	호러 극장 ‘좀비 씨어터’는 시간대에 맞춰 영상 콘텐츠를 교차 상영해 ‘좀비 병동’과 ‘좀비 실황 라이브’ 중 보고 싶은 영상을 선택해서 볼 수 있다.	 특히 체험 스릴의 강도에 따라 ‘호러 순한맛’과 ‘호러 매운맛’으로 좌석을 나누어 운영한다.	 1만원에 평일 오후 6시부터 운영종료 때까지 매직아일랜드를 즐길 수 있는 ‘매직 아일랜드 전용권’을 구입하면 어트랙션을 모두 무제한으로 이용할 수 있고, 원하는 어트랙션을 별도의 대기없이 바로 탑승할 수 있는 매직 패스 1장과 ‘좀비 프리즌’ 30% 할인권을 함께 제공한다.	 또한 별도의 대기 없이 ‘좀비 프리즌’, ‘좀비 씨어터’, ‘좀비 트레인’ 등 할로윈 콘텐츠 3종을 바로 이용할 수 있는 ‘호러 매직패스’를 할로윈 위크 기간에 1만원에 특별 운영한다.	 삼성카드나 KT 회원이라면 종합이용권 본인과 동반 1인까지 50% 할인을 받을 수 있다.	 현장 키오스크에서 엘페이로 티켓을 결제해도 본인 50% 할인으로 입장이 가능하다.	 이밖에도 SKT 회원은 본인 40%, 동반 3인까지 30% 할인 혜택을 받을 수 있다.	       / -	 Copyrights ⓒ  무단 전재 및 재배포 금지 -"
24,"‘궁금한이야기Y’ 박사방 공범 강씨 살인청부, 9년간 그를 막지 못한 이유는?--0","10일 방송되는 SBS ‘궁금한 이야기 Y’에서는 텔레그램 n번방 조주빈 검거 후 밝혀진 유치원생 살인 청부 의뢰에 대한 이야기가 전파를 탄다.	제작진에 따르면 텔레그램 성착취방의 주범 조주빈이 검거된 후 그의 범죄 행각이 하나 둘 씩 드러나며 충격을 주고 있다.	 사람들을 가장 경악하게 만든 건 조주빈이 살인청부 의뢰까지 받았다는 것이다.	 조주빈이 공범인 강모 씨가 어린 유치원생을 죽여 달라며 400만 원을 전달한 사실이 드러난 것이다.	 조주빈 일당의 끔찍하고 반인륜적인 범행에 모두가 경악하고 있던 그 때, 청와대 국민 청원 게시판에 살해 위협을 받은 유치원생의 엄마가 글을 올렸다.	 그녀는 강 씨에게 9년 동안이나 살해 협박을 받고 있어 강 씨를 피해 주민등록번호, 전화번로, 이름까지 다 바꾸고 이사를 몇 번이나 했지만 그때마다 강 씨가 그녀를 찾아내 죽음의 공포를 매일 느낀다고 했다.	 그런데 더욱 놀라운 사실은 협박범 강 씨가 피해 여성의 제자라는 사실이었다.	 대체 강 씨는 왜 9년 동안이나 자신의 선생님을 스토킹하며 살해 위협을 하고 있는 것인지 취재 도중 우리는 강씨가 2017년 쓴 6장의 편지를 입수할 수 있었다.	 그 안에는 차마 눈뜨고 볼 수 없는 그의 끔찍한 범행이 고스란히 담겨 있었다.	“선생님의 언행에 따라 순식간에 피바람이 난무하는 생지옥으로 변한 학교를 봄과 동시에 무고한 수십 명이 목숨을 잃을 수 있음을 미리 주의 드립니다.	” -	 강 씨의 편지 중에서강 씨는 고등학교 때도 커터 칼을 들고 교무실을 찾아오는가 하면 피해자의 사진에 스테이플러 심을 박아 전시하는 일도 서슴지 않았을 정도로 그의 협박은 끊이지 않았다.	 강 씨를 피해 이름과 전화번호를 바꾸고 이사까지 했는데도 강 씨는 선생님의 집을 알아내 찾아오곤 했다.	 강 씨는 아파트 복도에 빨간 글씨로 ‘ I will kill you ’라고 적어놓기도 했다.	 사회복무요원으로 근무하던 병원에서 불법적으로 선생님의 개인정보를 얻어냈던 것이다.	 견디다 못한 선생님이 경찰에 신고했고 강 씨는 협박 등의 혐의로 1년2개월을 선고받고 복역하게 된다.	 또 한 번 이름과 주민등록번호까지 바꾸고 강 씨를 피해 살았지만 출소 후 강씨는 피해 선생님의 집을 찾아와 딸을 죽이겠다는 협박까지 한다.	 출소 후 강 씨가 또 다시 개인정보를 다루는 구청에서 사회복무요원으로 근무하게 되면서 가능한 일이었다.	개인정보 보호법 위반과 상습 협박으로 실형을 살고 출소한 그는 구청에서 무슨 일을 했던 것이고 왜 9년 동안 법은 그녀를 지켜주지 못했는지 10일 밤 8시 55분 ‘궁금한 이야기 Y’에서 알아본다.	 동아닷컴     / -"
25,"‘궁금한이야기Y’ 박사방 공범 강씨 살인청부, 9년간 그를 막지 못한 이유는?--1", Copyrights ⓒ  무단 전재 및 재배포 금지 -
26,‘실화탐사대’ 운전대 잡은 10대+인천여중생 집단 성폭행 사건 추적--0,"22일 방송되는 MBC ‘실화탐사대’에서는 운전대를 잡은 10대 소년들의 범행과 인천여중생 집단 성폭행 사건의 진실을 파헤친다.	제작진에 따르면 지난 3월 29일 새벽, 대전의 한 교차로에서 오토바이와 승용차가 충돌하는 사고가 일어났다.	 사고를 낸 차는 그대로 도주해버렸고, 오토바이를 타고 배달 아르바이트 중이던 19세 故 이건 씨는 도로 위 홀로 죽음을 맞아야 했다.	그날 가해 차량에 타고 있던 운전자는 놀랍게도 사고 차량의 차주가 아니었다.	 차주는 사고 전날, 주차해둔 차량을 도난당해 경찰에 신고했다.	 건이 씨를 죽음으로 내몬 차량 운전자는 바로 만 13세의 소년이었다.	 게다가 차 안에는 운전자를 제외하고도 7명의 또래들이 함께 타고 있었다.	 그들 중 6명은 현장 부근에서 검거되었으나, 두 명은 감쪽같이 사라졌다.	 그들은 대체 어디로 간 것일까.	유가족은 미안하다는 사과조차 제대로 받지 못했다.	 그런데 유가족을 더욱 고통스럽게 만들었던 것은 SNS에 범죄 사실을 과시하듯 올려놓은 이들의 대범함이었다.	 제작진은 당시 사고 차량에 타고 있었던 동승자 두 명을 어렵게 만나 대전 사망사고에 대해 물을 수 있었다.	 서울에서 차를 훔치기부터 대전에서 사고를 내기까지 만 하루 동안 차로 누빈 곳이 한두 군데가 아니라는 증언.	 이들은 어떻게 운전대를 잡고, 또 범행을 저지르게 된 것일까.	사라진 두 명을 추적하던 제작진은 사고 직후, 세종시에서 일어난 차량 도난사건에 주목했다.	 세종시 도난 차량 차주로부터 충격적인 이야기를 들은 제작진은 대전 사망사고 후 사라진 두 명의 이후 행적을 따라가 봤다.	그리고 취재 도중 더욱 충격적인 사실들이 드러났다.	 전국을 돌아다니던 그들의 화려한 전적이 낱낱이 밝혀진 것.	 차를 훔쳐 탄 것이 처음이 아니었을 뿐더러, 이전에도 수차례 경찰에 검거되었던 학생들이었다.	 과연 그들의 범행을 단순히 ‘비행’이라고 치부할 수 있을까."
27,‘실화탐사대’ 운전대 잡은 10대+인천여중생 집단 성폭행 사건 추적--1," “중학생 다 타고 다니니까, 그 사람들은 사고만 안 나는 것뿐이지 다 타고 다니는데 저희는 사고가 나가지고” 한편, ‘실화탐사대’에서는 최근 구속수사가 시작된 인천 여중생 집단 성폭행 사건에 대해서도 전격 취재했다.	 현재 가해 학생 둘 중 한 명은 사건 당시 오히려 범행을 만류했다며 무죄를 주장하고 있다.	 그런데 사건 발생 16일 후, 피해자 오빠는 두 학생을 만나 1시간가량 범행에 대한 자백을 들었다고 한다.	 그들은 과연 오빠에게 어떤 이야기를 들려줬을까?	 22일 밤 10시 5분 ‘실화탐사대’에서 두 소년의 목소리가 담긴 녹취록을 단독 공개한다.	동아닷컴     / -	 Copyrights ⓒ  무단 전재 및 재배포 금지 -"
28,"“반려견, 끝까지 책임지지 못하면 키우지 마세요”--0","도널드 트럼프 미국 대통령은 각종 기행과 막말 발언으로 구설수에 오른 인물이다.	 최근 미국 대선에서 패했지만 순순히 대통령 직에서 물러나지 않을 것으로 보인다.	 하지만 비판을 많이 받은 트럼프 대통령도 평가받을만한 점이 있다.	  그는 역대 미국 대통령 중 유일하게 반려동물을 키우지 않은 대통령이었다.	 대통령 취임 이후 이미지 개선을 위해 반려견을 입양할 것을 권유했지만 트럼프 대통령은 거부했다.	 대통령 직무 수행만 해도 시간이 모자랄뿐더러, 반려동물을 좋아하지 않는다는 이유에서다.	 반려동물을 좋아하지도 않으면서 이미지메이킹을 위해 반려견을 키우는 것은 기만행위라고 트럼프 대통령은 판단했다.	 각종 쇼맨십과 기행으로 명성을 떨친 트럼프 대통령이지만 ‘좋아하지 않기 때문에 키우지 않겠다’고 한 것은 그의 솔직한 면모를 보여줬다.	 자신이 싫어하더라도 정치적 이익을 위해 좋아하는 척할 수 있는 게 대부분의 정치인이 아닐까.	  동물권에 대한 논의가 이제 막 싹트기 시작한 한국에서는 반려동물을 액세서리로 보는 인식이 아직도 강하다.	 이미지메이킹을 위해 쓰다가 필요 없다고 판단되면 즉각 내다 버린다.	 포천파출소의 명예경찰견 왕방이와 왕순이가 전형적인 사례다.	 진도믹스견으로 유기견인 왕방이와 왕순이는 각각 2018년과 2019년 강아지였을 때 파출소 경관들이 데리고 왔다.	 생후 2개월께 파출소에 온 두 마리의 개는 서로 의지하며 지냈다.	 명예경찰견으로 경찰과 시민들의 사랑을 담뿍 받았지만 지난 6월께 현실의 벽에 부딪쳤다.	 개들이 짖어서 불편하다는 동네 주민들의 민원이 접수되자 파출소 측은 개들을 다른 곳에 보내기로 했다.	 개를 데려온 경관들도 다른 근무지로 간 지 오래였다.	  왕방이와 왕순이는 갈 곳을 백방으로 알아봤지만 입양이 여의치 않았다.	 중형견 2마리를 단번에 입양하기는 쉽지 않기 때문이다.	 결국 왕방이와 왕순이를 돌보던 이가 국외입양을 추진한 끝에 미국 캘리포니아로 입양을 떠났다."
29,"“반려견, 끝까지 책임지지 못하면 키우지 마세요”--1", 케이지에 갇혀 한국 땅을 떠나는 왕방이와 왕순이의 눈이 슬퍼 보였다는 소식이 전해지기도 했다.	  관리소홀로 어이없이 세상을 떠난 반려동물도 많다.	 유기묘였던 다행이는 2014년 역곡역에 와서 역곡 명예역장이 되었다.	 하지만 다행이를 데려온 김행균 역곡역장이 휴직에 들어가자 다행이는 2017년 유기동물센터에 보내졌다.	 그 후 다행이는 실종되고 말았다.	  전문가들은 “반려동물이 좋다는 이유만으로 덜컥 키우기 시작하면 관리소홀로 이어질 가능성이 높다”면서 “반려동물에 관한 책 한 권이라도 읽는 정성을 들여야 반려동물을 제대로 키울 수 있다”고 강조했다.	 김호승     / -	 Copyrights ⓒ  무단 전재 및 재배포 금지 -
30,"전직 아나운서, ‘성관계 영상 캡처 유포’ 혐의→검찰 송치--0","여성과 동의하에 성관계한 영상을 캡처해 지인들에게 불법으로 유포한 혐의를 받는 전직 아나운서가 최근 검찰에 송치됐다.	 18일 TV CHOSUN에 따르면 서울 성동경찰서는 이달 초 아나운서 출신 A 씨 등 2명을 성폭력범죄의 처벌 등에 관한 특례법 위반 혐의로 검찰에 기소의견으로 송치했다.	A 씨는 자신이 여성과 성관계한 영상을 촬영하고 이를 스크린샷으로 캡처해 지인들에게 유포한 혐의를 받는다.	 A 씨에게 스크린샷 형태로 성관계 동영상 캡처본을 받은 지인이 카카오톡 단체 대화방에 이를 올리면서 사건이 불거졌다.	당시 카카오톡 단체 대화방에 있던 한 지인이 지난해 11월 중순쯤 A 씨를 불법 촬영 및 유포 혐의로 고발하면서 경찰이 수사에 착수했다.	 경찰은 A 씨를 피의자 신분으로 불구속 입건하는 한편 A 씨 자택과 PC 등을 압수수색하고 참고인들을 불러 강제 수사에 착수했다.	경찰은 압수물과 참고인 진술을 토대로 A 씨가 영상에 등장하는 여성의 동의를 받지 않고 성관계 동영상 캡처본을 지인들에게 유포했다고 보고 음란물 유포 혐의를 적용했다.	한편 사건이 불거지자 지난해 11월 말 A 씨는 방송사에 사직서를 제출했고, 해당 방송사도 프리랜서 계약을 해지했다.	동아닷컴     / -	 Copyrights ⓒ  무단 전재 및 재배포 금지 -"
31,"조주빈, 손석희 사장 왜 언급했나 “흥신소 사장이라며 협박·금품 요구”--0","미성년자 등을 협박해 찍은 성 착취 영상을 텔레그램에 유포한 ‘박사방’ 운영자 조주빈이 25일 포토라인에서 손석희 JTBC 대표이사 사장,   등을 언급해 이목이 쏠린 가운데 JTBC가 손석희 사장을 대신해 공식 입장을 밝혔다.	JTBC는 25일 오후 공식 입장문을 통해 “‘박사방’ 조주빈은 애초 손석희 사장에게 자신이 ‘흥신소 사장’이라며 텔레그램을 통해 접근했다.	 ‘손 사장과 분쟁 중인 K 씨가 손 사장 및 그의 가족을 상대로 위해를 가하기 위해 행동책을 찾고 있고 이를 위해 본인에게 접근했다’고 속였다.	 그러면서 자신이 직접 K 씨와 대화를 나눈 것처럼 조작된 텔레그램 문자 내용을 제시했다”고 이야기했다.	이어 “조주빈이 제시한 텔레그램에는 ‘K 씨가 손석희 사장이나 가족을 해치기 위해 자신에게 이미 돈을 지급했다’는 내용이 있었다.	 텔레그램 내용은 매우 정교하고 치밀하게 조작돼 있어서 이를 수사하던 경찰마저도 ‘진본’인 줄 알 정도였다.	 때문에 한동안 손석희 사장과 가족은 불안감에 떨었다.	 이미 손석희 사장 가족은 ‘태블릿 PC’ 보도 이후 지속적인 테러 위협을 받은 바 있어 늘 민감할 수 밖에 없었다”고 설명했다.	JTBC는 “그와 별개로 손석희 사장은 아무리 K 씨와 분쟁 중이라도 그가 그런 일을 할 사람이라고는 믿기 어려워 ‘사실이라면 계좌내역 등 증거를 제시하라’고 했다.	 이에 조주빈은 금품을 요구했고, 증거 확보를 위해 어쩔 수 없이 손석희 사장이 이에 응한 사실이 있다.	 그러나 조주빈은 결국 요구한 증거들을 제시하지 않고 잠적한 후 검거됐다”고 말했다.	그러면서 “위해를 가하려 마음먹은 사람이 K 씨가 아니라도 실제로 있다면 설사 조주빈을 신고해도 또 다른 행동책을 찾을 가능성이 있다고 봤기에 매우 조심스러웠고, 그래서 신고를 미루던 참이었다.	 정말 혹여라도 그 누군가가 가족을 해치려 하고 있다면, 그건 조주빈 하나만 신고해선 안 될 일이었다.	 그래서 더 근거를 가져오라고 했던 것이기도 하다.	 물론 흥신소 사장이라고 접근한 사람이 조주빈이라는 것은 검거 후 경찰을 통해 알게 됐다”고 손석희 사장 입장을 대신 전했다.	JTBC는 “손석희 사장과 그 가족의 입장을 이해하고 지지하며 향후 대응 역시 적극 지지할 것”이라고 밝혔다.	앞서 조주빈은 이날 오전 검찰로 송치되는 과정에서 포토라인에 섰다.	 그리고는 돌연 손석희 사장 등을 언급했다.	 조주빈은 “손석희 사장 등을 비롯해 내게 피해를 입은 모든 분에게 진심으로 사죄한다”고 말했다.	 이에 JTBC는 “손석희 사장이 조주빈 정체를 모른 채 그에게 협박과 금품 요구를 당했다”고 대신 전했다."
32,"조주빈, 손석희 사장 왜 언급했나 “흥신소 사장이라며 협박·금품 요구”--1","조주빈은 2018년 12월부터 올해 3월까지 아동 성 착취 영상 등을 제작해 돈을 받고 텔레그램 ‘박사방’에 유포한 혐의 등으로 25일 검찰에 기소의견으로 송치됐다.	 조주빈은 스스로를 ‘박사’로 칭하며 피해 여성들에게 몸에 칼로 ‘노예’라고 새기게 하는 등 잔혹하고 엽기적인 행각을 벌인 것으로 알려졌다.	또한, 조주빈은 ‘박사방’ 운영에 앞서 텔레그램을 통해 총기·마약 등 사기 행각을 벌이기도 했다.	 가지고 있지도 않은 물품을 판매한다고 해 접촉해오는 사람들에게 돈만 받고 물건을 보내지 않는 수법이다.	조주빈에게는 아동청소년보호법 위반 및 강제추행·협박·강요·사기, 개인정보보호법 위반, 성폭력처벌법 위반 등 혐의가 적용됐다.	현재까지 경찰이 파악한 피해자는 74명, 미성년자는 이 중 16명이다.	박사방 조주빈 발언에 대한 JTBC 손석희 사장의 입장을 밝힙니다.	박사방 조주빈은 당초 손석희 사장에게 자신이 흥신소 사장이라며 텔레그램을 통해 접근했습니다.	 그리고 ‘손사장과 분쟁 중인 K씨가 손사장 및 그의 가족들을 상대로 위해를 가하기 위해 행동책을 찾고 있고 이를 위해 본인에게 접근했다’고 속였습니다.	 그러면서 자신이 직접 K씨와 대화를 나눈 것처럼 조작된 텔레그램 문자 내용을 제시했습니다.	조주빈이 제시한 텔레그램에는 ‘K씨가 손석희 사장이나 가족을 해치기 위해 자신에게 이미 돈을 지급했다’는 내용들이 있었습니다.	 텔레그램 내용은 매우 정교하고 치밀하게 조작돼 있어서 이를 수사하던 경찰마저도 진본인 줄 알 정도였습니다.	 이 때문에 한동안 손석희 사장과 가족들은 불안감에 떨었습니다.	 이미 손석희 사장의 가족들은 ‘태블릿 PC’ 보도 이후 지속적인 테러 위협을 받은 바 있어 늘 민감할 수 밖에 없었습니다.	그와 별개로 손석희 사장은 아무리 K씨와 분쟁중이라도 그가 그런 일을 할 사람이라고는 믿기 어려워 ‘사실이라면 계좌내역 등 증거를 제시하라’고 했습니다.	 이에 조주빈은 금품을 요구했고, 증거확보를 위해 어쩔 수 없이 손석희 사장이 이에 응한 사실이 있습니다.	 그러나 조주빈은 결국 요구한 증거들을 제시하지 않고 잠적한 후 검거됐습니다.	위해를 가하려 마음먹은 사람이 K씨가 아니라도 실제로 있다면 설사 조주빈을 신고해도 또 다른 행동책을 찾을 가능성이 있다고 봤기에 매우 조심스러웠고, 그래서 신고를 미루던 참이었습니다.	 정말 혹여라도 그 누군가가 가족을 해치려 하고 있다면, 그건 조주빈 하나만 신고해선 안 될 일이었습니다.	 그래서 더 근거를 가져오라고 했던 것이기도 합니다."
33,"조주빈, 손석희 사장 왜 언급했나 “흥신소 사장이라며 협박·금품 요구”--2",물론 흥신소 사장이라고 접근한 사람이 조주빈이라는 것은 검거 후 경찰을 통해 알게 됐습니다.	이상이 손석희 사장의 입장입니다.	JTBC는 손석희 사장과 그 가족의 입장을 이해하고 지지하며 향후 대응 역시 적극 지지할 것입니다.	동아닷컴     / -	 Copyrights ⓒ  무단 전재 및 재배포 금지 -
34,"이통3사 ‘패스’, 공인인증서 빈자리 공략--0","●이통3사 ‘패스’, 공인인증서 빈자리 공략-	경찰청과 모바일 운전면허 확인 서비스 추진  이동통신 3사의 본인인증 통합 브랜드 ‘패스’가 공인인증서의 빈자리 공략에 적극 나선다.	 최근 국회를 통과한 전자서명법은 공인인증서의 독점적 지위를 없애는 내용을 담고 있다.	패스는 SK텔레콤과 KT, LG유플러스의 본인인증 애플리케이션이다.	 이동통신 3사에 따르면 패스 가입자는 2018년 7월 브랜드 통합 후 빠르게 증가해 지난 2월 2800만 명을 돌파했고, 6월 중 3000만 명을 넘어설 것으로 예상된다.	 이 앱을 기반으로 제공하는 ‘패스 인증서’ 인증 건수 또한 연초 대비 6배 가량 늘면서 가파른 성장세를 보이고 있다.	 이동통신 3사는 서비스 영역을 확장하기 위해 경찰청과 함께 실물 운전면허증보다 편리하고 보안성도 강화한 ‘패스 모바일 운전면허 확인 서비스’를 추진할 방침이다.	 또 사설인증서 기반 비대면 계좌 개설과 자동이체 전자서명, 보험, 전자상거래 등 다양한 영역에서 안정적 인증 서비스를 제공한다는 계획이다.	    / -	 Copyrights ⓒ  무단 전재 및 재배포 금지 -"
35,"코로나19 확산→서울시, 신천지 교회 폐쇄…국내 확진자 총 156명--0","서울시가 코로나19 확산 방지를 위해 서울 소재 신천지 교회 폐쇄와 광화문 등지에서 여는 집회를 당분간 금지하기로 했다.	 박원순 서울시장은 21일 오전 긴급 브리핑을 열어 “서울시는 코로나19 확산에 따라 감염병에 취약한 어르신들을 보호하기 위해 시민 운집이 많은 서울광장, 청계광장, 광화문광장 사용을 금지하겠다”고 밝혔다.	 이는 감염병예방법 제49조 1항 감염병 예방을 위해 도심 내 집회 제한에 따른 조치다.	 이어 “특히 일부 단체는 여전히 집회를 강행할 계획이 있어서 특단의 조치가 필요한 상황”이라며 “서울시는 오늘 이후 대규모 집회 계최예정 단체에 대해서 집회 금지를 통보하고 서울지방경찰청에도 협조를 요청할 계획”이라고 덧붙였다.	 그러면서 ""이를 위반할시 개인에게 벌금 300만 원 이하의 불이익이 따르게 돼 있기 때문에 도심내 집회 제한 조치에 접극 협조해 달라”고 당부했다.	또 박원순 서울시장은 서울 소재 신천지 교회에 대해서도 폐쇄 조치하겠다고 밝혔다.	 박 시장은 “대구 신천지 교회와 관련해 지역사회 감염의 온상이 되고 있다는 것이 증명됐다""며 ""서울시에서도 신천지 교회에 참석했던 사람이 확진환자로 확인됐다.	 서울시는 지역사회 확산을 조기에 차단하기 위해 밀접접촉 공간이 신천지 예배, 집회 등에 대해 특단의 조치를 할 필요가 있다고 판단했다”고 설명했다.	 서울시는 추후 안전이 확인되고 정상적으로 예배활동이 가능하게 되면 교회 활동을 허용할 예정이다.	질병관리본부는 중앙방역대책본부에 따르면, 21일 오전 11시 기준, 국내 코로나19 확진환자는 총 156명이다.	동아닷컴    -	 Copyrights ⓒ  무단 전재 및 재배포 금지 -"
36,[신간] 우리가 알지 못했던 교통이야기 ‘강갑생의 바퀴와 날개’--0,"인천공항 지하에는 서울에서 대전까지보다 긴 130km 고속도로가 있다?	 공항에서 맨 마지막으로 체크인하면 짐을 가장 먼저 받을 수 있을까?	 나폴레옹 때문에 철도의 폭이 달라졌다고?	우리는 매일 길 위에서 다양한 교통수단을 이용해 생활하고 있다.	 의식주 다음으로 교통은 생활에서 떼려야 뗄 수 없는 존재이다.	 하지만 교통의 속사정은 잘 알지 못한다.	 모르면 단순한 이동수단일 뿐이지만, 알면 똑똑하게 이용할 수 있는 ‘정보’가 된다.	  인 저자는 수많은 자료와 해박한 지식으로 우리의 삶이자 일상인 교통에 대해 재미있고 쉽게 이야기를 풀어낸다.	  인천공항 지하에 130km 고속도로가 있는 이유는 무엇일까.	 국제 규격 축구장 53개를 합한 크기인 이곳에는 여행객의 수하물을 처리하는 BHS가 있다.	 어마어마한 규모의 수하물 처리 시스템만 보아도 인천공항을 얼마나 많은 사람이 이용하고 있는지 짐작할 수 있다.	 여기에 더해 인천공항에서 수하물을 잘못 보내는 경우는 10만 개당 0.9개뿐이라는 사실!	인천~미국 샌프란시스코 노선은 갈 때는 10시간 25분이 걸리는데, 올 때는 13시간으로 2시간이 더 걸린다.	 반면 인천~런던 노선은 갈 때는 12시간 30분이 걸리지만, 올 때는 11시간으로 시간이 짧아진다.	 그 이유는 무엇일까.	 바로 ‘제트기류’ 때문이다.	 제트기류를 만날 수 있는 가장 대표적인 노선은 인천~하와이 노선이다.	 하늘 길에도 병목 현상이 있다.	 특정 구간에 항공편이 몰리면 비행기의 출발과 도착이 늦어질 수 있는 병목 현상이 발생한다.	 운항편이 집중되는 시간대라면 병목 현상도 심해진다."
37,[신간] 우리가 알지 못했던 교통이야기 ‘강갑생의 바퀴와 날개’--1," 하늘 길도 도로처럼 새로운 길이 필요하다.	발을 쭉 뻗어도 되는 비상구 좌석에는 어떻게 앉을 수 있을까.	 맨 처음 체크인하면 짐을 제일 먼저 받을 수 있을까.	 인천공항을 살피는 9000개의 눈, 승객은 모르는 ‘벙크’의 비밀, 위험한 흉기로 돌변하는 작은 새와 쇳조각, 나라마다 다른 항공료 세금 등 하늘 길과 관련된 재미있는 상식을 이 책에서 만날 수 있다.	   첨단 KTX는 왜 고운 모래를 싣고 다니는 것일까.	 기차는 바퀴와 선로 사이의 마찰력을 이용해 움직이는 구조다.	 눈, 비가 올 때는 마찰력이 떨어지기 때문에 정상적인 운행을 위해 모래를 선로에 뿌려야 한다.	 최첨단 기술로 무장한 열차의 문제를 모래와 같은 ‘원초적 수단’으로 해결하는 것이 재미있다.	기상악화에 상관없이 KTX로 제주도를 갈 수 있다면 어떨까.	 ‘목포~제주 해저 KTX 터널’이 해결책으로 떠오르고 있다.	 비행기와 배로만 갈 수 있었던 제주도를 KTX로 갈 수 있다는 생각만으로도 마음이 들뜬다.	 하지만 여전히 문제가 많아 추진되지 못하고 있다.	 기차 타고 제주도 가기.	 언제쯤 실현될 수 있을까.4조 1000억 원.	 한국도로공사가 1년 동안 고속도로 통행료로 벌어들이는 수익이다.	 엄청난 수익이라고?	 도로공사의 부채는 30조 원에 달한다.	 때문에 고속도로 통행료를 내지 않는 통행료 미납 차량은 골칫거리일 수밖에 없다.	 한국도로공사가 미납 통행료를 받아내는 확률은 90%가 넘는다고 한다.	 통행료를 미납하는 경우 예금 압류까지 될 수 있다고 하니, 이용하는 만큼 정당한 비용은 지불하자."
38,[신간] 우리가 알지 못했던 교통이야기 ‘강갑생의 바퀴와 날개’--2,"고속도로를 달리다 보면 경찰차도 없고 무인 단속 카메라도 없다고 해서 교통 법규를 위반하면 큰일 난다.	 ‘매의 눈’으로 우리를 지켜보고 있는 것이 있으니 바로 드론이다.	 알면 쓸모 있는 도로 표시, 회전교차로의 역설, 터널 속 ‘졸음방지’ 기술, 제2차 세계대전 때 시작된 ‘카풀’, 완전 자율주행차가 바꿀 미래의 도로 등 도로를 이용하는 유용한 상식을 이 책에서 접할 수 있다.	     / -	 Copyrights ⓒ  무단 전재 및 재배포 금지 -"
39,[에듀윌] 독한에듀윌로 노량진에 자리 잡은 소방·경찰공무원학원--0,"종합교육기업 에듀윌이 독한 합격시스템 ‘아케르’를 구축하고 노량진 공무원 학원가에 진출했다.	 독한에듀윌 합격시스템으로 공무원 시험 준비에 소요되는 시간을 대폭 단축시키겠다는 전략이다.	  에듀윌은 공무원 합격생들의 학습 패턴을 분석해 독한 5단계 36회독 커리큘럼을 완성했다.	 체계적인 복습 시스템을 마련했으며, 노량진 진출에 맞춰 과목별 전문 교수진을 대거 영입했다.	  에듀윌 노량진 학원 관계자는 “공무원 시험 준비는 장기전이다.	 계획한 데로 꾸준히 학습을 이어가는 독기가 필요하다”며 “독한에듀윌 합격시스템은 합격까지 지치지 않게 보다 효율적으로 공부할 수 있게 해준다”고 설명했다.	 독한에듀윌 합격시스템은 수강생들의 수험생활을 밀착 관리한다.	 생활관리 매니저가 출석 체크, 학습 마인드를 관리해 주는 아침 조회와 경찰 및 소방 담임 교수의 지도 아래 진행되는 자율 학습을 통해 집중학습을 유도한다.	 이어 상벌점 제도를 통해 확실한 생활관리를 약속한다.	 휴대폰 의무 제출 등 학습을 방해하는 요소를 원천 차단해 완벽한 면학 분위기를 조성한다.	 독한에듀윌 노량진 경찰 및 소방공무원 수험생들은 오전 8시부터 밤 10시까지 정해진 수업 일정에 맞춰 공부하게 된다.	 전문 교수진이 학원에 상주하며 수험생을 직접 관리, 지도하는 점도 큰 특징이다.	 정기 테스트 결과를 토대로 담임 교수와 개인별 학습 상담을 진행한다.	  업계 최초로 장기간 공부해야 하는 공무원 수험생들의 마음도 다독여준다.	 작은 변화에도 흔들리기 쉬운 수험생들을 위해 전문 심리상담사가 멘탈을 관리해 준다.	 에듀윌 경찰 및 소방공무원 합격생들과의 정기 멘토링도 진행된다.	  에듀윌 노량진 소방 및 경찰학원의 ‘평생패스’를 수강하면 독한에듀윌 합격시스템을 경험해볼 수 있다.	   / -	 Copyrights ⓒ  무단 전재 및 재배포 금지 -"
40,"박원순 서울 시장, 북악산에서 숨진 채 발견…서울대병원 영안실 안치--0","박원순 서울 시장이 숨진 채 발견됐다.10일 경찰에 따르면, 전날 오후부터 박원순 시장의 모습이 마지막으로 발견됐다고 하는 북악산 일대를 수사하던 경찰은 이날 오전 0시께 숙정문 인근에서 박 사장의 시신을 발견했다.	 박원순 시장은 극단적 선택을 한 것으로 보고 있다.	 유서는 발견되지 않은 것으로 확인됐다.	 앞서 박원순 시장 딸은 오후 5시 1분께 ‘4~5시간 전에 아버지가 유언 같은 말을 남기고 집을 나갔는데 전화기가 꺼져있다”라고 112에 신고했다.	박원순 시장은 전날 오전 10시 44분께 검은 모자와 점퍼, 바지 등을 착용하고 검은 베낭을 멘 채 종로동 가회동 소재 시장 공관을 나온 것으로 확인됐다.	그는 성북구 와룡공원에 같은 날 오전 10시 53분에 도착한 것으로 확인됐다.	경찰과 소방당국은 기동대·소방관 등 770여명과 야간 열 감지기가 장착된 드론 6대, 수색견 9마리 등을 동원해 이 일대를 집중 수색했고 실종신고 약 7시간 만에 박원순 시장을 발견했다.	박원순 시장은 최근 전직 비서로부터 성추행 혐의로 고소당한 것이 알려졌다.	 박원순 시장실에서 근무했던 전직 비서 A씨는 과거 박원순 시장으로부터 성추행을 당한 사실이 있다며 최근 박원순 시장을 경찰에 고소한 것으로 전해졌다.	A씨는 8일 경찰에 출석해 고소인 조사를 받았다.	 고소장에는 박원순 시장으로부터 여러 차례 신체접촉을 당했고 메신저에도 부적절한 내용을 받았다는 주장이 적시된 것으로 전해졌다.	외신은 박원순 시장의 사망 소식을 전했다.	 뉴욕타임스는 “한국에서 대통령 다음으로 힘이 센 선출직 공직자가 숨졌다”라며 그가 차기 대통령 후보 중 한 명이었다는 점도 언급했다.	월스트리트저널은 박원순 시장의 코로나19 대응을 조명했다.	 월스트리트저널은 “박원순 시장은 서울의 공격적인 코로나19 대응으로 칭찬을 받았다”라며 1000만 서울 인구 중 1400명 미만의 확진자가 발생했다는 사실을 언급했다.	영국 BBC는 박원순 시장이 성추행으로 피소된 사실을 언급하기도 했다 BBC는 “전직 여성 비서가 박원순 시장의 성추행 혐의를 제기했지만 이것이 사망 요인이 됐는지 확인되지 않고 있다”라고 전했다.	박원순 시장의 시신은 경찰의 현직감식 절차를 거쳐 서울대병원으로 옮겨진 뒤 오전 3시 30분쯤 영안실에 안치됐다.	 박원순 시장이 도착하기 전인 오전 3시부터 그의 지인과 지지자로 추정되는 이들이 응급의료센터 문 앞에 서서 이송차량을 기다리는 모습이 보이기도 했다.	  한편, 경찰은 박 시장의 정확한 사망 경위를 조사할 방침이다.	동아닷컴     / -"
41,"박원순 서울 시장, 북악산에서 숨진 채 발견…서울대병원 영안실 안치--1", Copyrights ⓒ  무단 전재 및 재배포 금지 -
42,“경찰 수사 매뉴얼 개정”…동물 학대 줄어들까?--0,"자신의 스트레스를 애꿎은 동물에게 돌리는 사람이 많아지고 있다.	 화가 나거나 홧김에 동물을 학대하거나 심지어 죽이는 사건이 증가해 사회적 문제로 비화되고 있다.	  한 유기견 보호단체가 경기도 화성의 한 공장에서 4개월 강아지를 구조했다.	 강아지는 사람의 발길질에 의해 구타를 당해 턱뼈가 부러지고 안구가 심하게 다쳐 적출해야 했다.	  지난 7월 부산에서는 출산을 앞둔 만삭의 길고양이를 가스토치 등의 화기로 지지고 학대해 사망에 이르게 한 사건이 발생하기도 했다.	 이 길고양이를 학대한 동물학대범을 찾는다는 포스터의 마지막 문구는 “동물학대범의 범행대상 마지막은 사람입니다”라고 쓰여 있었다.	  연쇄살인범들이 사람을 해치기 전에 동물을 대상으로 학대·살해 행위를 선행해서 저지른다는 것은 잘 알려진 사실이다.	 비단 사람을 해치는 행동으로 이어지지 않더라도, 동물 학대는 동물권 차원에서 각별히 들여다봐야 할 이슈이다.	  동물학대가 늘어나고 있는 가장 큰 이유로 동물학대에 대한 처벌이 약하다는 지적도 끊이지 않는다.	 현행법상 동물학대는 최고 2년 이하의 징역이나 2000만 원 이하의 벌금형이다.	 하지만 지난 10년간 동물보호법 위반으로 검찰에 송치된 3360명 중 단 4명만 구속됐다.	 지난해에는 973명이 송치됐지만, 구속자는 없었다.	 처벌뿐만 아니라 수사가 미흡하다는 지적이 끊이지 않자 경찰이 행동에 나섰다.	 경찰은 최근 동물학대범죄에 대한 수사 매뉴얼 개정 작업에 착수한 것으로 알려졌다.	 경찰청은 지난 8일 국회 행정안전위원회 국정감사에서 동물학대사범 수사 매뉴얼에 대한 지적을 받고 개정 작업에 나섰다.	  이은주 정의당 의원은 경찰청 국감에서 “동물보호법이 다섯 번이나 개정되는 동안 경찰의 수사 매뉴얼은 그대로였다”면서 개정을 주문했다.	 김창룡 경찰청장도 “충분하게 검토해 매뉴얼에 반영하겠다”고 약속했다.	  경찰청은 동물보호단체와 머리를 맞대고 새 수사 매뉴얼에 담길 구체적 내용을 논의할 것으로 보인다.	 동물보호단체가 매뉴얼 마련에 관여할 경우 동물권이 대폭 강화된 내용이 담길 것으로 기대된다.	  수사 매뉴얼이 개선되면 동물학대에 대한 수사는 다소 개선되겠지만, 여전히 처벌의 문제가 남는다."
43,“경찰 수사 매뉴얼 개정”…동물 학대 줄어들까?--1, 전문가들은 “현 동물보호법을 제대로 집행하면 된다”면서 “동물보호법을 강화하는 방향으로 개선할 필요가 없다”고 강조했다.	  동물을 학대할 경우 실제로 징역형에 처해지거나 수천만 원에 달하는 벌금형을 받는 사례가 나오면 동물학대는 극적으로 줄어들 것이라는 관측이 나온다.	 결국 관계당국이 얼마나 동물권에 민감하게 반응하는지가 관건으로 보인다.	 김호승     / -	 Copyrights ⓒ  무단 전재 및 재배포 금지 -
44,"[속보] 박원순 서울시장, 실종신고 접수…연락두절--0","박원순 서울시장이 실종됐다는 신고가 경찰에 접수됐다.9일 경찰에 따르면 이날 오후 5시께 ‘박 시장이 연락이 두절됐다’는 신고가 들어왔다.	 경찰은 인력을 투입해 집 주변 일대를 수색 중이다.	박 시장의 딸이 경찰에 실종신고를 했으며, 현재 박 시장의 휴대전화는 꺼져있는 것으로 전해진다.	이와 관련해 서울시는 9일 “박원순 시장이 오늘 출근을 하지 않았다”며 “실종설을 확인 중”이라고 밝혔다.	 또 이날 오전 10시 40분 박원순 시장의 오후 공개일정 취소 공지를 했다.	서울경찰청은 청장 해당 사안과 관련해 청장 주재 대책회의를 하고 있는 것으로 알려졌다.	동아닷컴     / -	 Copyrights ⓒ  무단 전재 및 재배포 금지 -"
45,"[동아포토]강훈, 박사방 조주빈에 이어 얼굴 공개--0",텔레그램 '박사방' 운영자 공범 '부따' 강훈이 17일 오전 서울 종로구 종로경찰서에서 검찰로 송치되고 있다.	 강훈은 성 착취물 박사방 관련해 피의자 신상 정보가 공개된 것은 조주빈에 이어 두 번째다.	 경찰이 미성년자인 10대 피의자의 신상 정보를 공개하는 것은 처음이다동아닷컴     / -	 Copyrights ⓒ  무단 전재 및 재배포 금지 -
46,"부산의료원이 응급실 폐쇄, 코로나19 검사 요청 상태--0","부산의료원이 응급실이 폐쇄됐다.	해외 여행을 다녀온 40대 남성이 가슴통증을 호소해 부산의료원 응급실로 이송됐으나, 끝내 숨졌다.	 보건당국은 코로나19 여부를 확인하기 위해 해당 응급실을 폐쇄하고 코로나19 검사에 들어갔다.	보건당국에 따르면 17일 오전 8시 48분 부산 연제구에서 베트남 여행을 갔다가 귀국한 40대 남성 A 씨가 호흡 곤란과 가슴 통증을 호소해 119구급대에 의해 부산의료원으로 이송됐다.	A 씨는 병원에서 심폐소생술을 받았지만 결국 숨졌다.	 A 씨에게 발열 증상은 없었던 것으로 전해졌다.	부산의료원 측은 A 씨가 해외 여행을 다녀온 것을 감안해 예방 차원에서 코로나19 검사 필요성이 있다고 판단, 이날 오전 9시 45분경 응급실을 임시 폐쇄하고 보건당국에 검사를 요청한 것으로 알려졌다.	임시 폐쇄된 응급실에는 경찰관 2명, 병원 관계자 10여명 등이 격리 중이다.	검사 결과가 나오는 데 6시간 정도 걸리는 것으로 전해졌다.	동아닷컴 온라인뉴스팀  -	 Copyrights ⓒ  무단 전재 및 재배포 금지 -"
47,"평택 4번째 코로나19 확진자 발생, 대구에서 온 20대女--0","경기도 평택시 포승읍에 거주하는 20대 여성 A 씨가 감기 증상으로 박애병원 선별진료소를 방문해 검사한 결과 코로나19 양성 판정을 받았다.	평택시에 따르면 A 씨는 대구에서 거주하다가 최근 직장 때문에 포승읍에 방을 얻어 자취 생활을 시작한 것으로 전해졌다.	 평택시는 질병관리본부 발표에 맞춰 A 씨의 동선을 공개할 계획이다.	 A 씨는 경기도립의료원 파주병원으로 이송될 예정이다.	앞서 평택 3번째 확진자인 송탄보건소 금연단속원 60대 B 씨와 접촉한 가족 5명은 검사에서 모두 음성 판정을 받았다.	 평택시는 B 씨의 아내, 큰딸, 작은딸, 손녀 등 4명은 평택 진위면 무봉산청소년수련원에서 14일간 격리 생활을 한다고 설명했다.	B 씨 큰딸의 남편인 경북 의성경찰서 경찰관도 해당 지역에서 검사한 결과 음성 판정을 받았다.	 이로써 B 씨의 감염 경로는 더욱 미궁에 빠졌다.	다만 B 씨가 21일과 24일 방문했던 서울 송파구 경찰병원에서 의료진 중 확진자가 나온 점을 참작해 경로를 조사하고 있다.	 평택에서 B 씨와 접촉한 사람은 모두 36명으로 조사됐다.	 금연단속에 동행한 직원 5명은 모두 음성 판정이 나와 관리 대상에서 해제됐다.	앞서 B 씨가 금연단속 과정에서 66곳을 다닌 것으로 파악돼 지역사회 전파 우려가 제기됐으나, B 씨의 업무가 업소 내부에 출입하지 않고 마스크를 착용한 상태로 외부에서 관찰하는 것이어서 금연단속 중 접촉자는 없다는 결론을 내렸다.	동아닷컴 온라인뉴스팀  -	 Copyrights ⓒ  무단 전재 및 재배포 금지 -"
48,‘PD수첩’도 N번방 집중조명…디지털 성범죄 다룬다--0,"‘PD수첩’도 N번방 집중조명…디지털 성범죄 다룬다오늘 밤 11시에 방송되는 MBC PD수첩 ‘악의 끝판, N번방’에서는 텔레그램에서 미성년자를 포함한 여성들의 성 착취물이 무분별하게 유포되고 있는 이른바 ‘N번방’ 사건을 들여다본다.	 익명의 그늘에서 발생한 디지털 성범죄.	 누가, 어디서부터 시작한 것일까.	철저한 보안 시스템을 갖춘 인터넷 메신저 텔레그램.	 그 속에서 왕으로 군림했던 ‘박사방’ 운영자 ‘박사’.	 그는 SNS나 채팅 앱을 통해 여성들에게 고수익 아르바이트, 모델 제의 등의 메시지로 접근한 뒤 나체 사진을 받아냈다.	 여성들의 약점을 잡아낸 박사는 협박과 함께 지속적으로 음란물을 찍게 했다.	 영상은 음란물 공유방 텔레그램 회원들에게 가상화폐나 문화상품권으로 거래됐고, 회원들은 환호하며 피해자를 농락했다.	 드러난 피해자만 70여 명.	 박사에게 피해자들은 ‘노예’에 불과했다.	국민들은 분노했다.	 ‘박사’뿐만 아니라 ‘N번방’ 가입자들의 신원을 공개하라는 국민 청원이 250만 명을 넘어섰다.	 지난 16일, 경찰에 잡히지 않을 거라 확신하던 ‘박사’가 붙잡혔다.	 경찰의 신상 공개 결정에 따라 ‘박사’의 신상이 공개됐다.	 25세, 청년 조주빈.	 현재 조주빈 뿐만 아니라 텔레그램 내에서 무단으로 성 착취 물을 제작, 유포하고 있는 운영자들이 속속들이 검거되고 있다.	 이것이 끝이 아니었다.	 PD수첩은 취재 과정에서 아직도 텔레그램에서 익명의 누군가에 의해 성 착취물이 공유되고 있는 것을 확인했고, 그들과 대화를 시도했다.	 PD수첩과 가담자가 나눈 대화!	 그들은 어떤 생각을 가지고 있는 걸까."
49,‘PD수첩’도 N번방 집중조명…디지털 성범죄 다룬다--1,"‘박사‘ 조주빈 보다 일찍이 텔레그램에서 추앙받았던 인물.	 닉네임 ’갓갓‘이다.	 ‘갓갓’은 SNS의 일탈계 게시물을 보고 미성년자를 포함한 여성들에게 접근한 뒤 신상을 해킹해 자극적이고 가학적인 성 착취 영상을 요구했다.	 피해 여성들을 ‘노예’라고 칭하며 “말을 안 들으면 유포하겠다”라고 협박했다.	 이렇게 얻어낸 사진과 영상들은 ‘갓갓’의 ‘N번방’에 게시됐고 관전자들은 대화를 나누며 피해자들의 신상정보를 공유했다.	 어느 날 ‘갓갓’은 ‘N번방’의 운영을 중단하고 돌연 잠적했다.	 PD수첩은 ‘갓갓’의 행적을 뒤쫓는 도중, ‘N번방’ 사건이 공론화되기 이전부터 SNS에서 ‘갓갓’과 유사한 방법으로 개인정보를 해킹하는 사례들을 확인했다.	 ‘갓갓’의 피해자 유인과 비슷한 수법.	 그는 누구일까.	익명의 그늘에서 발생한 디지털 성범죄 MBC PD수첩 ‘악의 끝판, N번방’은 오늘 밤 11시에 방영된다.	동아닷컴     / -	 Copyrights ⓒ  무단 전재 및 재배포 금지 -"
50,올해부터 맹견 책임보험 가입 의무화--0,"지난해 7월 서울 은평구 한 골목에서 맹견 로트와일러가 소형견 스피츠를 순식간에 물어 죽여 큰 파문이 일었다.	 날쌘 로트와일러는 불과 15초 만에 스피츠를 공격해 숨지게 했다.	 스피츠와 함께 산책하던 반려인도 로트와일러의 공격을 말리려다 부상을 당했다.	  이 사건에 대해 청와대 청원을 한 목격자는 “2017년에 같은 패턴의 사고가 2건 더 발생했고, 그 사건으로 1마리가 사망했다”며 “이 같은 패턴의 사건이 벌써 5번째”라고 말했다.	 여러 차례 되풀이된 사고였다.	  로트와일러의 견주 A씨는 같은 달 SBS와의 인터뷰에서 “내가 죽더라도 개는 안락사 못 시키겠다”고 애착을 보이기도 했다.	 결국 A씨는 법정에 서게 됐다.	 지난달 30일 서울서부지검은 견주 A씨를 재물손괴와 동물보호법 위반 혐의로 기소했다.	  경찰은 A씨가 사고 가능성을 인지하고도 입마개를 채우지 않아 미필적 고의에 의한 재물손괴 혐의가 있다고 봤다.	 맹견에 속하는 로트와일러에 입마개를 착용하지 않아 사람을 다치게 하면 동물보호법 위반에 해당한다.	  올해부터는 동물보호법상 맹견인 아메리칸 스턴퍼드셔 테리어, 아메리칸 핏풀테리어, 스텐퍼드셔 불테리어, 도사견, 로트와일러 등의 보호자는 책임보험 가입이 의무화됐다.	 맹견 번식이나 동물 판매 때도 의무적으로 등록해야 한다.	  맹견의 소유자나 판매업 대상자는 생후 2개월령 이상 강아지의 맹견보험 의무화 규정을 지켜야 한다.	 맹견 보호자는 외출 시 입마개 착용, 목줄과 리드줄, 2미터 이내의 짧은 줄을 매줘야 한다.	 안전관리 의무 위반 시 1회 100만 원, 2회 200만 원, 3회 300만 원 이하의 과태료를 부과한다.	김호승     / -	 Copyrights ⓒ  무단 전재 및 재배포 금지 -"
51,‘그것이 알고싶다’ 한인 프로듀서 신 씨 ‘감금 폭행 사건’ 주목--0,"'그것이 알고싶다' 교양 프로그램 ‘그것이 알고싶다’에서 미국 테네시주 내슈빌 한인 감금 폭행 사건에 대해 추적해 큰 관심을 모았다.8일 밤 방송된 SBS TV 교양 프로그램 '그것이 알고싶다'에서는 미국 테네시주 내슈빌에서 일어난 한인 감금 폭행 사건의 진실을 파헤쳤다.	놀랍게도 논란의 인물은 그래미 어워즈 올해의 앨범상을 받은 케이시 머스그레이브스의 'Golden Hour', 제이슨 므라즈의 'I’m your’s' 등 쟁쟁한 팝스타들의 앨범에 참여한 한국인 음악 프로듀서 신 씨.	 신 씨는 지난 2018년 12월 미국 테네시주 내슈빌에서 자신의 여자친구를 잔혹하게 감금 후 폭행한 혐의로 체포됐다.	현지 경찰에 따르면 신 씨는 약 7일간 본인의 집에 피해자를 감금해, 청소기, 드릴, 머그잔 등으로 피해자를 구타하고 전깃줄로 목을 조르는 등 무차별적인 폭행을 가했다고 한다.	 또 신 씨는 피해자의 상처에 뜨거운 물을 붓거나 코에 물을 넣는 등 잔혹한 고문 행각도 벌였다고 알려졌다.	 이어 성고문까지 자행됐다고 전해졌다.	피해자는 감금 7일째 되던 날 신 씨의 감시가 소홀해진 틈을 타 도망쳤고 이후 이웃 주민에게 구조돼 병원으로 옮겨졌다.	 하지만 신 씨는 보석금을 내고 풀려났고, 이듬해 4월 신 씨가 또다시 피해자를 감금 및 폭행한 혐의로 체포되는 일이 발생했다.	이와 관련해 신 씨의 누나는 동생이 유명해서 당한 일이라고 항변했다.	 또 피해자가 이상한 사람이라고 말해 논란을 일으켰다.	동아닷컴    -	 Copyrights ⓒ  무단 전재 및 재배포 금지 -"
52,성산대교 난간 뚫고 차량 추락 충격→40대 운전자 사망--0,"성산대교에 SUV 차량이 추락했다.	경찰과 소방당국에 따르면 21일 낮 12시30분경 서울 성산대교에서 검정색 SUV 차량이 난간을 뚫고 한강으로 떨어졌다.	 이 사고로 운전자가 숨졌다.	사고 차량은 성산대교에서 마포구청역 방향으로 달리다가 교량 보강 공사를 위해 설치한 다리 중반부의 임시 교량을 지나던 중 우측 인도로 돌진해 난간을 뚫고 강으로 추락했다.	차량 운전자는 40대 남성으로, 구조 후 심폐소생술을 실시하고 인근 병원으로 이송했으나 1시 38분께 사망했다.	이날 현장에는 소방대원 30여 명과 경찰관 20여 명, 장비 19대가 투입됐다.	 추락한 차량에는 운전자 외에도 추가 인원이 있는 것으로 전해졌으나, 수색 결과 차량에는 운전자 1명만 탑승한 것으로 추정된다.	 이에 따라 경찰과 소방 당국은 차량 인양 작업에 돌입했다.	경찰은 운전자 음주 여부 등 다각도로 사고 원인을 조사 중이다.	 동아닷컴 온라인뉴스팀  -	 Copyrights ⓒ  무단 전재 및 재배포 금지 -"
