0,"""창녕 아동학대"" 계부·친모, 거주지에서 투신 등 자해…생명지장 無--0",  Copyright ⓒ  &
1,"광주경찰, 무인단속장비 설치..어린이보호구역 교통안전 ""실현""--0",  Copyright ⓒ  &
2,"여수시, 방문판매업체 집합금지 행정명령 주문--0",  Copyright ⓒ  &
3,"""n번방 박사"" 조주빈, 암호화폐 지갑서 ""32억 원"" 자금 흐름 포착--0",  Copyright ⓒ  &
4,"전남경찰, ‘과속 운전 처벌 강화’ 홍보--0",  Copyright ⓒ  &
5,"""IDS홀딩스 주범과 유착 의혹"" 현직 검사, 검찰에 피고발--0",  Copyright ⓒ  &
6,"경기도, 무등록 환경전문공사업체 ""꼼짝마""--0",  Copyright ⓒ  &
7,"목포시, 스마트시티 통합플랫폼 기반구축사업 최종 선정--0",  Copyright ⓒ  &
8,"전남경찰, 대마초 온라인 판매 일당 검거·구속--0",  Copyright ⓒ  &
9,주진모 하정우 등 연예인 휴대전화 해킹 협박범 검거--0,  Copyright ⓒ  &
10,"극단 그림일기 연극 ""개세끼들"" 앙코르 무대--0",  Copyright ⓒ  &
11,"제2의 LA폭동사태 우려 한인타운에 주방위군 투입 ""한인 신변보호 약속""--0",  Copyright ⓒ  &
12,"경기도, 농약·비료 불법 유통판매 23군데 업체 적발--0",  Copyright ⓒ  &
13,"38명 사망·10명 부상 ""이천 물류창고"" 화재…또 ""용접 불티"" 원인이었다--0",  Copyright ⓒ  &
14,안전속도 50km로 낮춰면 사망자 63% 줄고 지연시간은 2분에 그쳐--0,  Copyright ⓒ  &
15,"[속보] 강용석 ""文대통령 이만희와 악수"" 명예훼손 혐의로 자택서 체포--0"," 보수성향 유튜브채널 가로세로 연구소를 운영 중인 강용석 변호사가 허위사실 유포에 의한 명예훼손 혐의로 8일 자택에서 체포된 것으로 알려졌다.	 조선일보는 8일 ""경찰이 유튜브 채널 ‘가로세로연구소'의 강용석 소장을 허위사실 유포에 의한 명예훼손 혐의로 체포했다""라고 보도했다.	 서울지방경찰청 사이버수사대에 따르면 이날 오전 11시쯤 강용석 소장은 허위사실에 의한 명예훼손 혐의로 마포구 자택에서 체포된 것으로 알려졌다.	 최근 법원에서 같은 혐의로 영장을 발부받은 데 따른 것이다.	경찰 등에 따르면, 강 소장에 대한 이번 명예훼손 수사는 지난 3월 더불어민주당 측이 이러한 혐의로 강 소장을 고발한 데 따른 것이다.	 고발된 혐의 중엔 강 소장 등이 유튜브 영상에서 문재인 대통령이 누군가와 악수하는 사진을 보여주며 ‘문 대통령이 신천지 이만희 교주와 악수하는 사진’이라는 취지로 소개했는데, 이게 사실이 아니라는 것 등이 포함된 것으로 알려졌다.	 강 소장은 앞서 지난 6월에도 김세의 전 MBC 기자와 함께 조국 전 법무부장관 딸 조 모씨에 대한 허위사실 유포혐의로 검찰에 기소 의견으로 송치된 바 있다.	 앞서 이들은 지난해 8월 자신들이 운영하는 채널에 올린 ‘조국 의혹 총정리’라는 영상에서 조씨에 대한 사진과 함께 “조 후보자의 딸이 빨간색 포르쉐를 타고 다닌다”는 내용을 올렸고 조씨는 관련 내용을 비롯해 여러가지 허위사실을 유포한 사람들을 대거 고소했다."
16,"경기도,마스크 매점매석 ""고발""… 이재명 ""불공정 강경 대응""--0",  Copyright ⓒ  &
17,"고교생이 회원수 9천명 음란물 링크방 운영하다 덜미, ""방장 권한에 재미느껴""--0",  Copyright ⓒ  &
18,"조주빈 ""손석희, 김웅, 윤장현에 사죄""…네티즌 ""어리둥절""--0",  Copyright ⓒ  &
19,"곡성군, 명절 맞이 향토방위 군·경 장병 위로--0",  Copyright ⓒ  &
20,"박원순 시장, 종로경찰서에 미투 신고 접수--0",  Copyright ⓒ  &
21,"사랑제일교회 압수수색 4시간 20분 만에 종료 ""교인명단 확보""--0",  Copyright ⓒ  &
22,"전남경찰, 개정 형소법 시행 위한 수사현장 구현--0",  Copyright ⓒ  &
23,"양승조 지사, “귀국 국민 임시생활시설 안전관리 최선” 다한다--0",  Copyright ⓒ  &
24,"벤틀리, 포르쉐 이어 이번엔 마세라티 파손사고... 경찰 ""CCTV 분석 중""--0",  Copyright ⓒ  &
25,"새벽 인터넷방송 도중 극단적 선택 BJ, 시청자 신고로 구조--0",  Copyright ⓒ  &
26,"흉기찔린 10대 아들, 이혼소송 중인 부부 추락...원주서 일가족 참변--0",  Copyright ⓒ  &
27,"용인시, 대학가 등 5곳 정류소 안심 ""비상벨"" 추가 설치--0",  Copyright ⓒ  &
28,"극단적 선택 ""여행에 미치다"" 조준기 대표, 병원이송 8일만 사망--0",  Copyright ⓒ  &
29,"김포시, 장기본동 교회 1곳 집합금지 명령--0",  Copyright ⓒ  &
30,전남 진도 주택서 화재 발생…80대 여성 숨진 채 발견--0,  Copyright ⓒ  &
31,"이태원 클럽 방문 5517명 중 2000여명 ""연락 불통""--0",  Copyright ⓒ  &
32,"박대출 의원 ""윤지오, 국민의힘은 거부않겠다…국감 출석해라""--0",  Copyright ⓒ  &
33,"정부, 코로나19 자가격리 위반자에 ""안심밴드"" 착용--0",  Copyright ⓒ  &
34,"몸캠피싱 보안 전문 ‘시큐어앱’, “차단 솔루션 통해 피싱 범죄 막는다”--0"," 몸캠피싱 피해자가 나오기 시작한 지 6년이라는 시간이 흘렀다.	 하지만, 여전히 피해자 수는 계속해서 증가하고 있다.	 몸캠피싱은 이미 온라인 상에서 많이 알려진 피싱 방법으로 신종 범죄라고 하기에도 오랜 기간이 흘렀다.	하지만 디지털 기술이 발전하는 것과 같이 몸캠피싱은 몸캠사기, 랜덤채팅사기 등 다양한 사례를 나타내면서 범인들의 수법 또한 발전하고 새로운 범죄 수법을 개발하고 있어 추가적인 대응이 필요한 상황이다.	특히 몸캠피싱 범죄에 피해를 받고 있는 사람들의 대다수가 젊은 세대의 성인 남성들이 많아 창피함이나 수치심 및 사회적 지위 등의 문제로 피해 사실을 알리기를 꺼려하는 경우가 많다.	 하지만 갑작스러운 협박으로 시작되는 몸캠피싱은 혼자서 올바른 판단을 내리기 어려운 순간 더 큰 피해가 발생할 수 있다.	보안회사 시큐어앱 임한빈 대표는 “몸캠피싱에 당하면 금전적인 피해는 물론, 큰 정신적 피해까지 입을 수 있다”면서 “만약 부주의한 탓에 당하게 됐다면 협박범의 요구에 따르지 말고, 보안 전문가와 상의해 해결 방안을 찾는 것이 중요하다”고 설명했다.	모바일 보안 전문 업체 시큐어앱은 카톡영상통화를 이용한 영상통화협박 등의 패턴을 정확히 파악하여 그에 맞는 차단솔루션을 제공한다.	 이후 apk파일을 심층적으로 분석해 유포가 진행되지 않도록 막고 24시간 차후 모니터링 서비스를 통해 자칫 2차, 3차 피해로 번질 수 있는 경우를 차단한다.	또한, 영상이 유포될 수 있는 루트 자체를 차단해 변수에 완벽히 대응하고 있다.	 현재 시큐어앱은 피해자들을 위해 365일 24시간 연중무휴로 유포차단솔루션을 공급하고 있으며 점점 늘고 있는 피해자를 고려해 인력을 보충하고, 즉각적인 대응을 펼치고 있다.	시큐어앱 보안팀의 한 관계자는 “화상통화사기에 당했다면 동영상 유포 협박범에 대응할 것이 아니라 보다 신속히 보안 업체와 경찰에 알려 도움을 구해야 한다”며 “빠르게 악성코드를 분석해 유포를 차단할 수 있는 솔루션과 기술력을 가지고 보안 업체를 고르는 것도 중요하다”고 조언했다."
35,"집행유예→데이트폭행→6개월 도주, 유명 BJ에 징역 1년6월 구형--0",  Copyright ⓒ  &
36,"""박사방"" 가담한 거제시청 현직 공무원, 아직 공무원 신분 유지--0",  Copyright ⓒ  &
37,"이재명 ""재난기본소득 사고파는 ""깡"" 발본색원""--0",  Copyright ⓒ  &
38,"조주빈, 윤장현 전 시장에게 ""JTBC 손석희 사장 연결해주겠다""며 접근--0",  Copyright ⓒ  &
39,"""텔레그램 ""n번방"" 피의자 신상 공개하라""...靑 청원 20만 넘어--0",  Copyright ⓒ  &
40,"십대 男학생, 고교 온라인수업 화면에 성기 노출…재학생 아닌 외부인 소행--0",  Copyright ⓒ  &
41,"전남경찰, 화훼농가 돕기 캠페인 참여--0",  Copyright ⓒ  &
42,"광주경찰, 범죄도시2 영화 촬영 교통소통·안전확보로 시민 불편 ""최소화""--0",  Copyright ⓒ  &
43,"전광훈 사랑제일교회 담임목사, 코로나19 확진 판정--0",  Copyright ⓒ  &
44,"성남시, 공무원 1명이 신천지 신도 5명 전담... 2545명 조사--0",  Copyright ⓒ  &
45,"(속보) 윤화섭 안산시장, 정치자금법 위반 혐의 재판에 넘겨져--0",  Copyright ⓒ  &
46,"소리로 세상을 움직이는 AI, 음성 및 자연어처리/분석 기술 주목--0",  Copyright ⓒ  &
47,"""주차 좀 빼달라"" 전화에 아이 보는데서 아빠 폭행한 40대 체포--0",  Copyright ⓒ  &
48,"""접촉사고 처리부터 하라"" 구급차 막아세운 택시기사 구속--0","'접촉사고 처리부터 하라'며 구급차를 막아세워 응급환자를 죽음으로 몰고 갔다는 비난을 받는 택시기사가 구속됐다.	서울동부지법 권덕진 영장전담 부장판사는 24일 ""주요 범죄혐의가 소명되고 증거를 인멸하거나 도망할 염려가 있다""라며 택시기사 최모씨의 구속영장을 발부했다.	최 씨는 지난달 8일 오후 강동구 지하철 5호선 고덕역 인근 한 도로에서 시설 구급차와 일부러 접촉사고를 내고 '사고 처리부터 해라.	  죽으면 내가 책임진다'라며 약 10분간 막아선 혐의를 받는다.	해당 구급차는 호흡 곤란을 호소하는 79세의 폐암 4기 환자를 병원으로 이송하는 중이었다.	 고령의 환자는 다른 119 구급차로 옮겨타고 병원에 도착했지만 끝내 숨을 거두었다.	숨진 환자의 아들이 택시기사가 이송을 방해하는 바람에 어머니가 세상을 떠났다며 그를 처벌해달라고 청와대 게시판에 국민청원을 올렸다.	 이 청원은 25일 현재까지 약 72만 명의 동의를 얻으면서 국민적 공분을 샀다.	최 씨는 사고 당시 강동구의 한 택시업체에 입사한 지 3주 정도 된 신입 기사였다.	 그는 사고 2주만인 지난달 22일 이 업체를 퇴사했다.	경찰은 강동경찰서 교통과가 수사 중인 이 사건에 같은 경찰서 형사과 강력팀 1곳을 추가로 투입하고 최 씨를 출국금지 조처하며 본격적인 수사를 벌이고 있다."
49,"공직선거법 위반혐의 전광훈 결국 구속, 법원 ""도주 우려 있다""--0",  Copyright ⓒ  &
50,정부 “한글날 불법집회 시도 중단해 달라”--0,  Copyright ⓒ  &
51,"박원순 장례위 ""영결식 온라인으로 진행""--0",  Copyright ⓒ  &
52,"확진자 6천명 돌파 프랑스 마크롱 대통령 ""전국민 15일간 이동금지령, 경각심 가져달라""--0",  Copyright ⓒ  &
53,"용인시, 돌봄 사각해소 아동 6062명 대상 실태조사--0",  Copyright ⓒ  &
54,"""내딸 왜 때려?"" 놀이터서 9살 어린이 쫓아와 자동차로 ""쿵"" 어긋난 모정--0",  Copyright ⓒ  &
55,"“논산경찰서, 교통사망사고 감소 위한 교통 유관기관 관계자 회의 개최”--0",  Copyright ⓒ  &
56,이언주 남편은 왜 민주당 유세장 앞을 오갔을까. 진흙탕 고소전 펼쳐진 부산 남구을--0,  Copyright ⓒ  &
57,"750조원 굴리는 국민연금 대체투자 운용역 4명, 마약 하며 연금 운용--0",  Copyright ⓒ  &
58,"군포시, 올 연말까지 스마트시티 통합플랫폼 구축--0",  Copyright ⓒ  &
59,"경기도, 227개 렌터카업체 2만5400대...불법 무등록 집중 수사--0",  Copyright ⓒ  &
60,"완도해경, 명절 전·후 민생침해 범죄 집중단속 나서--0",  Copyright ⓒ  &
61,"손석희 ""조주빈, 흥신소 사장이라며 접근 후 거짓 협박""[전문]--0",  Copyright ⓒ  &
62,"경찰, ""조두순집"" 주변 여성안심구역 설정…순찰 인력 집중배치--0",  Copyright ⓒ  &
63,"광주광역시 동구, 학대 위기 고위험아동 가정방문 실시--0",  Copyright ⓒ  &
64,"대법원, 이자명목으로 10대에 성관계 요구 ""위력에 의한 간음""--0"," 미성년자에게 돈을 빌려주고 이자 명목으로 성관계를 요구한 군인의 성폭행 혐의를 무죄로 본 군사법원의 판결에 대법원이 제동을 걸었다.	대법원 3부는 A씨의 아동·청소년의 성보호에 관한 법률 위반 혐의를 무죄로 판결한 원심을 깨고 사건을 고등군사법원에 돌려보냈다고 15일 밝혔다.	A씨는 2019년 7월 '조건 만남'으로 알게 된 10대 B양에게 돈을 빌려준 뒤 상환 연체에 대한 이자를 명목으로 성관계를 요구했다.	 A씨는 B양의 집사진을 찍어서 메시지로 보내고 계속 전화를 걸어 압박하다 경찰에 체포됐다.	군검찰은 A씨가 '위력'으로 B양에게 성관계를 강요했다고 보고 아청법상 위계 등 간음 혐의를 적용해 재판에 넘겼다.	 이 혐의는 속임수 또는의사를 제압하는 유·무형의 힘으로 아동·청소년과 성관계를 맺은 경우에 적용된다.	고등군사법원은 A씨의 위계 등 간음 혐의를 무죄로 판단하고 변경된 죄명인 강요미수죄를 유죄로 인정했다.	 A씨가 이자 명목으로 B양과 성관계를맺으려 한 것으로 보이지만, 구체적인 시간과 장소를 약속하지는 않은 점에 비춰볼 때 '막연한 생각'에 그쳤다는 이유에서다.	고등군사법원은 ""피고인이 피해자에게 위력을 행사할 당시 피해자를 간음하는 것에 대해 막연하게 생각했을 뿐 실제로 간음 행위에 이르기 위한구체적인 계획이나 의도를 드러냈다고 보기는 어렵다""고 판시했다.	그러나 대법원은 ""시간과 장소를 정하지 않았다는 사실이 범행 계획이 구체적인지 또는 피고인의 행위가 성관계를 위한 수단이었는지를 판단하는데 중요한 사항이라고 보기 어렵다""며 원심을 파기했다.	또한 ""피고인은 피해자의 입장에서 성관계를 결심하게 될 중요한 동기에 대해 피해자의 자유의사를 제압할 만한 위력을 행사했다고 볼 수 있다""고지적했다.	한편 A씨는 B양과 '조건 만남'을 한 혐의에 대해서는 군사법원에서 유죄를 선고받았고 대법원도 원심 판단을 유지했다."
65,"법원공무원, 친딸 5살 때부터 12년간 성폭행 혐의로 수사…아내가 경찰 신고--0",  Copyright ⓒ  &
66,"""고급정보·고수익"" 유혹…""리딩방"" 투자사기, 법망피해 은행·경찰도 ""속수무책""--0",  Copyright ⓒ  &
67,"[속보]故 박원순 고소인 측, 오늘 오후 2시 기자회견--0",  Copyright ⓒ  &
68,"코로나19 위기 상황속 나눔 가치 전파, 지역사회 복지 기여--0",  Copyright ⓒ  &
69,"수원시, 자가격리 중 무단이탈 해외 입국자 고발--0",  Copyright ⓒ  &
70,"해남군, 유흥시설 등 76개소 집중단속 실시--0",  Copyright ⓒ  &
71,"경기도, 아주대 병원 ""진료거부·방해·기록부 조작"" 현장 조사--0",  Copyright ⓒ  &
72,"환경부, 시민 안전담보 ‘화관법’ 적용--0"," 정부와 환경부가 화학물질 관리를 강화한 화학물질관리법에 대해 5년의 유예 기간을 충분히 부여한 만큼 더 이상 법을 유예하지 않고 전면 적용하겠다고 밝히고 있다.2012년 발생한 '구미 불산 가스 누출 사고' 등을 계기로 만들어진 화관법은 사업장 내 화학물질이 사업장 밖에서 미치는 영향을 평가하고 유해물질 관리인력을 보충해 화학물질의 시설관리를 강화하는 제도이다.	 특히 불산누출사고 등을 예방하고 사고 시 효율적으로 대처하기 위해 제정된 법이다.	이미 폭탄이 되어버린 화학물질 공장을 시민의 안전을 위해 그대로 놔둘 수 없다는 게 환경부 입장이다.	 2012년 ‘구미 불산 가스 누출 사고’는 당시 안전 장비를 착용하지 않고 작업을 하던 직원 4명과 외주 업체 근로자 1명 등 총 5명이 사망했으며, 사고 현장에 출동한 소방관과 경찰, 벼농사와 과수농사를 짓던 인근 주민 등 1만1000여 명이 불산 누출의 여파로 검사와 치료를 받았다.	 또한 농작물 등 식물들도 말라 죽는 등 심각한 결과를 낳았다.	하지만 많은 중소기업들과 소규모 영세 자영업자들은 법규 준수를 미루고 있다.	 법규 적용에 따라 시설 관련 비용을 감당하기 어렵다는 게 가장 큰 이유로 정부가 전액 지원해 주길 기대하고 있다.	지난해 중소기업중앙회가 화관법 적용 대상 중소기업 500곳을 대상으로 한 조사에 따르면, 화관법 이행 시 가장 큰 부담은 '유해화학물질 취급시설 배치·설치 및 관리기준 준수'로 나타났다.	 그에 따른 이유는 신규 설비 비용 부담이 가장 컸다.	실제 환경부 제출용 화학사고 장외영향평가서를 받는 데만 약 600만원 정도가 소요되며, 현행법에 따라 취급 화학물질 특성에 맞는 배출, 집수 설비 등을 갖추는데 따른 기준이 400여 개에 달해 모든 기준을 충족할 수 어려울 뿐 아니라 법 기준에 맞는 폐수장 하나를 설치하는 데만 5억원 정도가 들어간다고 한다.	환경부 관계자는 ""그 동안 화관법 규제를 잘 지킨 기업들은 법을 준수하기 위하여 발생한 취급시설 설치 및 인허가 관련 등 비용에 대한 불만사항이 발생하고 있다.""	면서 ""이미 적용한 화관법 유예기간 5년은 업체들이 충분히 기준을 맞출 수 있는 시간이었기 때문에 더는 늦출 수 없다.	 다만 기업의 어려움을 해소하기 위해 무료 컨설팅, 융자 지원 등을 실시하고 있는 등 다양한 방법을 동원하면서 안정적으로 법을 적용해 나갈 방침""이라고 했다."
73,"의대 교수, 디지털 교도소 ""신상 공개""에 성 범죄자 누명썼다--0",  Copyright ⓒ  &
74,몸캠피싱 전문 대처 ‘시큐어앱’ 피씽 및 온라인 범죄 예방법 알려--0," 통신기술과 각종 매체 등이 발달하며 서버해킹부터 각종 디바이스 데이터 해킹, 연구결과 해킹 등 데이터 해킹이 기승을 부리고 있는데, 이러한 범죄들 대부분은 부정적인 방법으로 금전 갈취를 목적으로 이뤄진다.	 이러한 온라인상의 범죄들 중 가장 기승을 부리고 있는 ‘몸캠피씽’의 특징은 보이스피싱이나 스미싱과 같이 개인을 대상으로만 진행되지 않는다는 점이다.	 피해자의 주변 지인들과 가족들에게까지 피해를 끼치며 이로 인해 정상적인 사회생활을 유지하기가 힘들어질 수 있다.	영상통화사기 및 동영상유포 협박 등의 몸캠피씽을 당하고 있다면 경찰 신고와 동시에 보안 전문업체의 도움을 통해 해결할 수 있다.	이와 관련해 온라인 보안 전문업체 ‘시큐어앱’에서는 24시간 무료 긴급상담센터를 운영하며 시큐어앱만의 몸캠피씽 유포 차단방법 제공을 통해 피싱 피해자들을 구제하는 데 앞장서고 있다.	또한, 몸캠피싱 범죄 패턴을 정확히 파악하여 그에 맞는 차단방법을 제공하게 되는데, 이후 업체에서는 범인으로부터 피해자의 영상을 회수하고 24시간 차후 모니터링 서비스를 통해 자칫 2차, 3차 피해로 번질 수 있는 경우를 차단하고 있다.	시큐어앱의 임한빈 대표는 “몸캠피싱에 당했다면 피싱 협박범에 대응할 것이 아니라 보다 신속히 보안 업체와 경찰에 알려야 한다”고 말하며 “특히 빠르게 악성코드를 분석하여 유출된 동영상을 유포 전 회수할 수 있는 솔루션과 기술력을 가지고 있는 업체를 선택하는 것이 중요하다”고 전했다.	이외에도 ‘시큐어앱’은 모바일 악성 앱 분석, 모바일 진단 및 복구, 사이버범죄 수집 & 차단 등 모바일 보안 서비스를 제공하고 있다."
75,"양승조 지사, 임시생활시설 점검 나서--0",  Copyright ⓒ  &
76,"강진군, 민원실 비상대응 모의훈련 실시--0",  Copyright ⓒ  &
77,"전남도, 유흥업소 대상 행정명령 발령--0",  Copyright ⓒ  &
78,암스테르담 싱어라런미술관서 고흐의 그림 도난 당해--0,  Copyright ⓒ  &
79,침착한 기지로 납치 10시간 만에 스스로 귀가한 7세 소년 [B급통신]--0,  Copyright ⓒ  &
80,"광란의 질주로 해운대 7중 추돌 사고, 2차례 사고 뒤 도망 중 대형 사고--0",  Copyright ⓒ  &
81,"[속보] 텔레그램 n번방 개설한 ""갓갓"" 문형욱 신상공개 결정--0",  Copyright ⓒ  &
82,"경기도, 지하수 사용 식품업체 집중 수사--0",  Copyright ⓒ  &
83,"남원시, 공중화장실 불법촬영 카메라 일제점검 실시--0",  Copyright ⓒ  &
84,"전남경찰, 음주운전 증가 막기위해 강화된 선별식 음주단속 실시--0",  Copyright ⓒ  &
85,"""코로나19 시국에 나체로 비행기를?"" 美 여성 공항서 알몸 소동--0",  Copyright ⓒ  &
86,"[기획]인천시 감염병 확산 차단 24시간 철통방어 ""긴급조치 강화""--0",  Copyright ⓒ  &
87,"몸캠피싱 보안센터 시큐어앱, 피씽 범죄 유포차단솔루션 제공해--0","디지털 성범죄로 구분되는 ‘몸캠피싱 ’이 최근 몇 년 동안 계속해서 증가하며 많은 피해를 입히고 있다.	 2017년 1234건이 적발됐던 이 수법은 2018년 1406건이 적발됐고, 2019년에는 1824년으로 늘어났다.	 피해액도 17년 18억에서 18년 30억, 19년 55억가량으로 증가했다.5년 전부터 성행하기 시작해 무서운 속도로 증가한 몸캠피싱은 여성으로 가장한 피의자가 불특정 남성에게 스마트폰 채팅앱이나 SNS를 통해 접근하여 카카오톡 영상통화로 음란행위를 하도록 유도하고, 이를 촬영한 뒤 피해대상의 지인들에게 유포한다고 협박하여 돈을 갈취하는 수법이다.	몸캠피씽 피의자들은 대게 조직적으로 활동하는 범죄일당으로 알려져 있다.	 이들은 특히 지인들의 연락처를 알아내는 과정에서 피해자의 스마트폰을 해킹하거나 SNS를 활용한다.	 가족, 친지 및 친구, 선후배, 직장 동료 등 피해자의 모든 지인들의 연락처를 확보한 뒤, 이들에게 유포한다고 협박하는 방식이다.	보안회사 시큐어앱 임한빈 대표는 “몸캠피씽에 당하면 금전적인 피해는 물론, 큰 정신적 피해까지 입을 수 있다”면서 “만약 부주의한 탓에 당하게 됐다면 협박범의 요구에 따르지 말고, 보안 전문가와 상의해 해결 방안을 찾는 것이 중요하다”고 설명했다.	모바일 보안 전문 업체 시큐어앱은 영상이 유포될 수 있는 루트 자체를 차단해 변수에 완벽히 대응하고 있다.	 현재 시큐어앱은 피해자들을 위해 365일 24시간 연중무휴로 유포차단솔루션을 공급하고 있으며 점점 늘고 있는 피해자를 고려해 인력을 보충하고, 즉각적인 대응을 펼치고 있다.	시큐어앱은 카톡영상통화를 이용한 영상통화협박, 몸또 등의 패턴을 정확히 파악하여 그에 맞는 차단솔루션을 제공한다.	 이후 apk파일을 심층적으로 분석해 유포가 진행되지 않도록 막고 24시간 차후 모니터링 서비스를 통해 자칫 2차, 3차 피해로 번질 수 있는 경우를 차단한다.	또, 24시간 긴급신고센터를 운영하며 몸캠피씽, 영상통화사기와 같은 디지털성범죄 및 사이버 금융 범죄 등 사이버 범죄 피해자들을 구제하고 있다.	시큐어앱 보안팀의 한 관계자는 “화상통화사기에 당했다면 동영상 유포 협박범에 대응할 것이 아니라 보다 신속히 보안 업체와 경찰에 알려 도움을 구해야 한다”며 “빠르게 악성코드를 분석해 유포를 차단할 수 있는 솔루션과 기술력을 가지고 보안 업체를 고르는 것도 중요하다”고 조언했다."
88,"""막가파"" 목사 전광훈, 코로나19 확진. 자가격리 수칙도 어겼다--0",  Copyright ⓒ  &
89,"""BTS 화보에 투자해라"" 30억 끌어모은 50대 입건, 피해자 20명--0",  Copyright ⓒ  &
90,우한으로 향하는 전세기 1대 오늘 밤 8시45분 출발…360여명 수송--0,  Copyright ⓒ  &
91,"경기도, 포천수사팀 신설...4839개 환경오염 배출장 등 단속--0",  Copyright ⓒ  &
92,"MBC, ""n번방"" 의혹 기자 진상조사위원회 구성…이수정 교수 참여--0",  Copyright ⓒ  &
93,대리기사인 줄 알고 운전대 맡겼다는 을왕리 음주사고 동승자--0,  Copyright ⓒ  &
94,"여수시, 경찰서와 연결되는 비상벨 설치--0",  Copyright ⓒ  &
95,"가평署, 차량 내 극단적 선택한 남자를 ""여경이 신속 출동 구조"" ..--0",  Copyright ⓒ  &
96,"美국무부 최초 흑인차관보, ""대통령 언행이 신념 깎아내려"" 트럼프에 반발 사직서 제출--0",  Copyright ⓒ  &
97,"故 김주승 장모, ""큰손"" 장영자, 이순자 명예훼손 고소사건 무혐의 송치--0",  Copyright ⓒ  &
98,"""동양인 혐오 범죄"" 기승, 美 남성→30대 동양인 여성 ""염산 테러""--0",  Copyright ⓒ  &
99,"광복절 집회 투입 경남경찰 121명, 전원 코로나19 음성 ""방역 철저히 했다""--0",  Copyright ⓒ  &
100,"""미스터 글로벌 2019"" 김종우, ‘제9회 슈퍼모델 인터내셔널 월드 파이널’의 VIP 심사위원으로 위촉돼--0",  Copyright ⓒ  &
101,"양승조 지사, 생활치료센터 의료진 등 위문--0",  Copyright ⓒ  &
102,4개월간 장·차관급 공무원 급여 30% 반납키로--0,  Copyright ⓒ  &
103,"경기도, 소방재난본부 A팀장 중징계·고발 요청--0",  Copyright ⓒ  &
104,"남양유업, 경쟁사 비방 댓글 관련 ""실무자 자의적 판단""--0",  Copyright ⓒ  &
105,내달 13일 출소하는 조두순 거주지 변경할 듯…방법 대책도 수정 불가피--0,  Copyright ⓒ  &
106,"전담보호관찰관, 24시간 위치 파악, 대응팀 출범…조두순 재범방지 방안 발표--0",  Copyright ⓒ  &
107,"코로나19로 뮤지컬 조기종료한 이지훈, ""부디 이 힘든 시기 잘 극복하길 기도""--0",  Copyright ⓒ  &
108,"지적장애 스무살 아들, 때리고 굶겨 죽인 친모 구속 ""훈육 목적이었다""--0",  Copyright ⓒ  &
109,"영광군, 인도공사현장 도로교통법 무시 ‘뻔뻔’--0",  Copyright ⓒ  &
110,서울서도 반(反) 인종차별 시위 열린다…서울시청-美대사관까지 침묵 행진--0,  Copyright ⓒ  &
111,“충남서 추스른 몸·마음으로 더욱 활기차길”--0,  Copyright ⓒ  &
112,"영천시, 12억 투입 연내 스마트통합플랫폼 구축--0",  Copyright ⓒ  &
113,"[2020 한국소비자감동지수 1위] 법률자문 서비스, 더앤법률사무소--0",  Copyright ⓒ  &
114,"극단적 선택 암시했던 박진성 시인, 서울서 생존 확인--0",  Copyright ⓒ  &
115,"""지인과 함께 있게 해달라"" 불안 호소 코로나19 격리자 극단선택--0",  Copyright ⓒ  &
116,이재용 삼성전자 부회장 프로포폴 상습투약 의혹에 삼성전자 펄쩍--0,  Copyright ⓒ  &
117,"바로고, 오토바이 절도범 검거 기여 라이더에 감사장·상금 전달--0",  Copyright ⓒ  &
118,"여수시, 스마트시티 통합플랫폼 구축 사업 선정--0",  Copyright ⓒ  &
119,"인터넷방송서 후배폭행 구속기소 전 프로야구 선수 ""영화 ""범죄도시"" 따라한 것""--0",  Copyright ⓒ  &
120,박원순 시장 “클럽 등 모든 유흥시설 집합금지명령 발령”--0,  Copyright ⓒ  &
121,"동해 펜션 폭발사고 가스배관 막음처리 안된게 원인, 집중수사--0",  Copyright ⓒ  &
122,"안양시, 안양·범계역 임시선별진료소 설치... 무료 이용--0",  Copyright ⓒ  &
123,"광주경찰, 전자출입명부 설치·운영--0",  Copyright ⓒ  &
124,"진도군, CCTV 통합관제센터 착공식 개최--0",  Copyright ⓒ  &
125,"화순군, 코로나19 무단이탈 자가격리자 1명 고발--0",  Copyright ⓒ  &
126,"고양시 백석동, 김포 거주 코로나19 확진자 근무처 소독 후 폐쇄--0",  Copyright ⓒ  &
127,"경찰, 숨진 채 발견된 정의연 마포 쉼터 소장 부검 실시--0",  Copyright ⓒ  &
128,"360명 우리국민 싣은 中우한 전세기, 오늘 밤 출발. 2주간 격리수용--0",  Copyright ⓒ  &
129,"""성폭력 무혐의"" 박진성시인,극단적 선택 암시후 잠적...경찰, 행적추적--0",  Copyright ⓒ  &
130,"광주경찰, 디지털 성범죄 특별수사단 운영--0",  Copyright ⓒ  &
131,"마스크·손 세정제 대란에 매점·매석 통한 폭리 ""심각""…정부 “단속 강화할 것”--0",  Copyright ⓒ  &
132,"""나 취했다""며 여성 택시기사 폭행, 성추행. 뻔뻔한 승객에 靑국민청원 제기--0",  Copyright ⓒ  &
133,"남양주서, 일반마스크를 식약처 인증(KF)마스크로 둔갑, 피의자 2명 검거--0",  Copyright ⓒ  &
134,"경기도, 공정 서민경제 ""불법 사금융 도민감시단"" 모집--0",  Copyright ⓒ  &
135,"""n번방"" 최초 개설자 ""갓갓"" 신상공개...24세 문형욱(사진)--0",  Copyright ⓒ  &
136,"지난달 중국 다녀온 30대 폐렴증상 사망…""코로나19 감염 의심""--0",  Copyright ⓒ  &
137,"""한동훈 독직폭행"" 정진웅 차장검사 이번주 첫 재판--0","한동훈 검사장.	 사진| 연합뉴스 한동훈 검사장에 대한 '몸싸움 압수수색'으로 재판에 넘겨진 정진웅 광주지검 차장검사의 첫 재판이 이번 주 열린다.	서울중앙지법 형사합의22부는 오는 20일 독직폭행 혐의로 기소된 정 차장검사의 공판준비기일을 진행한다.	공판준비기일은 피고인의 출석 의무가 없어 정 차장검사가 직접 출석할 가능성은 적다.	정 차장검사는 지난 7월 이동재 전 채널A 기자의 강요미수 사건과 관련해 한 검사장의 휴대전화 유심칩을 압수수색하다 그를 폭행한 혐의를 받고 있다.	한 검사장은 사건 발생 직후 서울고검에 정 차장검사를 독직폭행 혐의로 고소했고, 정 차장검사는 한 검사장이 압수수색을 방해했다고 주장해 논란을 빚었다.	독직폭행 혐의는 검사나 경찰 등이 직무수행 과정에서 권한을 남용해 피의자 등을 폭행하거나 가혹행위를 하는 경우에 적용된다.	 단순 폭행보다 죄질이 무거워 5년 이하의 징역과 10년 이하의 자격정지에 처한다.	이날 첫 재판에서는 정 차장검사 측 입장을 확인하고 사건에 대한 증거조사 계획을 세우는 절차가 진행될 예정이다.	한편 강요미수 혐의로 재판에 넘겨진 이 전 기자에 대한 속행 공판도 오는 16일 열린다.	 이 재판은 '검언유착' 의혹을 언론에 처음 제보한 이른바 '제보자X' 지모씨가 증인 출석 요구에 거듭 불응하면서 공전하고 있다."
138,"n번방 전 운영자 ""와치맨"", 징역 3년6개월 구형--0",  Copyright ⓒ  &
139,"故 박원순 시장 유언장 ""고통 준 가족에 미안하다. 화장해 뿌려달라""--0",  Copyright ⓒ  &
140,"경기도, 수질검사 없이 지하수 사용 등 14군데 업소 적발--0",  Copyright ⓒ  &
141,행방불명된 박원순 시장 휴대전화 성북동에서 끊겨--0,  Copyright ⓒ  &
142,"초1년생에 ""팬티빨기"" 숙제내고 ""이쁜 속옷 부끄부끄"" 댓글교사, 교육청 ""수사의뢰""--0",  Copyright ⓒ  &
143,"""태풍에 흔들리는 창문에 테이프 붙이려다""… 부산 60대 여성 유리 깨져 사망--0",  Copyright ⓒ  &
144,"""변희수하사에 자유를!"" 지하철역서 나체 난동 20대女 체포--0","서울 지하철 합정역.	 사진|연합뉴스 성전환 수술 후 육군에서 강제전역당한 변희수 전 하사의 이름을 외치며 지하철 역에서 나체로 난동부린 20대 여성이 경찰에 체포됐다.	 13일 경찰에 따르면 A씨는 지난 10일 오후 1시쯤 서울 합정역 승강장에서 옷을 모두 벗은 채 ""변희수 하사의 자유를 보장하라""고 외치며 10여분간 소동을 피운 것으로 알려졌다.	변 전 하사는 남성에서 여성으로 성전환 수술을 한 뒤 지난 1월 육군으로부터 강제 전역을 당했다.	 당시 승강장에 있던 시민의 신고로 역무원이 와서 A씨를 제지하려 했지만 실패해 결국 경찰이 출동해 A씨를 현행범으로 체포했다.	경찰은 A씨를 공연음란 혐의로 조사한 뒤 추가 범행 가능성이 없다고 보고 당일 석방했다.	한편 지난 1월 육군 전역심사위원회를 통해 강제전역 조치된 변 전 하사는 이같은 결정을 재심사해달라고 제기한 인사소청이 기각되자, 지난 8월 전역처분 취소를 요청하는 행정소송을 제기했다."
145,"전국민 금융정보 유출사태…""정부 큰 책임, 금감원·경찰 핑퐁게임 멈춰야""--0",  Copyright ⓒ  &
146,"창녕 아동학대 계부 ""정말 미안하다. 내 딸로 생각해""주장, 영장실질심사--0",  Copyright ⓒ  &
147,"경기도, 껍질깨지고 분변 묻은 ""계란"" 유통 무더기 적발--0",  Copyright ⓒ  &
148,"경기도, 성인게임방 방역수준 1차 11.1% → 2차 92.3% 대폭↑--0",  Copyright ⓒ  &
149,"경기도, 유가보조금 부정수급 화물차주 375명 적발--0",  Copyright ⓒ  &
150,"[속보]파주병원서 간호사실 기어 탈출 사랑제일교회 확진자, 새벽 신촌서 검거--0",  Copyright ⓒ  &
151,몰카에 속아 여기자 쫓아 호텔 침실까지 들어간 트럼프 측근 줄리아니--0,  Copyright ⓒ  &
152,"경기도, 폐석면 무단매립 등 27건 적발--0",  Copyright ⓒ  &
153,"청주 40대 남성, 동거인과 말다툼 후 22개월 子 데리고 분신 시도--0",  Copyright ⓒ  &
154,"유통업계, 신종 코로나 바이러스 격리자 위한 생필품 지원--0",  Copyright ⓒ  &
155,"경기도 특사경,사건수리·내사처리 지침 마련--0",  Copyright ⓒ  &
156,"대전경찰,「제21대 국회의원선거 및 기초의원 재보궐선거」대비 공직선거법 교육 실시--0",  Copyright ⓒ  &
157,"경기도, 유통기한 무시·원산지 거짓 표시...양심불량 61곳 적발--0",  Copyright ⓒ  &
158,"의뢰인의 권익 보호 최우선, 특화된 법률서비스 제공--0",  Copyright ⓒ  &
159,구현모 KT 신임대표 취임하자마자 ‘위기론’…임기 1년은 채울까--0,  Copyright ⓒ  &
160,"이동걸 산업은행 회장, 국감서 키코 질의받는다--0",  Copyright ⓒ  &
161,"장성군, 전자 지문등록 스캐너 설치·운영--0",  Copyright ⓒ  &
162,"허위비방 논란 남양유업 ""경쟁사 목장 인근에 원전은 사실"" 공식해명도 논란--0",  Copyright ⓒ  &
163,"광주광역시, 새로나 추모관 침수에 따른 합동원인조사단 구성--0",  Copyright ⓒ  &
164,"전남경찰, 생활 악성폭력 집중 단속 실시--0",  Copyright ⓒ  &
165,"구례군, 집중호우 잠정피해액 1268억 집계--0",  Copyright ⓒ  &
166,"전남도, ‘코로나19’ 방역물품 광주시에 추가 지원 나서--0",  Copyright ⓒ  &
167,"대전경찰청,『으뜸지역경찰』8명 선발 포상--0",  Copyright ⓒ  &
168,"이재명 ""억강부약 대동세상 열겠다""...5가지 추진과제 발표--0",  Copyright ⓒ  &
169,"전남경찰, 전남 지역 모든 스쿨존 내비게이션에 반영--0",  Copyright ⓒ  &
170,"러시아, 브라질, 인니 지구촌 곳곳서 땅굴 판 죄수들 탈옥 성공--0",  Copyright ⓒ  &
171,"코로나19 주요감염원 신천지 대구교회 확진자 중 59.8%, 청도병원 14.8% [종합]--0",  Copyright ⓒ  &
172,"광주광역시, 설 연휴기간 불편 해소 종합상황실 운영--0",  Copyright ⓒ  &
173,"경찰, ""프로포폴 투약 의혹"" 이부진 호텔신라 사장 소환 조사--0",  Copyright ⓒ  &
174,"""박사"" 조주빈, 이달에도 보육원 자원봉사 단체 방문--0",  Copyright ⓒ  &
175,"영암군, ‘고맙습니다! 교통안전 릴레이’ 캠페인 진행--0",  Copyright ⓒ  &
176,"목포시, 코로나19 확산 방지 대응역량 강화 ""총력""--0",  Copyright ⓒ  &
177,"정부 “코로나19 악용 보이스피싱 전화, 스미싱 문자 주의하세요!”--0",  Copyright ⓒ  &
178,충남도의회 올 첫 임시회 일정 조정…신종 코로나 대응력 집중--0,  Copyright ⓒ  &
179,"조주빈, JTBC 손석희 사장에 살해 협박…“금품 갈취도”--0",  Copyright ⓒ  &
180,"경기도, 2.5단계 격상 이후 총19건 방역수칙위반 적발--0",  Copyright ⓒ  &
181,"의왕시, 광복절 ""서울구치소""앞 집회 금지--0",  Copyright ⓒ  &
182,"LH, 내포신도시 근린상업용지 및 업무용지 경쟁입찰--0",  Copyright ⓒ  &
183,"인천광역시, ‘PAV 실증화 지원센터 조성 업무 협약’ 체결... PAV산업 집중 육성한다--0",  Copyright ⓒ  &
184,"의왕시, 아동학대 직접조사로 문제점 개선--0",  Copyright ⓒ  &
185,"강용석 변호사 체포에 ""가세연"" 측 ""누가봐도 폭력적"" 주장--0","유튜브채널 '가로세로연구소' 방송화면 캡처 유튜브 채널 '가로세로연구소' 강용석 변호사가 허위사실 명예훼손 혐의로 8일 경찰에 체포되자 가세연 측이 소식을 전하며 반발했다.	이날 오전 서울지방경찰청 사이버수사대는 강 변호사를 허위사실 유포에 의한 명예훼손 혐의로 자택에서 체포했다.	  앞서 경찰은 체포영장을 발부받은 것으로 파악됐으며, 강 변호사는 이날 오후 서울청에서 조사받고 있다.	가세연 측은 이날 낮 12시 방송에서 강 변호사의 체포 소식을 전했다.	 방송 진행을 맡은 고상만씨는 ""해당 사건은 가세연이 3월2일 저녁 7시 방송에서 천지일보에 난 사진을 소개하면서 문재인 대통령과 이만희 교주가 악수를 하는 장면이라고 했으나, 사진 속 인물은 이만희 교주가 아니어서 즉각 정정 및 사과방송을 한 것""이라고 말했다.	또 ""강용석 변호사가 도주 및 증거인멸의 우려도 없는데 자택에서 체포됐다""며 ""누가 봐도 폭력이라고 밖에 볼 수 없다""고 주장했다．가세연 측은 이날 오후 3시10분쯤 방송을 다시 한 번 진행하며 ""얼마나 황당한 혐의로 체포됐는지 소장을 보면 알 것"", ""내용을 바로 잡았는데도 이렇게 한다는 것은 가세연을 찍어 누르겠다, 우파 유튜버들을 박살 내겠다는 정권의 의도가 엿보이는 것""이라고 말했다.	앞서 지난 3월 강 변호사는 자신의 유튜브 채널 방송에서 문재인 대통령과 악수를 한 인물을 신천지 교주 이만희라고 말한 바 있다.	 이에 더불어민주당은 강 변호사를 고발했다."
186,"안산시, 서민 울리는 경제사범 집중 단속--0",  Copyright ⓒ  &
187,"광주광역시 북구, 산불 방지 종합대책 추진--0",  Copyright ⓒ  &
188,베트남서 콘돔 재활용 적발...창고서 32만개 이상 세척콘돔 발견--0,  Copyright ⓒ  &
189,안산 중소벤처기업연수원 코로나19 생활치료센터 지정 윤화섭 시장“대승적 차원에서 받아들여”--0,  Copyright ⓒ  &
190,"당신이 무심코 전달한 코로나19 관련 정보, ‘처벌될 수 있습니다!’--0",  Copyright ⓒ  &
191,"美, ""플로이드 사망"" 규탄 시위로 코로나19 재확산 우려--0",  Copyright ⓒ  &
192,"""광란의 질주"" 7중 추돌사고 포르쉐, 앞서 사고 2번 내고 도주--0",  Copyright ⓒ  &
193,"순천시, 육군 31사단·순천경찰 합동 방역 실시--0",  Copyright ⓒ  &
194,"광화문집회서 체포 60대 확진, 강남서 유치장 폐쇄 경찰관 15명 격리--0",  Copyright ⓒ  &
195,"배정완 변호사, 초대 민선 안산시체육회장’ 출마 선언--0",  Copyright ⓒ  &
196,"김영록 전남도지사, 완도 방문해 코로나19 대응상황 점검 나서--0",  Copyright ⓒ  &
197,"광주광역시, 신천지 시설 추가 강제폐쇄 행정명령--0",  Copyright ⓒ  &
198,"검찰,""박사"" 조주빈 수사상황 공개키로 결정--0",  Copyright ⓒ  &
199,"경기도, 수상레저안전법 위반 85건 적발--0",  Copyright ⓒ  &
200,"광주경찰, 안전하고 평온한 설 명절 종합치안활동 추진--0",  Copyright ⓒ  &
201,"""여대생 번호로 만남 요구"" 30대 남성...""외로워서 그랬다""--0",  Copyright ⓒ  &
202,"인천 화학제품공장 폭발사고에 1명 사망·8명 부상…""원인 규명 조사중""--0",  Copyright ⓒ  &
203,"안산단원署, 마스크 50개 기부한 익명의 시민 -경찰은 취약 계층에 재 기부--0",  Copyright ⓒ  &
204,"박원순 서울시장 행방불명돼, 딸이 112에 신고--0",  Copyright ⓒ  &
205,"지니 나오는 ""요술 램프"" 속여 의사에게 판매한 인도 사기꾼 체포 [B급통신]--0",  Copyright ⓒ  &
206,"차벽 없어진 주말 광화문, 서울 곳곳에서 집회--0",  Copyright ⓒ  &
207,"3차 우한 전세기, 교민·중국 가족 등 147명 태우고 김포 도착--0",  Copyright ⓒ  &
208,"경기도,전국최초 ""기획부동산 주의보 ""운영--0",  Copyright ⓒ  &
209,"경기도, 3만명 넘는 도내 신천지 교인 전수 조사--0",  Copyright ⓒ  &
210,"전남경찰, 미끄럼사고 예방 위해 사전 안전활동 나서--0",  Copyright ⓒ  &
211,부산서 40년 단독주택 붕괴돼 2명 사망--0,  Copyright ⓒ  &
212,"코로나19 일탈에 칼 뺐다. ""자가격리 위반시 징역 1년 또는 벌금 1000만원""--0",  Copyright ⓒ  &
213,"경기도, 수상레저사업장 135군데 안전관리 추진--0",  Copyright ⓒ  &
214,"영암군, 군복무 청년 대상 상해보험 가입 실시--0",  Copyright ⓒ  &
215,"순천시, 신천지 신도 대상 1차 전수 조사 마쳐--0",  Copyright ⓒ  &
216,무더위 시원·오싹하게 날려줄 롯데월드 ‘어드벤처·서울스카이·아쿠아리움’으로 떠나볼까--0,  Copyright ⓒ  &
217,"경기도, 불량식품 23톤 적발...44업체 48건--0",  Copyright ⓒ  &
218,"전남경찰, 대포통장·불법 사이트 운영한 27명 검거--0",  Copyright ⓒ  &
219,"사회 봉사의 가치와 교훈 52년 외길인생, 봉사는 나의 사명--0",  Copyright ⓒ  &
220,"화성시, 가축분뇨 무단 배출민원 발생축사 전방위 점검--0",  Copyright ⓒ  &
221,"日 자가격리 깨고 술집간 코로나19 확진자 사망, 종업원 감염--0",  Copyright ⓒ  &
222,"코로나19로 번지는 인종혐오, 영국 한인 유학생 폭행 당해--0",  Copyright ⓒ  &
223,"인천시 보건용 마스크 불법 유통 단속 ""특사경 나서""--0",  Copyright ⓒ  &
224,"""주차장 벽면 충돌 화재"" 테슬라 차량 국과수 감정--0",  Copyright ⓒ  &
225,"유명인사 페라리 차주, 고의사고 후 ""나 검색해봐"" 누리꾼 공분(한문철TV)--0",  Copyright ⓒ  &
226,"[속보]성북경찰서, 성북소방서 긴급 브리핑 ""현재 2차 수색 재개""--0",  Copyright ⓒ  &
227,"연일 폭우로 서울 주요 도로 곳곳 교통통제…""교통 혼잡 가중""--0",  Copyright ⓒ  &
228,"""서둘러 가시려고 그리 열심히 살았나"" 손혜원·김두관 與 의원들 박원순 애도 물결--0",  Copyright ⓒ  &
229,"""성추행 인정"" 전격사퇴 오거돈 부산시장, 시민단체 ""변명으로 일관"" 고발--0",  Copyright ⓒ  &
230,"2021년에도 계속되는 비대면 디지털 성범죄, 몸캠피싱 주의보--0"," 코로나바이러스 감염증의 장기화로 강력범죄 및 전체 범죄가 감소하는 반면에 비대면 사이버 범죄는 점점 증가할 것이라는 전망이다.	 특히 실내 체류기간이 길어지며, 온라인 환경에 노출되는 시간 증가로 몸캠피싱, 녹화영상유포 등의 치밀한 디지털 성범죄가 갈수록 극성을 부리고 있어 주의가 요구된다.	 실제로 경찰대학 치안정책연구소에서 발간한 '치안전망 2021'에 따르면 지난 5년간 112신고 건수는 1900만 건 가량을 꾸준히 유지했지만, 코로나19의 본격 확산 이후 전년 대비 44만 건 정도가 감소한 것으로 나타났다.	 이와 달리 4일 전남경찰청 조사 결과, 전남 지역 몸캠피싱 발생 건수는 2019년 50건에서 지난해 97건으로 2배 가까이 늘었으며 전국 발생 현황도 2015년 102건에서 2019년 1824건으로 4년 새 17.8배나 증가한 수치를 기록했다.	  몸캠피싱은 동영상유포협박과 휴대전화 해킹이 결합된 범죄를 뜻한다.	 랜덤채팅앱이나 SNS 등을 이용해 피해자에게 접근한 뒤, 영상통화로 음란행위를 유도해 이를 녹화한다.	 채팅 중에는 영상통화 품질을 개선한다며 ‘허위 프로그램’을 발송하는데, 프로그램을 설치하는 순간 악성코드가 설치된다.	  이를 통해 스마트폰에 저장된 정보를 확보하고 피해자의 음란행위 영상을 피해자 가족 및 지인에게 유포하겠다고 협박해 금품을 빼앗는 것이 대표적인 수법이다.	 점점 악랄하고 지능적인 범죄 수법으로 발전한 디지털 성범죄는 최근 성인 뿐만 아니라 청소년, 초등학생들까지 피해를 입으면서 심각한 사회적 문제가 되고 있다.	 코로나 여파로 청소년들의 스마트 기기 사용시간이 증가하자 사이버 범죄에 노출될 가능성도 함께 커지는 것.	 아직 성적 정체성과 가치관이 제대로 정립되지 않은 청소년, 초등학생 피해자들은 자신을 성적 요구 대상으로 삼는 협박범에게 금전적 피해뿐 아니라 정신적 피해까지 입게 된다.	 게다가 어린 학생들은 수치심과 두려움으로 인해 주변에 알리지 않고 혼자서 고민하다 극단적 선택을 생각하는 경우도 적지 않다.	   디지털성범죄 전문 대응 기업 라바웨이브 김태원 팀장은 “코로나19로 인해 집에서 오랜 시간을 보내야 하는 이들이 성매매 등의 범죄 수단으로 악용되는 랜덤채팅 유혹에 쉽게 빠지는 경우가 많다”며 “만약 이미 몸캠피싱 피해를 입었다면 신속히 경찰에 신고하고 전문 보안업체를 찾아 영상이 유포되거나 금품을 빼앗기는 등의 피해를 막는 것이 중요하다”고 덧붙였다.	한편, 지난 2015년 설립된 디지털 성범죄 전문 기업 라바웨이브는 핵심 기술인 LAVAR CS시스템을 활용해 몸캠피싱 등 디지털 성범죄 피해자를 구제하는 데 앞장서고 있다.	 긴급 대응이 필요한 피해자들을 위해 IT보안전문가, 상담전문가들로 구성된 상담팀이 24시간 대기해 언제나 상담이 가능하다."
231,"거래량만으론 못살아! 국내 주요 암호화폐 거래소, 커스터디 서비스 본격화--0",  Copyright ⓒ  &
232,"SBS, ""n번방"" 박사방 운영자 25세 조주빈 신상공개--0",  Copyright ⓒ  &
233,"경기도, 화물자동차 유가보조금 부정수급 근절 수사 확대--0",  Copyright ⓒ  &
234,[속보]공관에서 박원순 시장 유서 발견--0,  Copyright ⓒ  &
235,"담양교육지원청, 찾아가는 학교폭력 예방 캠페인 실시--0",  Copyright ⓒ  &
236,포항 고교생 등교 이틀 만에 폐손상으로 사망--0,  Copyright ⓒ  &
237,"진도군, 등산로에 국가지점번호 설치 ‘응급상황 대비’--0",  Copyright ⓒ  &
238,"전남경찰, 음주운전·안전띠 미착용 특별단속 시작--0",  Copyright ⓒ  &
239,"""체포되면 인생 리셋"" 日 아베 총리 자택 침입 20대여성 범행동기--0",  Copyright ⓒ  &
240,"대한항공 ""마스크 착용 거부하면 탑승 거절""…승객 대응 조치 강화--0",  Copyright ⓒ  &
241,"안양시,여섯번째 확진자는 현역군인...군대서 감염 추정--0",  Copyright ⓒ  &
242,"이재명 ""위기 극복을 위해 사회적 책임 다해주셨다""--0",  Copyright ⓒ  &
243,"전남도, 외국인 노동자 인권보호 나서--0",  Copyright ⓒ  &
244,"광주광역시 서구청 간부A씨 ""지속된 뇌물비리"" 실형선고--0",  Copyright ⓒ  &
245,"남양주署, 잃어버린 아들 40여년 만에 어머니 품으로..--0",  Copyright ⓒ  &
246,"울산교육청, 초등생에 팬티세탁 숙제 ""부끄부끄"" 댓글단 교사 ""파면""--0",  Copyright ⓒ  &
247,"여수시, 무신고 불법 숙박영업소 “집중단속” 실시--0",  Copyright ⓒ  &
248,"광주광역시, 유흥시설에 집합금지 긴급 행정명령 발령--0",  Copyright ⓒ  &
249,단속카메라 지났다고 밟으면 걸린다…고속道 연속이동단속 카메라 설치--0,  Copyright ⓒ  &
250,"경찰, ""명도집행 막으려 화염병 투척"" 사랑제일교회 압수수색--0","경찰이 1일 서울 성북구 사랑제일교회에서 압수수색을 시도하던 중  대화를 하고 있다.	연합뉴스 경찰이 1일 서울 성북구 사랑제일교회에 대한 압수수색에 들어갔다.	지난달 교회에 대한 서울북부지법 집행인력의 명도집행에 저항하는 과정에서 일부 관련자들이 화염병을 동원한 일 등 불법행위를 수사하기 위한 것이다.	이날 오전 7시 30분께 교회에 도착한 서울 종암경찰서 전담수사팀은 교회 측 변호인들이 도착한 뒤인 9시 25분께부터 교회 본관·별관 등에 대한 압수수색 영장을 집행하고 있다.	투입된 인원은 45명이다.	경찰 관계자는 ""명도집행 과정의 불법행위를 수사하는 과정""이라며 ""연루된 사람들의 명단·서류와 당시 폐쇄회로TV 등을 확보할 계획""이라고 설명했다.	사랑제일교회에 대한 제3차 강제집행은 지난달 26일 오전 1시께 서울북부지법 집행인력 570여명이 투입돼 시작됐으나, 예배당을 지키려는 신도 50여명이 화염병을 던지거나몸에 인화물질을 뿌리며 철거반이 진입하지 못하도록 위협하는 등 강하게 반발하면서 7시간여만에 중단됐다.	경찰은 사건 당일 종암경찰서에 전담수사팀을 구성했고, 강제집행 상황을 담은 영상 등 자료를 분석해왔다.	전담수사팀은 불법행위 연루자들에 대해 특수공무집행방해와 화염병 사용 등의 처벌에 관한 법률 위반 혐의 등을 적용할 방침이다.	장위10구역 한복판에 있는 사랑제일교회는 보상금 등 문제에 이견을 보이며 철거에 반발하고 있다.	 부동산 권리자인 재개발조합은 명도소송에서 승소한 뒤 지난 6월에도 두 차례에 걸쳐 강제집행을 시도했지만 신도들과 충돌하면서 실패했다."
251,"프랑스 니스 참수 테러 용의자, 21세 튀니지 청년--0",  Copyright ⓒ  &
252,"국과수 부검 결과, 위안부 쉼터 소장 극단적 선택 추정--0",  Copyright ⓒ  &
253,"지하철서 마스크 미착용 지적받자 ""일가족 몰살하겠다"" 협박 70대 입건--0",  Copyright ⓒ  &
254,거꾸로 잡고 흔들어…신생아 학대한 산후도우미의 만행--0,  Copyright ⓒ  &
255,"트럼프 트윗에 ""팩트체크""하라는 트위터...강력한 소통 무기 잃게 되나--0",  Copyright ⓒ  &
256,"[속보]文대통령 300만명 국민 분노 ""텔레그램 n번방사건 가해자 엄벌, 회원 전원조사 필요""--0",  Copyright ⓒ  &
257,"경기도, 잔인한 방법 도살 등 동물보호법 위반 14건 적발--0",  Copyright ⓒ  &
258,밀회 위해 서로의 집 잇는 땅굴 판 멕시코 불륜 커플 [B급통신]--0,  Copyright ⓒ  &
259,"문대통령 등 장차관급 이상 4개월간 급여 30% 반납 ""국민과 고통분담""--0",  Copyright ⓒ  &
260,"박원순 서울시장 ""시내 모든 유흥시설 집합금지 발령 발동"" 이태원발 확진 40명--0",  Copyright ⓒ  &
261,"텔레그램 ""박사방"" 운영자 조주빈,얼굴 공개될까...경찰,오늘 결정--0",  Copyright ⓒ  &
262,새 차가 뭐라고…21개월 딸 차에서 죽게 만든 美 비정한 아버지[B급통신]--0,  Copyright ⓒ  &
263,"대전경찰청, 「2020 치안정책 모니터링단」 운영--0",  Copyright ⓒ  &
264,"경기도, 페이퍼컴퍼니 ""퇴출"" 시스템 도입--0",  Copyright ⓒ  &
265,"해남군, 365 통합관제센터 운영 군민안전지킴이 역할 ""톡톡""--0",  Copyright ⓒ  &
266,"경찰, ""부산 데이트폭력"" 영상 유포자 수사 ""엄정하게 처벌""--0","사진| 연합뉴스 부산 덕천동 지하상가에서 새벽에 한 남성이 다투던 여성을 폭행하는 모습이 담긴 폐쇄회로TV 영상이 유출돼 파문이 확산 중인 가운데 경찰이 영상 유포자에 대한 엄정 처벌 방침을 밝혔다.	영상 속 폭행 사건은 지난 7일 오전 1시13분쯤 부산 북구 덕천동 덕천지하상가에서 발생했다.	 연인으로 추정되는 남녀가 한동안 말싸움을 벌이다 서로 주먹질과 발길질을 하기시작했다.	 이어 남성이 여성을 일방적으로 폭행하면서 주먹으로 여성의 얼굴을 때려 쓰러트린 뒤에는 휴대전화를 손에 든 채 바닥에 쓰러진 여성을 수차례 폭행하는 모습이 영상에 담겼다.	이 장면이 담긴 CCTV 영상은 온라인 커뮤니티에 공개됐고, 순식간에 다른 커뮤니티와 사회관계망서비스 등을 통해 퍼져나갔다.10일 경찰에 따르면 영상 속 남성 A씨는 인터넷에 떠도는 자신의 영상을 보고 부산 북부경찰서로 자진 출석해 조사를 받고 있다.	 경찰은 B씨의 소재도 추적해 조사한다는 방침이다.	 한편 A씨는 자신의 동의없이 제3자가 해당 영상을 유포했다면서 영상이 확산된 데 대해 피해를 호소해 경찰은 강력팀 3개팀을 가동해 영상 유포에 대한 수사에 들어갔다.	  경찰은 본인 동의 없는 영상 유포 행위가 개인정보보호법에 위반돼 처벌이 가능하다고 보고 영상 유포자를 끝까지 추적해 엄정하게 처벌할 계획이다.	 이에 대해 부산경찰청 관계자는 ""개인을 특정할 수 있는 영상을 본인 동의없이 유포한 것은 불법 행위""라면서 ""영상 속 당사자가 문제 삼지 않아도 경찰이 인지했기 때문에 개인정보보호법 위반으로 처벌이 가능하다""고 설명했다."
267,"이재명 ""먹을 게 없어 훔치는 건 있어선 안돼 아낌없이 지원하라""--0",  Copyright ⓒ  &
268,"광주광역시-광주경찰, 어린이보호구역 노면표시 시범사업 실시--0",  Copyright ⓒ  &
269,"故 박원순 시장, 유류품 휴대전화 비번 해제 미스터리 ""고소인 측에서 제보""--0",  Copyright ⓒ  &
270,"군최초 신상공개 ""이기야"" 19세 이원호 일병. 박사방 관련 세번째--0",  Copyright ⓒ  &
271,"추미애 장관 ""n번방 관전자도 신상공개 가능""--0",  Copyright ⓒ  &
272,"고흥군, 코로나19 원천 차단 위해 행정력 ""집중""--0",  Copyright ⓒ  &
273,세월호 희생자 단원고 학생 아버지 건물 옥상에서 숨진 채 발견--0,  Copyright ⓒ  &
274,"부산지검 부장검사, 길가던 여성 성추행하다 체포. 정상출근하며 조사 중--0",  Copyright ⓒ  &
275,"전남경찰, 언택트 교통사고예방 홍보활동 실시--0",  Copyright ⓒ  &
276,"경찰, 아파트 경비원 폭행 ""갑질"" 가해자 출국금지 조치--0",  Copyright ⓒ  &
277,내일부터 아동·학생 대상 9인 이하 모든 실내체육시설 영업허용--0,"경기도 포천시에서 지난 4일 오성영 전국헬스클럽관장협회장이 자신의 헬스장 문을 열자 경찰이 출동해 체육관 내부 상황을 살펴보고 있다.	 연합뉴스 정부가 코로나19 관련 '집합금지' 조치를 적용했던 실내체육시설 중 축구교실 등 아동·학생에 대한 교습을 진행하는 곳의 운영을 8일부터 허용하기로 했다.	손영래 중앙사고수습본부 전략기획반장은 7일 코로나19 백브리핑에서 ""아동·학생 교습에 대한 태권도장이나 학원과 동일한 조건으로 모든 실내체육시설에 대한 운영을허용한다""고 밝혔다.	이어 ""이는 돌봄 기능을 위한 것으로, 아동·학생에 한정해 시행하는 교습 형태여야 한다""면서 ""동시간대 9명 이하 인원 유지 조건은 동일하다""고 덧붙였다.	실내체육시설에는 헬스장, 검도장, 킥복싱장, 축구교실, 줄넘기교실, 볼링장, 수영장, 탁구장, 당구장, 골프연습장, 배드민턴장, 무도장, 스쿼시장, 에어로빅장, 필라테스 등이 해당한다.	이 가운데 아동·학생이 많이 이용하는 줄넘기교실·축구교실·검도장 등은 9인 이하 영업이 가능하지만, 헬스장을 비롯해 성인들이 주로 이용하는 시설은 별다른 이점이 없을 전망이다.	정부는 앞서 지난 3일까지였던 '사회적 거리두기' 조치를 오는 17일까지 2주 연장하면서 스키장 등 겨울 스포츠업종과 태권도·발레학원 등 일부시설에 대해서만 영업제한 조치를 풀어 줘 형평성 논란이 일었다.	특히 2.5단계가 적용 중인 수도권의 경우 헬스장 등 실내체육시설의 운영은 계속 금지하면서 학원으로 등록된 태권도·발레 등의 소규모 체육시설은 동시간 교습 인원 9명 이하를조건으로 영업을 허용해 헬스장 업주들이 공개적으로 반발하며 '헬스장 오픈 시위'를 벌였다.	손 반장은 실내체육시설 전면 영업허용 여부 관련 질의에는 ""실내체육시설도 탁구·당구·농구·스크린골프 등 내부 업종이 방대하다.	 헬스장은  기준이 가능할지 모르겠지만 일부 시설의 경우 '4∼8㎡당 1명'과 같은 수칙을 정밀하게 정비할 필요가 있다""면서 ""문화체육관광부가 오늘 간담회에서 업계의 의견을 수렴하고, 또 중수본 및 중앙방역대책본부와 소통하면서 다음 주까지 수칙을 가다듬어 나갈 예정""이라고 답했다.	정부는 앞서 실내체육시설의 성격을 띤 학원 등 일부 업종에 대해서만 영업 제한을 예외적으로 풀어준 취지에 대해서도 언급했다.	손 반장은 ""수도권 실내체육시설을 비롯해 10종의 시설에 대해 집합금지 조치를 오는 17일까지 2주간 연장하면서 방학을 맞이해 돌봄 부담이 커지는 학원에 대해 아동과 학생을 대상으로 동시간대 9명 이하로 운영하는 선에서 부분적으로 허용하기로 했다""고 설명했다.	아울러 ""동일한 학원 기능을 수행하는 태권도장 등 7개 신고 업종에 대해서도 같은 조건으로 운영을 허용하는 과정에서 미신고 업종이나 도장업 외에 줄넘기나 축구교실 등 다른 아동·학생 대상 교습 업종에서 형평성 시비가 제기됐다""면서 ""이번 조치로 '일부는 되고, 비슷한 다른 체육 교습은 안 된다'는 형평성 문제는 상당 부분 해소될 것으로 기대한다""고 말했다.	그러면서""실내체육시설을 비롯해 학원이나 노래방 업계에서는 수도권 집합금지 장기화로 생계의 어려움을 호소하고 있어 송구스럽고 감사한 마음""이라며 ""방역수칙을 준수하는가운데 운영을 허용하는 방안을 준비할 계획""이라고 밝혔다."
278,"귀신보다 무서운 건 사람, 캐나다 핼러윈서 일본도 휘둘러 2명 사망--0",  Copyright ⓒ  &
279,"경기도, 노인학대 행위자 ""배우자"" 가장 많아--0",  Copyright ⓒ  &
280,"수원시, 자가격리 위반한 시민 경찰에 고발--0",  Copyright ⓒ  &
281,"구속수감 전광훈 사랑제일교회, 집회금지명령 위반으로 결국 고발--0",  Copyright ⓒ  &
282,"수원시, 한국전쟁 전략적 요충지 ""수원"" 모습 한 눈에--0",  Copyright ⓒ  &
283,"1·2차 귀국 우한교민 ""유증상자"" 25명 모두 ""음성""…""2주간 격리""--0",  Copyright ⓒ  &
284,실총기 기반 시뮬레이션 키트와 반동력 발생장치 개발--0,  Copyright ⓒ  &
285,"이태원 클럽 확진자 나흘새 50명 돌파 가운데, 방문자 2천명 연락두절--0",  Copyright ⓒ  &
286,"""박사"" 조주빈 공범 남경읍 신상 공개…""혐의 인정하냐"" 질문에 고개 끄덕--0",  Copyright ⓒ  &
287,"박원순 시장 ""이태원클럽 관련 확진자 전국 75명, 서울 49명. 외국인 28명""--0",  Copyright ⓒ  &
288,"""죽으면 책임진다""던 택시기사, 구급차 가로막은 죄로 1심서 징역 2년--0",  Copyright ⓒ  &
289,"경기도, 국과수 DAS 활용 불공정 범죄 척결... 3월부터--0",  Copyright ⓒ  &
290,"국토부, 자율주행 시범운행지구 지정 및 운영제도 마련--0",  Copyright ⓒ  &
291,"포스코 포항제철소 공장 화재, 인명피해 없어...2시간 만에 진화--0",  Copyright ⓒ  &
292,"씨름유망주→연쇄살인마, 31세 최신종 신상 공개 ""나흘만에 연달아 살인""--0",  Copyright ⓒ  &
293,"전남도, 2020년 어선사고예방시스템 구축사업 ""본격""--0",  Copyright ⓒ  &
294,"경찰, 텔레그램 ""박사방"" 운영자 조주빈 신상공개 결정--0",  Copyright ⓒ  &
295,"전남경찰, 안전띠 미착용 집중단속 실시--0",  Copyright ⓒ  &
296,"“배달이륜차 교통사고 줄인다”…우아한청년들, 도로교통공단과 업무협약 체결--0",  Copyright ⓒ  &
297,"광주경찰, 5·18 민주평화 대행진 교통안전 적극 지원--0",  Copyright ⓒ  &
298,"장성군, 신천지 신도들 전수조사 완료--0",  Copyright ⓒ  &
299,"김영록 전남도지사, 코로나19 심각단계 대책회의 가져--0",  Copyright ⓒ  &
300,"뮤지컬 ""올 아이즈 온 미"" 무빙 포스터 눈길--0",  Copyright ⓒ  &
301,인천 계양구 전자적 지문등록 12개 동 스캐너 설치--0,  Copyright ⓒ  &
302,"""대통령과 면담하게 해달라"" 시카고 트럼프 타워 16층에 매달린 남성--0",  Copyright ⓒ  &
303,"순천강남여고 소프트볼부 학부모회, 일부 유언비어 해명 나서--0",  Copyright ⓒ  &
304,"장성군, 코로나19 방역 강화 특별조치 시행--0",  Copyright ⓒ  &
305,"경기도, 연천군·포천·파주·고양·김포시 ""위험지역""설정--0",  Copyright ⓒ  &
306,"성추행 현직 부장검사 ""술 취해 기억 안난다""...피의자로 경찰 조사--0",  Copyright ⓒ  &
307,"목포시, 코로나 확진자 접촉 54명 전원 자가격리 해제--0",  Copyright ⓒ  &
308,"범죄자 신상정보 임의 공개 ""디지털교도소"", 수사 좁혀지자 돌연 폐쇄--0",  Copyright ⓒ  &
309,"아이파킹, 이병휘 대표 지목에 전국 2700곳 사이니지로 ""덕분에 챌린지"" 화답--0",  Copyright ⓒ  &
310,"국민은행, 코로나19 예방과 미세먼지 취약계층을 위한 선물상자 지원--0",  Copyright ⓒ  &
311,"영화 ""기생충"" 지하인간의 현신? 광주 영화관 아래층 기거하던 50대 입건--0",  Copyright ⓒ  &
312,"금융위, 업무계획 발표…""1000여개 혁신기업에 40조 지원""--0",  Copyright ⓒ  &
313,"문 대통령,""코로나 확진"" 트럼프에 위로전 ""조속한 쾌유 기원""--0",  Copyright ⓒ  &
314,KBS 여자화장실서 몰카 발견…해당 건물은 개콘 연습실--0,  Copyright ⓒ  &
315,"수원시, 경찰 등과 전동킥보드 사고 예방 나서--0",  Copyright ⓒ  &
316,미국 휴스턴서 대형 폭발사고 발생…2명 사망·1명 중상--0,  Copyright ⓒ  &
317,"서울 주요도로 통제,월요일 출근길 비상 ""대중교통 이용해야""--0",  Copyright ⓒ  &
318,"일산 원창폐차장 화재, 2년에 한번씩 반복돼…불법소각 의혹--0",  Copyright ⓒ  &
319,‘후포면 미용사’ 울진해경 의무경찰 대상 무료 미용실 운영--0,  Copyright ⓒ  &
320,[사건사고]추석맞아 누나 부부와 술먹다 매형 살해 60대 체포--0,  Copyright ⓒ  &
