0,"수원변호사, 업무상 횡령 혐의 대한 섣부른 접근 및 판단 위험성 강조해--0"," 최근 경기남부지방경찰청 지능범죄수사대가 업무상 횡령 등 혐의로 여주대 전 총장 A 씨와 전 부총장 B 씨 등 2명을 불구속 송치했다는 소식이 전해졌다.	 경찰에 따르면 A 씨 등은 2012∼2015년 당시 대학 행정팀 처장으로 재직하던 C씨와 함께 교내 공사를 맡을 건설업체나 용역업체를 선정하는 과정에서 수의계약을 대가로 업체들로부터 뒷돈을 챙기거나 공사비를 부풀리는 등의 수법으로 교비 등 5억 8000여만 원을 빼돌린 혐의를 받고 있으나 당사자들은 혐의를 부인하고 있다.	 이처럼 정당하지 못한 방법으로 당초 목적과 다르게 돈을 사용하면 횡령죄 의심을 받을 수 있다.	 특히 신분상 업무상 다른 사람의 재물을 보관하는 보관자로서의 의무를 지고 있는 상황에서 이러한 횡령을 저지르면 죄목은 업무상횡령으로 변경된다.	 법무법인 법승 김상수 수원형사변호사는 “횡령죄 연루에 있어 우선적으로 확인해야 할 사항은 횡령대상 금원의 법적성격과 피해자와 관계에서 본인의 법적 지위라 요약할 수 있다” 며 “실제 금원의 성격, 피의자의 신분에 따라 혐의 성립 여부가 결정되기 때문에 혐의 연루에 당황하기보다 1차적으로 정확히 판단을 내려 대응하는 것이 좋다” 고 설명했다.	 따라서 횡령죄 사안으로 고소를 준비하는 입장에서도 신중한 법률적 검토를 거쳐 진행하는 것이 필요하다.	 범죄 혐의에 대한 섣부른 언급은 다양한 부작용을 낳을 수 있다.	 실제 얼마 전 한 밴드 보컬이 아버지의 회사 자금을 횡령해 앨범 작업을 했다는 식의 허위 비방글을 쓴 누리꾼이 벌금형을 선고받는 일이 있었다.	 해당 누리꾼은 유명 온라인 포털사이트 카페에서 “친구가 작은 건설 회사를 다니는데 예전부터 회장이 아들놈 가수 만든다고 회사 돈을 자꾸 횡령한다고 짜증 나 죽겠다고 한다.	 엄마가 기획사를 차리고 형이 매니저로 나서고 아빠는 회사 돈으로 가수 만들었다.	 모 방송국에 거액을 들여 드라마 OST에 참여했다” 고 주장한 바 있다.	 이러한 사실이 유포되자 법적 대응이 이뤄졌고 해당 사건을 담당한 법원은 약식명령문을 통해 “피고인의 친구 중에 피해자의 아버지가 운영하는 회사에서 근무하는 사람이 없고 피해자에 대해서 알고 있는 정보가 전혀 없으며 피해자가 방송사에 금원을 지불하거나 예능 프로그램 출연 시 거주하던 아파트 대신 원룸을 임차하거나 피해자 아버지 회사 자금을 마음대로 사용한 사실이 없다” 면서 “피해자를 비방할 목적으로 정보통신망을 통하여 공공연하게 거짓의 사실을 드러내어 피해자 명예를 훼손했다” 고 밝히며 벌금 500만 원의 약식명령을 내렸다.	 김상수 수원변호사는 “범죄 사실에 대한 판단이 일반인 입장에서 쉽지 않아 인터넷 등의 정보에 의존하는 경우가 있는데 이로 인해 사안의 경중을 잘못 생각해 안이하게 대처하다가 상황이 악화되는 사례가 적지 않다” 며 “이때 필요한 것이 정확한 법률 상담을 통한 사실관계 파악”이라고 조언했다.	 특히 혐의를 인정하는 사안이라도 혼자 힘으로 상대방이 주장하는 피해 금액을 줄이고 합의를 시도하는 것 또한 상당한 어려움이 뒤따른다.	 오히려 피의자에 대한 신뢰가 없는 상대방이 계속하여 무리하게 금액을 늘려 범죄 규모를 확장시킬 우려가 다분하다.	 이에 변호사를 선임해 조력을 받아 합리적인 금액 특정과 그에 기초한 합의가 이루어지도록 대처하는 것이 바람직한 대처라 할 수 있다.	 더불어 이성적인 금액의 특정이 어렵다면 변호사의 조력을 받으면서 수사 과정 속 고소인의 무리한 요구를 차단하고 현실적인 금액으로 합의를 하거나 공탁 등의 방법을 고려해볼 수 있다.	 김상수 수원경제범죄변호사는 “얼마 전 10여 년간 친분을 쌓은 지인과 회사를 공동으로 설립했다가 폐업한 후 한참의 시간이 지나 지인으로부터 금전거래 관계와 관련하여 횡령죄로 고소당해 법승 수원사무소로 한 의뢰인이 찾아왔다” 며 “즉시 고소장부터 확보해 내용 중 거짓된 내용, 모순된 내용 등을 분석하여 고소인이 허위로 의뢰인을 고소한 것임을 확인, 수사기관이 이러한 사실을 인식할 수 있도록 관련 증거자료들을 확보해 조력을 펼친 결과 무혐의 처분을 이끌어낼 수 있었다” 고 전했다.	 이처럼 경제 범죄의 경우, 사건의 구조가 복잡하고 적재적소에 증거자료를 제출해야 비로소 억울함을 풀 수 있는 환경을 갖출 수 있다.	 그만큼 초기 대응의 수준에 따라 복잡한 재판과정 없이 검찰 조사에서 처벌 위기를 해소할 수 있음을 기억해두자."
1,"수원변호사, 업무상 횡령 혐의 대한 섣부른 접근 및 판단 위험성 강조해--1"," 한편, 법무법인 법승 수원사무소는 용인·오산·동탄·화성 등 경기남부지역을 아울러 경제범죄, 성범죄, 강력범죄 등 위급한 형사 조력이 필요한 이들에게 발 빠른 법률서비스를 제공 중이다.	 김상수 변호사 역시 용인, 오산, 동탄, 광교 등 지역에서 의뢰인의 법률적 위기 해소를 위한 맞춤형 대응책을 제시해왔다.	  -"
2,"해커스공무원, 공무원 영어 기초 2개월 만에 정복 ‘영어시작 집중반’ 5월 수강 신청 중--0"," 2020년 공무원 채용이 3만여 명으로 예정되면서 그 어느 때보다 공무원 합격의 문이 넓어졌다.	 공무원 시험을 준비하는 수험생의 기대감이 커지는 가운데, 공무원 시험과목 중 하나인 공무원 영어가 합격을 좌우하는 것으로 알려졌다.	이에 9급/7급 공무원 학원 및 인강으로 추천받는 해커스공무원이 공무원·경찰·소방 영어 기초를 2개월 만에 정복할 수 있는 ‘해커스공무원 영어시작 집중반’을 개강한다고 밝혀 주목을 받고 있다.	 해커스는 해커스공무원 학원, 해커스임용 학원, 해커스어학원 등을 운영하며 수험생들의 학습을 돕고 있다.	해당 강좌는 5월에 개강하며, 주 6일 총 8주 과정으로 진행된다.	 어휘 김우택 강사는 공무원 영어의 왕기초 어휘부터 빈출 어휘까지 영단어를 쉽게 외우도록 어원을 설명하고, 문법 김철용 강사는 기초 문법 포인트 120선을 엄선해 간단한 이론 설명으로 문법 개념을 잡는다.	 마지막으로 독해 비비안 강사는 어떤 문장도 쉽게 해석되게끔 독해 기초를 다질 수 있도록 돕는다.	해커스공무원은 공무원 단어 절대 암기 시스템을 제공해 영어 기초를 단기간에 정복할 수 있도록 한다.	 먼저 굿모닝 영단어 카톡은 수강생들이 시간과 공간에 구애받지 않고 단어를 외우도록 카카오톡으로 필수 단어들을 제공한다.	 또한 버스와 지하철에 편리하게 들고 다니며 단어를 외울 수 있는 ‘해커스공무원 필수보카’와 ‘매일 아침 Daily Test’를 제공해 영어 과목에서 고득점을 받을 수 있도록 지원한다.	추가로 ‘해커스공무원 영어시작 집중반’ 수강생은 ▲그룹 스터디 ▲영어 만점 전략 비법서 ▲질의응답 ▲영역별 선생님 밀착케어 서비스로 구문 독해/문법/어휘의 중요한 암기 포인트를 총정리할 수 있다.	이외에도 학습 동기를 부여할 ‘매주 영어기초 장학생 선발’ 이벤트를 진행 중이다.	 Daily Test와 출석/자습/스터디 미션을 성공한 수강생에게는 스타벅스 이용권을 증정하고, 중간고사/기말고사 성적 미션에 달성한 수강생에게는 학원 포인트를 제공한다.	해커스공무원 관계자는 “공무원·경찰·소방 공무원 시험 과목인 영어의 기초를 쌓지 않으면 고득점이 힘들다”며 “해커스공무원은 수험생들이 보다 빠르게 공무원 시험에 합격할 수 있도록 ‘영어시작 집중반’을 오픈했다.	 해당 강좌와 함께 공무원 시험에 합격하길 바란다”고 전했다.	한편, 해커스 교육그룹은 5년 연속 교육그룹 부문 1위 자리를 지켜온 대한민국 대표 종합교육기업이다.	 한국 소비자포럼 선정 '올해의 브랜드대상'에서 대국민 투표를 통해 2012년부터 5년 연속 교육그룹 부문 1위에 올랐다.	 해커스공무원은 한경 비즈니스 선정 2020 한국소비자만족지수 공무원 교육 부문 1위로 선정되었으며, 국가직/지방직/서울시 공무원을 포함한 7급/9급 공무원 시험과목 강의, 군무원 시험 강의 등을 제공하고 있다.	 해커스경찰과 해커스소방도 경찰공무원과 소방공무원 시험 준비생을 위해 경찰공무원/소방공무원 학원 강의 및 인강을 제공한다.	  -"
3,"""에픽세븐"", 신규 한정 영웅 랑디 등장…특별 서브 스토리 오픈--0"," 스마일게이트 메가포트가 서비스하고 슈퍼크리에이티브가 개발한 모바일 턴제 RPG ‘에픽세븐’이 신규 한정 영웅 ‘랑디’를 출시하고, 3주동안 진행되는 특별한 서브 스토리 ‘만월의 밤과 사막의 도적들’을 업데이트 했다고 25일 밝혔다.	에픽세븐에 새롭게 합류하는 한정 영웅 '랑디'는, 에피소드3에 등장하는 세력 중 하나인 '폴리티아'의 경찰청장으로 도시의 이익과 질서를 지키기 위해 고군분투하는 캐릭터다.	 자연 속성의 5성 등급 사수 영웅으로서, 자신의 속도와 행동 게이지를 상승시키거나 아군 전체의 행동 게이지를 상승시키는 스킬을 보유하고 있다.	 특히, 적의 강화 효과에 대응하여 상대보다 한발 앞서 공격 기회를 확보할 수 있으며 2번째 스킬인 '경찰청장 참전'을 통해 최대 5회까지 공격력을 증폭시킬 수 있기 때문에 공격적인 파티에서 높은 활용도를 자랑한다.	한편, 신규 특별 서브 스토리 ‘만월의 밤과 사막의 도적들’도 업데이트 되었다.	 만월의 밤은 9월 24일부터 10월 15일까지 3주동안 매주 새로운 스토리가 진행되는 48개의 다양한 스테이지로 구성되어 있다.	 ‘바사르’, ‘켄’, ‘카르투하’, ‘여일의 디에리아’ 등 많은 영웅들이 주요 인물로 등장하며 특별 한정 아티팩트 ‘달빛의 흔적’을 비롯해 78레벨 전설 장비 및 장신구, 배경팩, 일러스트, 강화 재료 등 다양한 보상을 플레이를 통해 획득할 수 있다.1주차 스토리인 '축제를 노리는 자들'은, 사브와라의 대도시 '기 루브란'에서 6대 상단이 매년 주최하는 큰 축제  '만월제'를 배경으로 하며, 축제를 노리는 도적단의 음모가 서서히 드러나는 흥미진진한 스토리가 진행된다.	스마일게이트 메가포트 이상훈 실장은 “신규 만월제 서브 스토리, ‘만월의 밤과 사막의 도적들’은 에픽세븐 세계관 속에서 주요한 에피소드 중 하나로 다양한 영웅들의 이해관계가 얽히고 설켜 예측 불가능한 전개가 펼쳐질 예정이다.	 등장하는 영웅들의 배경을 이해하는데 많은 도움이 될 것으로 예상되는 만큼 많이 즐겨 주시길 바란다”고 소감을 전했다.	      / 사진 = 스마일게이트   -"
4,"""부따"" 강훈 ""포토라인에서 얼굴 공개""[포토]--0"," 미성년자를 포함한 다수 여성의 성착취 영상을 촬영하고 텔레그램을 통해 퍼뜨린 '박사방'의 참여자들을 관리하며 범죄 수익금을 운영자 조주빈에게 전달한 혐의를 받고 있는 ‘부따’ 강훈이 17일 오전 서울 종로경찰서에서 검찰로 송치되고 있다.	 서울지방경찰청은 지난 16일 아동·청소년의 성보호에 관한 법률 위반 등 혐의로 구속된 강훈에 대한 신상정보 공개 심의위원회를 열어 신상 정보를 공개하기로 결정했다.	 경찰은 ""피의자는 박사방 운영자인 조주빈의 주요 공범으로서 박사방 참여자를 모집하고, 성 착취 영상물을 제작·유포하는 데 적극적으로 가담했다""며 신상정보 공개 결정 이유를 설명했다.	   -"
5,"애니원, 국내 애니메이션 ‘스페이스 캅스’ 1월 5일 첫 방송--0","애니메이션 전문 채널 애니원은 1월 5일 화요일 오후 4시 국내 애니메이션 '스페이스 캅스'를 첫 방송한다.'	스페이스 캅스'는 코믹 액션 판타지로서 아이들에게 진정한 영웅을 선물하기 위해 탄생한 애니메이션이다.	 우주의 평화를 지키는 비밀경찰 스페이스 캅스가 지구와 인류의 운명을 구하는 이야기를 담고 있어 어린 시청자들에게 큰 기대를 얻고 있다.	특히, '스페이스 캅스'는 지상파에서 인기리에 방영되며 국내 애니메이션으로서 작품성과 인기를 한차례 인정받은 작품이다.	 유료방송채널에서는 애니원이 최초 방영하며, 뒤이어 애니박스에서 선보일 예정이다.'	스페이스 캅스'는 애니원에서 1월 5일 화요일 오후 4시 첫 방송되며, 매주 화요일 오후 4시에 만나볼 수 있다.	 또한, 애니박스에서는 1월 13일 수요일 오후 3시 첫 방송되고 매주 수요일 오후 3시에 본방송한다.	‘애니원’은 스카이라이프와 IPTV에서 시청할 수 있으며, 이 외 자세한 방송 시간 및 프로그램에 관한 자세한 정보는 애니원 홈페이지와 애니원 페이스북에서 확인할 수 있다.	tvX     / 사진 = 대원방송보도자료·기사제보  ▶tvX는 No.1 엔터테인먼트 미디어  의 영상·뉴미디어 브랜드입니다.	  -"
6,"부산성범죄변호사, 진심 어린 반성과 합의 통해 만취 강제추행 선처 이끌어내--0"," 2013년, 경찰관이 경찰의 날에 술을 마시고 여성 택시기사를 폭행하고 성추행하다 입건돼 물의를 빚은 일이 있었다.	 머리를 잡아당기고 가슴을 만지는 등 여성 택시기사를 폭행하고 추행해 강제추행 혐의로 입건된 해당 경찰은 ""술에 취해 귀가하기 위해 택시에 타고 난 다음부터 전혀 기억이 나지 않는다"" 고 진술해 더욱 공분을 샀다.	취객을 상대로 추행을 저질러 입건되는 택시운전기사 사례는 종종 있었지만 오히려 택시기사를 추행하는 사안은 자칫 교통사고로 이어질 수 있어 사안의 중대성이 가볍지 않은 편이다.	 문제는 이러한 가해자가 만취 등으로 정상적인 사고가 불가능했더라 하더라도 성범죄의 경우 감경요소로 적용되지 않을 가능성이 크다.	법무법인 법승 배경민, 김보수, 김정훈 부산성범죄변호사는 “근래 들어서 강제추행 등 성범죄에 있어 성인지감수성이 강조되며 수사 자체가 피해자 중심으로 진행되므로 명백히 혐의를 부인할 수 있는 사안이 아니라면 신중하게 피해 회복을 꾀하는 방향으로 입장을 정리해 대응해 나가는 것이 좋다” 며 “특히 성범죄의 경우 다른 범죄와 달리 피해자와 직접 연락이 차단되므로 피해자와의 합의를 진행할 때도 조심스럽게 접근해야 하는 점 등을 알아둬야 한다” 고 설명했다.	일례로 지난해 세간을 떠들썩하게 했던 수행 비서를 성폭행한 혐의로 재판에 넘겨진 안 전 충남도지사의 실형 확정에 있어서도 대법원이 “성폭행 사건에서 성인지 감수성을 잃지 않게 해야 한다” 면서 “개별 사건 피해자가 처한 특별한 사정을 고려하지 않고 진술 증명력을 배척하는 건 정의 형평에 입각한 논리적 판단이 아니다” 라고 판시한 내용을 확인할 수 있다.	그렇다면 강제추행 등 사안에서 적용될 수 있는 감경요소로는 어떤 것들이 있을까.	 일단 폭행 또는 협박으로 사람에 대해 추행을 한 강제추행은 10년 이하의 징역 또는 1,500만 원 이하의 벌금에 처해지는 성범죄이다.	 사안의 중대성에 따라 13년까지 징역 상한이 높아진다.	배경민 부산성범죄변호사는 “실제 재판에서 인정되는 유리한 정상으로는 △추행의 정도, △피고인이 진심으로 반성하고 있는지, △관련 전과가 있는지, △재범위험성에 대한 방지 대책이 마련되어 있는지 등” 이라며 “더불어 처벌불원 존재 여부가 특별양형인자로 꼽히기에 피해자에 대한 사죄와 반성, 합의 여부가 양형 결정에 있어 중요한 요소라 설명할 수 있다” 고 전했다.	이어 김보수 부산성범죄변호사는 “한번은 평소보다 많은 양의 술을 마셔 만취한 채 택시 조수석에 탑승해 여성 택시기사의 옆구리와 가슴 쪽을 수회 만져 강제추행 혐의로 처벌 위기에 놓인 의뢰인이 법승 부산사무소에 도움을 요청한 적 있다” 며 “다행히 의뢰인 본인이 만취를 이유로 혐의를 부인하기보다 자신의 잘못에 대해 깊이 반성하고 있어 변호인 입장에서도 선처를 이끌어내기 위해 더욱 노력했던 것으로 기억한다” 고 회고했다.	이에 법승 부산사무소의 변호인들은 우선 의뢰인과 피해자의 합의를 위하여 수사기관에 부탁하여 피해자에게 의뢰인의 진심 어린 사죄의 뜻을 전했다.	 의뢰인이 사건 당일 자신의 행동을 기억조차 하지 못할 정도로 술에 만취한 상태였으나 의뢰인이 앞으로 다시는 이러한 범행을 저지르지 않을 것을 다짐하고 있으며 피해자에게 재차 진심 어린 사죄를 하고 싶어 한다는 의지를 진심 어린 태도로 전한 것.	그 결과 피해자는 의뢰인의 이러한 사죄를 받아들여 의뢰인을 용서하였고, 피해자와 의뢰인은 원만히 합의에 이를 수 있었다.	 이를 근거로 변호인들은 수사기관에 의뢰인과 피해자가 원만히 합의에 이르렀다는 사실을 알리는 한편 ① 의뢰인이 당시 술에 만취하여 우발적으로 이 사건 범행을 저지른 점, ② 의뢰인은 기왕에 동종의 전과로 처벌을 받은 사실이 없는 점, ③ 의뢰인은 자신의 범행을 반성하며 재범방지를 위한 노력을 스스로 하고 있는 점, ④ 한 집안의 가장인 의뢰인이 이 사건으로 처벌받게 된다면 의뢰인의 가족들의 생계가 위태로워 질 수 있는 점 등 의뢰인에게 유리한 정상들을 종합적으로 정리해 의뢰인을 위한 변론을 펼쳤다.	김정훈 부산성범죄변호사는 “해당 사안에 대해 수사기관은 변호인들의 주장을 받아들여 의뢰인에게 기소유예 처분을 내렸다” 며 “참고로 형법의 개정으로 성범죄가 더 이상 친고죄나 반의사불벌죄가 아니게 된 이상 단순히 피해자와 합의가 있었다는 사실만으로는 기소유예와 같은 선처를 바라기에는 다소 무리가 있으나 자신이 가지고 있는 유리한 정상들에 대한 적극적인 주장 역시 소홀해서는 안 된다” 고 조언했다.	이처럼 성범죄에 있어 범행을 인정할 경우, 피해자에 대한 피해회복 여부가 기소 여부 및 양형의 결정에 있어 무엇보다도 중요하게 작용함을 확인할 수 있다.	 혐의를 인정하는 사안이라 하더라도 법리적으로 검토하여 처벌 수위가 낮아질 수 있는 부분이 있는지 살펴보는 섬세함을 지닌 조력자가 있다면 처벌 위기 극복은 보다 수월해질 수 있다.	   -"
7,"해커스경찰 ""必합 6개월반"", 2020년 경찰 2차 시험합격 지원…3월 수강신청 시작--0"," 4월 4일로 예정되었던 2020년 경찰공무원 1차 시험일정은 신종 코로나바이러스 감염증로 인해 5월 이후로 연기되었다.	 2020년 2차 시험일정은 계획대로 추진될 것으로 보이는 가운데, 2020년 2차 시험을 약 6개월 앞둔 시점에서 경찰 시험을 준비하고자 하는 수험생들도 많다.	 경찰 필기시험 합격을 위해서는 경찰공무원 시험과목 5과목을 기본부터 문제풀이까지 단계별로 공부하는 것이 중요하다.	 노량진 경찰학원 및 경찰공무원 인강으로 추천받는 해커스경찰이 2차 시험까지 6개월 남은 시점에서 경시생의 현재 수준에 맞춰진 최적의 합격 커리큘럼을 제시하는 ‘必합 6개월반’을 선보여 주목을 받는다.	해커스경찰 ‘必합 6개월반’은 기본반과 심화반으로 나뉘어 맞춤형 학습설계가 가능한 합격반이다.	 먼저, 기본반은 3~4월 기본이론반 또는 영어집중반을 수강하고 5~6월에 핵심요약+기출문제 풀이를 진행한다.	 7~8월은 진도별 예상문제+전 범위 동형 모의고사+최종마무리를 통해 합격을 돕는다.	 심화반은 3~4월 심화이론을 시작해, 5~6월 핵심요약+기출문제풀이, 7~8월 진도별 예상문제+전 범위 동형모의고사+최종마무리 커리큘럼으로 진행된다.	경찰 시험을 처음 준비하거나 기본이론 1회독을 진행하고 싶은 수험생은 기본반을, 이미 기본이론을 1회독 이상 진행했거나 기본이론에서 다루지 않는 심화이론을 공부하여 실전에 가까운 이론 훈련을 경험하고 싶은 수험생은 심화반을 수강하는 것을 추천한다.	해커스 경찰학원은 2020년 경찰 2차 시험 합격을 돕는 밀착 관리 프로그램을 제공하는 것으로 유명하다.	 하루 8시간의 정규 수업과 함께 매일 아침 전날 배운 내용을 테스트하는 Daily Test와 영단어 Test를 진행한다.	 또한, 매월 진도별 Test도 진행해 어느 부분이 취약한지도 한눈에 알아볼 수 있다.	 정규 수업 외 스타강사가 참여하는 스터디를 진행하며, 매일 야간 관리형 자습도 제공한다.	이와 함께, ‘必합 6개월반’은 개인별 분석 관리 시스템도 제공한다.	 매일 Daily Test를 응시하고, 학습 시간을 체크한다.	 일주일간 누적된 성적과 학습 시간을 기반으로 담임 선생님의 피드백이 제공되고, 1:1 컨설팅도 제공된다.	해커스경찰 ‘必합 6개월반’은 체력이 포함된 반과 포함되지 않은 반으로 나뉘어 커리큘럼이 개설되었다.	 체력 포함반을 수강할 경우 경찰체력 전문학원인 배터리 체력학원에서 수업을 진행한다.	 신체훈련/육상훈련/측정평가/컨디셔닝 네 가지의 커리큘럼을 통해 체력 단기 합격권에 도달할 수 있도록 하며, 개인 수준별 레벨 구성 수업을 통해 맞춤 트레이닝을 진행한다.	해당 반을 수강하면 사물함, 전용 자습실, 무한연장 패스, 경찰학개론 기본서, 패스체커가 제공된다."
8,"해커스경찰 ""必합 6개월반"", 2020년 경찰 2차 시험합격 지원…3월 수강신청 시작--1"," 특히, 무한연장 패스는 수업 때 이해가 되지 않았던 부분을 복습 동영상을 통해 바로 수강하고 진도를 따라갈 수 있도록 도와주어 수험생들의 합격을 돕는다.	개강일은 3월 9일이다.	 수강신청과 자세한 사항은 해커스 경찰학원 사이트에서 확인할 수 있으며, 경찰공무원 시험일정도 확인할 수 있다.	한편, 해커스 교육그룹은 5년 연속 교육그룹 부문 1위 자리를 지켜온 대한민국 대표 종합교육기업이다.	 한국 소비자포럼 선정 '올해의 브랜드대상'에서 대국민 투표를 통해 2012년부터 5년 연속 교육그룹 부문 1위에 올랐다.	 해커스경찰은 한경 비즈니스 선정 2019 한국 소비자 만족지수 교육부문 1위를 차지했다.	 해커스공무원은 국가직/지방직/서울시 공무원, 7급•9급 공무원 시험과목 강의, 군무원 시험 강의 등을 지원하고 있으며, 해커스소방은 소방공무원 시험 준비생을 위한 소방공무원 학원 강의와 인강을 제공하고 있다.	   -"
9,"""PD수첩"" 30주년 특집 ‘국회의원, 그들이 일하는 법""--0"," 최근 1년째 지독한 스토킹을 겪고, 8번의 신고를 했지만, 가해자에게는 5만 원의 벌금뿐 이였다는 한 피해자의 호소가 국민청원에 올라왔다.	이로 인해 국회에서 20년 넘게 통과되지 않았던 스토킹 처벌 관련 법안이 다시 국민적 관심을 받게 됐다.	 그렇다면 어떤 법들이 통과가 되고 폐기가 되는 걸까?	 법안을 만든 의원들과 막은 의원들은 누구일까.	 2일 ‘PD수첩’에서는 새 국회 출범을 맞이하며 국회의 이야기를 직접 들어보았다.	▷ 20년째 국회 문턱조차 넘지 못한 법최근 1년간 스토킹을 당해 하루하루가 지옥 같았다는 피해자를 만났다.	 그녀는 아시안게임 금메달리스트 바둑기사 조혜연 씨.	 경찰에 8번을 신고했지만 상대방에게 내린 처벌은 벌금 5만 원이 끝이었다.	 계속된 괴롭힘으로 생명의 위협까지 느꼈지만 법에 규정된 피해사실이 없다는 이유로 법적인 보호를 받지 못했다.	 '스토킹' 이라는 행위를 처벌 할 수 있는 법이 마련되어 있지 않기 때문이다.10대 여고생을 따라다니다가 아파트에 불을 지르고 흉기로 살인한 ‘안인득 사건.	’ 폭행과 협박, 스토킹으로 구속된 60대 남성이 풀려난 지 두 달 만에 피해 여성을 살해한 사건 등 스토킹은 살인, 성폭행 등의 강력 범죄로 이어진다.	 1999년부터 꾸준히 발의되어 왔지만 20년이 넘는 시간동안 왜 국회의 문턱을 넘지 못하고 있을까.	▷ 누구를 위한 법인가?	최근 잇따라 일어나는 의사들의 성범죄에 소위 철밥통처럼 지켜지던 그들의 면허를 제한하자는 목소리가 커지고 있다.	 2018년 한 해 동안 성범죄로 입건된 의사 수는 163명.	 현행 의료법은 성범죄를 저지른 의사들의 자격에 제재를 가하지 않는다.	 범죄를 저지르고도 면허취소가 되지 않기 때문에 이들은 아직도 어느 병원에선가 진료를 하고 있다.	 의료인의 면허취소 관련 법안은 2007년부터 지속적으로 발의 되었음에도 제대로 된 논의조차 되지 못하고 있는 것이 현실이다.	 생명을 다루는 전문 직업인만큼 고도의 윤리 기준이 요구되는 의사의 면허 관련 법안을 개정하지 못한 이유는 무엇일까.	국회의원 자신들에게 높은 윤리적 기준을 요구하는 법안 역시 이번 20대 국회를 통과하지 못했다."
10,"""PD수첩"" 30주년 특집 ‘국회의원, 그들이 일하는 법""--1"," 바로 공직자가 그 지위를 남용해 사익을 추구하는 것을 법적으로 제어하는 ‘공직자 이해충돌방지법’이다.	 일반 공직자들에게 이미 적용되고 있는 이 법은 국회의원들에게는 아직 해당이 안 되고 있다.	 이런 국회의원들의 이해충돌을 방지할 수 있는 시스템을 갖추지 못하는 현실에 국회에 대한 국민들의 불신이 높아져 가고 있다.20대 국회의원들이 직접 말하는 국회의 솔직한 이야기와 국민들의 목소리에도 통과되지 못한 법들의 진실!	 ‘PD수첩’ 30주년 특집 ‘21대 국회에 바란다’ 1부 '국회의원, 그들이 일하는 법'은 2일 오후 10시 50분에 방송된다.	   / 사진= MBC  -"
11,"""부따"" 강훈 ""사죄 드립니다""[포토]--0"," 미성년자를 포함한 다수 여성의 성착취 영상을 촬영하고 텔레그램을 통해 퍼뜨린 '박사방'의 참여자들을 관리하며 범죄 수익금을 운영자 조주빈에게 전달한 혐의를 받고 있는 ‘부따’ 강훈이 17일 오전 서울 종로경찰서에서 검찰로 송치되고 있다.	 서울지방경찰청은 지난 16일 아동·청소년의 성보호에 관한 법률 위반 등 혐의로 구속된 강훈에 대한 신상정보 공개 심의위원회를 열어 신상 정보를 공개하기로 결정했다.	 경찰은 ""피의자는 박사방 운영자인 조주빈의 주요 공범으로서 박사방 참여자를 모집하고, 성 착취 영상물을 제작·유포하는 데 적극적으로 가담했다""며 신상정보 공개 결정 이유를 설명했다.	   -"
12,"강훈 ""10대 피의자 중 첫 신상 정보 공개""[포토]--0"," 미성년자를 포함한 다수 여성의 성착취 영상을 촬영하고 텔레그램을 통해 퍼뜨린 '박사방'의 참여자들을 관리하며 범죄 수익금을 운영자 조주빈에게 전달한 혐의를 받고 있는 ‘부따’ 강훈이 17일 오전 서울 종로경찰서에서 검찰로 송치되고 있다.	 서울지방경찰청은 지난 16일 아동·청소년의 성보호에 관한 법률 위반 등 혐의로 구속된 강훈에 대한 신상정보 공개 심의위원회를 열어 신상 정보를 공개하기로 결정했다.	 경찰은 ""피의자는 박사방 운영자인 조주빈의 주요 공범으로서 박사방 참여자를 모집하고, 성 착취 영상물을 제작·유포하는 데 적극적으로 가담했다""며 신상정보 공개 결정 이유를 설명했다.	    -"
13,"해커스공무원, 1:1 맞춤형 관리로 공시 합격 돕는 ‘슈퍼스타 관리반’ 합격 설명회 개최--0"," 9급 국가직 공무원 원서접수가 오늘까지 진행되고 7급 국가직 공무원 원서접수는 7월 16일부터 진행될 것으로 예정되면서, 공무원 시험을 준비하는 공시생들은 더욱 공무원 시험 준비에 박차를 가하고 있다.	 이에 9급/7급 공무원 학원 및 공무원 인강으로 유명한 해커스공무원이 프리미엄 시설에서 전문가의 1:1 관리로 공무원 시험 최단기 합격을 돕는 ‘슈퍼스타 1:1 관리반 설명회’를 개최한다고 밝혔다.	 슈퍼스타 1:1 관리반 설명회는 2월 22일 14시에 진행되며, 노량진캠퍼스와 강남역캠퍼스에서 동시에 진행되어 수험생은 자신에게 더 가깝고 편리한 장소를 선택해 참석할 수 있다.	 슈퍼스타 1:1 관리반 설명회는 총 3부로 구성되어 공무원 수험 최신 트렌드와 합격전략을 전하고, 1:1 절대관리 시스템으로 슈퍼스타 관리반에서만 만나볼 수 있는 독한 관리에 대해 설명할 예정이다.	 또한, 슈퍼스타 시설 투어도 진행되어 프리미엄 독서실을 전격 공개하고, 시설 투어도 진행할 예정이다.	 해커스공무원의 ‘슈퍼스타 1:1 관리반’은 공무원 준비를 처음 시작하는 초시생뿐만 아니라, 2020년 공무원 시험 합격을 노리는 재시생에게도 도움이 되는 합격을 위한 최적의 커리큘럼을 제공한다.	 실강과 인강 무제한 패스 자유 수강이 가능하고 철저한 1:1 관리를 통해 합격할 수 있도록 지원한다.	 슈퍼스타 1:1 관리반 설명회에 참석만 해도 기출보카, 합격로드맵, 합격수기집, 데일리플래너 등을 제공하며, 슈퍼스타반 할인쿠폰도 증정한다.	 또한, 지금 설명회 신청 시 공무원 시험 필수과목 입문서 1과목을 무료로 제공한다고 밝혀 많은 참여가 이루어지고 있다.	 해커스공무원은 토익, 영어, 자격증 인강을 제공하는 해커스인강 챔프스터디, 해커스자격증 등으로 유명한 해커스 교육그룹의 공무원 교육 전문 브랜드다.	 한경 비즈니스 선정 2020 한국소비자만족지수 공무원 교육 부문 1위로 선정되었다.	 해커스공무원은 국가직/지방직/서울시 공무원을 포함한 7급/9급 공무원 시험, 군무원 시험 강의 등을 지원하고 있으며, 해커스경찰과 해커스소방도 경찰공무원과 소방공무원 시험 준비생을 위해 경찰공무원/소방공무원 학원 강의 및 인강을 제공하고 있다.	   -"
14,"강훈 ""박사방 공범, 얼굴 공개""[포토]--0"," 미성년자를 포함한 다수 여성의 성착취 영상을 촬영하고 텔레그램을 통해 퍼뜨린 '박사방'의 참여자들을 관리하며 범죄 수익금을 운영자 조주빈에게 전달한 혐의를 받고 있는 ‘부따’ 강훈이 17일 오전 서울 종로경찰서에서 검찰로 송치되고 있다.	 서울지방경찰청은 지난 16일 아동·청소년의 성보호에 관한 법률 위반 등 혐의로 구속된 강훈에 대한 신상정보 공개 심의위원회를 열어 신상 정보를 공개하기로 결정했다.	 경찰은 ""피의자는 박사방 운영자인 조주빈의 주요 공범으로서 박사방 참여자를 모집하고, 성 착취 영상물을 제작·유포하는 데 적극적으로 가담했다""며 신상정보 공개 결정 이유를 설명했다.	    -"
15,"안다르 측, “피해자 분들께 머리 숙여 사과드린다” [공식입장 전문]--0","27일 저녁 안다르 측은 자신들을 둘러싼 의혹에 대한 공식 입장을 게재했다.	사안은 크게 두 가지, 부당해고 이슈와 직장내 성추행 이슈다.	아래는 안다르 측 공식 입장문이다.	안녕하세요.	 안다르 대표이사 신애련입니다.	무엇보다 언론에 호소할 수밖에 없었던 피해자분의 상황을 더 보살피지 못한 저희의 불찰을 피해자분에게 머리 숙여 사과드립니다.	회사의 대표로서 같은 여성으로서 면목 없고 죄송합니다.	 그리고 안다르를 믿고 사랑해주신 고객분들, 성추행과 부당해고 의심의 사건을 통해 불편한 심경을 느끼셨을 여러분께 실망감을 드리게 되어 진심으로 사죄드립니다.	현재 몇몇 언론을 통해 성추행과 부당해고 관련 내용에 대해 사실을 바로 잡고 올바른 대처를 진행할 수 있도록 회사 차원에서 최선을 다하겠습니다.	워크숍 사건 발생 약 10일 후 여직원 A씨를 통해 회사에 사건이 보고되었고 이를 확인 직후 해당 남직원과 여직원을 바로 격리 조치했습니다.	 남직원의 사과보다는 경찰조사를 원한다는 여직 원 A씨의 의견을 존중, 보호 및 입장 변호를 위해 자문변호사와 인사팀장 동행 하에 파주경찰서 에 사건 접수를 진행하였습니다.	 최초 성추행 사건으로 인지하여 적극적인 자문 및 보호를 진행 했으며 현재 경찰에서는 양쪽 진술과정과 CCTV 조사과정에서 성추행 사건이 아닌 ‘방실침입’으로 확인되어 수사가 진행 중입니다.	 경찰 조사 결과에 따라 회사 징계조치도 진행될 예정입니다.	한 가지 안타까운 부분은 경찰서 진술 당시 27일 워크숍 사건 외 24일 술자리 성추행에 대해서는 전혀 진술되지 않아 당사에서도 이 부분을 확인할 수 없었다는 점입니다.	 해당 부분에 대한 피해자의 진술이 없었기에 별도의 보호 및 조치가 부족했고 도움을 드릴 수 없었기에 죄송스럽게 생각합니다.	다만 부당해고 관련해서는 사실에 입각해 말씀드리고자 합니다.	 당사는 신입 및 경력직에 대해서 수습 기간제도를 운영하고 있고 수습 기간제도는 3개월간 업무수행 능력, 수행태도 등 항목별로 평가를 진행하고 있습니다.	 24일 성추행 사건과 27일 방실침입 사건 전인 15일 해당 팀에서는 ‘교 육 담당자의 직무 중 교육 커리큘럼 계획, 구성 및 강사 교육에 있어서 좋은 평가를 받지 못하여 직무에 대해서 전문성 및 경험이 부족함’이라는 판단을 내렸고 이에 당사는 사칙에 따라 평가에 근거하여 최종적인 계약해지 통보를 하였습니다.	 위 두 사건이 발생하기 전 이미 평가를 진행하고 있었기 때문에 위 사건과는 연관성이 없다는 것을 말씀드립니다.	많은 여성 고객분들의 사랑을 받고 있는 안다르가 성추행과 부당해고의 문제에 휘말려 배신감을 느끼실 수도 있다는 점에 죄송스럽습니다."
16,"안다르 측, “피해자 분들께 머리 숙여 사과드린다” [공식입장 전문]--1"," 모든 공식 입장을 떠나 여성의 건강한 삶과, 인권신장을 대변하고 여성을 위한 옷을 만드는 대표로서 많은 죄책감을 느낍니다.	향후 수사결과 등에 따라서 당사는 최선의 조치를 할 것이며, 직장 인권 및 건강한 조직문화에도 더 관심을 기울여 다시는 이러한 불미스러운 일이 발생하지 않도록 최선을 다할 것을 약속드립니다.	 다시 한번 진심으로 안다르를 신뢰해 주신 모든 고객 분들께 사과의 말씀을 전합니다.2020년 1월 27일주식회사 안다르 대표이사 신애련tvX     / 사진 = 안다르 SNS보도자료·기사제보  ▶tvX는 No.1 엔터테인먼트 미디어  의 영상·뉴미디어 브랜드입니다.	  -"
17,"""아르테미스X 얻자""…""카트라이더"", 16주년 기념 이벤트 실시--0"," 넥슨은 온라인 캐주얼 레이싱게임 ‘카트라이더’에서 서비스 16주년을 맞아 다채로운 이벤트를 진행한다고 6일 밝혔다.	넥슨은 ‘16주년 페스티벌’ 기간 ‘카트라이더’ 최고 등급의 카트바디인 ‘아르테미스 X’를 다양한 이벤트를 통해 제공한다.	 16주년을 맞아 선보이는 ‘아르테미스 X’는 유려한 곡선이 특징인 유니크 스피드 카트바디다.8월 19일까지 매주 금·토·일요일 오후 8시 ‘16주년 골드 기어’에서 ‘아르테미스 X’가 하루 1대씩 일정 확률로 등장한다.	 또 상점에서 ‘16주년 골드 기어’를 구매한 이용자 중 2명을 추첨해 ‘아르테미스 X’를 지급한다.	 ‘16주년 마리드’ 등 다양한 보상이 등장하는 ‘16주년 골드 기어’는 게임 내 퀘스트와 이벤트로 획득 가능하다.	또한 이벤트 페이지에서 ‘아슬아슬 퀴즈 미션’에 참여해 정답을 맞힐 경우 ‘아르테미스 X’와 ‘유니크 파츠 X’, 넥슨캐시 1만 원을 주차별로 추첨 제공한다.8월 14일 오후 8시 게임에 접속한 이용자에게는 ‘16주년 전설의 카트 박스’를 선물한다.	 이날 오후 9시 해당 아이템을 개봉하면 ‘아르테미스 X’ 16대가 무작위로 등장하며, 이 외에도 다양한 X 엔진 레전드급 카트바디를 얻을 수 있다.	한편 여름철을 맞아 해양경찰청과 손잡고 물놀이 안전 캠페인을 8월 19일까지 진행한다.	 이번 협업은 ‘카트라이더’를 즐기는 이용자들이 물놀이 안전사고 예방 수칙을 비대면 방식으로 확인하고 동참할 수 있도록 마련됐다.	‘물놀이 3.6.9 캠페인’ 수칙을 이벤트 페이지에서 확인하고 본인만의 표어를 작성한 이용자 중 우수작을 남긴 10명에게 해양경찰청 상장과 넥슨캐시 10만 원을 제공하며, 50명을 추첨해 넥슨캐시 5천 원을 선물한다.	같은 기간 비치 테마 트랙에서 매일 3회 주행을 완료하거나 누적 주행거리 36.9km를 달성하면 ‘구명조끼 풍선’, ‘물놀이 전자파밴드’, ‘해양경찰청 캐릭터’와 같은 보상 아이템을 지급한다.	‘카트라이더’의 ‘16주년 페스티벌’과 물놀이 안전 캠페인에 대한 자세한 내용은 공식 홈페이지에서 확인할 수 있다.	      / 사진 = 넥슨   -"
18,"부산형사변호사, 방심했다 유죄판결 받은 의뢰인 억울함 풀어 무죄 밝혀--0"," 최근 오는 4월 실시되는 21대 총선을 앞두고 살인•청소년 강간 등 죄질이 나쁜 범죄로 실형을 받은 인사들이 예비후보자로 등록한 사실이 전해지며 논란이 가중되고 있다.	 성폭력 및 강제추행 등 성범죄자도 5명 더 존재한다.	 문제는 단순 혐의 연루가 아닌 징역의 실형이 선고됐던 사안이라는 점이다.	실제 지난해 금고 이상의 형사처벌 전과가 있는 연예인들의 방송 출연을 금지하는 내용의 방송법 개정안이 발의돼 물의를 일으킨 연예인들의 방송 출연을 금지하자는 움직임이 일고 있다.	 이에 반해 범죄를 저지른 정치인들의 선거 출마에 아무런 제한을 두지 않는 것이 정당한지 갑을논박이 이어지고 있는 것.	이처럼 강간 등 성범죄 연루 및 전과 기록은 사회생활 속에서 다양한 풍파를 일으키기 쉽다.	 이에 법무법인 법승 류영필 부산형사변호사는 “억울하게 강간 등의 성범죄 가해자로 지목되는 상황은 과거부터 현재까지 분명히 존재해왔는데 이때 어떻게 대응하느냐가 상당히 중요하다”며 “얼마 전 보도된 것과 같이 경찰이 가혹행위를 통해 허위 자백을 받아낸 점을 인정해 몇 십 년 만에 재심이 결정된 사례들을 통해서도 형사사건에서의 피의자 방어권 행사와 법률 조력 활용이 얼마나 큰 역할을 하는지 엿볼 수 있다”고 설명했다.	실제 수사당국은 미투 등 일련의 시대적 환경에 영향을 받아 성범죄 등 형사사건에 있어 무죄추정원칙보다 피해자 중심 수사가 앞서 있는 것 아니냐는 의견이 제기되고 있는 실정이다.	 더군다나 성범죄 사건은 신상정보등록, 공개, 고지 및 전자장치부착명령이 동시에 진행될 수 있는 중대한 사건이다.	 또 구속 또는 법정구속이 가장 빈번하게 발생하는 범죄임을 고려해 봐도 신속한 법률 조력 대응이 필수적인 사안이라는 점을 기억해두자.	한 번은 법승 부산사무소에 다급히 조력을 요청하는 한 가족이 찾아왔다.	 친한 후배의 여자 친구인 피해자와 술자리를 가진 뒤 강간하였다는 혐의로 기소되어 1심에서 징역 3년을 선고받고 법정 구속된 피고인의 가족이 이 사실을 뒤늦게 전해 듣고 해결 방법을 찾고자 한 것이다.	류영필 부산형사전문변호사는 “상담을 진행한 결과 가족들을 통해 피고인이 합의하에 피해자와 성관계를 한 것이었음에도 피해자가 돌변하여 고소를 제기한 것이고, 이에 피고인이 법정에서 그 억울함을 풀 수 있을 것이라고만 생각하고 있다가 결국 유죄판결을 받은 것이라는 취지의 이야기를 전해들을 수 있었다”며 “더불어 사건의 실체를 파악하기 위해 기록을 면밀하게 검토하는 동시에 구치소에 수감 중이던 피고인과 수차례 접견하면서 본 사건이 무죄에 해당한다는 점을 인지하고 항소심에서 적극적으로 무죄를 다투기로 결정했다”고 정리했다.	특히 피고인에게는 여러 가지 보석을 허가할 사유가 존재해 보석허가청구 역시 함께 진행했다.	 이어 변호인은 항소심에서 1심의 판단 가운데 사실오인 및 법리오해 부분을 세밀하게 나누고 이와 반대되는 여러 정황을 일일이 열거하면서 1심판결의 위법 사항을 지적해 나갔다.	이번 사안의 가장 큰 쟁점은 대부분의 성범죄 사건과 마찬가지로 피해자와 피고인의 주장이 상반되는 점으로 부산형사변호사는 이에 집중해 피해자의 주장을 탄핵하기 위한 증거와 증인을 신청하여 법정에 현출하는 등 공소사실을 탄핵하기 위한 치밀한 변론을 펼쳤다.	류영필 부산형사변호사는 “피해자 주장의 신빙성 탄핵은 상당히 까다로운 과정인데 진술 속 모순점을 찾으며 피고인의 주장에 부합하는 증거를 제시, 고소에 이른 배경과 무고의 연관성 등에 대한 심도 깊은 분석이 요구되기 때문”이라며 “실제 변론 종결 후 검사 측 변론 재개 신청으로 변론 과정이 복잡해지기도 했으나 피해자의 수사기관 진술 및 1심 증언을 치밀하게 분석하고 모순점 등을 파악, 반대신문을 준비해 공소사실 탄핵 및 원심판결 파기로 피고인에게 무죄를 선고되는 결과를 이끌어낼 수 있었다”고 회고했다.	하지만 사건은 여기서 끝나지 않았다.	 검사 측의 상고 제기로 또 다시 법정 다툼이 이어졌다.	 이에 부산형사변호사는 검사의 상고이유를 꼼꼼하고 치밀하게 살펴 논리적으로 반박해 나갔다."
19,"부산형사변호사, 방심했다 유죄판결 받은 의뢰인 억울함 풀어 무죄 밝혀--1", 성범죄 관련 해결 노하우를 갖춘 형사전문변호사의 능력을 십분 발휘해 상고이유에 설시된 논거의 배가 넘는 반박 논거를 펼치며 뒤집힐 가능성을 원천적으로 차단시킨 것.	 이에 대법원은 피고인에게 무죄를 선고한 원심판결을 유지하는 한편 검사의 항소를 기각했고 이로써 2년이 넘도록 계속된 법정공방은 비로소 종결될 수 있었다.	생각보다 많은 이들이 억울하게 형사사건에 연루됐을 때 진실한 태도만 유지하면 죄가 없음이 쉽게 드러날 것이라 믿고 있다.	 하지만 형사사건은 결코 단순하지 않다.	 어떠한 논리를 근거로 자신의 입장을 주장해나가느냐에 따라 최종 결과는 상이할 수 있다.	 이에 전국 네트워크 법인을 구축해놓은 법무법인 법승은 의뢰인의 입장에서 불이익을 최소화시킬 수 있는 날카롭고 끈질긴 변론을 펼쳐왔다.	    -
20,"""그것이 알고싶다"" 영주 택시기사 살인사건, 17년만 재구성한 몽타주 공개--0"," '그것이 알고 싶다'가 영주 택시기사 살인 사건의 미스터리를 파헤친다.2003년 5월 23일 새벽녘, 경상북도 상주시 한 외진 마을의 밭둑에서 변사체가 발견됐다.	 그는 영주에서 개인 택시기사로 일하던 김 씨였다.	삼 남매의 아버지로서 장거리 운전도 마다하지 않고 악착같이 일했던 그의 별명은 ‘독일 병정’이었다.	 사건 전날이었던 5월 22일 역시 장거리 손님의 예약 전화에 응했던 그는 다시는 가족의 곁으로 돌아오지 못했다.	연고도 없는 한 시골 마을에서 칼에 찔려 처참히 사망한 모습으로 발견된 탓에, 초기 수사 방향 역시 전형적인 택시 강도 사건으로 맞춰졌다.	 그러나 현장에서는 피해자의 유류품 외에 어떠한 증거도 나오지 않았고, 이후 안동에서 발견된 차량에서도 범인의 흔적이 확인되지 않으면서 사건은 미궁으로 빠지게 되었다.	 이 사건은 정말로 피해자 김 씨가 열심히 일했기 때문에 당하게 되었던 단순 강도 살인이었을까.	피해자의 차량은 사건 당일 영주-	상주-	안동에 걸쳐 무려 160km 이상을 이동했다.	 두 차례에 걸친 콜 전화로 택시를 불러낸 영주.	 치열한 몸싸움 끝에 피해자가 사망한 상주.	 어떠한 흔적 없이 피해자 차량만이 남아있던 안동.	약 10만 원의 일당을 강탈하기 위해 160km 이상을 이동한 범인의 행적 안에 그에 대한 단서는 없었을까.	 제작진은 범인의 경로를 그대로 추적해보며, 그의 마지막 행선지에 대한 중요한 단서를 얻을 수 있었다.	“상주 시내를 경유하고 3번 국도를 이용해서 안동 쪽으로 도망갔죠.	 제한 속도가 80인데, 피해자 차량을 운전해가는 용의자의 사진이 촬영된 거죠.	 과속으로.	” -	 당시 수사관 인터뷰 中치밀하면서도 대담한 범죄 행각 중에도 치명적인 실수가 있었다."
21,"""그것이 알고싶다"" 영주 택시기사 살인사건, 17년만 재구성한 몽타주 공개--1"," 상주에서 안동으로 이동하던 범인이 과속으로 인해 CCTV에 촬영된 것이다.	 하지만 당시 CCTV의 사진은 화질이 낮았기에 범인 검거로는 이어지지 못했다.	제작진은 전문가와 함께 2020년의 화질 개선 기술을 적용해 2003년에는 불분명했던 범인의 특징을 추려낼 수 있었다.	 또한 개선된 이미지에서 포착한 범인의 특징을 추려서 다시금 그의 얼굴을 그려보게 되었다.	 이 과정을 통해 드러난 범인의 얼굴은 과연 어떤 모습이었을까.2003년 당시 범인이 검거될 기미가 보이지 않자, 영주의 택시 기사들 사이에서는 갖가지 소문이 퍼졌다고 한다.	 집을 지어준 건축업자와의 다툼, 김 씨가 자주 카지노에 태워다주었다는 단골손님에 대한 이야기 등이었다.	 제작진은 떠도는 소문의 근원을 찾아 나가던 중 한 제보자에 대한 이야기를 듣게 됐다.	 어렵게 만남에 응한 그는 사건 이후 경찰에 못다 한 말이 있다며 조심스럽게 이야기를 꺼내놨다.""	열흘 전에 탄 사람, 보름 전에 탄 사람을 나는 다 기억해요.	  이튿날 이제 바로 알았잖아요.	 살인 사건 났다고, 영주 택시기사가.	 새카만 차에서 그랬다.	 그 얘기 들으니까 소름이 쫙 끼치는데, 미궁으로 빠졌다 하니까 안 잊어버리는 거지.	 나중에 못 잡았다는 소리를 듣고, 야.	.	.	 다 잡아줬는데 그래 내 생각엔 이제, 그런 생각이 들었던 거라서.	.	.""	-"
22,"""그것이 알고싶다"" 영주 택시기사 살인사건, 17년만 재구성한 몽타주 공개--2"," 제보자 택시기사 인터뷰 中17년 전 그날, 제보자는 무엇을 목격했던 걸까.	 그리고 사건 현장에서는 무슨 일이 일어났던 걸까.	 22일 토요일 오후 11시 10분에 방송되는 SBS ‘그것이 알고 싶다’에서는 사건 당일의 진실을 추적해보고, 2003년 5월 23일 이후 종적을 감춘 마지막 손님의 얼굴을 2020년의 기술로 그려본다.	  / 사진 = SBS  -"
23,"의정부변호사, 교묘한 범죄조직에 속아 사기방조 혐의 받은 의뢰인 처벌 위기 해소해--0"," 최근 경찰청이 오는 5월 26일까지 100일간 ‘서민생활 침해범죄’ 특별 단속을 실시한다고 밝혔다.	 주요 단속 대상은 △전화금융사기ㆍ메신저 피싱 등 전기통신금융사기,△주취ㆍ갈취 폭력, 운전자ㆍ의료인 폭행, 주거침입 등 생활폭력, △사기 수배자 집중 검거 등이다.	 이를 위해 경찰청과 각 지방경찰청은 전담 태스크포스팀을 구성하고 상반기 중 관서별 특성을 고려한 전담수사팀을 편성해 중점적으로 단속을 진행할 예정이라 전해졌다.	법무법인 법승 박세미 의정부변호사는 “이번 특별 단속을 통해 지방경찰청 지능범죄수사대는 총책, 경찰서 강력팀은 오프라인 수취형 범죄 중간 관리책 등 검거에 집중한다는 방침을 밝힌 만큼 보이스피싱 관련 혐의 연루 시 더욱 각별한 대처가 필요할 것으로 보인다”며 “근래 들어 보이스피싱 피해자가 오히려 사기방조 등으로 처벌 위기에 놓이는 경우가 적지 않아 과중하거나 부당한 처벌이 이뤄지지 않도록 대처하기 위해서라도 신속하게 법률 상담을 진행해야 함을 기억해둬야 한다” 고 설명했다.	실제 얼마 전 법승 의정부사무실을 찾은 의뢰인 A씨는 30대 초반 사회 초년생으로 결혼을 하게 되면서 신혼집 마련을 위하여 대출을 최대한도까지 받았으나 가족 중 한 명이 중병에 걸리면서 병원비 때문에 대부업체에서 고이율의 대출을 받는 상황에 놓였다.	 이후 이자를 갚는 것만으로도 힘든 처지에서 필사적으로 현 대출보다 저렴한 이율 전환을 알아보고 있던 중 대형 은행사에서 1억 원까지 최저 3%의 금리로 대출이 가능하다는 문자를 받게 되었다.	당시 대출 전환이 절실했기에 대형은행에서 대출이 가능할 수 있을지도 모른다는 희망에 바로 상담 접수를 진행했고, B과장이라는 사람에게 연락을 받았으나 “접수가 늦어질 수도 있다.	”, “지원대상이 아니라서 심사에서 거부되었다” 라는 말을 듣자 혹시 지원대상이 될 수 있는 방법에 대해 문의했다.	이에 B과장은 A씨에게 대출을 꼭 받고 싶다면 다른 대부위탁업체에서 먼저 대출을 받아 현재 남아있는 채무를 청산한 뒤, 자신의 은행에서 대출을 받으라고 권유하며 대부위탁업체를 소개하여 주었다.	 이후 A씨는 ‘위탁대부업체 연결담당자 C씨’와 ‘위탁대부업체의 부장 D씨’와 차례로 연결되었고, 위 위탁대부업체가 홈페이지도 있고 D씨가 부장으로 재직하는 회사라는 것을 인터넷에서 확인할 수 있었다.	박세미 의정부변호사는 “당시 A씨는 심사자격을 만들기 위하여 D씨가 지시하는 대로 자신의 통장으로 입금된 3,000만원을 다시 위탁대부업체의 직원에게 돌려주었지만 다시 B씨, C씨, D씨와 연락되지 않자, 연차까지 쓰면서 D씨의 지시를 이행했음에도 불구하고 대출 전환이 생각처럼 이뤄지지 않아 매우 실망했다” 며 “하지만 자신이 금전적 손해를 본 것이 없다고 생각했기 때문에 ‘에이, 사기 당했나보다’ 하는 마음에 그냥 넘겼고, 얼마 후 경찰서에서 ‘사기방조’ 혐의로 조사를 받으러 오라는 연락을 받아 당혹스러워 법승 의정부사무소에 상담을 요청한 사안” 이라고 정리했다.	사실인즉, 사기꾼이라고 생각했던 B씨, C씨, D씨는 보이스피싱 조직원이었고, A씨의 계좌로 들어왔던 3,000만원은 보이스피싱 피해자의 피해금원이었던 것.	 A씨 역시 위 조직원들의 기망행위에 속았고, 얻은 이득이 전혀 없었지만 범죄자가 될 수 있는 가능성이 엄연히 존재했다.	 이미 보이스피싱 범죄 수법에 관하여 사회적으로 널리 알려져 있었기 때문이다.	더군다나 엄하게 처벌한다는 사회적 합의가 존재한다는 입장에서 수사기관은 A씨를 초기 수사 단계부터 강하게 압박하고 있었다.	 이에 법무법인 법승 의정부변호사는 이 사건 보이스피싱 범죄 수법이 교묘하고 치밀하게 진행되어 A씨가 자금의 출처가 보이스피싱 피해금이라거나 B씨, C씨, D씨가 보이스피싱 조직원이라는 사실을 알 수 없었고 A씨에게 방조의 고의가 없었다는 사실을 적극적으로 주장했다.	 그 결과 검찰은 위 주장을 받아들여 A씨의 사기방조 혐의에 대해 증거 불충분 혐의없음 처분을 결정했다.	박세미 의정부변호사는 “의뢰인의 경우에도 제한된 정보 내에서 최대한 위험은 없는지 살폈음에도 불구하고 범죄조직의 철두철미한 계획에 속아 처벌 위기에 놓이는 상황을 피할 수 없었다”며 “특히 경제적으로 어려움을 겪고 있는 경우 범죄조직은 이러한 점을 파고들어 자신도 모르게 이용당할 여지가 다분하므로 수사기관에서 연락을 받거나 계좌가 거래 정지되는 등의 문제와 맞닥뜨렸다면 수사 단계부터 적극적으로 대응해 피해자임에도 소명하는 노력이 필요하므로 신속하게 조력을 요청해야 한다” 고 조언 및 당부했다.	한편, 법무법인 법승 의정부사무소는 의정부, 양주, 남양주, 구리, 동두천, 가평, 포천, 연천, 파주, 고양, 일산, 김포, 강화, 부천, 인천 등 ‘경기북부지역’ 과 도봉, 노원, 강북 등 ‘서울북부지역’ 및 철원, 춘천, 양평, 홍천, 횡성, 원주, 강릉, 속초, 동해, 삼척 등 ‘강원도 전 지역’ 의 경제범죄, 성범죄, 강력사건 등 폭넓은 형사사건에 대해 문필성, 한철상, 박세미 의정부변호사가 함께 정확한 법률 조력을 제공 중이다.	    -"
24,"""PD수첩"" 신도수 23만 명, 신천지 고속 성장 비밀...신천지의 ""모략"" 전도 실체--0"," MBC PD수첩이 ‘코로나19와 신천지 2부-	신천지 고속 성장의 비밀’을 방송했다.	 가구시청률 6.4% 2049 시청률 2.0%을 기록했다.	 분당 최고 시청률은 8.7%였다.18일 방송된 MBC ‘PD수첩’에서는 신천지의 독특한 전도 방법인 ‘모략’에 대해 집중 취재했다.	 ‘모략’은 설문조사와 위장 행사를 동원해 사람들의 연락처를 확보해 전도 대상자를 끌어모으는데서 시작한다.	 열매라 부르는 전도대상자는 잎사귀라 부르는 전도자, 바람잡이들이 붙어 심리 상담과 성경공부를 하며 결국엔 신천지 센터로 들어가게 된다.	 신천지인들은 종교인이나 점술가로 가장한 교인을 동원해 신천지 센터로 이끄는 복치기 혹은 복술이라 부르는 수법을 쓰기도 했다.	신도들은 신천지의 주민등록번호같은 고유 번호로 관리되며 신천지식 신앙생활을 하려면 학업, 생업, 가정생활 등을 포기할 수밖에 없다고 한다.	 부모님 감시를 피해 가출을 해 신천지가 운영하고 있는 숙소에 들어가 사는 경우도 많았다.	 가족들이 신천지 신도임을 알게 될 경우 ‘핍박이 터졌다’라고 얘기하는데, ‘섭외부’라는 경찰과 같은 역할을 하는 조직이 핍박자 등급을 나누어 철저하게 관리한다.	 신천지는 가족들과의 법적 분쟁을 대비해 신천지에 신변보호를 위임한다는 영상과 서류도 작성하게 했다.	이러한 모략 전도방식과 철저한 관리로 신천지는 급격한 성장세를 보이며 지난 1월 신도 수가 23만 9353명을 돌파했다.	 수료를 마친 입교 대기자 7만 명을 합치면 약 30만 명에 달한다.	 신도들의 헌금과 부대사업, 전도를 못할 경우에 내는 벌금 등으로 늘어난 신천지의 부동산 총계는 2,735억 7,900만 원에 달한다고 했다.	 이만희 총회장은 가난과 검소함을 자랑했다.	 하지만 그가  회견을 했던 가평 ‘평화의 궁전’ 부지는 이만희와 신천지내의 2인자였던 김남희의 공동소유였다가 문제가 제기되자 신천지 이름으로 명의 이전됐다.	PD수첩은 신천지의 독특한 전도 방식이 기본권을 침해했다는 법원 판결을 인용하며 신천지의 책임있는 자세를 촉구했다.	 MBC 'PD수첩'은 화요일 오후 11시 10분에 방송된다.	  / 사진= MBC  -"
25,"해커스공무원, ‘슈퍼스타 관리반’ 오픈, 공시생 시험 대비 주목--0"," 공무원 채용인원이 증가하면서, 공무원 시험을 준비하는 공시생들도 늘어나는 추세다.	 특히, 2021년 국가직 공무원 시험이 내년 4월로 예정되어 약 1년 남은 시점에 어떻게 공무원 시험을 준비해야 하는지 고민하는 수험생들이 많다.	 이에 9급/7급 공무원 학원 및 공무원 인강으로 유명한 해커스공무원이 빡센 관리로 수험생의 최단기 합격을 돕는 ‘슈퍼스타 관리반’을 선보였다.	 강남 공무원학원으로 추천받는 해커스공무원 강남역캠퍼스 ‘슈퍼스타 관리반’은 수강생이 원하는 공무원 시험과목과 레벨의 실강을 수강할 수 있고, 인터넷 강의도 무제한으로 수강이 가능해 개인별 학습 상태에 따른 최적의 커리큘럼을 제공한다.	 또한, 무한반복 회독관리 프로그램을 통해 이론 복습부터 약점 보완, 문제풀이까지 제공해 합격을 돕는다.	 ‘슈퍼스타 관리반' 강남역캠퍼스는 엄격한 생활관리로 순공 시간을 보장하며 수험생이 공부에 집중할 수 있는 환경을 제공한다.	 하루 3번의 출결체크, 복습테스트, 의무자습 등의 철저한 관리와 함께 콘센트와 넉넉한 수납공간이 완비된 프리미엄 자습실도 제공한다.	 더불어 공무원 수험 전문가인 담임 선생님과의 1:1 학습 상담을 통해 나에게 맞는 수업을 추천받을 수 있고, 학습 방향 상담도 가능하다.	 실제로 ‘슈퍼스타 관리반’을 수강하고 9급 지방직 공무원에 합격한 한 합격생은 “늦잠도 자고 공부 시간도 일정하지 않았는데, 학원에 다니면서 정해진 시간표대로 생활하다 보니 규칙적으로 변했습니다.	”라며 “또한, 해커스에는 담임 선생님 제도가 있어 상담을 신청했을 때, 과목별 문제 출제 스타일이나 다양한 시험 정보를 알려주셔서 공부 방향을 잡는 데 도움이 되었습니다.	”라고 합격 후기를 전했다.	 관계자는 “‘슈퍼스타 관리반’을 수강한 뒤 공무원 시험에 최종 합격하면, 수강료 전액을 장학금으로 지급하고 있다“며 “해커스공무원의 빡센 관리와 맞춤형 커리큘럼을 통해 공무원 시험 합격을 이루길 바란다”고 전했다.	 ’슈퍼스타 관리반’에 관한 자세한 사항은 해커스공무원 사이트에서 확인할 수 있다.	 참고로, 2020년 국가공무원 공채시험 일정은 사이버 국가고시센터를 통해 확인할 수 있다.	 해커스공무원은 토익, 영어, 자격증 인강을 제공하는 해커스인강 챔프스터디, 해커스자격증 등으로 유명한 교육그룹의 공무원 교육 전문 브랜드다.	 한경 비즈니스 선정 2020 한국소비자만족지수 공무원 교육 부문 1위로 선정되었다.	 7급/9급 공무원 시험, 군무원 시험 강의 등을 지원하고 있으며, 해커스경찰과 해커스소방도 경찰공무원과 소방공무원 시험 준비생을 위한 경찰공무원/소방공무원 학원 강의 및 인강을 제공하고 있다.	   -"
26,높은 ‘초품아’ 선호도…양주 옥정신도시 제일풍경채 관심--0," 등·하교길에 어린이 안전을 위협하는 교통사고가 꾸준한 것으로 나타났다.	 전국 초등학교 주변에 보행로조차 없는 곳도 많은 데다, 불법 주·정차도 기승을 부리고 있어서다.	 어린이 교통안전 강화 등도 시행됐지만, 근본적으로 안전 사각지대로부터 자유로운 ‘초품아’에 대한 선호도가 커지는 모양새다.	 교육부와 도로교통공단 TAAS 교통사고분석시스템에 따르면 2018년 어린이 교통사고는 1만 9건, 이로 인한 부상자는 1만 2543명, 사망자는 34명으로 집계됐다.	 전년 대비 소폭 줄었지만, 여전히 위험도가 높다.	 스쿨존 내 교통사고도 435건, 473명, 3명이었다.	 통학버스 사고도 109건이 발생해 155명이 다쳤다.	 지난해에는 경찰청 조사 결과 연말인 12월 1∼20일 전국 어린이보호구역에서 과속 6만 8,503건, 신호위반 8,363건 등 총 7만 8,382건의 어린이 안전 위협행위를 단속했다고 밝혔다.	 이는 직전 20일인 11월 11∼30일 적발된 6만 8,264건보다 14.8%나 증가한 수치다.	 이에 따라 부동산 시장에서도 초품아 인기가 이어지고 있다.	 부동산업계에 따르면 지난해 부산 부산진구에 나온 ‘래미안 어반파크’ 아파트는 비역세권 등의 입지임에도 불구하고 연지초와 접한 점을 셀링 포인트로 내세워 3040 젊은 세대의 시선을 사로잡았으며, 전 타입 청약 마감 후 단기간 완판에 성공한 바 있다.	 아파트촌 밀집지역에서도 초등학교와 가까운 곳이 시세를 이끈다.	 국토부 실거래가에 따르면 서울 서대문구 ‘D아파트의 경우’의 경우 가재울초를 끼고 있는 1단지 전용면적 84㎡는 올해 11억 9,000만 원에 거래됐다.	 반면 왕복 6차선 도로를 건너야 학교로 갈 수 있는 2단지는 해당타입이 1억 원 가량 더 낫다.	 부동산 전문가는 “안전하게 통학할 수 있다는 장점에다 주변에 유해시설이 들어설 수 없어서 인기”라며 “분양시장에서 3040세대가 주력 구매층이 된 만큼 신규 분양되는 학세권 입지에도 관심이 높을 것”이라고 말했다.	 초등학교 인근에서 신규 공급도 이어진다.	 대표적인 곳은 경기도 양주 옥정신도시에 4월 분양 예정인 ‘양주 옥정신도시 제일풍경채 레이크시티’ 아파트다.	 제일건설㈜이 시공하며 양주 옥정신도시 동측인 A10-1∙2블록에 들어선다.	 전용면적 74~101㎡ 총 2,474가구로 조성돼 양주 옥정신도시에서 가장 규모가 가장 커 향후 지역 ‘대장주’ 아파트로 자리매김할 수 있을 것으로 기대된다.	  근거리에 모든 교육 시설이 자리한 학세권에 속해 우수한 자녀 교육 여건을 자랑한다."
27,높은 ‘초품아’ 선호도…양주 옥정신도시 제일풍경채 관심--1," 양주유치원이 아파트와 접하고 있으며, 단지 내에는 어린이집, 초등학교가 들어선다.	 또한 이미 율정초, 옥정중, 옥정고가 개교한 한데다, 추가로 사업지 인근에 중∙고가 들어설 예정이다.	 ■  또한 사업지가 위치하는 옥정신도시는 지하철 7호선 연장선인 옥정역이 들어설 예정으로 개통 시 강남까지 50분대 진입이 가능해질 전망이며, 향후 옥정신도시를 거쳐 포천까지의 연장 계획도 잡혀있다.	 더불어 인근을 따라 GTX-	C노선, 제2외곽순환도로 등 서울행 교통망이 크게 좋아지고 있어 탈서울 수요는 물론 투자자들의 관심도 끊이질 않고 있다.	 더불어 2017년 개통한 구리~포천 고속도로 이용 시 구리까지 20분대, 강남권까지 약 40분대로 이동 가능하여 교통 및 생활 편의시설이 잘 갖춰질 것으로 예상된다.	 단지 앞에 중심 상업 및 문화시설 등이 자리해 생활 인프라가 뛰어난 것도 장점이다.	 그뿐만 아니라 단지 바로 앞에는 쾌적한 환경을 누릴 수 있는 중앙호수공원이 위치해 내 집 앞 정원처럼 이용할 수 있으며, 일부 세대에서는 파노라마 호수 조망이 가능하다.	 입주민의 거주 품격을 높이는 설계도 돋보인다.	 전 가구 남향 위주에 4베이 판상형, 맞통풍 구조로 단지가 배치돼 단위세대 평면 구성이 우수하며, 대부분 타입에 3면 발코니 적용을 통해 확장 시 넓은 실사용 면적을 제공받을 수 있다.	 1층은 세대 정원을 제공하며 최상층에는 다락 특화를 통해 고급스러움을 극대화했다.	 대단지에 걸맞은 축구장 크기의 입주민을 위한 커뮤니티 시설도 선보인다.	 지역 내 희소성을 갖춘 사우나, 실내수영장, 다목적 체육관, 실내 골프장 등 특화시설이 마련돼 입주민들의 삶을 더욱더 풍요롭게 할 것으로 보인다.	 옥정신도시 중심 생활권 마지막 시범단지인 점도 흥행에 힘을 보태고 있다.	 앞서 분당, 동탄 등 기존 신도시에서 시범단지는 입지가 뛰어나 입주 후 수억 원의 웃돈이 붙어 시세를 이끈 바 있다.	 또한 소유권 이전 등기 전에 전매가 가능해, 부동산 규제로부터 상대적으로 자유로워 투자 가치도 주목 각광받는 분위기다.	  양주 부동산 시장에 훈풍이 불고 있는 점도 분양 열기에 불을 지피고 있다.	 특히 최근 서울 집값이 치솟자 인프라가 우수한 양주 옥정신도시로 탈서울 수요가 대거 몰리는 중이다.	 통계청에 따르면 양주시로 전입하는 사람 중 서울 거주자가 20%를 넘는다.	 양주 내 아파트 가격도 상승세다."
28,높은 ‘초품아’ 선호도…양주 옥정신도시 제일풍경채 관심--2," 작년 하반기 양주 아파트값도 3.3㎡당 아파트 평균 매매값은 0.9% 올랐다.	 특히 옥정신도시가 위치한 옥정동은 8.5% 올라 가격 상승 폭을 주도 중이다.	 ‘e편한세상 옥정메트로포레’ 전용면적 84㎡ 타입 분양권은 5,000만 원 넘게 프리미엄이 형성됐다.	 한편 양주 옥정신도시 제일풍경채 레이크시티는 현재 경기도 양주시 옥정동 963-7번지, POP타워 302호에 홍보관을 운영 중이며, 견본주택은 양주시 옥정동 101-1번지에 4월 중 오픈 예정이다.	  -"
29,"""부따"" 강훈 ""종로경찰서를 빠져나가며""[포토]--0"," 미성년자를 포함한 다수 여성의 성착취 영상을 촬영하고 텔레그램을 통해 퍼뜨린 '박사방'의 참여자들을 관리하며 범죄 수익금을 운영자 조주빈에게 전달한 혐의를 받고 있는 ‘부따’ 강훈이 17일 오전 서울 종로경찰서에서 검찰로 송치되고 있다.	 서울지방경찰청은 지난 16일 아동·청소년의 성보호에 관한 법률 위반 등 혐의로 구속된 강훈에 대한 신상정보 공개 심의위원회를 열어 신상 정보를 공개하기로 결정했다.	 경찰은 ""피의자는 박사방 운영자인 조주빈의 주요 공범으로서 박사방 참여자를 모집하고, 성 착취 영상물을 제작·유포하는 데 적극적으로 가담했다""며 신상정보 공개 결정 이유를 설명했다.	    -"
