0,"[2020 한국소비자만족지수 1위] 법률 서비스 전문 브랜드, 법무법인 태신--0","법무법인 태신이 ‘2020 한국소비자만족지수 1위’ 법률서비스 부문을 5년 연속 수상했다.	 한국소비자만족지수 1위는 소비자가 각 분야별 상품과 서비스의 만족도를 직접 평가하고, 추천해 미래지향적인 기업을 발굴하는 시상으로써 소비자와 대한민국 기업들이 함께 성장하기 위해 마련된 상이다.	법무법인 태신은 개업 이래 2,500여 건이 넘는 사건사례를 직접 수행하며 업계와 소비자 모두에게 전문성과 실력을 동시에 인정받았다.	 또한 판사·검사·경찰 간부 출신의 변호사와 의사·약사 출신 변호사를 비롯해 대한변호사협회 전문변호사 자격을 취득한 변호사들을 각 전문팀에 배치, 운영 중에 있으며 한층 고도화된 법률서비스를 체계적으로 제공하고 있다.	특히 법무법인 태신은 하나의 사건에 두 명의 변호사가 명확한 법리 분석을, 두 명의 내부직원이 실무 절차를 처리하는 전담팀을 구성해 의뢰인과 지속적으로 소통하는 ‘4Care System’을 구축해 의뢰인들의 법익수호에 앞장서고 있다.	이번에 수상한 형사의료분야는 형사전문변호사 장훈 대표가 이끄는 형사전문팀과 윤태중 대표의 의료전문팀이 협력해 업무를 수행하고 있으며 수많은 의뢰인들에게 호평을 받고 있다.	법무법인 태신 장훈 대표변호사는 “이번 수상은 태신을 믿고 사건을 의뢰한 분들에게 최선의 결과를 주기 위해 고심하고 노력해 얻은 값진 열매라고 생각한다”며 “앞으로도 의뢰인의 편에서 최적의 해결책을 제시하는 든든한 조력자로서 소임을 다할 것”이라고 수상소감을 밝혔다.	      당사의 허락 없이 본 글과 사진의 무단 전재 및 재배포를 금합니다."
1,월스트리트가 예상하는 코로나19 이후의 거대한 변화--0,"-	거세질 반세계화 흐름·제로금리와 거대부채 시대 개막…사회·문화도 모두 달라진다세계를 휩쓸고 있는 신종 코로나바이러스 감염증은 지구촌 사람들을 질곡과 고통 속으로 몰아넣었다.	 4월 초까지 각국의 사망자가 10만 명에 육박하고 미국에서만 1만5000명을 넘었다.	 하지만 그런 역경 속에서도 새로운 기회는 싹트고 있다.	 미국 인구의 96%가 집에 머무르라는 ‘자택 대기’ 명령이 내려지면서 새로운 라이프스타일이 만들어지고 있다.	 재택근무와 원격 교육이 확산되고 전자 상거래가 뜨고 있다.	 가정에서 할 수 있는 스포츠 용품과 운동 기구가 불티나게 팔리고 있고 이런 거래는 대부분 인터넷 플랫폼을 중심으로 일어나고 있다.	 뉴욕 증시에서는 주요 지수가 20~30% 폭락한 가운데 전자 상거래 업체인 아마존, 스트리밍 업체 넷플릭스, 화상 회의 플랫폼인 줌 등은 주가가 오히려 올랐다.	이런 생활 습관의 변화는 코로나19 위기가 지나가도 여파를 남길 것이란 게 전문가들의 진단이다.	 벤 버냉키 미 중앙은행 전 의장은 4월 7일 브루킹스연구소가 주최한 웨비나에서 “일시적 변화가 영구적 영향을 미칠 수 있다.	 특히 이런 종류의 불황은 경제에 매우 큰 영향을 줄 수 있다”고 말했다.	 사회와 경제의 많은 측면에서 ‘뉴 노멀’이 형성될 것이란 얘기다.	 최태원 SK 회장은 4월 8일 “코로나19 사태 이후의 커다란 흐름과 변화를 읽지 못하면 생존하더라도 오래가지 못할 것”이라고 말했다.	뉴욕 월스트리트에서는 향후 사회적 조류가 될 변화 흐름을 잡기 위한 예측들이 나오고 있다.	 이를 정리한다.	그렇지 않아도 미국에 트럼프 행정부가 들어선 뒤 세계화 흐름에 브레이크가 걸렸다.	 이때 출현한 코로나19 사태는 세계인들의 심리마저 바꾸고 있다.	 1986년 솅겐조약으로 ‘무비자 통행’을 규정한 유럽연합은 코로나19가 창궐하자 35년 만에 빗장을 걸어 잠갔다.	 독일 정부는 의료용 마스크 수출을 금지했다.	 독일은 그간 ‘국경 없는 경제’를 찬양하고 편협한 민족주의자들을 경계해 온 EU의 중심 국가다."
2,월스트리트가 예상하는 코로나19 이후의 거대한 변화--1, 세계화의 첨병이던 글로벌 공급망도 붕괴되고 있다.	 기업들은 공급망의 복잡성과 위험을 줄이기 위해 뛰고 있다.	 무역은 침체됐다.	 정부는 공중 보건 문제를 내세워 무역·여행·이주를 억제하려고 하고 있다.	 금융도 마찬가지다.	 투자자들이 안전을 앞세우면서 자본은 각국으로 돌아가고 있다.	 무역과 여행에 전적으로 의존하는 기업·산업·국가는 타격을 입을 수 있다.	각국 정부와 중앙은행은 빈사 상태에 빠진 경제에 활력을 불어넣기 위해 대규모 재정·통화 정책을 내놓았다.	미국도 제로 금리를 택했다.	 게다가 위기 속에 가계는 큰 소비를 줄이고 저축을 늘리고 있다.	 실업률이 높아지고 가계 부채가 늘어난 데 따른 것이다.	 저축이 증가하면 낮은 금리는 지속될 수 있다.	 그러면 채권은 투자 대안이 되기 어렵다.	 초과 수익률을 기대할 수 있는 주식과 부동산에 돈이 몰릴 수 있다.	 현재로선 인플레이션 위험은 크지 않지만 인플레가 나타나면 커다란 경제 위기를 맞을 수 있다.	코로나19의 여파로 각 학교가 문을 닫으면서 원격 교육 시대가 열렸다.	 온라인에선 학생들이 어떤 지역에 속해 있든 최고의 교사에게 얼마든지 수업을 들을 수 있다.	 유용한 학습 도구도 많다.	 이는 원격 인턴십 등으로 확산될 수 있다.	 직장에서도 원격 근무가 일과 삶의 균형을 위한 새로운 기회로 부상하고 있다.
3,월스트리트가 예상하는 코로나19 이후의 거대한 변화--2, 1주일에 사흘 출근하고 이틀 재택근무하는 형태가 확산될 것으로 전망된다.	 출퇴근 정체가 줄어들고 기차와 버스엔 빈자리가 늘어날 것이다.	오프라인 대인 만남보다 온라인 소셜 네트워크 서비스에서 서로의 이야기를 나누는 이들이 늘어날 것으로 예상된다.	 코로나19 사태 이후 재택근무와 원격 교육이 자리 잡으면서 페이스북과 인스타그램 등 소셜 미디어들은 사용자와 사용 시간이 크게 증가하고 있다.	원격 교육과 재택근무 등의 확산은 클라우드·모바일·웹 등 인터넷·인프라에 대한 수요가 증가하는 것을 의미한다.	 유튜브와 넷플릭스 등은 사용량이 늘면서 화질을 일부러 낮춰야 할 판이다.	 디지털 인프라를 클라우드 기반의 플랫폼으로 바꾸고 5세대 이동통신 네트워크를 도입할 필요가 커지고 있다.	 이를 위해선 국가가 대규모 투자에 나서야 한다.	생명공학의 중요성을 모두가 깨닫고 있다.	 투자는 늘어날 것이고 더 많은 신약과 생명공학 기술이 연구될 것이다.	 걸림돌로 작용했던 각국 의료 당국의 규제는 검사와 치료제 개발을 위해 완화되고 있다.	기술과 규제 장벽 속에 갇혀 있던 원격 의료가 부상하고 있다.	 실제 대부분의 환자는 입원할 필요가 없다.	 집에서 치료를 받으면 된다.	 그래야 심각한 환자가 의료 시스템을 제대로 이용할 수 있다.	원격 의료를 받으려면 평소 모바일 헬스케어 기기 등을 통해 맥박·체온 등을 측정해 이를 정기적으로 병원에 보내게 된다.	 이는 개인 정보 보호와 상충되면서 강한 규제를 받아 왔지만 이번 사태를 계기로 규제가 완화되는 추세다.	중국 등에선 코로나19 확진자의 활동 가능 여부를 알려주고 경찰과 확진자의 위치를 공유하는 애플리케이션을 써 코로나19의 확산을 효과적으로 막았다.	국가적 위기가 닥쳤을 때는 중앙 정부의 역할이 필요한 법이다.	 각 지방 정부들이 서로 경쟁하며 마스크·인공호흡기 쟁탈전을 벌이도록 하면 안 된다.
4,월스트리트가 예상하는 코로나19 이후의 거대한 변화--3," 코로나19가 국경을 넘어 전파되는지 감시하는 업무는 질병통제예방센터 등 중앙 정부 기관들의 몫이다.	 지방 정부는 대규모 관련 연구 지원금을 마련할 여력이 없다.	기업 회의, 포상 관광, 컨벤션, 전시 등 네 분야를 일컫는 MICE는 세계화 시대 성장의 상장이었다.	 하지만 코로나19 사태로 각종 모터쇼와 정보기술 전시회 등이 줄줄이 취소됐다.	 산업 생태계마저 무너진다는 관측이 나온다.	코로나19 사태가 잦아들면 상황은 개선될 것으로 보인다.	 하지만 안전을 유지하기 위해 사람들은 사회적 거리를 확보하려고 할 것이고 대인 만남은 온라인 공간에서 회의로 상당 부분 대체될 수 있다.	 사람들 간 물리적 장애를 해결해 줄 미팅 테크놀로지가 확산될 수 있다.	공연 예술과 스포츠는 코로나19의 직격탄을 맞은 분야다.	 세계 공연의 중심 뉴욕의 브로드웨이 뮤지컬은 모든 쇼가 한 달째 중단됐다.	 한창 시즌 중이던 미국프로농구, 개막을 앞둔 메이저리그 야구 등도 취소됐다.	 공연 예술이나 스포츠는 완전히 사라지지는 않을 것이다.	 하지만 대규모 관중이 한곳에 모여 감상하는 방식은 바뀔 수 있다.	코로나19 이전 해외여행은 국내 여행처럼 쉬웠다.	 국경은 거의 없는 것과 같았다.	하지만 각국은 점점 공중 보건을 내세워 통행과 여행을 규제하고 있고 이런 조류는 당분간 지속될 것으로 전망된다.	 또 크루즈·항공사 등은 승객에게 안전과 건강에 대한 확신을 주기 위해 운영 방식을 바꿀 것으로 보인다.	 항공기 내 중간 좌석은 비워 놓을 것이란 예측이 나온다.	레스토랑 등 음식료업계의 변화도 불가피하다는 관측이 있다.	 종전엔 음식을 나눠 먹자는 제의를 거절하면 무례한 행동으로 보였다."
5,월스트리트가 예상하는 코로나19 이후의 거대한 변화--4, 이제는 음식을 나눠 먹는 게 터부가 됐다.	    당사의 허락 없이 본 글과 사진의 무단 전재 및 재배포를 금합니다.
6,"김기현 “통합당, 대형 태풍이 와 밑에서부터 다 뒤집어야”--0"," ‘울산 시장 선거 하명 의혹’을 겪은 때문일까.	 6년 만에 국회에 돌아온 김기현 미래통합당 의원의 발언 강도는 더 세져 있었다.	 다소 까다로운 질문에도 한 치의 주저함 없이 직설적이고 단호한 어조로 답했다.	 더불어민주당이 국회 법제사법위원장을 가져가겠다는 데 대해 “여당은 야당을 박멸 대상으로 생각한다.	 무릎 꿇고 살기 보다 서서 죽기를 원한다”며 여당을 '나홀로 독재당'이라고 비판했다.	  3선 의원이던 그는 2014년 지방 선거 때 울산시장에 출마해 당선됐다.	 4년 뒤 재선 고지에 무난하게 오를 것으로 예상됐던 그는 여당 소속 송철호 후보를 당선시키기 위한 ‘청와대 하명 수사 의혹’에 휩싸이면서 낙마했다.	 울산지방경찰청은 지방 선거를 3개월 앞두고 김 의원의 동생과 측근 비리 의혹과 관련해 울산시청을 전격 압수 수색했다.	 앞서가던 김 의원은 지지율이 급락했고 선거에서 떨어졌다.	 의혹은 무혐의로 결론 났지만 김 의원은 큰 정치적 상처를 입었다.	▶2년 뒤 지방 선거 때 울산시장에 다시 출마해 명예 회복을 노릴 수 있을 텐데 총선에 나선 이유는 뭔가요.	“명예 회복은 매우 부차적인 것입니다.	 국회의원에 출마한 것은 한국을 바로잡아야겠다는 생각 때문이었습니다.	 민주주의를 짓밟는데 권력을 악용하는 정권, 절차를 가장해 독재하는 정권과 반드시 맞서 싸워 대한민국의 자유민주주의를 지켜야겠다는 생각으로 총선에 출마했습니다.	”▶각오를 단단히 다지고 돌아온 것 같습니다.	“원래 내가 센 사람입니다.	 2004년 초선 의원이 됐는데, 노무현 정부에서 가장 골치 아파했죠.	 인터뷰 직전 국회 본회의를 마치고 의원회관으로 함께 걸어오던 이낙연 더불어민주당 의원이 ‘김기현 의원 목소리가 본회의장 끝에서 끝까지 들렸지…’라고 하더라고요.	”▶‘울산시장 하명 수사 의혹’을 두고 여전히 논란이 많습니다.	“민주당 국회의원이 된 황운하 전 울산경찰청장 부임 직후 ‘김기현 뒷조사한다’는 소문이 들렸습니다."
7,"김기현 “통합당, 대형 태풍이 와 밑에서부터 다 뒤집어야”--1"," 그때는 ‘웃기는 사람이다.	 치안을 유지하려고 온 사람이 목적이 다른 데 있는가 보다’ 하고 말았어요.	 그러나 2017년 초가을 무렵부터 사람들을 불러 조사하기 시작하더니 지방 선거를 앞둔 2018년 3월 본격 압수 수색이 들어왔죠.	 그때부터 ‘청와대 하명을 받고 왔다더라, 5개 프로젝트를 갖고 왔다더라’는 소문이 돌았습니다.	”▶검찰 공소장에 ‘가공된 첩보가 윗선에 보고됐다’고 돼 있습니다.	 어느 선까지 보고됐다고 봅니까.	“청와대 비서실로 간 것은 명확합니다.	 백원우 전 민정비서관과 박형철 반부패비서관에겐 당연히 갔죠.	 그건 팩트로 확인된 것입니다.	 송병기 전 울산부시장의 수첩을 보면 두 사람 수준을 넘어 그 위에까지 갔다는 거죠.	 ‘VIP가  직접 후보 출마 요청하는 것을 면목 없어 해 비서실장이 요청한다’라고 돼 있잖아요.	 그리고 갑자기 내가 추진했던 공약들이 아웃되고 자기들이 추진한 공약들을 시작하기 위해 타이밍을 맞춰 환경부 장관이 내려와 송철호 시장과 손잡고 다녔습니다.	 이게 시나리오에 따라 일어난 것이에요.	 어디까지 보고됐는지 빤하죠.	 비서실장만이 아니겠죠.	 그리고 여당이 총선에서 압승하고 대놓고 검찰총장을 압박하고 수사팀을 해체하라고 하니 수사가 지지부진합니다.	 검사들도 불안하겠죠.	”▶황 전 청장 등은 토착 비리에 대한 정당한 수사라고 합니다.	“그러면 토착 비리 내용을 내놓아야 하는데 무혐의를 받았습니다.	 거짓말입니다."
8,"김기현 “통합당, 대형 태풍이 와 밑에서부터 다 뒤집어야”--2",”송 전 부시장의 영장이 기각됐습니다.	 검찰의 무리한 수사라는 얘기도 있습니다.	“송 전 부시장은 기소됐어요.	 불구속됐다고 죄가 없다고 하는 것 자체가 억지입니다.	”▶법조 출신이고 법제사법위원장을 희망했습니다.	 역대 국회 때마다 여야가 서로 법사위원장을 맡겠다고 해 논란이 됐습니다.	 21대 국회도 마찬가지입니다.	 어떤 역할을 하기에 그렇습니까.	“김대중 정부 시절인 2000년 16대 국회 때부터 법사위원장은 야당의 몫이 돼 왔습니다.	 정권을 제대로 견제하라는 의미죠.	”▶법사위 역할과 기능을 놓고 논란이 끊이지 않고 있습니다.	 법안 체계·자구 심사를 없애야 한다는 주장도 있습니다.	“그걸 없애면 위헌 법률이 마구 양산될 겁니다.	 2018년 한 해에만 헌법재판소에서 100여 건의 헌법 불합치 결정이 났어요.	 지금처럼 법사위에서 체계·자구 심사를 해도 그렇습니다.	 법률은 모든 국민의 생활을 지배하는데 그것이 위헌인 줄 모르고 했던 행위들도 나중에 회복이 안 됩니다.	 나중에 위헌이라고 결정한들 이미 다 끝나 버린 뒤죠.	 그 피해는 누가 변상합니까.	 국회가 잘못한 건데.	 지금처럼 운용해도 위헌 법률이 양산되는 마당에 체계·자구 심사마저 없애면 그런 일이 일어나는 것을 막 허용하겠다는 뜻입니다.
9,"김기현 “통합당, 대형 태풍이 와 밑에서부터 다 뒤집어야”--3"," 국회 각 상임위원회에서 올라오는 법안들을 보면 한쪽으로 편향되는 성향이 있습니다.	 그걸 객관적 시각에서 보자는 취지에서 체계·자구 심사를 하는 겁니다.	 가령 환경노동위원회의 경우 노동 권한을 강화하면 경영권과 사유재산권 침해가 올 수 있죠.	 헌법에 침해되는지 여부를 살펴보는 것이 체계·자구 심사입니다.	 위헌 요인을 없애는 거죠.	”▶하지만 법사위가 각 당의 이해관계를 관철하는 수단, ‘게이트 키퍼’ 역할을 하면서 싸움박질과 육탄전 등 볼썽사나운 일이 비일비재했던 게 사실 아닙니까.	“원래 국회라는 데가 싸움박질을 해야 하는 곳 아닌가요.	 야당이 싸움박질을 하지 않으면 그 존재 이유가 없습니다.	 법안을 그냥 통과만 시켜줄 것이라면 야당이나 국회가 필요 없어요.	 견제와 균형이 국회의 1번 작동 원리 아닙니까.	 국정에 협조하라고 국회를 만들어 놓은 나라는 전 세계에 없습니다.	 삼권 분립 정신을 근본적으로 훼손하는 것이죠.	 그럴 거면 아예 국회를 없애 버리고 북한과 중국처럼 하면 됩니다.	 핏대 올리고 싸우라고 야당 시켜 놓았지, ‘예예, 좋습니다’ 하라고 시켜 놓은 게 아니에요.	 그러면 야당 할 필요가 없지.	 야당 존재 자체를 부정하는 것입니다.	”김기현 미래통합당 의원 약력 :	 1959년 울산 출생.	 부산 동고·서울대 법학과 졸업.	 사법시험 합격."
10,"김기현 “통합당, 대형 태풍이 와 밑에서부터 다 뒤집어야”--4"," 대구지법·부산지법 울산지원 판사.	 17~19대, 21대 국회의원.	 한나라당 대변인·수석정책조정위원장.	 새누리당 원내수석부대표·정책위원회 의장.	 울산광역시장.	 미래통합당 대표 특별보좌역.	▶지난 6년간 국회를 떠나 있다가 다시 오니 불만이 많은 것 같습니다.	“야당이니까 그렇지….	 ‘국회는 비효율적이다’, ‘늘 싸움만 한다’고 그러는데 국회는 원래 그런 것을 하라고 시켜 놓은 곳입니다.	 국민들끼리 싸우지 말고 대리인인 국회의원들이 싸우면 싸움박질이 논리적이 되고 육박전으로 번지지는 않을 것 아니냐는 것이죠.	 법의 룰에 따라 하니까.	 국회는 원래 그런 대리전을 치르라고 만들어 놓은 곳인데 자꾸 싸우지 말고 야단치지 말라고 합니다.	 이 정부 들어 국회의 그런 권능을 완전히 무시합니다.	 국회가 늘 발목 잡는다고 하고 국정 협조하라고 합니다.	 그럴 것 같으면 차라리 국회를 해산해 버리라고 그러지….	 국정 효율만 따진다면 국회를 왜 둡니까.	 민주주의는 원래 비용을 수반하는 것입니다.	 절차가 중요하기 때문이죠.	 국민들의 행복추구권, 인권, 자유로운 의사 표현 등 그런 가치가 워낙 중요하기 때문에 절차적 비용을 감수하겠다는 것이 민주주의의 작동 원리입니다.	 이견과 싸움이 있을 수밖에 없고 그런 과정을 통해 결론을 내는 겁니다."
11,"김기현 “통합당, 대형 태풍이 와 밑에서부터 다 뒤집어야”--5","”▶만약 법사위에 배정받는다면 현재 진행 중인 울산시장 선거 개입 의혹 재판과 관련해 이해 충돌 문제가 나올 것 같습니다.	“내가 직접 관련돼 재판을 받고 있는 것은 전혀 없습니다.	 내가 아닌 황운하·한병도 민주당 의원 등이 재판 대상이 돼 있죠.	 그들이 법사위에 간다면 그게 부적합하다는 지적이 맞습니다.	 자신들이 감독하는 피감독 기관의 재판을 받고 있기 때문입니다.	 내가 스스로 법사위를 회피해야 한다고 말할 수는 있습니다.	 하지만 나는 재판받고 있는 것이 전혀 아니기 때문에 법사위에 가더라도 아무런 문제가 없습니다.	 황·한 의원과 나를 같이 비교하는 것은 옳지 않습니다.	”▶김종인 비상대책위원장 체제가 들어선 이후 통합당 내에서 보수 가치를 놓고 논란이 큰데 대해 어떻게 봅니까.	“우리 당은 큰 소용돌이를 한 번 겪어야 합니다.	 가치부터 시작해 인적 네트워크, 지도 체제 등 모든 부분에서 그렇습니다.	 대규모 폭풍이 와 밑에서부터 다 뒤집어져야 합니다.	 단순 리모델링이 아닌 재건축한 모습으로 바뀌어야죠.	 그런 과정에서 진통이 있겠지만 근본적인 노선 전환을 고민해야 합니다.	”▶김 위원장이 “보수를 좋아하지 않는다”고 한데 대해 찬성한다는 뜻입니까.	“그렇지 않습니다.	 보수 가치를 버려선 안 되죠.	 지향해야 할 가치의 기본은 존중하되 보수가 시대에 뒤떨어져선 안 된다는 의미입니다.	 가령 신종 코로나바이러스 감염증 사태로 예전에 예상할 수 없었던 만큼 모든 국민들의 삶과 경제 활동이 다 바뀌고 경제적 약자들이 대폭 증가했습니다.	 이런 상태에서 계속 옛 시스템 아래에서 가졌던 가치만 고집해서는 안 됩니다."
12,"김기현 “통합당, 대형 태풍이 와 밑에서부터 다 뒤집어야”--6"," 기본소득제도 충분히 긍정적으로 검토할 수 있는 사안으로 봅니다.	”▶관건은 재원입니다.	 기본소득의 당위성만 난무하고 재원에 대한 진지한 공론은 찾아보기 힘듭니다.	“코로나19로 인해 많은 실직자가 생기고 빈부 격차가 더 커질 것을 예견하지 못했습니다.	 이전에 우리 당은 선택적 복지를 통해 계층 간 위화감과 빈부 격차를 줄이자고 했는데 지금 상황이 변한 것이죠.	 선택적 복지 개념에 대해 좀 고민해 볼 필요가 있게 된 겁니다.	 기본 바닥은 깔아줘야 하는 것 아니냐는 의미에서 기본소득을 긍정적으로 검토해 보자는 것이죠.	 이런 상황이 언제까지 더 지속될지 모르는 상황에서 재원을 어떻게 마련하고 기존 복지는 어떻게 정비하며 지원 대상은 어떻게 선정할 것인지 등에 대해 논의해 나가야 합니다.	 금방 끝날 수는 없겠죠.	”▶광역단체장을 해보니 어떻습니까.	 기본소득 전제 조건인 복지 전달 체계 수술이 굉장히 어렵지 않겠습니까.	“부처 이기주의 이외에 또 하나의 문제가 있습니다.	 복지 전달 체계에 들어와 있는 먹이사슬이 있습니다.	 전달 체계에 들어와 이 돈 저 돈을 빨아먹으며 자기 배를 불리는 거죠.	 복지 전달 체계를 통합하면 그 사람들이 가만있겠습니까.	 기본소득 시행 전에 해야 될 게 너무 많습니다.	”▶“당헌을 고쳐서라도 30~40대를 간판으로 세워야 한다”고 주장했는데, 그럴 만한 능력을 가진 젊은이들이 있느냐에 대해선 의구심이 듭니다.	“젊은이를 세울 수 있으면 세워야죠.	 경제 전문가만 할 이유는 없고 복지·환경·노동 전문가도 좋습니다.	 우리 당이 좀 더 ‘액티브’해지고 좀 더 젊은층에 다가가기 위해선 마스크부터 젊은 사람으로 갈아 치우자는 겁니다."
13,"김기현 “통합당, 대형 태풍이 와 밑에서부터 다 뒤집어야”--7"," 문제는 그럴 만한 젊은이들이 있느냐는 것인데 우리가 제대로 만들어주지 않으니까 젊은 사람들이 들어올 자리가 없습니다.	 들어올 자리가 없으니 다른 길로 가 버립니다.	 30~40대가 대표에 출마하면 가산점을 주자는 겁니다.	 자기가 조금만 노력하면 들어올 수 있다는 희망을 줘야죠.	 물론 젊은이들 스스로 자생력을 키워야 합니다.	 ‘4·15 총선’ 공천 때 신인에게 가산점을 많이 줬습니다.	 심지어 100점 만점에 40점을 얹어줬죠.	 그런데도 못 이긴 것은 스스로 준비가 안 돼 있다는 뜻입니다.	 과감하게 우대해 키우는 제도를 만들어야 합니다.	 지금 청년 아카데미를 운영하고 있지만 전문성이 매우 떨어집니다.	 중앙당이 재원이 없어 감당하기 어려운 지경입니다.	”▶여러 가지 꿈들이 있다고 했는데 어떤 꿈입니까.	 원내대표 대표 대선 등 선택지가 있을 것 같습니다.	“정치인이 꿈이 없이 정치를 하겠습니까.	 국회의원 4선에 광역단체장까지 5선을 했는데 단순히 국회의원 배지 한 번 더 달자고 다시 정치권에 온 것은 아닙니다.	 대한민국을 바로잡겠다는 꿈, 후손들에게 제대로 된 나라를 만들어 줘야 한다는 사명감을 가지고 왔습니다.	”      당사의 허락 없이 본 글과 사진의 무단 전재 및 재배포를 금합니다."
14,“‘따라올 수 없는 기술력’이 글로벌 시장 휩쓰는 비결이죠”--0,"-	삼성전자 스마트 사이니지 실무진 3인 인터뷰 '스마트 사이니지'는 포스트 코로나 시대를 준비하는 삼성전자의 신성장동력으로 주목받고 있다.	 기술력은 이미 증명됐지만, 보다 많은 고객들에게 삼성전자 사이니지의 경쟁력을 알려야 하는 것이 앞으로의 중요한 과제다.	 삼성전자의 스마트 사이니지 전략을 묻기 위해 실무진 3인과의 인터뷰를 진행했다.	 인터뷰에는 사이니지 영업을 담당하는 최정민 영상디스플레이사업부 엔터프라이즈 비즈니스팀 프로, 홍종화 영상디스플레이 사업부 엔터프라이즈 비즈니스팀 프로, 송기혜 엔터프라이즈 마케팅그룹 프로가 참여했다.	최정민 :	 액정표시장치 사이니지는 사람들이 근거리에서 봐야 하는 제품에 주로 쓰인다.	 고해상도를 표출해야 하기 때문에 픽셀이 잘 보이지 않는다는 특징이 있다.	 따라서 정보를 전달하는 용도의 제품이나 리테일 매장에서 상업용으로 주로 쓰인다.	 홍종화 :	 발광다이오드는 LCD보다 픽셀 화소가 더 크다.	 LCD가 실내에서 최적화됐다면 LED는 실내는 물론 야외에서도 활용할 수 있다는 특징이 있다.	 초거대 디스플레이에도 LED 사이니지가 쓰인다.	 최정민:	 지하철 역사 플랫폼이나 커피숍·버거집 등 5m 이내에서 정보를 확인해야 하는 곳에 LCD 사이니지를 공급한다.	 시각적으로 편안한 느낌을 주기 때문이다.	 특히 경찰청에서 CCTV를 통해 상황을 관제하는 상황실에서 고화질의 LCD 사이니지가 쓰인다.	 고해상도가 아니라면 결정적 증거를 놓칠 수 있기 때문이다.	홍종화:	 국내 스포츠 스타디움 중에서는 프로야구팀 SK와이번스의 홈구장에 놓인 ‘빅보드’가 대표적인 LED 사이니지다."
15,“‘따라올 수 없는 기술력’이 글로벌 시장 휩쓰는 비결이죠”--1," 또 옥외 광고물 자유 표시 구역으로 지정된 강남구 삼성동 곳곳에 설치된 SM엔터테인먼트의 광고도 삼성전자의 LED 사이니지로 제작됐다.	 또 하나의 예로는 오닉스라는 제품이 있다.	 오닉스는 세계 최초 개발한 LED로 만든 평판형 시네마 시스템이다.	 현재까지 76개 영화관에 설치됐고 세계적으로 100여 개 설치를 목표로 두고 있다.	 국내에서는 롯데 시네마 월드타워, 부산 센텀점, 건대입구점, CGV 왕십리점에 설치돼 있다.	홍종화:	 과거엔 사이니지를 단순한 광고판이나 전광판으로 여기는 경우가 많았다.	 만약 TV를 상업용으로 설치해 광고 영상을 재생한다면 TV의 내구성으로는 하루에 8시간 이상 버티기 힘들다.	 하지만 디지털 사이니지는 연중 24시간 내내 재생할 수 있다.	 이 때문에 재구매율이 100%에 육박한다.	 최정민:	 잠재 수요까지 합치면 리테일의 비율이 80%를 차지한다.	 금융회사나 공공 기관들도 도입에 관심을 보이고 있다.	 앞으로는 쇼핑몰이나 기업형 마트 등 대형 리테일 매장으로도 확산될 것으로 보인다.	 송기혜:	 SDS존을 설치하게 된 근본적인 이유는 효과적인 시연을 위해서다.	 B2B 제품은 유통 매장에 전시되지 않는다.	 따라서 B2B 신규 제품과 솔루션을 고객들에게 효과적으로 보여주고 시연하기 위해 쇼룸 디스플레이를 실시하게 됐다.	 송기혜:	 시연을 통한 제품 소개에 호응이 매우 좋다."
16,“‘따라올 수 없는 기술력’이 글로벌 시장 휩쓰는 비결이죠”--2, 예를 들어 호텔 관계자들에겐 중앙 관제 시스템을 통해 각 객실의 모니터가 보여주는 콘텐츠를 직접 매니지먼트하는 모습을 보여준다.	 고객의 성별이나 나이 등을 고려해 적합한 메시지를 디스플레이로 보여준다.	 홍종화:	 특히 ‘더 월’과 같은 제품은 크기가 매우 커 시제품을 보여 줄 방법이 없었는데 SDS존을 통해 타 제품과 비교도 가능해졌다.	 또 저가를 내세운 중국 제품을 이기기 위해선 삼성전자만의 뛰어난 기술력을 눈으로 보여 줄 수 있는 공간이 필요했다.	 고객들 중에서도 저렴한 가격 때문에 중국 제품을 선택했다가 후회하는 이들이 많았다.	 SDS존을 통해 제품군을 실제적으로 비교하고 구매할 수 있어 긍정적 반응을 얻고 있다.	홍종화:	 삼성전자 디지털 사이니지는 한국의 KS 인증 등을 포함해 전 세계의 품질 인증을 대부분 취득했다.	 특히 사이니지는 24시간 연중 내내 재생돼야 하는 곳이 대부분이기 때문에 내구성 등이 매우 중요한 제품이다.	최정민:	 LCD부터 LED까지 삼성전자가 생산부터 공급까지 전 과정을 도맡는다는 게 가장 큰 장점이다.	 기존에 없던 제품을 만들며 시장을 선도하고 있는 비결이 바로 여기에 있다.	     당사의 허락 없이 본 글과 사진의 무단 전재 및 재배포를 금합니다.
17,총선 명운 걸린 ‘스윙보터 격전지’ 70여 곳 어디?--0, 역대 총선 결과를 살펴보면 각 당이 웬만하면 지지 않는 텃밭이 있고 뚫기 힘든 곳이 있다.	 양지와 험지다.	 지역구 의원 소속 정당이 자주 바뀌는 험지를 ‘스윙보터 지역구’라고 한다.	 이런 지역구의 당락이 각 정당의 총선 승패를 결정한다.	 전문가들과 각 당이 꼽는 4월 21대 국회의원 총선 ‘스윙보터 격전지’는 대략 70~80여 곳이다.	 수도권 의석은 전체 지역구의 절반에 가까운 122곳에 이르는 총선 승부처다.	 그간 수도권 표심은 전반적으로 어느 한 당에 기울지 않고 엎치락뒤치락하는 양상을 보였다.	서울은 정치 1번지 종로가 최대 관심 지역이다.	 이낙연 전 총리가 이곳에 전셋집을 구하는 등 이미 출마 준비에 들어갔다.	 황교안 자유한국당 대표의 출마도 가시화하는 양상이다.	 대선 결과는 두 사람의 대선 가도에 큰 영향을 끼칠 수밖에 없다.	 종로가 정치적 상징 지역이고 두 사람이 더불어민주당과 한국당의 간판 대선 주자라는 점에서 승패는 대선 판도를 흔들 수 있다.	 추미애 법무부 장관의 지역구인 서울 광진을도 관심을 끈다.	 20대 총선에서 종로에 출마했던 오세훈 전 서울시장이 일찌감치 이곳에서 선거 준비를 하고 있다.	 민주당은 1996년 15대 총선 이후 줄곧 지켜온 이 지역구를 내줄 수 없다는 판단 아래 오 전 시장의 대항마로 거물급 인사를 물색하고 있다.	 나경원 전 한국당 원내대표의 지역구인 서울 동작을도 관심이다.	 강경화 외교부 장관 차출설이 나오고 있지만 강 장관이 고사하고 있는 것으로 알려졌다.	 민주당은 이 지역 역시 거물급을 출전시키는 방안을 검토하고 있다.	오신환 전 바른미래당 원내대표가 재선을 한 관악을도 격전이 예상된다.	 민주당에선 정태호 전 청와대 일자리수석과 유종필 전 관악구청장이 뛰고 있다.
18,총선 명운 걸린 ‘스윙보터 격전지’ 70여 곳 어디?--1," 진영 행정안전부 장관의 지역구인 용산은 권혁기 전 청와대 춘추관장이, 박영선 중소벤처기업부 장관의 지역구인 구로을은 윤건영 청와대 국정기획상황실장이 각각 출마한다.	 한국당은 이 지역구에 유력 인사 투입을 고려하고 있다.	 서대문갑은 우상호 민주당 의원과 이성헌 전 한국당 의원 간 리턴 매치 결과가 주목된다.	 강북갑은 장양석 한국당 의원에게 오영식 전 민주당 의원 등이 도전장을 내밀었다.	 최재성 민주당 의원의 지역구인 송파을에는 한국당에서 배현진 전 MBC 아나운서가 도전하고 있다.	 김현미 국토교통부 장관이 불출마를 선언한 경기 고양정은 한국당에서 김현아 의원이 표밭을 갈고 있고 유은혜 교육부 장관의 지역구인 고양병엔 민주당에서 고민정 청와대 대변인에 출마를 권유하고 있다.	 심재철 한국당 원내대표가 내리 5선을 한 안양동안을에는 이재정 민주당 의원, 임재훈 바른미래당 의원, 추혜선 정의당 의원 등 현역 의원들이 대거 출마해 격전을 벌인다.	 인천 연수을은 민경욱 한국당 의원과 정의당 대표를 지낸 이정미 의원이 맞붙는다.	 3선 윤상현 한국당 의원과 3선 구청장을 지낸 박우섭 민주당 예비 후보가 맞붙을 미추홀도 격전지로 꼽힌다.	 신상진 한국당 의원이 4선을 한 성남 중원엔 민주당에서 윤영찬 전 청와대 국민소통수석이 도전장을 내밀었다.	 부산·경남에서 9석을 차지하고 있는 민주당이 거점을 확대할 수 있을지가 주목된다.	 이 지역 경제난이 심화되고 조국 사태 등으로 지지율이 떨어지고 있는 민주당은 ‘낙동강 벨트’ 사수에 비상이 걸렸다.	 이 지역 출신 의원들이 줄줄이 불출마를 선언한 한국당은 신인들을 내세워 텃밭을 빼앗아 온다는 방침이다.	 안철수 전 국민의당 대표의 부산 출마설까지 겹쳐 ‘낙동강 벨트’는 치열한 각축전이 예상된다.	부산은 전재수 민주당 의원과 박민식 전 한국당 의원이 네 번째 맞붙는 북강서갑, 장제원 한국당 의원과 배재정 전 민주당 의원이 대결하는 사상, 김무성 한국당 의원이 불출마하고 ‘미래를 향한 전진당 4.0’을 창당한 이언주 의원의 출마가 예상되는 중·영도, 민주당이 지역구를 차지하고 있는 진갑, 남을, 해운대을, 사하갑, 연제 등이 격전지로 꼽힌다.	 경남은 홍준표 전 한국당 대표와 김태호 전 경남지사가 황교안 대표의 수도권 험지 출마 요구에도 불구하고 각기 밀양·창녕과 거창·함양·산청·합천 출마를 예고해 부활 여부가 주목된다.	 민주당은 문 대통령 사저가 있는 경남 양산을에 거물급 인사를 공천해 수성에 나설 방침이다.	 울산은 남을 지역구에서 3선 도전에 나서는 박맹우 한국당 의원에게 같은 당 김기현 전 시장의 도전 여부가 주목된다.	 김 전 시장은 청와대 하명수사와 선거 개입 의혹의 피해자다.	 한국당 지지세가 강한 울산에서 김종훈 민중당 의원과 이상헌 민주당 의원의 수성 여부도 주목된다."
19,총선 명운 걸린 ‘스윙보터 격전지’ 70여 곳 어디?--2," 대구·경북 지역은 보수 통합 여부와 한국당 물갈이 바람이 어느 정도 강도로 부느냐에 따라 후보들의 희비가 엇갈릴 것으로 예상된다.	 20대 총선에서 보수 텃밭인 TK 도전에 성공한 김부겸 민주당 의원과 유승민 새로운보수당 의원의 생환 여부가 관심이다.	 생환에 성공한다면 대선으로 가는 길이 넓어질 것으로 보인다.	 대구 동갑은 정종섭 한국당 의원에 천영식 전 청와대 홍보기획비서관, 류성걸 전 의원 등이 공천 경쟁에 나섰다.	 동을은 유 의원에 맞서 한국당에서 김규환 의원과 김재수 전 농림축산식품부 장관이 공천 경쟁을 벌이고 있다.	홍의락 민주당 의원이 북을에서 재선을 할 수 있을지도 주목된다.	 달서병은 조원진 우리공화당 대표가 4선에 도전하는 곳이다.	 한국당은 강효상 의원, 김용판 전 서울경찰청장 등이 공천 경쟁을 벌이고 있다.	   호남 지역은 20대 총선에서 5석밖에 확보하지 못한 민주당이 실지를 얼마나 회복할 수 있을지가 관심이다.	 광주는 권은희 바른미래당 의원의 지역구인 광산을, 장병완 대안신당 의원의 동남갑, 5선 박주선 바른미래당 의원의 동남을, 7선의 천정배 대안신당 의원의 서을이 관심을 받고 있다.	 전남은 박지원 대안신당 의원에게 윤소하 정의당 의원 등이 도전하는 목포가 주목 받고 있다.	 이정현 무소속 의원이 수도권 출마를 선언하면서 무주공산이 되는 순천엔 민주당에서는 서갑원 전 의원과 노관규 전 순천시장 등이 출사표를 던졌다.	 전북은 민주당·대안신당·민주평화당 간 혈투가 예상된다.	 특히 전주을은 20대 총선에서 전북 지역 중 유일하게 한국당의 깃발을 꽂은 정운천 새로운보수당 공동대표의 수성 여부가 주목된다.	 전주병은 5선에 도전하는 정동영 민주평화당 의원과 김성주 전 국민연금공단 이사장의 재대결이 유력하다.	 익산을은 5선을 노리는 조배숙 민주평화당 의원과 한병도 전 정무수석이 다시 대결한다.	 군산은 김관영 바른미래당 의원에게 김의겸 전 청와대 대변인이 도전장을 내밀었다.	   충청은 총선 때마다 1위 정당이 바뀌는 대표적인 ‘스윙보터’ 지역이다.	 정당보다 인물 대결로 승부가 날 가능성이 높다는 얘기다.	 충북 청주상당은 4선의 정우택 한국당 의원에게 맞서 민주당에선 김동연 전 경제부총리 투입설이 나온다."
20,총선 명운 걸린 ‘스윙보터 격전지’ 70여 곳 어디?--3," 김종대 정의당 의원도 출마를 예고해 혈투가 예상된다.	 충남 공주·부여·청양엔 정진석 한국당 의원과 박수현 전 청와대 대변인의 대결이 주목된다.	 천안갑 출마가 유력한 이완구 전 국무총리의 재기 여부도 관심이다.	 대전은 박성효 전 시장의 유성갑 출마 여부와 ‘청와대 하명수사’ 논란에 휩싸인 황운하 전 경찰인재개발원장이 출마할 것으로 예상되는 중구가 주목된다.	 논산·계룡·금산은 김종민 민주당 의원에게 6선의 이인제 전 한국당 의원이 도전할 가능성이 높다.	 강원은 최근 사면된 이광재 전 강원도지사가 춘천, 원주, 강릉, 태백·횡성·영월·평창·정선 출마설이 나돈다.	 민주당은 이 전 지사를 서울에 전략 공천하는 방안도 검토하고 있다.	 춘천엔 김진태 한국당 의원에 게 민주당에선 관료 출신인 육동한 전 강원연구원장과 허영 도당위원장이 도전장을 내밀었다.	      당사의 허락 없이 본 글과 사진의 무단 전재 및 재배포를 금합니다."
21,"“비대면 환경, 보안에 취약…2021년에도 랜섬웨어 늘어날 겁니다”--0","  2020년은 삶의 방식, 일하는 방식의 변화를 맞이한 한 해였다.	 재택근무, 원격 회의 확산과 온라인 교육으로의 전환은 우리 사회 전반의 디지털 혁신을 가속화했다.	 한편 사이버 공격에의 노출은 증가하고 있다.	 시장 조사 업체 디멘셔널리서치에 따르면 71%의 보안 전문가들은 신종 코로나바이러스 감염증 사태 이후 보안 위협과 공격이 증가했다고 응답했다.	 주요 위협은 피싱 시도였다.	 재택근무 환경에서 기업 보안 리스크는 더 높아지고 있다.	 이러한 변화에 대해 보안업계도 촉각을 곤두세우고 있다.	 HP코리아와 맥아피코리아는 만반의 태세를 짜기 위해 손을 맞잡았다.	 함께 보안 솔루션을 테스트하고 보안 위협의 해결 방안을 모색하기로 했다.	 각자의 강점을 살려 하드웨어와 소프트웨어에 이르기까지 보안을 극대화하는 방안이다.	 서울 여의도 HP코리아 사무실에서 소병홍 HP코리아 PC 총괄 상무와 송한진 맥아피코리아 지사장을 만나 협업의 배경과 최근 보안 시장의 흐름에 대해 들어봤다.	  “2020년을 반추해 보면 사회·경제적으로 전례 없던 불확실성의 시대였습니다.	 코로나19라는 국면에서 PC 시장도 많은 변화를 겪었습니다.	 특히 수요 측면에서 유의미한 한 해였던 것 같습니다.	 기존에는 기업 시장에서 데스크톱이 80%, 노트북이 20%를 차지했다면 재택근무가 확산되면서 노트북 수요가 늘어났습니다.	 전 세계적으로 HP는 10% 이상 성장했어요.	 한국에서도 노트북 시장이 작년 대비 20% 이상 증가했습니다.	 기존에는 가구당 한 대의 PC를 가졌다면 언제 어디서나 일하는 근무 환경이 되고 또 온라인 중심으로 학습 환경이 달라지면서 한 사람당 한 대의 PC나 노트북을 가지게 된 점이 달라진 점입니다.	”  :	 “맥아피로선 초반엔 도전이었다면 점차 기회가 됐고 결국 성장한 한 해였습니다."
22,"“비대면 환경, 보안에 취약…2021년에도 랜섬웨어 늘어날 겁니다”--1"," HP를 비롯해 전 세계 톱10 PC 업체 가운데 9개사가 우리 보안 솔루션을 제공하고 있어요.	 재택근무나 온라인 수업, 온라인 쇼핑, 금융 서비스를 이용하면서 보안에 대한 인식도 크게 늘어난 것 같습니다.	 무료 서비스를 이용하던 고객들도 유료로 전환하는 비중이 높아졌고요.	 현재는 2021년 포스트 코로나 시대에 대비하는 부분을 논의하고 있는 중입니다.	”  :	 “HP는 지난 20년 이상 지속적으로 보안에 대해 투자해 왔습니다.	 제가 2008년 기업용 노트북을 담당했는데, 그때도 노트북에 내장된 보안에 대해 강조했습니다.	 최근 몇 년 사이 본격적으로 투자를 늘리고 있습니다.	 기업용 데스크톱과 노트북에 대한 HP의 가장 큰 차별화 포인트가 바로 보안과 관리 용이성입니다.	 사용자들이 가장 안전하게 원하는 기능을 사용할 수 있도록 최대의 긍정적 경험을 제공해 주자는 기업 철학에 따른 것입니다.	 흔히 노트북이나 데스크톱을 중앙처리장치·메모리·하드디스크의 조합이라고 생각하는데 실제 사용자 경험을 증대시키기 위해 가장 중요한 것은 보안입니다.	 그래서 집중적으로 투자합니다.	 그렇다고 HP가 모든 보안을 다 갖출 수는 없습니다.	 그 일환으로 맥아피와도 협업하고 있습니다.	” :	 “맥아피가 보는 보안은 사이버 위협으로부터 기업과 개인의 소중한 자산과 데이터·정보를 잘 관리하고 보호하는 것입니다.	 모든 솔루션을 통합한 보안을 목표로 하고 있습니다.	 2020년 보안 시장의 최대 화두는 랜섬웨어였습니다.	 몸값과 소프트웨어의 합성어로, 데이터를 암호화해 사용할 수 없도록 하고 이를 원래대로 돌려놓는 대가로 금전을 요구하는 악성 코드 공격을 말합니다.	 코로나19와 마찬가지로 보안에서도 1차적으로 백신을 통해 예방하고 또 문제가 발생했을 때 치료제를 만드는 게 중요합니다."
23,"“비대면 환경, 보안에 취약…2021년에도 랜섬웨어 늘어날 겁니다”--2", 예방에서 100% 막는다는 것은 불가능한 일이죠.	 하지만 최근 영국에서 변종 코로나 바이러스가 나온 것처럼 이와 같은 위기 상황에서 어떻게 적절히 대응할 수 있는지가 중요합니다.	”  :	 “양 사가 시너지를 내면서 시장에 올바른 ‘보안 캠페인’을 할 수 있는 방안에 대해 많이 논의했습니다.	 특히 한국의 중소·중견기업 시장을 눈여겨봤습니다.	 대기업들은 금융감독원·방통통신위원회 등의 보안 지침에 따라 대부분 상당한 보안 솔루션을 가지고 있습니다.	 그런데 SMB는 그렇지 않아요.	 HP가 2020년 가을부터 한국에서 SMB 지원 캠페인을 대대적으로 진행하고 있습니다.	 그중 한 분야에 보안이 포함됩니다.	 우리가 SMB 시장을 분석해 보니 보통 정보기술 인력이 100명당 1명 정도밖에 되지 않습니다.	 그 인력이 데이터베이스·전사적자원관리·서버·네트워크 등을 다 담당해야 합니다.	 보안 전문가가 별로 없는 상황에서 코로나19 이후 보안 위협에 무방비로 노출돼 있다고 볼 수 있습니다.	 HP가 가진 여러 보안 솔루션이 SMB 고객사들에 도움이 될 수 있을 것 같습니다.	 특히 HP는 하드웨어 업체로서 제공할 수 있는 보안이 있습니다.	 대표적으로 바이오스 보안이죠.	” :	 “맥아피의 최근 조사에 따르면 2020년 1월 1일부터 582만 개의 바이러스 파일이 발견됐습니다.	 HP에서 하드웨어적인 방어를 한다면 맥아피는 보안 업체로서 사이버 범죄에 대해 소프트웨어적으로 대응할 수 있는 부분이 있죠.	 각자 잘할 수 있는 부분에서 시너지를 내는 방법만 찾는다면 좋은 결과를 낼 수 있다고 생각합니다.	”  :
24,"“비대면 환경, 보안에 취약…2021년에도 랜섬웨어 늘어날 겁니다”--3"," “과거의 해커들은 실력을 과시하는 게 목적이었다면 최근에는 금전적 목적을 위해 해킹합니다.	 한 번 랜섬웨어에 걸리면 돈을 주는 것 이외에 뚜렷한 방법이 없습니다.	 그런데 랜섬웨어를 막는 데는 여러 단계가 있습니다.	 HP와 맥아피가 가진 단계에 따라 무방비로 노출돼 있는 랜섬웨어 등 공격에 대해 함께 방어하는 캠페인을 하고자 합니다.	”  :	 “맥아피는 ‘노 모어 랜섬’ 프로젝트에 파운더로 참여하고 있습니다.	 노 모어 랜섬은 네덜란드 경찰·유로폴·카스퍼스키랩·맥아피 등의 주도로 범죄자들에게 돈을 지불하지 않고 암호화된 데이터를 복원하는 것을 목표로 설립됐습니다.	 그렇다 보니 우리가 랜섬웨어 관련 정보를 많이 가지고 있습니다.	”   :	 “2021년에도 랜섬웨어가 화두가 될 것으로 보입니다.	 그 배경에는 비대면 환경이 있습니다.	 악성 코드는 취약점을 통해 들어가는데, 기업 내부에서는 여러 장치를 통해 어느 정도 방어가 됩니다.	 그런데 비대면 환경은 해커에게는 어장과 같죠.	 과거에는 사내 인트라넷 통해 방화벽과 VPN이 갖춰진 데서 일했다면 지금은 자택이나 카페에서 일합니다.	 특히 공공 와이파이는 보안에 취약한 디바이스입니다.	 코로나19 백신에서 가장 중요한 것은 안전성이라고 합니다.	 우리도 마찬가지입니다.	 기존의 방식 이외에 정기 구독 형태로 보안 솔루션을 공급하는 등 다방면으로 백신 솔루션을 처방할 예정입니다.	” :	 “HP는 하드웨어 장치와 데이터를 보안하는 관점에서 매트릭스를 가지고 있습니다."
25,"“비대면 환경, 보안에 취약…2021년에도 랜섬웨어 늘어날 겁니다”--4"," 먼저 바이오스가 감염되면 자가복구를 하는 장치가 있습니다.	 운영체제 위에서는 대표적으로 딥러닝 인공지능 기반 보안 기능인 ‘슈어 센스’를 가지고 있습니다.	 또한 재택근무 환경에서 문제가 생겼을 때 ‘슈어 리커버’ 기능을 통해 언제 어디서든 빠르게 시스템을 복구할 수 있습니다.	 이와 함께 악성 프로그램을 격리된 가상 시스템에 가두어 삭제하는 ‘슈어 클릭’ 기능도 유용합니다.	 최근 카페에서 노트북을 많이 사용하는데, ‘슈어 뷰’ 기능을 켜면 사용자 이외에는 옆에서 모니터를 바라봐도 화면이 보이지 않습니다.	 HP는 지난 20여 년간 쌓아 온 보안 경쟁력을 통해 디지털 환경에서 사용자가 더 안전하게 PC를 이용할 수 있도록 계속 지원할 계획입니다."
26,본격적 상업화 시작한 4족 보행 로봇--0," 지난 6월 선도적 로봇 업체인 보스턴다이내믹스가 4족 보행 로봇 ‘스폿’을 일반인에게 판매하기 시작했다.	 스폿의 출시는 지금까지 연구·개발 단계에 머물러 있던 4족 보행 로봇이 현실에서 얼마나 유용한 로봇이 될 수 있는지 시험해 볼 수 있는 시금석이 될 것이다.	  4족 보행 로봇은 4개의 다리를 이용해 이동하는 로봇이다.	 4족 보행 로봇에 대한 R&D;가 본격화된 시기는 1960년대인 것으로 알려져 있다.	 당시 미군으로부터 자동차가 다니기 힘든 험지에서 트럭을 대체할 운송 수단 개발을 의뢰 받은 제너럴일렉트릭은 4개의 다리로 걷듯이 이동하는 ‘걷는 트럭’을 개발했다.	 걷는 트럭은 오늘날의 4족 보행 로봇과 달리 사람이 직접 운전석에 올라 조종하는 기계였다.	 지나친 연료 소비 때문에 실용화되지 못한 ‘걷는 트럭’의 아이디어는 세계적 농기계 전문 업체인 존 디어에 의해 ‘팀버잭’이란 별칭의 ‘걷는 트랙터’의 개발로 이어졌다.	 오늘날의 4족 보행 로봇처럼 사람이 타지 않는 형태의 로봇이 최초로 등장한 것은 1980년대에 일본 도쿄공업대연구소에서 개발하던 타이탄 시리즈라고 볼 수 있다.	 당시 도쿄공업대연구소에서는 뱀 형태의 로봇, 바퀴 방식의 로봇, 보행 로봇 등 다양한 로봇들이 개발되고 있었다.	대중적으로 널리 알려진 4족 보행 로봇은 2005년 무렵 등장한 빅독 시리즈다.	 높이 약 0.8m의 빅독은 보스턴다이내믹스가 미국항공우주국의 JPL, 하버드대 연구소 등과 함께 미국 국방고등연구프로젝트사무국의 후원을 받아 만든 군수 물자 운반용 로봇이었다.	 하지만 빅독 시리즈의 사업화는 2015년 말 무산됐다.	 수십 kg의 물품을 운반할 정도의 강력한 힘과 충분한 가동 시간을 확보하기 위해 장착한 동력원인 가솔린 엔진의 소음이 너무 커 군사용으로는 부적합하다는 판정을 받았기 때문이었다.	 이후 보스턴다이내믹스는 스폿과 스폿 미니 등 크기도 작고 소음도 작은 4족 보행 로봇의 개발에 집중해 왔다.	 보스턴다이내믹스는 4족 보행 로봇 외에 아틀라스와 핸들 등의 2족 보행 로봇도 함께 개발하고 있다.	 4족 보행 로봇은 이동 기능이 필요한 모든 분야에서 사용될 수 있다.	 특히 각종 물품의 운반·배송 작업과 보안·감시·정찰·검사·청소 등은 4족 보행 로봇이 투입될 가능성이 높은 업무들이다.	 그래서 4족 보행 로봇의 경쟁 상대는 드론과 차륜형 로봇 등 주행 능력을 갖춘 거의 모든 기계류와 인간을 망라한다고 볼 수 있다.	 특히 다리 방식을 채택하고 있는 이족 보행 로봇이나 차륜형 실내·외 자율주행 로봇 및 인간과는 직접적인 경쟁을 벌일 것으로 보인다.	 보다 넓게 본다면 인간이 사용하는 손수레나 모터사이클과 같은 중소형 운반 수단들도 4족 보행 로봇의 경쟁 상대에 포함된다고 할 수 있다."
27,본격적 상업화 시작한 4족 보행 로봇--1," 4족 보행 로봇은 다른 경쟁 상대들에 비해 여러 가지 장점을 가지고 있다.	 가장 큰 장점은 지형 접근성이다.	 관련 연구에 따르면 지구의 지표면에서 바퀴 방식으로 접근할 수 있는 면적은 지표면의 30%에 그치고 무한궤도로 접근할 수 있는 면적도 최대 50%인 반면 다리 방식으로는 거의 모든 지역에 접근할 수 있다고 한다.	 지형 접근성 측면에서 동등한 2족 보행 로봇에 비해서는 동작의 안정성과 운반 능력이 더 우수하다.	 4족 보행 로봇은 이동 과정에서 4개의 다리 중 하나만 공중에 떠있고 나머지 3개의 다리는 몸체를 지탱하므로 1개의 다리만으로 몸체를 지지할 수밖에 없는 2족 보행 로봇에 비해 훨씬 안정적이고 그만큼 물품 운반 능력도 더 우수하다고 볼 수 있다.	 물론 이러한 장점의 반대급부로 구조적으로 더 복잡한 기구부, 더 무거운 하중, 더 많은 에너지 소모량 등의 단점도 있다.4족 보행 로봇은 이동이라는 중요한 능력을 갖추고 있지만 주어진 업무를 수행하려면 해당 작업에 적합한 로봇 팔 등의 기타 장비들을 추가로 장착해야 한다.	 가령 4족 보행 로봇을 배송용 로봇으로 사용하려면 택배 상자를 들어 올리거나 고객의 현관문을 열 수 있는 매니퓰레이터와 로봇 손과 같은 엔드 이펙터도 함께 장착돼야 한다.	 또 다양한 지형에서 활동할 수 있는 4족 보행 로봇의 우수한 이동 능력을 십분 발휘할 수 있는 보안·감시용 로봇으로 사용하려면 카메라나 적외선 센서, 음향 탐지 센서 등의 각종 감시 장비가 부착돼야 한다.	 만일 화학 공장에서 설비 점검용 로봇으로 사용하려면 열 탐지 센서나 가스 탐지용 화학 센서 등이 장착돼야 한다.	 이처럼 4족 보행 로봇이 상용화되려면 4족 보행 기술 자체의 완성도를 높이는 것은 기본이고 작업  환경을 인식할 수 있는 라이다·레이더·카메라·시각 인식 인공지능 등의 각종 하드웨어·소프트웨어와 함께 물리적 작업을 수행할 수 있는 매니퓰레이터 등의 각종 장비가 모두 완결성 있게 결합돼야 한다.	 따라서 4족 보행 로봇 업체들이 사업화에 성공하려면 매니퓰레이터, 각종 센서 등 추가 장착돼야 할 장치나 설비 분야의 전문 업체들과 함께 협력하는 것도 매우 중요해 보인다.	 최근에는 4족 보행 로봇에 새로운 기능을 추가하려는 시도도 있다.	 매사추세츠공과대의 ‘치타3’는 시속 50km의 고속으로 달릴 수 있는 4족 보행 로봇이다.	 치타3가 여타 로봇들과 가장 다른 점은 계단을 오르거나 장애물을 회피하는 등의 동작을 할 때 시각 정보가 아닌 촉각 정보를 이용하는 점이다.	 마치 인간이 앞을 볼 수 없는 어둠 속에서는 주변을 더듬으며 걷듯이 치타3는 다리를 통해 얻는 촉각 정보로 계단의 높낮이 등을 감지하며 걸을 수 있는 기능 개발에 이용됐다.	 미국 플로리다애틀랜틱대 연구소가 공개한 4족 보행 로봇 아스트로는 인간의 육성 명령을 인식하도록 개발되고 있다.	 아스트로에는 심층 신경망 방식의 AI가 탑재돼 학습 시간이 늘어날수록 보다 많은 명령을 알아들을 수 있을 것으로 예상된다.	 캘리포니아주립대 산하 로멜라연구소가 개발 중인 ‘알프레드2’는 네 개의 다리를 팔처럼 사용할 수 있도록 개발된 로봇이다.	 물건을 잡는 피킹 작업을 할 때는 일부 다리가 다관절 매니퓰레이터처럼 물건을 잡고 나머지 다리는 지지대 역할을 하도록 개발돼 스폿처럼 로봇 팔을 추가할 필요 없이 4족 보행 로봇 스스로가 임무 수행을 할 수 있도록 개발되고 있다.	 미국의 모티브로보틱스가 개발한 로보맨티스는 주행 기능의 강화에 초점을 두고 개발되고 있다."
28,본격적 상업화 시작한 4족 보행 로봇--2, 4개의 다리 끝에 바퀴가 달려 있어 평지에서는 차륜형 로봇처럼 빠르게 주행하고 장애물이 있을 때는 4족 보행 기능을 이용해 넘어가도록 해 주행 속도와 장애물 극복 능력을 동시에 갖추고 있다.	애니보틱스의 애니말은 로봇의 라스트 마일 배송 가능성을 점검하는 데 활용됐다.	 자동차 부품 업체 콘티넨탈이 개발하는 배송용 자율주행 셔틀이 고객의 집 근처로 물건을 운반하면 셔틀 내에 탑재된 애니말이 계단이나 장애물을 넘어 이동할 수 있는 4족 보행 기능을 활용해 고객의 집 현관으로 택배 상자를 운반하고 다리를 이용해 현관의 벨을 눌러 고객에게 직접 물건을 전달한다는 것이다.	 또 열 감지 센서와 가스 센서를 탑재한 애니말은 에너지 업체 테넷의 북해 해상 에너지 생산 시설에서 화재 위험과 가스 누출 여부를 점검하는 업무에 투입되기도 했다.	 2019년부터 기업을 대상으로 먼저 출시됐고 최근에는 일반인 대상의 판매도 시작된 보스턴다이내믹스의 스폿은 다양한 현장에서 여러 용도로 사용되면서 4족 보행 로봇의 구체적인 활용도를 탐색하는데 활용되고 있다.	 일부 스폿은 미국 샌프란시스코의 공항 터미널 공사 현장에서 보안용 로봇으로 사용됐다.	 또 미국 매사추세츠 주 경찰에 도입된 스폿은 순찰 업무 및 폭발물 처리반의 원격 감시 임무를 수행했다고 한다.	 또 2020년 초에는 노르웨이의 해상 유전에서 카메라와 음향 센서 등을 이용해 폭발·화재·가스 누출 등의 사고 위험성을 점검하는 작업에 투입됐던 것으로 알려졌다.	 신종 코로나바이러스 감염증으로 인해 사회 전반의 비대면화가 추진되는 최근 상황을 감안하면 인간이 접근하기에 위험한 지역이나 오염된 공간의 소독·방역 작업에도 스폿이 투입될 수 있을 것으로 예상된다.	 이처럼 다양한 4족 보행 로봇들 중에서 가장 우수한 성능을 갖춘 스폿의 출시는 4족 보행 로봇의 사업화 가능성을 확인하는 중요한 기회가 될 것으로 보인다.	   당사의 허락 없이 본 글과 사진의 무단 전재 및 재배포를 금합니다.
29,"미국 대선 D-100일…‘트럼프 역전이냐, 바이든 굳히기냐’ [글로벌 현장]--0","-	민주당 바이든 후보 여론 조사에서 크게 앞서…위기감 커지는 트럼프 진영 미국 대선이 약 100일 앞으로 다가온 가운데 민주당 대선 후보 조 바이든이 각종 여론 조사에서 도널드 트럼프 대통령을 크게 앞서고 있다.	 트럼프 대통령은 신종 코로나바이러스 감염증과 인종 차별 시위에 대처하는 과정에서 제대로 된 리더십을 보여주지 못하면서 재선 가도에 비상이 걸렸다.	 물론 아직 시간이 남았기 때문에 결과는 그 누구도 장담하기 어렵다.	 ◆‘코로나19 대응’ 등에 업고 격차 벌리는 바이든미국 ABC방송과 워싱턴포스트가 7월 12~15일 유권자 1006명을 대상으로 실시한 여론 조사에서 바이든 후보는 54%의 지지율로 트럼프 대통령을 15%포인트나 앞섰다.	 특히 ‘코로나19 대응에서 누구를 신뢰하느냐’는 질문에선 바이든 54%, 트럼프 34%로 20%포인트 차이가 났다.	 미국 내 코로나19 확산 초기인 3월 25일 두 기관이 실시한 여론 조사에선 ‘바이든을 신뢰한다’가 43%, ‘트럼프를 신뢰한다’가 45%였지만 그 사이 완전히 뒤집혔다.	 트럼프 대통령은 그나마 경제 분야에서 바이든 후보를 앞섰지만 격차는 2%포인트에 불과했다.	월스트리트저널과 NBC가 7월 9~12일 유권자 900명을 대상으로 한 전국 여론 조사에서도 바이든 후보는 51%로 트럼프 대통령을 두 자릿수 차이로 제쳤다.	 트럼프 대통령은 6개 핵심 경합 주에서도 바이든 후보에게 밀린다.	 미 CNBC가 체인리서치와 함께 7월 10~12일 4332명의 유권자를 대상으로 실시한 여론 조사에서 바이든 후보는 평균 49%, 트럼프 대통령은 평균 43%의 지지율을 보였다.	  바이든 후보는 애리조나·플로리다·미시간·펜실베이니아·위스콘신 등 5개 주에서 6~8%포인트 차로 트럼프 대통령을 앞섰다.	 노스캐롤라이나 주에서만 바이든 47%, 트럼프 46%로 오차 범위 내 접전이 펼쳐졌다.	 경합 주는 미 대선의 핵심 승부처다.	 대부분의 주는 ‘민주당주’ 혹은 ‘공화당주’로 분명히 갈린다.	 이 때문에 누가 경합 주를 잡느냐가 미 대선의 승패를 가른다.	 이들 6개 주에 걸린 대통령 선거인단은 총 101명으로 전체 선거인단의 19%에 달한다.	 트럼프 대통령은 2016년 대선 때 이들 6개 주를 독식한 덕분에 전체 선거인단 수에서 힐러리 후보를 74표 차로 체지고 백악관에 입성했다.	 지금 여론 조사대로라면 트럼프 대통령은 경합 주 대부분을 잃을 수 있고 정권을 내줄 가능성이 높다.	게다가 최근 여론 조사에선 전통적 ‘공화당주’로 꼽히는 텍사스·조지아 주 등 남부 벨트에서도 트럼프 대통령이 바이든 후보에게 밀린다는 여론 조사까지 나오고 있다."
30,"미국 대선 D-100일…‘트럼프 역전이냐, 바이든 굳히기냐’ [글로벌 현장]--1"," 경제 주간지 이코노미스트는 7월 16일 자체 모델을 통해 올해 대선에서 바이든 후보가 승리할 확률을 93%, 트럼프 대통령이 승리할 확률을 7%로 예측했다.	 트럼프 대통령의 현 지지율이 재선에 실패한 조지 H.	 W.	 부시, 지미 카터 전 대통령과 비슷한 점도 불안 요인이다.	 갤럽이 6월 8~30일 실시해 7월 초 공개한 여론 조사에 따르면 트럼프 대통령의 국정 지지율은 38%에 그쳤다.	 1980년 이후 취임한 미국 대통령의 임기 4년 차 6월 지지율을 보면 1992년 아버지 부시가 37%, 1980년 카터가 32%였다.	 이들은 모두 트럼프 대통령처럼 지지율이 40%에도 못 미쳤고 그해 11월 대선에서 패배했다.	 반면 1980년 이후 재선에 성공한 미국 대통령은 비슷한 시기에 모두 트럼프 대통령보다 높은 지지율을 보였다.	 2012년 버락 오바마 대통령은 46%, 2004년 조지 W.	 부시는 49%였고 1996년 빌 클린턴과 1984년 로널드 레이건 대통령은 지지율이 각각 55%와 54%에 달했다.	불리한 여론 조사가 이어지자 트럼프 대통령은 7월 15일 브래드 파스케일 선거대책본부장을 전격 경질했다.	 그 대신 빌 스테피언 선거대책본부 부본부장을 새 본부장에 임명하며 분위기 쇄신에 나섰다.	하지만 트럼프 대통령의 지지율 하락은 ‘캠프’의 문제가 아니라는 지적이 나온다.	 공화당 소속인 폴 라이언 전 하원의장의 고문을 지낸 브렌던 벅은 AP통신에 “이 캠페인의 문제는 대통령이 너무 많은 사람을 소외시켜 표를 줄 지지자 층이 좁아지고 있다는 점”이라며 “이게 변하지 않으면 훌륭한 캠페인 운영만으로는 부족할 것”이라고 말했다.	 ‘트럼프 최대의 적은 트럼프’라는 지적이다.	미국 내 코로나19 사망자는 이미 14만 명을 넘었고 누적 확진자도 400만 명에 육박한다.	 트럼프 대통령은 이 과정에서 코로나19를 평범한 감기인양 취급하고 효과도 검증되지 않은 말라리아 치료제를 ‘게임 체인저’인양 떠벌리고 전문가의 조언을 무시한 채 성급하게 ‘경제 재개’를 서두르면서 화를 키웠다.	 백인 경찰의 강압적 체포 과정에서 숨진 흑인 남성 조지 플로이드의 사망으로 촉발된 인종 차별 시위에서도 트럼프 대통령은 인종 차별의 상처를 다독이기보다 시위대를 ‘폭도’와 ‘극좌파’로 몰며 편 가르기에 몰두했다.	 코로나19와 인종 차별 시위에서 트럼프 대통령이 보인 모습에 지지층은 열광했을지 몰라도 상당수 중도층은 등을 돌렸다.	 여론이 악화되면서 공화당 내에선 올해 대선은 물론 함께 치러지는 상·하원 선거에서 전패할 수 있다는 위기감마저 퍼지고 있다."
31,"미국 대선 D-100일…‘트럼프 역전이냐, 바이든 굳히기냐’ [글로벌 현장]--2","  ◆2016년 대선처럼…트럼프, 역전 가능할까 다만 대선까지 100일 정도 남아 있어 판세가 바뀔 가능성은 얼마든지 있다.	 대선을 좌우할 핵심 변수는 코로나19다.	 코로나19가 얼마나 빨리 진정되느냐에 따라 경제 회복 속도가 달라질 수 있기 때문이다.	  바이든 후보의 러닝메이트 지명은 남아 있는 대형 정치 이벤트 중 하나다.	 바이든 후보는 이미 여성을 부통령 후보로 지명하겠다고 약속했는데 인종 차별 시위 이후 유색 인종 여성을 지명해야 한다는 목소리가 커졌다.	 바이든 후보는 8월 초 부통령 후보를 발표할 예정이다.	 9월 29일, 10월 15일, 10월 22일 등 세 차례 잡혀 있는 TV 토론은 바이든 후보가 넘어야 할 고비다.	 바이든 후보는 그동안 ‘라이브’로 이뤄지는 대중 유세나 TV 토론에서 그다지 인상적인 모습을 보여주지 못했다.	 오히려 잦은 ‘말실수’로 곤욕을 치르곤 했다.	 TV 토론에서 말실수라도 하게 되면 트럼프 대통령이 이를 물고 늘어지면서 바이든 후보가 흔들릴 수 있다.	  드러내지 않고 트럼프를 지지하는 ‘샤이 트럼프’의 위력도 관전 포인트다.	 트럼프 대통령이 2016년 대선 때 여론 조사의 열세를 뒤집고 승리한데는 샤이 트럼프의 힘이 컸다.	 하지만 그때와 지금은 다른 점이 있다.	 AP는 “2016년 트럼프는 선거에 아웃사이더로 참여했지만 지금 그는 국가적 위기 상황에서 워싱턴의 수장”이라고 지적했다.	 4년 전엔 막말과 성추행 논란에도 불구하고 ‘기득권 파괴자’ 이미지를 활용할 수 있었지만 지금은 트럼프 자신이 미국 최고의 기득권이 됐기 때문에 그럴 수 없다는 것이다.	 민주당 지지층의 결집력도 변수다.	 2016년 대선 때 민주당은 중도 성향의 힐러리 후보와 좌파 성향의 버니 샌더스 상원의원으로 분열됐다.	 두 진영은 막판까지 민주당 대선 후보 자리를 두고 경합했고 경선이 끝난 뒤에도 제대로 힘을 합치지 못했다.	 그 결과 샌더스 상원의원 지지층 일부는 대선 때 투표장에 나타나지 않았다.	 이번 대선에서도 중도 성향의 바이든 후보가 경선에서 패한 진보 성향의 샌더스 상원의원이나 엘리자베스 워런 상원의원의 지지층을 얼마나 흡수하느냐에 따라 득표력이 달라질 수 있다."
32,"미국 대선 D-100일…‘트럼프 역전이냐, 바이든 굳히기냐’ [글로벌 현장]--3", 2016년과 달리 민주당이 ‘반트럼프’ 기치 아래 바이든 후보를 중심으로 뭉치는 분위기는 바이든 후보에게 유리한 점이다.	 백인 노동자 계층의 표심 흐름도 판세를 가를 수 있다.	 이들은 전통적으로 민주당의 지지 기반이었지만 2016년 대선에선 자국 산업 보호와 보호무역을 내건 트럼프 대통령에게 기울었다.	 그 결과 트럼프 대통령은 ‘러스트벨트’로 불리는 펜실베이니아·미시간·위스콘신 등 경합 주에서 승리했다.	 바이든 후보는 이들의 지지를 되돌리기 위해 트럼프 대통령와 유사한 ‘바이 아메리칸’ 공약을 내걸었다.	   당사의 허락 없이 본 글과 사진의 무단 전재 및 재배포를 금합니다.
33,"[2020 한국품질만족도 1위] 온·오프라인 자격증 교육, 해커스(자격증)--0","해커스가 8월 25일  와 G밸리뉴스가 주최하는 ‘2020 한국품질만족도 1위’에서 교육 부문을 수상했다.	 한국품질만족도 1위는 제품의 지속적인 발전과 서비스 질의 향상에 기여하는 모범 기업을 발굴하기 위해 제정되었다.	     해커스의 자격증 전문 교육기관인 해커스자격증은 전기기사, 전기공사기사와 같은 국가 기술 자격증과 KBS 한국어능력시험, 컴퓨터 활용능력, 워드프로세서 등의 IT 자격증까지, 취업 및 직무 수행에 필요한 온라인 콘텐츠를 제공하고 있다.	    풍부한 강의 경험을 가진 스타 교수진과 단기 합격이 가능한 커리큘럼, 실제 합격자들의 합격 후기, 자격증별 수험정보와 퀄리티 높은 무료 학습 콘텐츠 등 최적의 학습 환경까지 지원하고 있다.	   해커스자격증은 최근 언론사 채용 필수 자격이면서 공기업 및 경찰 공무원 채용 가산점이 부여되는 KBS한국어능력시험 인강을 신규 오픈함과 동시에 ‘2주 만에 끝내는 해커스 KBS 한국어능력시험’ 교재가 출간 직후 베스트셀러를 달성하여 자격증 교육 전문 브랜드로서의 입지를 더욱 굳건하게 하였다.	해커스자격증 관계자는 “해커스자격증 브랜드 런칭 첫해 만에 자격증 교육 1위라는 결과를 얻을 수 있었던 것은 해커스자격증을 믿고 선택해 준 많은 수강생 덕분”이라며, “이번 1위에 사명감을 가지고 자격증 단기 합격을 위한 다양한 콘텐츠를 제공할 수 있도록 더욱 노력하겠다”라고 전했다."
34,"[홍영식의 정치판] 집값이 부른 與 지지율 급락…""집권 4년차 덫 걸려""--0"," 문재인 대통령과 더불어민주당에 대한 지지율 하락세가 이어지고 있다.	 총선 압승 4개월 만에 분위기가 180도 변했다.	 여권이 이를 심상치 않게 보는 이유는 정권 후반기 지지율이 한 번 내려가기 시작하면 되돌려 놓기 어렵기 때문이다.	권력의 힘이 빠지면 돌아서는 민심을 잡기 위한 동력도 떨어진다.	 역대 정권 모두 경험했던 것이다.	 이 때문에 일각에선 문재인 정권도 ‘집권 4년 차 증후군’으로 인한 레임덕 초입에 들어섰다는 지적이 나온다.	 ‘집권 4년 차 증후군’은 집권 4년 차에 각종 악재들이 터져 대통령과 여당의 지지율이 미끄럼틀을 타면서 역대 대통령 모두 ‘레임덕’을 숙명처럼 겪은 데서 생긴 말이다.	최근 여론 조사를 살펴보면 지지율 ‘데드크로스’ 현상이 나타났다.	 대통령 국정 수행 평가는 부정이 긍정을 앞질렀다.	 문 대통령의 지지율은 2017년 5월 10일 취임 직후 80%를 넘었으나 올해 8월 들어 30%대 후반까지 밀렸다.	 한국갤럽의 8월 11~13일 조사에서 문 대통령 직무 수행 긍정 평가는 39%, 부정 평가는 53%로 나타났다.	이는 2017년 취임 직후인 6월 첫째 주와 비교해 긍정 평가는 두 배 이상 줄었고 부정 평가는 7배 이상 늘어났다.	여권은 대통령 지지율의 심리적 마지노선으로 여긴 40% 밑으로 내려갔다는 점에서 심각하게 보고 있다.	역대 정부 청와대 참모들에 따르면 대통령 지지율이 40% 밑으로 떨어지면 공직자들이 제대로 움직이지 않고 차기 유력 대선 주자 측에 줄을 대려는 현상이 나타난다.	 여당이 청와대에 반기를 드는 사태까지 일어나면서 국정 운영에 차질이 빚어진다.	 검찰과 경찰 등 권력 기관발 정보 누수 현상도 생긴다.	 전형적인 레임덕 징후다.	정당 지지율 조사에서 약 3년 만에 미래통합당이 민주당을 뚫고 올라가는 결과도 나왔다.	 리얼미터가 TBS의 의뢰로 8월 10~12일 전국 성인 1507명을 대상으로 실시한 조사 결과 민주당의 지지율은 전주보다 1.7%포인트 내린 33.4%, 통합당은 1.9%포인트 오른 36.5%로 각각 나타났다.	 통합당의 지지율이 민주당을 앞지른 것은 박근혜 전 대통령 탄핵 국면이 시작된 2016년 10월 이후 약 4년 만이다."
35,"[홍영식의 정치판] 집값이 부른 與 지지율 급락…""집권 4년차 덫 걸려""--1"," 여당이 긴장하는 또 하나의 이유는 주요 지지 기반에서 지지율 하락세가 두드러지고 있기 때문이다.	  한국갤럽의 8월 11~13일 조사에서 전주에 비해 30대가 17%포인트, 진보가 7%포인트 각각 떨어졌다.	 리얼미터의 8월 10~12일 조사에서 권역별로는 전주에 비해 광주·전라도에서 11.5%포인트, 진보층에서도 3.9%포인트 각각 내려갔다.	 4월 셋째 주와 비교해선 진보가 17.8%, 30대가 15.5% 각각 하락했다.	특히 중도층이 돌아서고 있다는 것은 민주당으로선 뼈아프다.	 리얼미터 조사에서 중도층 지지도는 전주보다 0.7%포인트 내린 30.8%로 나타났다.	 4월 셋째 주에 비해선 12.1% 내려갔다.	 통합당은 전주보다 2.2% 오른 39.6%로 집계됐다.	 중도층의 대통령 지지도는 한국갤럽의 2017년 6월 첫째 주 조사에서 전체 평균보다 3%포인트 높은 87%를 나타냈다.	 하지만 지난 8월 둘째 주 조사에선 평균보다 5%포인트 낮은 34%를 기록했다.	중도층 지지율이 중요한 것은 이들이 선거 판세를 좌우하는 ‘스윙보터’ 역할을 하기 때문이다.	 특정 정당에 대해 확고한 신념을 가진 지지층은 쉽사리 등을 돌리지 않는다.	 이 때문에 중도층의 마음을 잡는 것이 선거에서 중요하다.	 이들은 정치 상황과 그때그때의 이슈, 자신들이 관심을 갖는 정책 등에 따라 지지 후보와 정당을 선택하는 경향이 있다.	 박근혜 정권을 몰락시킨 것도, 문재인 정권을 탄생시킨 것도 중도층의 이탈과 지지가 결정적 요인이 됐다.	문 대통령과 여당 지지율 하락을 부른 것은 지난 4월 총선 이후 연이어 터진 악재들에 대한 여권의 부실한 대응이 꼽힌다.	 금태섭 전 의원 징계, 인천국제공항의 비정규직 직접 고용 문제를 두고 벌어진 불공정 논란, 윤미향 의혹, 오거돈 전 부산시장에 이은 박원순 전 서울시장 성추행 의혹과 부적절한 대처, 이해찬 대표의 ‘××자식’ 발언 파문, 청와대발 다주택 논란 등 여권이 헛발질한 사례는 일일이 열거하기 힘들 정도다.	특히 집값이 결정타 역할을 했다.	 스무 번이 넘는 부동산 대책에도 집값 급등을 잡지 못했고 임대차 3법을 비롯한 부동산 관련 법안들을 여권이 일방적으로 처리한 것이 민심 이반을 불러왔다.	지지율 하락이 레임덕으로 이어질지 여부에 대해선 전망이 엇갈린다."
36,"[홍영식의 정치판] 집값이 부른 與 지지율 급락…""집권 4년차 덫 걸려""--2"," 권성동 의원은 “명백한 레임덕”이라고 했다.	 진중권 전 동양대 교수는 “민주당의 가장 큰 문제는 당이 완전히 친문 일색으로 변해 위기 상황에서 당 혁신에 나설 ‘세력’ 자체가 형성돼 있지 않다는 데 있다”며 “경고등이 켜졌는데 정청래는 ‘레임덕의 시작이라고 부르는 게 언론 탓’이라고 한다.	아예 현실 감각을 잃어버린 것”이라고 했다.	 반면 청와대 정무수석을 지낸 한병도 민주당 최고위원 후보는 “몇 달 사이에 오르내리기를 반복하는 지지율 추이를 근거로 레임덕을 주장할 수는 없다”고 했다.	 강훈식 민주당 수석대변인은 지지율 하락의 주요 원인으로 부동산 정책을 꼽은 뒤 “후속 조치가 발표되면서 시장이 안정화되고 국민이 다시 평가할 것”이라고 말했다.	그러나 민주당에 불리한 ‘빅 이슈’들이 적지 않다.	 문재인 정권 청와대 고위 참모들이 연루 의혹을 받고 있는 울산시장 선거 하명 수사, 유재수 전 부산시 경제부시장 감찰 무마 의혹 등 권력형 사건 수사 결과는 정권에 큰 타격을 줄 수 있다.	 ‘라임자산운용 환매 중단 사건’에도 여권 인사들의 연루 의혹이 제기된다.	조국 전 법무부 장관 일가 수사 결과도 정권 도덕성에 큰 흠집을 낼 수 있는 사안이다.	 권력 의혹 사건들은 역대 정권들을 레임덕으로 몰아간 전형적인 유형이다.	 민주당 ‘8·29 전당대회’ 최고위원 경선에 출마한 후보들이 한결같이 ‘정권 말 당 우위’를 외치며 청와대와 선을 그으려는 기색이 역력한 것도 레임덕 징후다.	추가 부동산 대책이 나오더라도 집값 안정화 여부와 관계없이 돌아선 민심을 잡는 데 역부족일 것이라는 전망이 많다.	 서울 범강남권에 지역구를 둔 민주당 의원은 “집을 가진 사람은 세금 중과로, 무주택자들은 급등한 집값으로 불만이 팽배해진 상황”이라며 “사나워진 민심으로 지역구를 돌기 무섭다”고 했다.	 더욱이 신종 코로나바이러스 감염증에 가려졌던 경제 실상들이 부각되면 현 정권은 더욱 코너에 몰릴 가능성이 높다는 관측이 많다.	윤희숙 통합당 의원은 “코로나19 사태가 지나간 이후 경제가 반등해야 하는데 매우 어려울 것”이라며 “그때부터 정말 위기가 시작될 것으로 본다”고 강조했다.	 민주당의 한 중진 의원은 “정권 말로 갈수록 권력의 말발은 힘을 쓰기 어렵다”며 “‘역밴드왜건’이 우려된다”고 했다.	 그럼에도 여권 핵심부에선 반성을 외치면서도 정책 변화보다 ‘개혁 정책’ 기조 강화를 통한 위기 돌파 기류가 강하다.	    당사의 허락 없이 본 글과 사진의 무단 전재 및 재배포를 금합니다."
37,"[2020 한국품질만족도 1위] 법률서비스 제공 브랜드, 더앤법률사무소--0","더앤법률사무소가 8월 25일  와 G밸리뉴스가 주최하는 ‘2020 한국품질만족도 1위’에서 법률서비스 부문을 3년 연속 수상했다.	 한국품질만족도 1위는 제품의 지속적인 발전과 서비스 질의 향상에 기여하는 모범 기업을 발굴하기 위해 제정되었다.	     더앤법률사무소는 경찰, 판사, 대형로펌, 대기업 출신의 변호사들로 구성, 일선에서의 다양한 경찰 수사 경험과 풍부한 재판 경험을 통해 모든 형사사건의의 대응에 최적화된 형사 전문팀과 대형로펌에서 갈고 닦은 특유의 섬세함과 꼼꼼함을 자랑하는 가사 전문팀으로 이루어진 로펌이다.	     형사 전문팀의 경우 서울지방경찰청·강남경찰서 외 다수 지방경찰청과 경찰서의 법률 자문을 맡고 있는 이현중, 박재현 대표 변호사를 필두로 구속 사건의 신속한 초기 대응 및 증거 수집 전담팀을 통한 결정적 증거 확보가 강점이다.	     가사팀의 경우 판사 출신의 유한규 변호사를 중심으로 구성돼 있어 이혼 소송뿐 아니라 위자료, 재산분할, 상속, 가정폭력 등 가사 전 범위에 걸쳐 따뜻하고 전문성 있는 법률 서비스를 제공하고 있다.	     더앤법률사무소 이현중 대표변호사는 “소비자에게 직접 인정받은 만큼 앞으로도 최선을 다해 의뢰인의 가장 가까운 조력자가 되겠다”고 수상 소감을 말했다."
