미 의사당 난입 시위대에 총 겨누는 경찰," 미국 워싱턴DC 국회의사당에서 6일 경찰이 하원 본회의장에 난입하려는 시위대에 총을 겨누고 있다.	 도널드 트럼프 대통령 지지 시위대는 이날 경찰의 저지를 뚫고 의사당 경내로 난입했으며 일부는 의사당 안 일부 시설까지 점거했다.	     <저작권자 연합뉴스, 무단 전재-"
미 의사당 경비 경찰차 지붕 위에 올라선 시위대," 도널드 트럼프 미국 대통령 지지 시위대가 6일 워싱턴DC 연방의사당 경비 경찰차의 지붕 위에 올라 서 있다.	 시위대는 경찰의 저지를 뚫고 의사당 경내로 난입했으며 일부는 의사당 안 일부 시설까지 점거했다.	 미 국 민주주의의 상징인 의사당의 시위대 난입ㆍ점거 사태는 사상 초유의 일이다.	      <저작권자 연합뉴스, 무단 전재-"
연기 자욱한 의사당 안에서 경찰과 대치한 트럼프 지지자들," 6일 미국 워싱턴DC 연방의회 의사당의 상원 회의장 밖 복도가 흰 연기로 가득 찬 가운데 도널드 트럼프 대통령 지지자들이 의회 경찰과 대치하고 있다.	 상ㆍ하원은 이날 합동회의를 개최해 조 바이든 대통령 당선인의 승리를 인증할 예정이었으나 시위대가 의사당에 난입하는 초유의 사태로 회의가 전격 중단됐다.	     <저작권자 연합뉴스, 무단 전재-"
Hong Kong Crackdown,"Andrew Wan, Lam Cheuk-	ting, Helena WongFormer Democratic Party legislators Andrew Wan, left, Lam Cheuk-	ting, second left, and Helena Wong, right, attend a press conference after being released on bail in Hong Kong, Friday, Jan.	 8, 2021.	 Some former Hong Kong legislators and pro-	democracy activists were released on bail late Thursday, after being arrested under Hong Kong's national security law as part of Wednesday's mass arrests of 53 people.	 The Chinese in the background reads ""Totalitarian government suppresses dissidents, fearless of indiscriminate arrest, we walk forward together."""
Virus Outbreak India Kashmir,"A health worker takes a nasal swab sample of a Kashmiri man to test for COVID-19 in Srinagar, Indian-	controlled Kashmir, Friday, Jan.	 8, 2021."
Britain Congress World Reaction,"Armed police officers stand guard as they maintain their usual level of security at the entrance to 10 Downing Street in London, Friday, Jan.	 8, 2021.	 The American Congress confirmed Democrat Joe Biden as the presidential election winner early Thursday after a violent mob loyal to President Donald Trump stormed the U.	S.	 Capitol in a stunning attempt to overturn America's presidential election, undercut the nation's democracy and keep Trump in the White House."
"""미ㆍ영 코로나19 백신 신뢰 안해"" 주장하는 이란 최고지도자"," 이란 최고지도자 아야톨라 알리 하메네이가 8일 테헤란에서 TV방송으로 대국민 연설을 하고 있다.	  하메네이는 이날 연설에서 미국과 영국산 신종코로나바이러스감염증 백신을 신뢰하지 않으며 수입을 금지해야 한다고 주장했다.	      <저작권자 연합뉴스, 무단 전재-"
Syria US,"Syrian graffiti artist Aziz Al-	Asmar, center, finishes work on his depiction of the events in Washington after the US president Donald Trump's supporters stormed the Capital, on a wall of a house destroyed in an airstrike, in Binish, Idlib province, Syria, Friday, Jan.	 8, 2020."
Pakistan Minority Persecution,"FILE -	 In this Monday, July 28, 2014 file photo, Pakistani police officers examine a house of a family belonging to the Ahmadi sect, which was torched by angry mob following rumors about blasphemous postings on Facebook, in Gujranwala, Pakistan.	 The U.	S.	 Commission on International Religious Freedom on Friday, Jan.	 8, 2021, adopted 55-	year-	old Ramazan Bibi, jailed on blasphemy charges in Pakistan, as a prisoner of conscience.	 According to a December report by the U.	S.	 Commission for International Religious Freedoms, Pakistan recorded the most cases of blasphemy in the world even though 84 countries have criminal blasphemy laws on their books."
"""백신이 인간 DNA 변형"" 음모론 믿고 코로나19 백신 오염시킨 미 약사"," 미국 위스콘신주 그래프턴 경찰이 현지 약사인 스티븐 브랜던버그를 모더나 신종 코로나바이러스 감염증 백신 57병을 오염시킨 혐의로 체포했다고 4일 AP통신은 전했다.	 브랜던버그는 코로나19 백신이 인간의 DNA에 돌연변이를 일으킬 것이라는 음모론을 믿고 병에 들어있던 수백 회 접종분을 상온에 노출해 오염시켰다.	      <저작권자 연합뉴스, 무단 전재-"
미 워싱턴주 의회 합동 경비하는 주 방위군ㆍ경찰," 미국 워싱턴주 주도인 올림피아의 주의회 의사당 주변에서 10일 주 방위군과 경찰이 합동 경비를 서고 있다.	 제이 인슬리 워싱턴 주지사는 새해 첫 회의를 앞둔 주의회 의사당 주변에서 산발적인 집회가 시위가 벌어지자 경찰과 함께 주 방위군 배치를 지시했다.	 지난 6일 수도 워싱턴DC에서 발생한 연방의회 의사당 난입과 같은 사태를 사전에 방지하기 위해서다.	     <저작권자 연합뉴스, 무단 전재-"
CORRECTION Switzerland Alpine Skiing World Cup,"Slovenia's Stefan Hadalin speeds down the course during an alpine ski, men's World Cup giant slalom, in Adelboden, Switzerland, Friday, Jan.8, 2021."
"대형 성조기 들고 ""코로나19 봉쇄"" 항의하는 미 시위대"," 미국이 신종 코로나바이러스 감염증 확산으로 비상인 가운데 1일 오리건주 주도인 세일럼에서 시위대가 코로나19 봉쇄 조치가 자신들이 누릴 자유를 침해한다며 대형 성조기를 들고 항의 시위를 벌이고 있다.	 경찰은 이날 시위 과정에서 서너 명을 연행해 조사를 벌이고 있다고 밝혔다.	 오리건주는 코로나19 확산을 막기 위해 식당과 술집의 실내 영업을 금하는 등 봉쇄령을 시행 중이다.	      <저작권자 연합뉴스, 무단 전재-"
"백악관에 내걸린 ""의회 폭동 순직 경찰 추모"" 조기"," 10일 미국 워싱턴DC 백악관 지붕 위에 나흘 전 의회 폭동 사태 진압 과정에서 순직한 경찰관을 추모하기 위한 조기가 내걸려 있다.	 도널드 트럼프 미국 대통령은 의회 폭동을 선동했다는 비판 속에 당시 순직한 경찰관을 추모하기 위한 조기를 게양하라는 포고령에 이날 뒤늦게 서명했다.	     <저작권자 연합뉴스, 무단 전재-"
미 뉴욕 타임스스퀘어 작년과 올해 세밑 풍경," 매년 성대한 새해맞이 행사가 열리던 미국 뉴욕 타임스스퀘어의 작년과 올해 세밑 풍경을 위아래로 배치한 사진.	 위 사진은 작년 12월 31일 타임스스퀘어 7번가를 가득 메운 관중 사이로 경찰이 경찰견을 데리고 순찰하는 모습.	 아래 사진은 올해 31일 신종 코로나바이러스 감염증 확산 방지를 위한 행사 축소와 출입 통제로 인적이 끊긴 타임스스퀘어의 세밑 풍경을 담고 있다.	     <저작권자 연합뉴스, 무단 전재-"
"중국 상하이 법원에 도착한 ""시민기자"" 장잔 변호인"," 올해 초 신종 코로나바이러스 감염증이 처음 확산한 중국 후베이성 우한 지역 상황을 취재해 실상을 알린   장잔의 변호인이 28일 상하이 푸동신구 인민법원 앞에 도착한 가운데 경찰이 취재진의 접근을 막고 있다.	 이날 법원은 '공중소란' 혐의를 받는 장잔에 대해 징역 4년을 선고했다.	     <저작권자 연합뉴스, 무단 전재-"
미 내슈빌 폭발사건 연관된 레크리에이션 차량," 성탄절인 25일 레크리에이션 차량 한 대가 미국 테네시주 내슈빌 도로를 달리고 있다.	 내슈빌 경찰이 이날 아침 총소리가 들린다는 신고를 받고 출동한 가운데 이 차량은 15분 후면 폭탄이 터질 것이라고 녹음된 메시지가 흘러나온 뒤 폭발했다.	       <저작권자 연합뉴스, 무단 전재-"
코로나19 탓에 성탄절 이동 차단된 이탈리아," 이탈리아 경찰이 바티칸시티의 성베드로 대성당 앞에서 24일 통행하는 차량들을 검문하고 있다.	 이탈리아인들은 신종코로나바이러스감염증 봉쇄 조치로 근로와 건강상의 이유 등을 제외하고는 타지 여행이 금지돼 있다.	         <저작권자 연합뉴스, 무단 전재-"
카불 부주지사 탑승 차량 폭발 현장에 출동한 아프간 경찰," 15일 아프가니스탄의 수도 카불에서 일어난 차량 폭발 현장에 경찰이 출동해 일대를 살피고 있다.	 이 폭발로 마흐보불라 모히비 카불 부주지사와 그의 비서가 숨졌으며 경호원 2명은 부상했다.	 차량에 폭탄을 부착한 괴한의 정체는 아직 파악되지 않는다고 아프간 당국자는 전했다.	     <저작권자 연합뉴스, 무단 전재-"
반정부 시위대 진로 차단하는 폴란드 경찰," 폴란드 수도 바르샤바 시내에서 13일 진압경찰이 야로슬라프 카친스키 집권당 대표의 자택으로 향하는 반정부 시위대의 진로를 막고 있다.	 이날 바르샤바에서는 수천명의 시민들이 낙태 제한 결정에 반대하며 대대적인 시위를 벌였다.	      <저작권자 연합뉴스, 무단 전재-"
무장 괴한 습격후 학생 300여명 실종된 나이지리아 학교," 12일 나이지리아 북부 카트시나주 칸카라에 있는 국립 과학 중등학교에서 무장 괴한의 습격으로 학생 300여 명이 실종되자 학부모가 몰려와 구출을 촉구하고 있다.	 경찰은 전날 AK-47 소총으로 무장한 괴한들이 이 기숙학교를 습격했으며, 이후 839명의 학생 가운데 333명이 실종됐다고 밝혔다.	     <저작권자 연합뉴스, 무단 전재-"
"경찰에 체포된 미국 코로나19 ""슈퍼전파자"" 파티 참가자들"," 지난 5일 밤부터 6일 새벽까지 미국 캘리포니아주 팜데일에서 벌어진 신종 코로나바이러스  감염증 '슈퍼전파자' 파티 참가자들이 현장을 급습한 경찰에 의해 체포된 모습.	 당국은 8일 158명이 체포됐으며 이 가운데 35명은 청소년이었다고 밝혔다.	      <저작권자 연합뉴스, 무단 전재-"
무장반군이 불태운 순찰차를 살피는 필리핀 경찰," 4일 필리핀 남부 민다나오섬 다투피앙 지역에서 경찰관이 불에 탄 순찰차를 살피고 있다.	 극단주의 무장세력 '이슬람국가'와 연계된 '방사모로이슬람자유전사단' 소속으로 추정되는 반군 30~50명이 전날 군부대를 습격, 정부군과 총격전을 벌이다 퇴각하면서 경찰 순찰차에 불을 질렀다.	     <저작권자 연합뉴스, 무단 전재-"
"""코로나19 야간 통금"" 단속하는 터키 경찰"," 신종 코로나바이러스 감염증 재확산으로 부분 봉쇄조치가 내려진 터키의 수도 이스탄불에서 21일 경찰이 번화가인 이스티크랄 거리를 순찰하고 있다.	 터키에서는 주말에 밤 8시부터 다음날 오전 10시까지 주민 통행을 금하고 평일에도 음식점 등 접객업소 영업시간을 제한하고 있다.	 전국의 모든 학교는 연말까지 대면 수업을 중단해야 한다.	     <저작권자 연합뉴스, 무단 전재-"
코카나무 재배지서 마약퇴치 작전 벌이는 콜롬비아 경찰," 30일 콜롬비아 남서부 투마코의 코카나무 재배지에서 마약 퇴치 경찰이 헬기의 엄포 아래 작전을 펼치고 있다.	 이곳에서는 코카인의 원료인 코카나무가 재배되고 있다.	     <저작권자 연합뉴스, 무단 전재-"
트럼프 찬반 시위대 충돌 막는 경찰," 도널드 트럼프 미국 대통령 찬반 시위대가 21일 조지아주 애틀랜타의 주 의사당과 인근 시청 앞에서 시위를 벌이자 경찰이 그 사이에 배치돼 양측의 충돌을 막고 있다.	 조지아주는 11ㆍ3대선 수작업 재검표 끝에 근소한 차로 앞선 조 바이든 당선인의 승리를 인증했으나 트럼프 대통령 측이 이날 또다시 추가 재검표를 요청하면서 양측 지지자 사이에 긴장감이 높아지고 있다.	     <저작권자 연합뉴스, 무단 전재-"
마라도나 극성팬 제지하는 아르헨티나 경찰," 26일 아르헨티나 부에노스아이레스 마요 광장에서 대통령궁에 안치된 아르헨티나 '축구 영웅' 디에고 마라도나의 시신이 담긴 관을 보려고 하는 한 극성팬을 경찰이 제지하고 있다.	 마라도나는 전날 심장마비로 60세를 일기로 별세했다.	     <저작권자 연합뉴스, 무단 전재-"
쿠데타 시도 관련자 재판 열리는 법원 앞 지키는 터키 경찰," 26일 터키 앙카라주 신칸 법원에서 지난 2016년 발생한 쿠데타 시도 혐의로 기소된 피고인들에 대한 재판이 진행 중인 가운데 경찰이 법원 입구를 지키고 있다.	 이날 터키 법원은 쿠데타 당시 수도 앙카라 인근 공군기지에서 근무했던 조종사와 지휘관 등 피고인 337명에게 종신형을 선고했다.	     <저작권자 연합뉴스, 무단 전재-"
농업개혁법 반대 시위 벌이는 인도 농민들," 27일 인도 북부 하리아나주의 소네파트에서 농민들이 시위를 벌이다 고가 횡단 도로에 경찰이 설치한 콘크리트 바리케이드를 철거하고 있다.	 이들은 지난 9월 의회를 통과한 농업개혁법을 정부가 폐지할 것을 촉구하며 수도 뉴델리로 행진했다.	     <저작권자 연합뉴스, 무단 전재-"
휴대전화 불빛 밝히며 야간집회하는 태국 민주화운동 시위대," 태국 민주화운동 시위대가 25일 수도 방콕의 시암상업은행 본사 앞에서 휴대전화의 불빛을 밝히며 군주제 개혁을 요구하는 집회를 벌이고 있다.	 SCB는 태국 국왕이 대주주인 은행이다.	 태국에서는 전날 경찰이 민주화운동 단체 지도부에게 처벌이 엄중한 왕실모독죄를 적용해 조사에 나선데다 이날 집회에서 시위대 여러 명이 총상을 입는 사건이 발생해 정국 긴장감이 높아지고 있다.	     <저작권자 연합뉴스, 무단 전재-"
"""흉기 공격"" 발생 스위스 백화점에 출동한 경찰 순찰차"," 24일 스위스 남부 티치노주 소도시 루가노의 한 백화점에서 일어난 흉기 공격 사건 현장에 경찰 순찰차가 출동해 있다.	 스위스 당국은 두 여성을 상대로 한 이 사건에 대해 테러의 가능성을 시사했으며 용의자는 현장에서 체포됐다고 밝혔다.	 당국은 피해자 한 명이 중상을 입었으며 다른 한 명은 경상을 입었다고 전했다.	     <저작권자 연합뉴스, 무단 전재-"
코로나19 검사 위해 몰려든 중국 상하이 푸둥공항 노동자들," 23일 중국 상하이 푸둥 국제공항에서 마스크를 착용한 공항 노동자들이 신종 코로나바이러스 감염증 검사를 받기 위해 대기 중인 가운데 경찰과 보안요원들이 경비를 서고 있다.	 중국 방역당국은 상하이에서 푸둥 국제공항 노동자를 중심으로 코로나19 확진자가 사흘 연속 나오자 시내 주거구역 3곳을 봉쇄하고 전 주민 대상 검사를 실시했다.	     <저작권자 연합뉴스, 무단 전재-"
경찰에 체포됐다 보석으로 풀려난 전 홍콩 야당 의원," 홍콩 야당인 민주당 소속의 테드 후이 전 의원이 18일 홍콩 경찰에 체포됐다가 보석으로 풀려난 뒤 경찰서  들을 만나고 있다.	 홍콩 경찰은 의회의 국가모독 금지법 통과를 방해했다는 이유로 이날 후이 전 의원을 포함한 전직 야당 의원 3명을 체포했다.	      <저작권자 연합뉴스, 무단 전재-"
대선 불복 시위대에 최루탄 쏘는 벨라루스 경찰," 벨라루스의 수도 민스크에서 15일 야권 후보 지지자들이 알렉산드르 루카셴코 대통령의 사퇴를 촉구하며 대선 불복 시위를 벌이자 경찰이 최루탄을 쏘며 강제해산에 나서고 있다.	 벨라루스에서는 대선이 시행된 8월 9일 이후 4개월째 거의 매일 야권의 선거 부정 규탄 집회와 시위가 이어지고 있다.	      <저작권자 연합뉴스, 무단 전재-"
대통령 탄핵 항의 시위대 향해 최루가스 쏘는 페루 경찰," 12일 페루 수도 리마에서 마르틴 비스카라 대통령의 탄핵에 항의하며 의회로 행진을 시도하는 시위대를 해산하기 위해 경찰이 최루가스를 발사하고 있다.	 페루 의회는 지난 9일 부패 혐의를 이유로 비스카라 대통령을 탄핵했으며 마누엘 메리노 국회의장이 대통령 권한대행을 맡았다.	      <저작권자 연합뉴스, 무단 전재-"
미 내슈빌 차량폭발 현장 살펴보는 경찰," 성탄절인 25일 차량 폭발 사건이 발생한 미국 테네시주 내슈빌 현장에 경찰이 출동해 대응하고 있다.	      <저작권자 연합뉴스, 무단 전재-"
경찰 헬멧 방패에 붉은색 페인트 칠하는 멕시코 여성 시위대," 11일 멕시코 수도 멕시코시티에서 여성 폭력에 항의하는 시위를 벌이던 한 무정부주의 페미니스트 여성이 경찰 헬멧 방패에 붉은색 페인트를 칠하고 있다.	 이날 시위는 행방불명 이틀 만에 시신으로 발견된 비앙카 로렌자나 양 피살 사건과 지난 9일 캉쿤에서 시위대를 향해 발포를 한 경찰에 항의하기 위해 열렸다.	     <저작권자 연합뉴스, 무단 전재-"
"태풍 ""밤꼬"" 잔해와 진흙으로 뒤덮인 필리핀 거리"," 태풍 '밤꼬'가 휩쓸고 지나간 필리핀 리잘주 로드리게스의 한 마을에서 13일 한 경찰관이 자신의 물품을 짊어진 채 태풍 잔해와 진흙으로 뒤덮인 거리를 힘겹게 걸어가고 있다.	     <저작권자 연합뉴스, 무단 전재-"
임시 대통령 취임 항의 시위대 강제 해산하는 페루 경찰," 11일 페루 수도 리마에서 마르틴 비스카라 대통령 탄핵과 국회의장의 임시 대통령 취임에 항의하는 시위대를 경찰이 강제해산하고 있다.	 페루 의회는 지난 9일 부패 혐의를 이유로 비스카라 대통령을 탄핵했으며 마누엘 메리노 국회의장이 임시 대통령에 취임했다.	 시위대는 확인되지 않은 부패 혐의를 빌미로 의회가 무리하게 대통령을 몰아냈다며 사흘째 전국적인 시위를 벌이고 있다.	     <저작권자 연합뉴스, 무단 전재-"
"태풍 ""밤꼬"" 홍수지역서 주민 구조하는 필리핀 경찰"," 태풍 '밤꼬'의 영향으로 홍수가 발생한 필리핀 수도 마닐라 외곽 마리키나에서 12일 경찰이 주민들을 구조하고 있다.	     <저작권자 연합뉴스, 무단 전재-"
경찰과 충돌하는 비스카라 전 페루 대통령 지지 시위대," 10일 페루 리마에서 마틴 비즈카라 전 대통령 지지자들이 의회로 행진하려다 저지하는 경찰과 충돌하고 있다.	 의회가 전날 비리 혐의가 제기된 비즈카라 대통령에 대한 탄핵안을 통과시킨 후 수도 리마를 비롯한 페루 곳곳에서는 의회를 규탄하고 비스카라의 복귀를 요구하는 시위가 이어졌다.	     <저작권자 연합뉴스, 무단 전재-"
경찰에 체포되는 미 오리건주 대선 시위대," 미국 대선 다음날인 4일 오리건주 포틀랜드에서 경찰이 시위대를 체포하고 있다.	 미 대선이 당선자를 확정짓지 못할 정도로 혼란에 빠진 가운데 이날 도널드 트럼프 대통령과 조 바이든 민주당 대선후보의 일부 지지자들이 거리로 나와 시위를 벌였다.	     <저작권자 연합뉴스, 무단 전재-"
미국 대선일에 시위 대응 나선 LA 경찰," 미국 대선일인 3일 캘리포니아주 로스앤젤레스에서 시위가 벌어지는 가운데 경찰이 경계를 서고 있다.	      <저작권자 연합뉴스, 무단 전재-"
반(反)트럼프 시위대 행진에 백악관 주변 순찰하는 미 경찰," 미국 대선일인 3일 워싱턴DC 백악관 인근에서 도널드 트럼프 대통령을 반대하는 시위대가 거리 행진을 하는 동안 경찰이 순찰 활동을 벌이고 있다.	      <저작권자 연합뉴스, 무단 전재-"
"오스트리아 빈 ""총격 테러"" 현장 지키는 군사경찰"," 4일 오스트리아 수도 빈 도심의 '총격 테러' 현장에서 중무장한 군사경찰이 경계를 서고 있다.	 지난 2일 밤 빈 도심 6곳에서 잇따라 총격 사건이 발생해 최소 4명이 숨지고 20여 명이 부상했다.	     <저작권자 연합뉴스, 무단 전재-"
핼러윈 흉기 난동 현장 주변 도로 봉쇄한 캐나다 경찰," 1일 새벽 캐나다 퀘벡의 명소인 샤토 프롱트낙 호텔 인근 도로를 경찰이 봉쇄하고 있다.	 핼러윈인 지난달 31일 밤 이 호텔 근처에서 중세시대 의상을 입은 남성이 행인들을 향해 흉기를 휘둘러 2명이 사망하고, 5명이 다쳤다.	 경찰은 추격 끝에 남성 1명을 용의자로 체포했다.	     <저작권자 연합뉴스, 무단 전재-"
Libya,"Libya’s UN-	supported government’s interior minister Fathi Bashagha is interviewed on Wednesday, Jan.	 6, 2021 in Tripoli Libya.	  Bashagha says he hopes that bringing stability to his war-	torn country will become a top priority for the Biden administration.	 Bashagha also told The Associated Press he would be ready to take on the role of prime minister in a yet-	to-	be-	formed unity government."
"미 연방대법원 앞 농성 ""배럿 인준"" 반대 시위대"," 에이미 코니 배럿 미국 연방대법관 지명자의 상원 인준을 반대하는 시위대가 25일 워싱턴DC 연방대법원 앞 '정의의 사색' 상 위에 올라 농성을 벌이며 경찰과 대치하고 있다.	 지난 22일 상원 법사위를 통과한 배럿 지명자 인준안은 오는 26일 상원 본회의에서 표결에 들어간다.	     <저작권자 연합뉴스, 무단 전재-"
"프랑스 리옹 ""그리스정교회 신부 피격"" 현장 봉쇄한 경찰"," 지난달 31일 프랑스 남동부 리옹의 한 그리스정교회 건물에서 신부가 총격을 당하는 사건이 발생하자 경찰과 구조대원들이 현장 주변을 봉쇄하고 있다.	 이날 오후 교회 문을 닫으려던 그리스 출신 신부가 총탄을 맞고 쓰러져 위독한 것으로 전해졌다.	     <저작권자 연합뉴스, 무단 전재-"
홍콩 야당 정치인 7명 체포…의회 소란 혐의," 지난 5월 8일 홍콩 입법회 회의 도중 범민주진영 의원 레이 찬이 경비원들에 의해  회의장 밖으로 끌려 나가고 있다.	 홍콩 경찰은 1일 레이 찬 등 최소 7명의 범민주진영 정치인을 지난 5월 8일 홍콩 의회인 입법회 회의 중 벌어진 소란과 관련해 입법회 법령 위반 혐의로 체포했다.	     <저작권자 연합뉴스, 무단 전재-"
경찰에 계란 던지는 스페인 카탈루냐 분리독립 시위대," 스페인으로부터 분리독립을 요구하는 카탈루냐주 시위대가 28일 주도 바르셀로나에서 시위를 벌이면서 경찰에 계란을 던지고 있다.	 스페인 당국은 최근 카탈루냐 분리독립 운동과 연계된 21명을 부패와 공공질서 문란 혐의 등으로 체포했다고 밝혔다.	      <저작권자 연합뉴스, 무단 전재-"
시위 와중에 약탈당한 미 필라델피아 월마트 매장," 28일 미국 필라델피아에 있는 월마트 매장에 간밤에 발생한 약탈로 인해 각종 상품이 바닥에 흩어져 있다.	 26일 흉기를 소지하고 있던 흑인이 경찰의 총격에 사망한 사건으로 계기로 필라델피아 곳곳에서는 이틀 동안 대규모 약탈 사태가 벌어졌다.	      <저작권자 연합뉴스, 무단 전재-"
약탈 사태로 야간통금 내려진 미 필라델피아 시내," 무장한 흑인 남성이 경찰 총격에 사망하자 약탈과 기물 파손이 벌어진 미국 필라델피아에 사건 발생 이틀만인 28일 야간 통금 조치가 내려진 가운데 한 행인이 홀로 도로에 서 있다.	      <저작권자 연합뉴스, 무단 전재-"
"""기형아 낙태 위헌"" 결정에 일주일째 이어지는 폴란드 시위"," 28일 폴란드 수도 바르샤바에서 '기형아 낙태 위헌' 결정에 항의하는 시위대가 의사당으로 가는 길목을 막고 시위를 벌이자 경찰이 의사당 경비를 서고 있다.	 폴란드 전역에서는 낙태를 제한하는 헌법재판소의 결정에 분노한 시민들이 거리로 쏟아져 나와 일주일째 시위를 벌이고 있다.	 헌재는 지난 22일 기형의 태아에 대해 낙태를 허용하는 법률이 위헌이라는 결정을 내렸다.	      <저작권자 연합뉴스, 무단 전재-"
미국 망명 시도 중 체포된 홍콩 학생운동가 토니 청," 홍콩 학생 운동가 토니 청이 지난 2017년 11월24일 홍콩에서 시위 도중 구호를 외치는 모습.	 홍콩 독립을 주장하는 학생운동단체 '학생동원'의 대표였던 토니 청은 27일 미국 망명을 시도하다 홍콩주재 미국 영사관 맞은편 커피숍에서 체포됐다.	 이날 홍콩 경찰은 소셜미디어를 통해 국가 정권 전복을 획책한 토니 청을 포함한 청년 3명을 홍콩보안법 위반 혐의로 체포했다고 밝혔다.	      <저작권자 연합뉴스, 무단 전재-"
이슬람학교 폭발 현장 조사하는 파키스탄 경찰," 27일 파키스탄 북서부 폐샤와르 외곽의 한 이슬람학교에서 강력한 폭발이 발생해 경찰과 구조대원들이 현장을 조사하고 있다.	 파키스탄 언론은 이 폭발로 최소 8명이 사망하고 136명이 부상했다고 보도했다.	     <저작권자 연합뉴스, 무단 전재-"
경찰과 대치하는 방글라데시의 반(反) 프랑스 시위대," 27일 방글라데시 수도 다카에서 가두행진에 나선 반 프랑스 시위대가 경찰과 대치하고 있다.	 이슬람권 국가들은 에마뉘엘 마크롱 프랑스 대통령이 이슬람 선지자 무함마드에 대한 풍자를 표현의 자유로 옹호하자 프랑스 제품 불매 운동을 촉구하는 등 강하게 반발하고 있다.	     <저작권자 연합뉴스, 무단 전재-"
Capitol Arrests,A look at the charges made against protesters
"경찰과 충돌한 토리노의 ""코로나19 제한 조치"" 항의 시위대"," 26일 이탈리아 토리노에서 신종 코로나바이러스 감염증 확산 방지를 위한 정부의 제한 조처에 항의하는 시위대와 경찰이 충돌한 가운데 연기가 피어 오르고 있다.	 이날 밤 수도 로마와 토리노 등 이탈리아 주요 대도시에서는 야간 통행금지, 식당·주점 영업시간 단축 등 당국의 제한 조처에 반대하는 시위가 동시다발적으로 진행됐다.	     <저작권자 연합뉴스, 무단 전재-"
"""코로나19 규제"" 항의 시위 진압 중 화염에 휩싸인 이탈리아 경찰"," 24일 이탈리아 로마에서 신종 코로나바이러스 감염증 규제에 항의하는 극우단체 '포르자 누오바'의 시위대와 충돌하던 한 경찰관이 불길에 휩싸여 있다.	 코로나19로 비상인 이탈리아 정부는 롬바르디아, 라치오, 캄파니아 등 3개 주에서 밤 11시부터 다음날 오전 5시까지 야간통행을 금하고 있으며 조만간 음식점과 주점 등의 영업도 제한할 방침이다.	      <저작권자 연합뉴스, 무단 전재-"
"""코로나19 야간통금"" 단속하는 이탈리아 경찰"," 신종 코로나바이러스 감염증 재확산으로 비상인 이탈리아 롬바르디아주 밀라노 중심가에서 22일 경찰이 야간통행을 단속하기 위해 순찰을 하고 있다.	 이탈리아에서 코로나19 확산세가 가장 심한 롬바르디아주는 이날부터 야간통금에 들어갔다.	 시간대는 밤 11시부터 다음날 오전 5시까지다.	     <저작권자 연합뉴스, 무단 전재-"
배럿 대법관 인준 반대 시위대 연행하는 미 경찰," 22일 미국 워싱턴DC 국회의사당의 '더크슨 상원 건물' 앞에서 미국 드라마 '핸드메이즈 테일'에 나오는 시녀 차림으로 에이미 코니 배럿 연방대법관 지명자의 인준을 반대하는 시위대를 경찰이 연행하고 있다.	 미국 상원 법사위원회는 이날 공화당 의원만 참석한 가운데 도널드 트럼프 대통령이 지명한 배럿 지명자의 인준안을 통과시켰다.	      <저작권자 연합뉴스, 무단 전재-"
시위대 폭행하는 나이지리아 경찰," 21일 나이지리아의 최대 도시 라고스의 레키 톨게이트 인근에서 경찰이 시위 참가자를 폭행하고 있다.	 나이지리아 전국 주요 도시에서 경찰의 가혹행위에 항의하는 시위가 2주 넘게 이어지는 가운데 이날 라고스에는 24시간 통행금지령이 내려졌다.	     <저작권자 연합뉴스, 무단 전재-"
경찰 가혹행위 항의하는 나이지리아 시위대," 21일 아프리카 나이지리아의 최대 도시 라고스의 레키 톨게이트 인근에서 시민들이 경찰의 가혹행위에 항의해 시위를 벌이고 있다.	 나이지리아 전국 주요 도시에서 경찰 개혁을 요구하는 시위가 2주 넘게 이어지는 가운데 전날 라고스에서 보안군이 반정부 시위대에 발포해 사망자가 발생했다.	     <저작권자 연합뉴스, 무단 전재-"
경찰 물대포에 쫓기는 칠레 시위대, 18일 칠레 수도 산티아고의 중심가에서 반정부 시위대가 경찰이 쏘는 물대포를 피해 달리고 있다.	 칠레에서는 30여명이 숨졌던 '시위 사태' 1주년을 맞아 불평등에 항의하는 반정부 시위가 다시 번지고 있다.
체코 프라하에서 충돌한 코로나19 봉쇄 항의 시위대와 경찰," 18일 체코 수도 프라하의 구시가 광장에서 신종 코로나바이러스 감염증 확산을 막기 위한 정부의 제한 조치에 항의하는 시위대가 경찰과 충돌하고 있다.	 체코 정부는 코로나19가 확산하자 최근 학교와 식당, 술집 문을 닫고 공공장소에서 마스크 착용을 의무화하는 등의 조치를 취했다."
야간 통금 발효된 파리 시내 순찰하는 경찰관들, 17일 신종 코로나바이러스 감염증 확산을 막기 위해 야간 통금이 발효된 프랑스 파리의 거리에서 경찰관들이 순찰을 하고 있다.	 프랑스 정부는 파리를 비롯한 야간 통금 대상 지역에 1만2천명의 경찰관을 추가 배치했다.
Britain Weather,"A woman runs with a dog through snow near Buxton, central England, Friday Jan.	 8, 2021.	 Forecasters predict that the cold spell affecting much of the UK is due to continue, with temperatures expected to remain slightly below average into next week."
Hotel Confrontation,"This booking photo provided by Ventura County Sheriff's Office in California shows Miya Ponsetto.	   Ponsetto, who falsely accused a Black teenager of stealing her phone and then tackled him at a New York City hotel on Dec.	 26 , 2020 was arrested Thursday, Jan.	 7, 2021 in her home state of California.	 She was jailed in Ventura County, a spokesperson for the sheriff's office there said.	 It wasn't immediately clear what charges she might face.	  AP PROVIDES ACCESS TO THIS PUBLICLY DISTRIBUTED HANDOUT PHOTO PROVIDED BY VENTURA COUNTY SHERIFF'S OFFICE ; MANDATORY CREDIT."
Iran,"In this photo released Friday, Jan.	 8, 2021, by Sepahnews, the website of the Iranian Revolutionary Guard, missiles on mobile truck launchers are displayed during an inauguration of a new military base in an undisclosed location in Persian Gulf in Iran.	  AP PROVIDES ACCESS TO THIS PUBLICLY DISTRIBUTED HANDOUT PHOTO PROVIDED BY THE IRANIAN REVOLUTIONARY GUARDS; MANDATORY CREDIT."
FIFA Saudi Arabia,"FILE -	 In this Tuesday March 3, 2020 file photo, FIFA President Gianni Infantino addresses a meeting of European soccer leaders at the congress of the UEFA governing body in Amsterdam, Netherlands.	 Human rights activists are denouncing FIFA President Gianni Infantino's starring turn in a promotional video for the Saudi Arabian government in which he claims the kingdom has made important changes.	 The slick 3½-	minute PR campaign was posted on Twitter by the Saudi ministry of sport on Thursday Jan.	 7, 2021, featuring Infantino participating in a ceremonial sword dance and sweeping shots of the palaces of Diriyah."
미 하원 본회의장 출입문 막고 총 겨누는 경찰," 미국 수도 워싱턴DC 국회의사당의 하원 본회의장에서 6일 경찰이 시위대의 난입을 막기 위해 출입문에 집기 등으로 바리케이드를 치고 총을 겨누고 있다.	 상ㆍ하원은 이날 합동회의를 개최해 조 바이든 대통령 당선인의 승리를 인증할 예정이었으나 도널드 트럼프 대통령을 지지하는 시위대의 의사당 난입으로 회의가 전격 중단됐다.	     <저작권자 연합뉴스, 무단 전재-"
Israel Netanyahu,"Benjamin NetanyahuIsraeli Prime Minister Benjamin Netanyahu delivers a statement following his meeting with US Secretary of Treasury Steven Mnuchin, in Jerusalem, Thursday, Jan.	 7, 2021.	  Israel has postponed the next hearing in Netanyahu’s corruption trial because of a tightened coronavirus lockdown."
Virus Outbreak Cyprus,"A woman wearing a face mask sits at a bus stop in central capital Nicosia, Cyprus, Friday, Jan.	 8, 2021.	 Cyprus is returning to lockdown mode for the remainder of the month with daytime restrictions on movement and a shuttering of schools after the country's health minister conceded that a raft of tough measures already in place including a night-	time curfew weren't enough to curtail the spread of the coronavirus."
Italy Sinkhole,"A view of the large sinkhole that opened overnight in the parking of Ospedale del Mare hospital in Naples, Italy, Friday, Jan.	 8, 2021.	 A giant sinkhole opened Friday in the parking lot of a Naples hospital, forcing the temporary closure of a nearby residence for recovering coronavirus patients because the electricity was cut."
Britain Barbara Windsor,"The funeral cortege of Barbara Windsor arrives at Golders Green Crematorium, London, Friday Jan.	 8, 2021, ahead of a private ceremony.	 Barbara Windsor had a seven-	decade career ranging from cheeky film comedies to the soap opera “EastEnders”."
Virus Outbreak Germany,"Coffins containing the deceased stand in the crematorium's worship room before cremation in Meissen, Germany, Friday, Jan.8, 2021.	 Most of them have died of or with the coronavirus."
Virus Outbreak Japan,"Junior high students read their manga comic books while waiting at a bus stop on their way home in Tokyo on Friday, Jan.	 8, 2021.	 Japan declared a state of emergency in Tokyo and three nearby prefectures Thursday, as coronavirus cases continued to surge in the nation.	 The declaration asks restaurants and bars close by 8 p.	m.	 while drinks won't be served after 7 p.	m."
Paraguay Daily Life,"Boats sit idle as a fisherman, standing bottom center, prepares to go out to the Bay of Asuncion, Paraguay, early Friday, Jan.	 8, 2021."
Hate Crimes Arkansas,"Arkansas Gov.	 Asa Hutchinson speaks in his office at the state Capitol in Little Rock, Ark.	 on Monday, Jan.	 4, 2021.	 Hutchinson is advocating for a hate crimes bill in the upcoming legislative session, but the measure faces some obstacles."
Libya Interview,"Libya’s UN-	supported government’s interior minister Fathi Bashagha is interviewed on Wednesday, Jan.	 6, 2021 in Tripoli Libya.	  Bashagha says he hopes that bringing stability to his war-	torn country will become a top priority for the Biden administration.	 Bashagha also told The Associated Press he would be ready to take on the role of prime minister in a yet-	to-	be-	formed unity government."
Virus Outbreak New York,"Doctors inject sisters Claudia Scott-	Mighty, left, Althea Scott-	Bonaparte, who are patient care directors, and Christine Scott, an ICU nurse, with their second shot of the Pfizer vaccine at NewYork-	Presbyterian Lawrence Hospital on Friday, Jan.	 8, 2021, in Bronxville, N.	Y.	 The second round of the vaccine increases its efficacy to 95%, according to Pfizer.	 ."
미 하원에서 시위대 난입 막기 위해 총 겨누는 경찰," 미국 수도 워싱턴DC 국회의사당의 하원 본회의장에서 6일 경찰이 시위대의 난입을 막기 위해 집기 등으로 바리케이드를 친 문 옆에서 총을 겨누고 있다.	 상ㆍ하원은 이날 합동회의를 개최해 조 바이든 대통령 당선인의 승리를 인증할 예정이었으나 도널드 트럼프 대통령을 지지하는 시위대의 의사당 난입으로 회의가 전격 중단됐다.	     <저작권자 연합뉴스, 무단 전재-"
Virus Outbreak Indonesia,"A warden peeks from behind the gate of the Gunung Sindur Prison coveredwith coronavirus awareness posters, after the release of radical Islamic cleric Abu Bakar Bashir from the facility in Bogor, Indonesia, Friday, Jan.	 8, 2021.	 Indonesia's highest Islamic body on Friday gave its religious approval to China's Sinovac vaccine, paving the way for its distribution in the world's most populous Muslim nation.	 Writings on the posters read ""The wearing of face mask is compulsory in this area."""
India Farmer Protests,"Farmers listen to a speaker as they block a major highway in protest against new farm laws, at the Delhi-	Uttar Pradesh state border, India, Friday, Jan.	 8, 2021."
Music-Montreal Symphony-Payare,"This March 10, 2020 photo shows Venezuelan conductor Rafael Payare who has been hired as music director of the Orchestre Symphonique de Montréal starting with the 2022-23 season."
India Cow Protest,"Policemen detain a member of Yuva Thulasi Foundation Gau Raksha Dal during a protest demanding cow protection and declaring the cow as the national animal in Hyderabad, India, Friday, Jan.	 8, 2021."
Pakistan Shiite Protest,"People from the Shiite Hazara community gather around coffins of coal mine workers killed by gunmen near the Machh coal field, during a sit-	in to protest, in Quetta, Pakistan, Friday, Jan.	 8, 2021.	 Pakistan's prime minister Friday appealed the protesting minority Shiites not to link the burial of 11 coal miners from Hazara community who were killed by the Islamic State group to his visit to the mourners, saying such a demand amounted to blackmailing the country's premier."
Virus Outbreak Britain,"Covid-19 signage in front of St Paul's Cathedral, after Mayor of London Sadiq Khan declared a ""major incident"" as the spread of coronavirus threatens to ""overwhelm"" the capital's hospitals during England's third national lockdown to curb the spread of coronavirus, in London, Friday, Jan.	 8, 2021."
Sports Betting Drones,"Tyler BrennanFILE -	 Competitor Tyler Brennan, a 22-	year-	old Air Force lieutenant from Colorado Springs, Colo.	, works on a quad copter before flying his racing drone through the obstacle course in the the National Drone Racing Championship on Governors Island, a former military installation in New York Harbor, Friday, Aug.	 5, 2016, in New York.	 A major sports book is taking bets on aerial drone races.	 DraftKings said Friday it is taking bets for the championship this weekend of the Drone Racing League, in which pilots fly aerial drones in races against each other."
Spain Weather,"A dug runs through a terrace bar with tables and chairs covered with snow during a snowfall in Madrid, Spain, Friday, Jan.	 8, 2021.	 Spain is on high alert Friday as a cold snap is covering much of the country with snow, causing disruptions in road, sea and air traffic while authorities warn that the worst may still be coming over the weekend."
Javicia Leslie Portrait Session,"Javicia LeslieActress Javicia Leslie poses for a portrait, Monday, Jan.	 4, 2021, in Glendale, Calif.	 Leslie will star as the caped crusader on CW’s “Batwoman,” which premieres its second season on Jan.	 17, 2021."
China Corruption,"Chinese paramilitary policemen march outside the headquarters of the China Development Bank in Beijing on Friday, Jan.	 8, 2021.	 The former chairman of the main Chinese state bank behind Beijing's initiative to build railways and ports across dozens of Asian countries has been sentenced to life in prison on corruption charges, a court announced."
미 선거인단 투표함 이동 호위하는 무장경찰," 미국의 무장 경찰관들이 6일 양원 합동회의가 열리는 하원 본회의장으로 선거인단의 투표지가 담긴 박스들을 나르는 의회 직원들의 행렬을 뒤따르고 있다.	      <저작권자 연합뉴스, 무단 전재-"
Capitol Breach,"A protest sign is attached to a utility box near the Capitol Building in Washington, Friday, Jan.	 8, 2021, in response to supporters of President Donald Trump who stormed the U.	S.	 Capitol."
Bosnia Migrants Snow,"A migrant carries snow to isolate his makeshift shelter at the Lipa camp, outside Bihac, Bosnia, Friday, Jan.	 8, 2021.	 A fresh spate of snowy and very cold winter weather on has brought more misery for hundreds of migrants who have been stuck for days in a burnt out camp in northwest Bosnia waiting for heating and other facilities."
COVAI,"Pamela Jonker is presented with a $1 million check from the Publishers Clearing House Wednesday, Jan.	 8, in Eagle, Colo.	 Jonker had entered regularly and said she never thought she'd actually win and was astonished when she did."
Italy Cross Country Tour de Ski,"From left, second placed Germany's Katharina Hennig, first placed Russia's Natalia Nepryaeva, and third placed Sweden's Ebba Andersson celebrate at the end of a Tour de Ski, women's 10-	kilometer mass start classic cross-	country ski event in Val di Fiemme, Italy, Friday, Jan."
Virus Outbreak NYPD,"New York City Police Commissioner Dermot Shea speaks to a member of the department's public information division in New York's Times Square Thursday, Dec.	 31, 2020, during a truncated New Year's Eve celebration due to an ongoing pandemic.	  Shea has tested positive for the coronavirus, the department’s top spokesperson said Friday, Jan.	 8, 2021."
Roku Quibi,"TrumpFILE -	 This Aug.	 13, 2020 file photo shows a logo for Roku on a remote control in Portland, Ore.	  On Friday, Jan.	 8, 2021, Roku is buying short-	lived streaming service Quibi’s content library to bolster content for its free Roku Channel.	 Financial terms were undisclosed.	  AP Photo/Jenny Kane, File) AUG."
Virus Outbreak Lithuania Weather,"A woman with a baby stroller wearing a face mask to prevent the spread of coronavirus, walks through a snow covered park as temperatures hover around zero degrees Celsius , Vilnius, Lithuania, Friday, Jan.	 8, 2021."
Brazil Japan,"Motegi ToshimitsuJapan's Foreign Minister Motegi Toshimitsu arrives to meet with Brazil's Foreign Minister Ernesto Araujo at the Foreign Ministry building in Brasilia, Brazil, Friday, Jan.	 8, 2021."
Virus Outbreak Lithuania Belarus,"Belarusian opposition leader Sviatlana Tsikhanouskaya, right, wearing face masks to protect against coronavirus, speaks as Lithuanian Foreign Minister Gabrielius Landsbergis looks on during a press conference at the Ministry of Foreign Affairs in Vilnius, Lithuania, Friday, Jan.	 8, 2021."
Germany Weather,"A small booth is seen behind rain drops on the camera lens at the beach of the Baltic Sea in Timmendorfer Strand, Germany, Friday, Jan.	 8, 2021."
미 의사당 난입 시위대 붙잡아 감시하는 경찰," 미 의회 경찰이 6일 워싱턴DC 연방 의사당 내 하원 본회의장 인근에서 시위대를 붙잡아 총을 겨누며 감시하고 있다.	 상·하원은 이날 의사당에서 합동회의를 개최해 조 바이든 대통령 당선인의 승리를 인증할 예정이었으나 시위대가 의사당에 난입하는 초유의 사태로 회의가 전격 중단됐다.	     <저작권자 연합뉴스, 무단 전재-"
Virus Outbreak Biden,"FILE -	 In this Jan.	 7, 2021, file photo syringes containing the Pfizer-	BioNTech COVID-19 vaccine sit in a tray in a vaccination room at St.	 Joseph Hospital in Orange, Calif.	 Taking a new direction to speed release of coronavirus vaccines, President-	elect Joe Biden's office said Friday he would end the current practice of holding back vaccine doses to guarantee that people who get their first shot can also get a required second inoculation three weeks later.	  JAN."
Virus Outbreak,"FILE -	 In this Jan.	 7, 2021, file photo, a nurse puts on protective gear in a COVID-19 unit in California.	 The nation’s biggest immunization rollout in history is facing pushback from an unlikely source:	 health care workers who witnessed COVID-19′s devastation firsthand but are refusing shots in surprising numbers."
APTOPIX Syria US,"Syrian graffiti artist Aziz Al-	Asmar, front, finishes work on his depiction of the events in Washington after the US president Donald Trump's supporters stormed the Capitol, on a wall of a house destroyed in an airstrike, in Binish, Idlib province, Syria,  Friday, Jan.	 8, 2021."
Iraq Soleimani Protest,"Supporters of the Popular Mobilization Forces hold a poster of Abu Mahdi al-	Muhandis, deputy commander of the Popular Mobilization Forces and General Qassem Soleimani, head of Iran's Quds force during a rally to commemorate the anniversary of the killing of Soleimanil and al-	Muhandis in a U.	S.	 drone strike in Basra, Iraq, Friday, Jan.	 8, 2021."
APTOPIX Virus Outbreak China,"A woman wearing mask to help protect herself from the coronavirus stands in the sun as she walks her dogs in Beijing on Friday, Jan.	 8, 2021.	 With next month's Lunar New Year travel rush looming, the government is telling people to stay put as much as possible and not travel to or from the capital Beijing."
Chile Virus Outbreak,"Travelers walk past the normal ticket area, closed off with security tape that reads in Spanish ""Danger,"" at a bus station in Santiago, Chile, Friday, Jan.	 8, 2021, amid the COVID-19 pandemic.	 Travelers buy tickets instead in an outdoor area."
Athletics Doping Manyonga,"FILE -	 In this Saturday, July 20, 2019 file photo, Luvo Manyonga of South Africa makes an attempt in the men's long jump event at the IAAF Diamond League athletics meeting at London Stadium in London.	 Olympic long jump silver medalist Luvo Manyonga has been provisionally suspended in a doping case announced Friday, Jan.	 8, 2021.	 Track and field’s Athletics Integrity Unit  said it sent Manyonga a “notice of charge” in the case it is prosecuting for his suspected breaches of whereabouts rules."
Economy Jobs Report,"Andrew Walcott, owners of Fusion East Caribbean & Soul Food restaurant, works in his office at the restaurant in East New York neighborhood of the Brooklyn borough of New York, Thursday, Jan.	 7, 2021.	  Walcott had to furlough four employees at his restaurant just before Christmas, after New York state stopped allowing indoor dining."
Chargers Chiefs Football,"Los Angeles Chargers wide receiver Mike Williams, top, is tackled by Kansas City Chiefs safety Juan Thornhill after catching a pass during the first half of an NFL football game, Sunday, Jan.	 3, 2021, in Kansas City."
Virus Outbreak Spain,"People queue to collect food and goods as the snow falls at the Canada Real shanty town, outside Madrid, Spain, Friday, Jan.	 8, 2021.	 Canada Real, a shantytown on the southern edge of Madrid and it has been without electricity since last October 2nd."
LA 경찰청 앞에서 몸싸움 벌이는 트럼프 찬반 시위대," 6일 미국 로스앤젤레스의 경찰청 앞에서 지난해 치러진 대선의 무효를 주장하는 도널드 트럼프 대통령 지지 시위대와 이에 반대하는 사람들이 몸싸움을 벌이고 있다.	 이날 워싱턴DC 연방 의회에서는 트럼프 지지 시위대가 의사당에 난입하는 초유의 사태가 발생한 가운데 미국 전역의 다른 주에서도 대선 무효를 주장하는 시위가 벌어졌다.	      <저작권자 연합뉴스, 무단 전재-"
Virus Outbreak Netherlands,"An employee of the Municipal Health Service GGD prepares a Pfizer-	BioNTech COVID-19 vaccine to be administered to a health care worker at a coronavirus vaccination facility in Houten, central Netherlands, Friday, Jan.	 8, 2021."
Kyrgyzstan Presidential Election,"Kyrgyzstan presidential candidate Sadyr Zhaparov applauds standing in front of his supporters with posters reading ""Sadyr is the President"" during a meeting in Bishkek, Kyrgyzstan, Friday, Jan.	 8, 2021.	 The presidential election will be held on Sunday, Jan.	 10, 2021."
Virus Outbreak Brazil,"A protester holds the Portuguese message ""Get out Bolsonaro and Mourao"" against Brazilian President Jair Bolsonaro and his vice president for their handling of the COVID-19 pandemic, outside the presidential palace in Brasilia, Brazil, Friday, Jan.	 8, 2021, the day after Brazil passed 200,000 pandemic deaths."
Financial Markets,"FILE -	 This Nov.	 23, 2020 file photo shows the New York Stock Exchange in New York.	  U.	S.	 stocks are ticking higher on Friday, Jan.	 8, 2021, despite a sober reminder of how many jobs the pandemic is destroying, as Wall Street keeps focusing more on the economy’s potentially brighter future than its current pain.	  NOV."
Cardinals Rams Football,"Van Jefferson, Jalen Thompson, Byron MurphyLos Angeles Rams wide receiver Van Jefferson  runs against Arizona Cardinals free safety Jalen Thompson  and cornerback Byron Murphy  during the second half of an NFL football game in Inglewood, Calif.	, Sunday, Jan.	 3, 2021."
Germany Biathlon World Cup,"Winner Johannes Thingnes Boe of Norway, center, second placed Tarjei Boe of Norway, left, and third placed Sturla Holm Laegreid of Norway celebrate after the men's 10 km sprint race at the Biathlon World Cup in Oberhof, Germany, Friday, Jan.	 8, 2021."
APTOPIX Cardinals Rams Football,"John Wolford, Haason Reddick, Jalen ThompsonLos Angeles Rams quarterback John Wolford center, is tackled by Arizona Cardinals outside linebacker Haason Reddick, left, and free safety Jalen Thompson during the second half of an NFL football game Sunday, Jan.	 3, 2021, in Inglewood, Calif."
APTOPIX Virus Outbreak Spain,"A woman holds up a light to illuminate inside of her house at the Canada Real shanty town, outside Madrid, Spain, Friday, Jan.	 8, 2021.	 Canada Real, a shantytown on the southern edge of Madrid, has been without electricity since last Oct.	 2."
Losers Win in the Playoffs Football,"FILE -	 In this Jan.	, 3, 2015 file photo, Carolina Panthers coach Ron Rivera, left, greets Arizona Cardinals coach Bruce Arians before an NFL wild-	card playoff football game in Charlotte, N.	C.	 Rivera is now the coach of the Washington Football Team, and Arians is the coach of the Tampa Bay Buccaneers.	 Those two teams meet in the wild-	card round this weekend; Washington was 7-9 in the regular season.	  JAN."
바리케이드 뚫고 미 의사당 난입하는 트럼프 지지 시위대," 도널드 트럼프 미국 대통령 지지 시위대가 6일 워싱턴DC 연방 의사당에서 경찰의 바리케이드를 뚫고 난입하고 있다.	 의사당 경내로 진입한 시위대 일부는 중앙홀까지 점거해 농성을 벌이다 4시간 만에 해산됐다.	      <저작권자 연합뉴스, 무단 전재-"
보안법 위반 혐의로 경찰에 연행되는 베니 타이 홍콩대 교수," 2014년 민주화 시위를 주도하고 지난해 민주당 예비선거를 도입하는데 앞장섰던 베니 타이 홍콩대 교수가 6일 경찰 차량에 의해 연행되고 있다.	 홍콩 경찰은 이날 타이 교수를 포함한 범민주진영 인사 약 50명을 국가보안법 위반 혐의로 무더기 체포됐다.	      <저작권자 연합뉴스, 무단 전재-"
Virus Outbreak South Africa Testing,"A health-	care worker sanitises her hands before conducting COVID-19 tests at a Dis-	Chem drive-	through testing station at the V&A; Waterfront in Cape Town, South Africa, Friday, Jan.	 8, 2021.	 South Africa with 60 million people has reported by far the most cases of the coronavirus in Africa, with more than 1.1 million confirmed infections."
APTOPIX Virus Outbreak Ukraine,"A cat walks through a closed street market in Ivano-	Frankivsk, Western Ukraine, Friday, Jan.	 8, 2021.	 Ukraine imposed a wide-	ranging lockdown beginning Friday, closing schools and entertainment venues and restaurant table service through Jan.	 25."
Stock Exchange Chinese Companies,"A woman using her phone as she walks past a China Mobile office in Beijing on Friday, Jan.	 8, 2021.	 The New York Stock Exchange is going ahead with plans to delist shares of three Chinese state-	owned phone carriers including China Mobile under an executive order from President Donald Trump, reversing course just days after saying they wouldn't be delisted."
"84세로 별세한 ""펜타곤 페이퍼"" 폭로 미국 기자 닐 시핸"," 미국의 베트남전 개입 관련 기밀문서인 '펜타곤 페이퍼'를 뉴욕 타임스에 처음 보도해 퓰리처상을 수상한 닐  가 7일 워싱턴 DC 자택에서 84세를 일기로 타계했다.	 사인은 파킨슨병 합병증이라고 그의 부인 수전이 밝혔다.	 사진은 1988년 11월 29일 뉴욕의 한 행사에 참석한 시핸의 모습.	      <저작권자 연합뉴스, 무단 전재-"
Virus Outbreak France Vaccine,"Nurse Sylvie Mallet administers the Pfizer-	BioNTech COVID-19 vaccine to a resident of the Andre Harambillet nursing home in Bayonne, southwestern France, Friday, Jan.8, 2021.	 Faced with criticism over a slow roll out of virus vaccines -	 with barely 500 vaccinated in the first week -	 France's government pledged Thursday to speed up vaccinations for the elderly."
APTOPIX Virus Outbreak Britain,"A man wearing a face covering walks past the London Eye in London, Friday, Jan.	 8, 2021.	 Britain's Prime Minister Boris Johnson has ordered a new national lockdown for England which means people will only be able to leave their homes for limited reasons, with measures expected to stay in place until mid-	February."
Switzerland Alpine Skiing World Cup,"Switerland's Marco Odermatt celebrates after crossing the finish line during an alpine ski, men's World Cup giant slalom, in Adelboden, Switzerland, Friday, Jan.8, 2021."
Pakistan Pakistan Terror Financing,"Zaki-	ur-	Rehman LakhviFILE -	 In this Thursday, Jan.	 1, 2015, file photo, police officers escort Zaki-	ur-	Rehman Lakhvi, center, the main suspect of the Mumbai terror attacks in 2008, after his court appearance in Islamabad, Pakistan.	 A Pakistani court on Friday, Jan.	 8, 2021, convicted and sentenced the senior militant leader Lakhvi to five years in jail in a case of terror financing, the country's counter-	terrorism department in the eastern Punjab province said.	  JAN."
APTOPIX Virus Outbreak Germany,"Coffins containing the deceased stand in the crematorium's worship room before cremation in Meissen, Germany, Friday, Jan.8, 2021.	 Most of them have died of or with the coronavirus."
APTOPIX Virus Outbreak Philippines,"A man wearing a face mask to prevent the spread of the coronavirus gets a massage after attending Catholic mass in downtown Manila, Philippines."
미 의사당 난입해 경찰과 대치하는 트럼프 지지자들," 6일 미국 워싱턴DC 연방 의회의사당에 난입한 도널드 트럼프 대통령 지지자들이 상원 본회의장 밖 복도에서 의회 경찰과 대치하고 있다.	 상ㆍ하원은 이날 합동회의를 개최해 조 바이든 대통령 당선인의 승리를 인증할 예정이었으나 시위대가 의사당에 난입하는 초유의 사태로 회의가 6시간 중단됐다가 재개됐다.	     <저작권자 연합뉴스, 무단 전재-"
Virus Outbreak Lithuania Daily Life,"Municipal workers clean the snow covered Cathedral Square at the Grand Duke Gediminas statue in Vilnius, Lithuania, Friday, Jan.	 8, 2021."
APTOPIX Germany Biathlon World Cup,"Johannes Thingnes Bob runs during the men's 10 km sprint race at the Biathlon World Cup in Oberhof, Germany, Friday, Jan.	 8, 2021."
APTOPIX Switzerland Alpine Skiing World Cup,"Norway's Lucas Braathen falls at the finish line during an alpine ski, men's World Cup giant slalom, in Adelboden, Switzerland, Friday, Jan.8, 2021."
APTOPIX Virus Outbreak Japan,"A station passageway is crowded with commuters wearing face mask during a rush hour Friday, Jan.	 8, 2021 in Tokyo.	 Japanese Prime Minister Yoshihide Suga declared a state of emergency Thursday for Tokyo and three other prefectures to ramp up defenses against the spread of the coronavirus."
Indonesia Radical Cleric,"Abu Bakar BashirIslamic cleric Abu Bakar Bashir, center, waves from a wheelchair upon arrival at the Al Mukmin Islamic Boarding School where he resides in Solo, Central Java, Indonesia, Friday, Jan.	 8, 2021.	 The firebrand cleric who inspired the Bali bombers and other violent extremists walked free from prison Friday after completing his sentence for funding the training of Islamic militants."
Virus Outbreak Japan State of Emergency,"A station passageway is crowded with commuters wearing face mask during a rush hour Friday, Jan.	 8, 2021 in Tokyo.	 Japanese Prime Minister Yoshihide Suga declared a state of emergency last Thursday for Tokyo and three other prefectures to ramp up defenses against the spread of the coronavirus."
Virus Outbreak Austria Alpine Skiing World Cup,"Snowmen fill the tribune at the finish line during training for an alpine ski, women's World Cup downhill in St.	 Anton, Austria, Friday, Jan.	 8, 2021."
APTOPIX Virus Outbreak Israel,"Amram Cohen gives a ""thumbs up"" after receiving a Pfizer COVID-19 coronavirus vaccine at a vaccination center in Jerusalem, Friday, Jan.	 8, 2021.	 Israel has seen a surge in cases, leading authorities to tighten an already existing lockdown.	 Most schools and businesses will be closed starting Friday, with public gatherings restricted for a two-	week period."
Virus Outbreak India,"A health worker fixes a poster containing information about COVID-19 at a hospital where a trial run of COVID-19 vaccine delivery system is being help in Gauhati, India, Friday, Jan.	 8, 2021.	 India is testing its COVID-19 vaccine delivery system as it prepares to roll-	out an inoculation program to stem the coronavirus pandemic.	 The exercise included necessary data entry into an online platform for monitoring vaccine delivery, along with testing of cold storage and transportation arrangements for the vaccine, according to the health ministry."
Virus Outbreak Iran,"Ali KhameneiIn this picture released by an official website of the office of the Iranian supreme leader, Supreme Leader Ayatollah Ali Khamenei addresses the nation in a televised speech in Tehran, Iran, Friday, Jan.	 8, 2021.	 in Tehran, Iran.	 Khamenei called to ban the import of American and British vaccines, claiming they are not to be trusted.	   AP PROVIDES ACCESS TO THIS PUBLICLY DISTRIBUTED HANDOUT PHOTO PROVIDED BY IRANIAN SUPREME LEADDER OFFICE.	 MANDATORY CREDIT."
"""광란의 새해 파티"" 현장에 출동한 프랑스 경찰"," 프랑스 브르타뉴 지방의 시골 마을 리외롱의 대형 창고에서 열린 새해 파티 현장에 2일 경찰이 출동해 조사를 벌이고 있다.	 지난해 12월 31일부터 이날까지 열린 이 파티는 프랑스 정부의 신종 코로나바이러스 감염증 통행금지 조치를 무시하고 2천500여 명의 인원을 동원했으며 파티장 내부에서는 마약도 판매했다.	 현지 검찰은 4일 기자회견에서 초대장을 발송한 22세 남성을 다른 사람의 목숨을 위험에 빠뜨린 혐의 등으로 구속기소 했다고 전했다.	      <저작권자 연합뉴스, 무단 전재-"
Virus Outbreak Philippines Catholic Procession,"A church layman sprinkles holy water on devotees of the Black Nazarene outside the Quiapo church in downtown Manila, Philippines, on the eve of its feast day on Friday Jan.	 8, 2021.	 The annual January 9 procession attended by tens of thousands of devotees has been cancelled amid the threat of the ongoing COVID-19 pandemic in one of Asia's biggest religious events.	 Several Black Nazarene replicas have been placed around churches as the government asks devotees to pray at their communities instead of going to downtown Quiapo where the original image resides."
Virus Outbreak Israel,"Border police ask muslim worshippers to leave the area after a crowd gathered to pray despite a nationwide lockdown aimed to curb the spread of the coronavirus in Jerusalem's old city, Friday, Jan.	 8, 2021.	 Israel has seen a surge in cases, leading authorities to tighten an already existing lockdown.	 Most schools and businesses will be closed starting Friday, with public gatherings restricted for a two-	week period."
APTOPIX Virus Outbreak Philippines Catholic Procession,"Young Catholic devotees wearing face masks to prevent the spread of the coronavirus stand try to get a glimpse of the the Black Nazarene at the Santa Cruz Church in Manila, Philippines a day before it's feast day on Friday Jan.	 8, 2021.	 The annual Jan.	 9 procession attended by tens of thousands of devotees has been cancelled amid the threat of the ongoing COVID-19 pandemic in one of Asia's biggest religious events.	 Several Black Nazarene replicas have been placed around churches as the government asks devotees to pray at their communities instead of going to downtown Quiapo where the original image stays."
Virus Outbreak Belgium EU,"European Commission President Ursula von der Leyen talks during a news conference on COVID-19 vaccination plan at the EU headquarters in Brussels, Friday, Jan.	 8, 2021.	 The European Commission said it has secured the buying of 300 million extra doses of the coronavirus Pfizer-	BioNTech vaccine, a move that could ease criticism that the EU's executive arm has not done enough to procure coronavirus shots for the entire bloc."
Virus Outbreak Ukraine,"Patients with COVID-19 are treated in a hospital organized in the Lviv National Medical University in Lviv, Western Ukraine, Monday, Jan.	 4, 2021.	 The country of 42 million is recording about 9,000 new COVID-19 infections a day; more than 19,500 people have died.	 Ukraine imposed a wide-	ranging lockdown beginning Friday Jan.	 8, closing schools and entertainment venues and restaurant table service through Jan.	 25."
APTOPIX Virus Outbreak Japan Daily Life,"People wearing protective masks to help curb the spread of the coronavirus walk along pedestrian crossings in the Ginza shipping area of Tokyo, Friday, Jan.	 8, 2021.	 The Japanese capital confirmed more than 2300 new coronavirus cases on Friday.	 Japanese Prime Minister Yoshihide Suga declared a state of emergency last Thursday for Tokyo and three other prefectures to ramp up defenses against the spread of the coronavirus."
"84세로 타계한 ""펜타곤 페이퍼"" 폭로 기자 닐 시핸"," 미국의 베트남전 개입 관련 기밀문서인 '펜타곤 페이퍼'를 첫 보도해 퓰리처상을 수상한 닐  가 7일 워싱턴 DC 자택에서 84세를 일기로 타계했다.	 사인은 파킨슨병 합병증이라고 그의 부인 수전이 밝혔다.	 사진은 1972년 5월 1일 소속사인 뉴욕 타임스의 사무실에서 근무할 당시의  의 모습.	      <저작권자 연합뉴스, 무단 전재-"
Ukraine Plane Shootdown Anniversary,".	People lay flowers to a memorial in Kyiv, Ukraine, Friday, Jan.	 8, 2021, for the victims of a Ukrainian 737-800 plane crash on the outskirts of Tehran.	 One year after Iranian forces shot down a Ukrainian jetliner, killing all 176 people on board, more questions remain than answers as families of victims allege harassment by Iranian authorities and affected countries raise concerns about the lack of transparency and accountability in Iran's investigation."
Sri Lanka Slain Journalist,"FILE -	 In this Tuesday, Jan.	 8, 2013, file photo, family members and friends light candles next to a portrait of slain newspaper editor Lasantha Wickrematunge, on his fourth death anniversary in Colombo, Sri Lanka.	 The daughter of the slain journalist filed a complaint Friday, Jan.	 8, 2021, with the United Nations Human Rights Committee over alleged government involvement in her father’s death 12 years ago.	 The San Francisco-	based Center for Justice and Accountability filed the complaint on behalf of Ahimsa Wickrematunge, the daughter of Lasantha, who was allegedly killed by a military-	linked hit squad while driving to work on Jan.	 8, 2009.	  JAN."
Virus Outbreak Greece,"A medical staff member of the National Health Organization  conducts a COVID-19 rapid test on a man at a drive-	through testing site at Aspropyrgos suburb, west of Athens, Friday, Jan.	 8, 2021.	 The western municipality of the Greek capital remains in a hard lockdown due to their heavy epidemiological burden as Greece will ramp up the speed of its coronavirus vaccination drive, the country's prime minister said Friday."
