"‘스포트라이트’ n번방 신상도둑, 누가 문을 열어줬나(종합)","사회복무요원은 어떻게 개인 정보를 조주빈에게 넘길 수 있었을까.4월 23일 방송된 JTBC ‘이규연의 스포트라이트’에서 대한민국을 공분에 빠뜨린 ‘집단 온라인 성 착취 사건’을 다뤘다.	최근 세상을 떠들썩하게 한 'n번방' 박사 조주빈 일당의 충격적 범죄로 인해 나이가 어리거나 젊은 여성들이 주로 피해를 봤다는 사실이 알려졌다.	 그런데 ‘스포트라이트’는 우리 모두가 표적이 될 수 있었다고 경고했다.	 ‘스포트라이트’는 앞서 알려진 것보다 좀 더 구조적인 문제를 고발했다.	 개인 신상 정보로  까지도 협박한 조주빈.	 그는 과연 개인 신상을 어떻게 알아냈을까.	 조주빈 일당이 쓴 건 고도의 해킹 수법이 아닌 피싱이었다.	 그렇다면 피싱 같이 낮은 수준의 해킹과 함께 조주빈 일당은 구체적으로 어떤 방법을 이용해 개인 신상을 가로챘을까.	 뜻밖에도 조주빈 일당은 아날로그적 수법을 썼다.	 주민센터, 구청 등에 조주빈과 연결된 사회복무요원을 통해 신상정보를 캐낸 것.	 참으로 어처구니 없는 일이었다.	 표창원 의원은 이에 대해 “비교를 하자면 이 디지털 세상에 있어 개인정보는 총알 또는 총과 같다”고 말했다.	 이에 '스포트라이트'는 모두가 표적이 될 수 있었던 공공 안전망의 구멍을 집중 조명했다.	놀랍게도 '신상 도둑' 강씨는 흔히 볼 수 있는 민원창구 앞에 있었다.	 한 제보자는 조주빈의 조력자 사회복무요원 강씨가 처음부터 수상했으며, 주변의 만류에도 불구, 욕설과 엽기행각을 자랑처럼 얘기하고 누군가의 개인신상을 올렸다고 폭로했다.	 강씨는 수원시 영통구청 보육지원팀에서 일했다.	 이는 보육교사들 경력증명서를 발급하는 곳이다.	 이곳에는 보육교사들의 주민번호, 주소, 관내 어린이집에 다니는 아동과 보호자의 정보도 있었다.	 더 놀라운 건 강씨가 이 시스템에 들어가 교사는 물론, 어린이 신상까지 조회했다는 것이다.	 표창원 의원은 “개인정보 탐지만 하면 언제든지 당신 자녀 해칠 수 있으니 요구한 걸 내놓으라 하는 거다.	 유괴범죄나 마찬가지다”고 말했다.	 조주빈의 다른 조력자 최씨는 서울 송파구 한 주민센터에도 있었다.	 허드렛일을 했던 최씨 역시 그곳에서 민감한 신상정보를 얻어냈다.	 조주빈이 이들을 어떻게 만났는지에 대한 궁금증도 모아진다.	 강씨 지인은 ""알바를 찾다가 돈을 많이 준다 하니 n번방에 들어가 1대1로 대화를 했던 거다""고 전했다.	 조주빈은 공개된 커뮤니티에 공고글을 올려 이들을 낚았다.	 조주빈은 한 번 개인정보를 조회할 때마다 최대 50만원까지 준다고 유혹했다.	 노골적으로 신상 도둑을 찾은 셈이다.	 그런데 여기서 가장 이해할 수 없는 대목이 있다.	 정식 공무원에게만 있는 개인 신상정보 접근 권한이다.	 어떻게 공익근무요원이 당당히 신상 도둑이 될 수 있었을까.	 공무원 관계자는 처음에 강씨가 자리를 비운 사이 몰래 본 거라 해명했지만 경찰 조사가 시작되자 놀랍게도 아이디와 패스워드를 줬다고 진술했다.	 신상 조회를 도둑에게 통째로 맡긴 것이다.	 이에 대해 한 관계자는 “우리도 황당하다.	 그런 생각을 추호도 생각을 안했던 거다”고 털어놨다.	강씨에 대해 더 알아봤다.	 강씨는 학창시절부터 이상 증세를 보였다.	 한 여교사에 대한 의존이 집착으로 이어졌고 고교 자퇴 이후 해당 교사에 대한 끔찍한 협박을 시작했다.	 강씨는 학교에 커터칼을 들고 찾아오는가 하면 아파트 복도에 빨간색 글씨로 낙서하고 가는 등 협박을 계속했다.	 자신의 신상 정보로 협박을 당하는가 하면 아이까지 위협당하는 상황에 해당 교사는 강씨의 신상을 공개해야 한다며 국민 청원을 올렸다.	 더 놀라운 건 강씨가 구청 근무 2년 전 수원 의료원에서 사회복무요원으로 근무할 때도 똑같은 일로 사고를 쳤다는 점이다.	 당시 원무부에서 스캔 업무를 봤던 강씨는 의료진 업무용 컴퓨터에서 해당 교사를 검색해 그녀가 건강검진을 받았던 사실을 알아냈고, 병원 관계자들도 출입이 엄격히 제한된 서고에서 교사의 서류를 추가로 뽑아내는데 성공했다.	결국 강씨는 2018년 상습 협박, 개인정보 보호법 위반 혐의로 재판장에 섰다.	 당시 검찰은 강씨에게 2년 6개월을 선고했지만 강씨는 최종적으로 징역 1년 2월형을 선고받고, 다시 사회복무요원으로 돌아왔다.	 스토커의 귀환이었다.	 강씨가 감형된 이유는 반성문 때문이었다.	 강씨는 수감중에도 계속 피해교사에게 협박편지를 보냈다.	 다시 구청에 배치된 뒤엔 아이디와 비번까지 손에 쥐고 협박 수위를 높였다.	 신상 유출과 협박으로 실형을 살았던 스토커가 사람들의 신상을 다루는 구청에서 다시 근무할 수 있었다는 점은 모두를 경악케 했다.	 이와 관련, 관계자는 ""재복무를 가정복지과에서 배치한 거다.	 만약 범죄 경력을 통보했다면 그런 업무에서 배제했을텐데""라며 병무청이 행정기관에 알려주지 않은 것을 지적했다.	 반면 병무청 부대변인은 ""2013년 이런 부분을 요청했는데 정보 주체의 사생활 등 기본권 침해가 우려된다고 복무기관에 제공할 수 없다고 통보했다.	 우린 복무기관에 제공할 법적 근거가 없는 거다""고 밝혔다.	 충분히 강씨가 범죄 행각을 멈출 수 없는 기회는 있었는데 이같은 절차상 문제는 처참한 결과를 낳고 말았다.	   박아름 jamie@기사제보 및 보도자료  copyrightⓒ  ."
"‘그알’ 전주 연쇄살인범 최신종, 과거 행적이 더 충격(종합)","최신종의 과거가 충격을 안겼다.	 6월 6일 방송된 SBS '그것이 알고 싶다'에서는 전주 연쇄 살인 사건의 범인 최신종에 대해 파헤쳤다.	 전주에 살고 있던 34살 김종희씨는 지난 4월 14일 집을 나선 후 사라졌다.	 평소 자주 연락하던 지인 대부분 화요일 밤 이후로 김종희씨와 연락이 두절됐다고 말했다.	 친구들의 연락을 받고 김종희씨 집을 찾아간 오빠.	 주인 없는 집에는 4일째 불이 켜져 있었고 먹다 남은 간식도 그대로였다.	 여동생에게 무슨 일이 생겼으리라 확신한 오빠는 경찰에 신고했고 이튿날 경찰은 집 주변 cctv에서 종희씨 모습을 확인했다.	 4월 14일 밤 집 앞 골목을 누군가와 통화를 하며 걸어간 김종희씨는 검은색 승용차에 올라탔다.	 차량 운전자는 김종희씨는 친구의 남편 최모씨였다.	 경찰 조사에서 그는 용건이 있어 종희씨를 만났으나 이후 행적은 모른다고 밝혔다.	 그런데 얼마 후 부산에서 접수된 실종사건 공조 요청이 들어왔다.	 부산 실종 여성 아버지 박모씨는 4월 중순 집을 나선 딸이 전주에서 사라졌다고 밝혔다.	 평소 아빠에게 자신의 행선지를 꼭 이야기 했다는 딸 박다은씨.	 다은씨를 마지막으로 목격한 사람은 함께 전주로 놀러온 친구였다.	 두 사람은 18일 밤 전주 한옥마을에서 헤어졌다고 했다.	 그런데 공교롭게도 박다은씨 실종사건에도 검은색 승용차가 등장했다.	 김종희 씨는 14일 밤, 박다은씨는 18일 밤 각각 사라졌다.	 두 사람 마도 검은 색 차량에 올랐다.	 실종사건 수사는 검은색 차량 운전자에게 집중됐다.	 사건 당일 김종희씨와 만나 이야기를 나누고 헤어졌다는 친구의 남편 최씨.	 경찰은 이상한 점을 포착했다.	 경찰이 한 마트 앞 CCTV 속 영상에는 검은 차량에서 내린 김종희씨의 모습이 담겨있다.	 그런데 조수석 문을 열고 나오던 그녀가 다시 차안으로 들어가고 차량은 황급히 유턴하고 어디론가 떠나버렸다.	 이 CCTV 영상을 근거로 김종희 실종사건 용의자로 최씨가 체포됐다.	 그리고 4월 23일 전주에서 멀지 않은 임실군 하천에서 그녀가 시신으로 발견됐다.	 슬리퍼만 신고 집을 나선지 9일만의 일이었다.	 그로부터 19일 후인 지난 5월 12일 완주군 한 복숭아 밭에서도 시신이 발견됐다.	 부산 실종 여성 박다은 씨였다.	 용의자 최씨는 피해자 시신이 발견된 후에야 자신의 혐의를 인정했다.	 두 사건 모두 차안에서 벌어졌다.	 두 사람을 목 졸라 살해하고 시신을 유기했다.	 이후 경찰은 전주 연쇄살인사건 피의자 31살 최신종의 신상을 공개했다.	 경찰이 신상을 공개한 것은 범행의 잔인성이 인정되고 물적 증거가 충분히 확보됐기 때문이다.	 최신종은 1차 사건은 자신을 무시한 듯한 발언을 해 우발적으로 살해했으며 우울증 약에 취해 범행 과정이 기억나지 않는다고 주장하고 있다.	 전주 여성 연쇄 살인사건 피의자가 최신종이라는 사실이 밝혀진 후 그와 알고 지내던 이들은 큰 충격에 빠졌다고 밝혔다.	 직장 동료는 ""내 기억에는 폭력성이나 사회에 적응 못하는 친구라는 생각은 가진 적이 없다"", ""밝고 착하고 가정적이었다.	 처음엔 누명쓴거 아닐까 생각까지 했다""라고 말했다.	 그런데 정반대의 이야기를 들려준 사람들도 있다.	 동창들은 ""생각보다 늦었다고 생각했다.	 처음으로 칼을 들이댄 게 고1 때였다.	 자기가 화나는 일 있을 때마다 칼을 샀다.	 신문지에 칼을 싸와서 들이댔대"", ""좋게 이야기 하고 끝낼걸 피터질 때까지 때려야 화가 풀렸다.	 흥분하면 절제가 안됐다"", ""좋게 이야기 하는데 갑자기 짜증난다고 했다.	 이유가 없이 구타하는거다""고 밝혔다.	 아무도 말리지 못할 정도로 폭력성이 터져나올 때가 있었다는 것.	 1차 피해자 김종희 씨는 갑상연골과 경추에서도 출혈이 있었다.	 목조름 외에도 강한 제압이 있었을 거라는 분석이다.	 대체 무슨 원한이 있어 피해자들을 해쳤던 것일까.	 1차 피해자 김종희씨와 최신종 아내는 오랜 친구 사이다.	 평소 돈 문제로 갈등이 많았던 최신종 부부에게 금전적 도움을 줄 정도로 친한 사이였다.	 사건 당일 4월 14일 최신종의 전화를 받은 사람은 김종희 씨 뿐이 아니었다.	 최신종 지인들은 14일 최신종에게 돈을 빌려달라는 전화를 받았다고 밝혔다.	 최신종은 사건 일주일 전부터 주변에 돈을 빌리고 있었다고.	 14일 오후 11시 16분.	 1시간 후 찍힌 CCTV에는 조수석이 뒤로 젖혀있었고 김종희 씨 모습은 보이지 않았다.	 이 사이에 최신종이 김종희 씨를 살해한 것으로 보인다.	 그런데 김종희 씨 동생에 따르면 김종희 씨는 매일 천원씩 들고 있던 적금이 긴급 출금됐고 김종희씨 모바일 계좌 잔액도 최신종에게 이체됐다.	 15일 밤 12시 6분 출금된 것으로 확인됐다.	 이후 최신종은 집으로 가 아내에게 현금 40만원과 금팔찌 하나를 건넸다.	 김종희 씨가 차고 다니던 팔찌였다.	 최신종은 중고나라에서 산 것처럼 꾸며 선물로 아내에게 준 것.	 당시 차 트렁크에는 김종희씨 시신이 실려있던 상황이었다.	 김종희 씨가 최신종에게 스스로 돈을 준 것이라면 김종희씨는 돈을 건네고 6분만에 살해 당한게 된다.	 김종희씨를 만나기 전 최신종은 이미 편의점에서 커터칼을 구매하는 모습이 포착된 상황이었다.	 2차 사건의 범행 또한 상식적으로 이해되지 않는다.	 박다은 씨 시신이 발견된 무렵 최신종은 이미 1차 사건 피의자로 구속된 상황이었다.	 경찰을 만나 참고인 진술을 한 최신종은 그날 밤 차를 타고 나가 2차 사건을 벌인 것이다.	 박다은 씨는 랜덤 채팅 어플을 통해 최신종을 만났다.	 박다은씨를 차에 태운 최신종은 그길로 전주 시내를 빠져나갔다.	 50여분 후 한 주유소 CCTV에는 최신종이 박다은 씨를 무자비하게 폭행하는 모습이 포착됐다.	 이날 난생 처음으로 만난 두 사람을 원한 관계로 보긴 어렵다.	 피해자를 만나 살해하고 유기하기까지 2시간도 채 걸리지 않았다.	 박다은 씨 시신을 아무렇게나 복숭아 밭에 던져둔 최신종은 응급실에서 상처를 치료하기도 했다.	 1차 사건으로 경찰 조사를 받은 후 벌였던 2차 사건을 살펴보면 살인을 저지르고 시신을 유기한 시간이 한층 더 짧아지고 대담해졌다.	  전문가들은 최신종에게 가장 두드러지는 특징이 강한 충동성이라고 분석했다.	 눈 앞에 있는 대상에 순간의 감정을 충동적으로 해소해버린다는 것이다.	 포악하고 충동적인 반면 이성적 판단과 주도면밀함과는 거리가 멀다는 것이다.	 최신종 지인은 ""그날 밤 종희한테 수지한테 문자가 왔다고 했다.	 남자친구랑 있는데 우리 집으로 오라고 했다.	 그때 시간이 신종이한테 그런 일이 일어날 때쯤김종희씨가 사망한 날 김종희씨로부터 이상한 문자를 받은 친구가 있었다.	 평소 SNS 메신저를 쓰는데 이날따라 문자를 보냈다는 김종희씨.	 전화도 받지 않고 보낸 3통의 문자 내용은 '우리 집에 와달라'는 것이었다.	 그것은 누가 보낸 메시지였을까.	 친구가 이 문자를 받은 시간은 14일 오후 11시 30분께였다.	 김종희씨 살해 후 최신종이 직접 문자 메시지를 보냈을 가능성이 높다.	 최신종 지인은 ""종희가 최근에 이사를 갔다.	 수지는 그걸 모르고 있었다.	 종희가 보낸 문자는 아니었을 것""이라고 말했다.	 최신종은 또 김종희씨 시신을 유기하고 집에 도착하기 아내의 친구이기도 한 이 친구에게 아내가 가출했다며 도움을 요청하는 전화를 했다고 한다.	 '그것이 알고 싶다' 제작진은 취재 중 최신종이 여성들과 법적 다툼이 있었다는 사실을 들을 수 있었다.	 지난해 한 유흥업소 주인에게 사건을 중재해달라고 부탁했다는 최신종.	 집행유예 중 성추행 사건에 연루됐다고 한다.	 신호철 씨는 최신종 부부와 오랜 지인이었던 아내가 최신종에게 성추행을 당했다고 했다.	 당시 부부 사이가 좋지 않아 상의하겠다고 찾아온 최신종은 신씨 아내와 술깨는 약을 사러 편의점에 나갔고 잠시 대화를 나누자며 아내를 차에 데려갔다.	 피해자는 ""가정에 대한 이야기를 하다가 갑자기 나한테 '나는 네가 예전부터 여자로 느껴졌어'라고 하더라.	 날 팍 안고 뽀뽀를 하려고 하다 몸부림치니까 키스를 하려고 했다.	 놀라고 어이가 없었다""고 회상했다.	 신씨 부부가 고소를 한다고 하려 하자 최신종 부부가 사과한다며 찾아왔고 최신종의 아내가 화를 내며 최신종의 머리를 컵으로 내려치는 일도 있었다.	 고소가 진행되자 그때부터 최신종은 고소를 취하하라며 부부를 괴롭혔다.	 집행유예 기간 중 벌어진 성추행 사건, 결국 최신종은 합의를 통해 자신의 죗값을 가볍게 만들었다.	 최신종은 2012년 대체복무 중 구속된 사건도 있었다.	 당시 23살이었던 최신종의 죄명은 상해와 협박, 특수강간, 상해죄였다.	 피해자는 당시 여자친구와 여자친구의 가족들이었다.	 헤어지자는 여자친구를 차에 가둔 채 밤새 폭행과 살해 위협을 했고 자해도 서슴지 않았다.	 급기야 피해자를 흉기로 위협해 성폭행을 저질렀고 피해자 가족도 협박했다.	 이런 전력이 이번 연쇄 살인사건과 무관하다 할 수 있을까.	 최신종의 과거를 안다는 한 제보자는 ""그때 엄청 술 먹이고 강간도 하고 그런게 이미 중학교 때부터 있었다""고 밝혔다.	 그는 ""내가 아는 것만 해도 네다섯명 이상 됐다.	 저희한테 '나 얘 기절시키고 했다'라고 했고 여자애들도 나중에 울면서 얘기한 적이 있다""고 말했다.	 '그것이 알고 싶다'에 연락온 한 제보자는 ""원치 않은 상황이라 기억을 안하려 했는데 난 그 사람에게 사과를 받지 않았다.	 받고 싶지도 않다.	 처벌을 받았으면 좋겠다""고 말했다.	 그녀는 최신종에게 10대 시절 성폭행을 당한 피해자라고 했다.	 친구들과 여럿이 있었던 가운데 최신종이 강제로 그녀를 성폭행 했다고.	 주변에 친구들도 있었지만 최신종이 거센 힘에 당할 수 밖에 없었다.	 피해자는 ""그때 어리기도 했고 최신종은 이미 전주에서 나름대로 소위 잘나가는 친구였다.	 신고해도 처벌받는 기간도 짧고 안 받을 수도 있다.	 집행유예 이런걸로 나오면 그게 무서웠다.	 얘를 신고하고 싶어도 얘가 감옥에 갈거라 생각을 안했다""고 털어놨다.	 중학교 때까지 전도유망한 씨름선수였고 한 가정의 가장이자 직장 생활도 성실하게 했던 최신종.	 10대 시절부터 20대 초반이던 시절, 지난해 성추행과 이번 살인사건까지 최신종은 오랜 시간 성폭력과 폭력 사건의 가해자였다.	 그런데 주변 사람들은 이런 이력을 잘 모르고 있었다.	 지은 죄가 경미했기 때문이었을까.	 그는 어떤 처벌을 받아왔을까.	 최신종은 아내의 약을 과다섭취하거나 번개탄을 사들고 유서를 남겼다.	 죄책감 때문에 극단적 선택을 하려 했다는 것이다.	 최신종의 약물 복용과 자해소동은 낯설지 않다.	 8년 전 특수 강간 사건에서도 비슷한 장면이 있었다.	 여자친구와의 이별로 인한 우울증 증세를 겪어 수면제 70알을 먹고 자살 기도를 했고 불안한 심리 상태를 적극적으로 어필했다.	 최신종 지인들은 ""우리랑 놀았던 애들은 수면제를 거의 다 그렇게 먹었다.	 수면제가 아니고 수면 유도제다"", ""그게 유행이었다.	 담배 여덟게 빨리 피기 수면제 30알 먹고 위세척 안하기 그런 내기를 했다.	 자실시도가 아니라 내기를 한 것이었을 것""이라고 말했다.	 최신종은 과거 특수강간으로 집행유예 5년을 선고받았다.	 재판부는 왜 선처를 베풀었던 것일까.	 23살 당시 최신종에게는 벌금형 외 실형 전과가 없었고 피해자와 합의를 한 점이 중요하게 작용했다.	 2017년까지 집행유예 기간이었던 2015년 대형마트 절도죄로 3년 6개월의 징역형이 확정됐다.	 그러나 재심을 통해 징역 3년, 집행유예 4년이라는 새로운 재판 결과가 내려졌고 최신종은 출소했다.	 최신종은 특수 강간과 마트 절도 사건 당시 총 7장의 반성문의 써내고 피해자와 합의했다.	 한 변호사는 ""피해자 합의가 진짜 의미가 있으려면 피해자가 진심으로 용서했을 때여야 한다.	 근데 피해자는 가해자에게 납치됐던, 칼로 협박받았던 사람이다.	 저쪽에서 합의 제안이 들어왔을 때 끝까지 거부하기가 쉬웠을까""라고 말했다.	 반성문에 대한 지적도 있었다.	 한 변호사는 ""구치소에서 반성문 잘 쓴는 사람이 인기가 많다.	 대필업체도 성행하는 걸로 안다.	 피해자들이 이런 걸 확인하고 반박할 기회가 없다.	 피해자들은 반성문 열람 기회도 없다""고 비판했다.	 이수정 교수는 ""양형 판단 과정을 악용하고 감형인자를 수단과 방법을 안 가리고 취하기 위한 악의적인 접근을 하는 피고인들에 대해 재판부가 고려할 수 있어야 하는 것 아니냐""라고 지적했다.	   이민지 oing@기사제보 및 보도자료  copyrightⓒ  ."
"손석희 측 “조주빈 협박에 가족 불안감, 증거 확보 위해 금품전달”(공식입장 전문)","손석희 JTBC 사장이 '박사방' 조주빈 발언에 입장을 밝혔다.	 JTBC는 3월 25일 공식 보도자료를 통해 조주빈이 손석희 사장을 협박했다는 보도에 대한 손석희 사장의 입장을 전했다.	 조주빈은 손석희 사장과 갈등을 빚었던  의 의뢰를 받은 척 속이고 손석희 사장을 협박한 것으로 알려졌다.	 손석희 사장 측은 ""박사방 조주빈은 당초 손석희 사장에게 자신이 흥신소 사장이라며 텔레그램을 통해 접근했다.	 손사장과 분쟁 중인 K씨가 손사장 및 그의 가족들을 상대로 위해를 가하기 위해 행동책을 찾고 있고 이를 위해 본인에게 접근했다고 속였다.	 그러면서 자신이 직접 K씨와 대화를 나눈 것처럼 조작된 텔레그램 문자 내용을 제시했다""고 밝혔다.	 이어 ""텔레그램 내용은 매우 정교하고 치밀하게 조작돼 있어서 이를 수사하던 경찰마저도 진본인 줄 알 정도였다""며 ""이 때문에 한동안 손석희 사장과 가족들은 불안감에 떨었다.	 이미 손석희 사장의 가족들은 태블릿 PC 보도 이후 지속적인 테러 위협을 받은 바 있어 늘 민감할 수 밖에 없었다""고 전했다.	 손석희 사장 측은 ""손석희 사장은 아무리 K씨와 분쟁중이라도 그가 그런 일을 할 사람이라고는 믿기 어려워 사실이라면 계좌내역 등 증거를 제시하라고 했다.	 조주빈은 금품을 요구했고, 증거확보를 위해 어쩔 수 없이 손석희 사장이 이에 응한 사실이 있다""며 ""그러나 조주빈은 결국 요구한 증거들을 제시하지 않고 잠적한 후 검거됐다""고 덧붙였다.	 JTBC 측은 ""손석희 사장과 그 가족의 입장을 이해하고 지지하며 향후 대응 역시 적극 지지할 것""이라고 전했다.	 다음은 손석희 사장 측 공식입장 전문이다.	 박사방 조주빈 발언에 대한 JTBC 손석희 사장의 입장을 밝힙니다.	박사방 조주빈은 당초 손석희 사장에게 자신이 흥신소 사장이라며 텔레그램을 통해 접근했습니다.	 그리고 손사장과 분쟁 중인 K씨가 손사장 및 그의 가족들을 상대로 위해를 가하기 위해 행동책을 찾고 있고 이를 위해 본인에게 접근했다고 속였습니다.	 그러면서 자신이 직접 K씨와 대화를 나눈 것처럼 조작된 텔레그램 문자 내용을 제시했습니다.	조주빈이 제시한 텔레그램에는 K씨가 손석희 사장이나 가족을 해치기 위해 자신에게 이미 돈을 지급했다는 내용들이 있었습니다.	 텔레그램 내용은 매우 정교하고 치밀하게 조작돼 있어서 이를 수사하던 경찰마저도 진본인 줄 알 정도였습니다.	 이 때문에 한동안 손석희 사장과 가족들은 불안감에 떨었습니다.	 이미 손석희 사장의 가족들은 태블릿 PC 보도 이후 지속적인 테러 위협을 받은 바 있어 늘 민감할 수 밖에 없었습니다.	그와 별개로 손석희 사장은 아무리 K씨와 분쟁중이라도 그가 그런 일을 할 사람이라고는 믿기 어려워 사실이라면 계좌내역 등 증거를 제시하라고 했습니다.	 이에 조주빈은 금품을 요구했고, 증거확보를 위해 어쩔 수 없이 손석희 사장이 이에 응한 사실이 있습니다.	 그러나 조주빈은 결국 요구한 증거들을 제시하지 않고 잠적한 후 검거됐습니다.	위해를 가하려 마음먹은 사람이 K씨가 아니라도 실제로 있다면 설사 조주빈을 신고해도 또 다른 행동책을 찾을 가능성이 있다고 봤기에 매우 조심스러웠고, 그래서 신고를 미루던 참이었습니다.	 정말 혹여라도 그 누군가가 가족을 해치려 하고 있다면, 그건 조주빈 하나만 신고해선 안 될 일이었습니다.	 그래서 더 근거를 가져오라고 했던 것이기도 합니다.	물론 흥신소 사장이라고 접근한 사람이 조주빈이라는 것은 검거 후 경찰을 통해 알게 됐습니다.	이상이 손석희 사장의 입장입니다.	JTBC는 손석희 사장과 그 가족의 입장을 이해하고 지지하며 향후 대응 역시 적극 지지할 것입니다.	  이민지 oing@기사제보 및 보도자료  copyrightⓒ  ."
김성준 전 앵커 몰카 피해자 더 있었나 ‘충격’,"김성준 전 SBS 앵커의 몰카 피해자가 최소 7명인 것으로 알려졌다.1월 23일 국민일보는 ""검찰 공소장에 따르면 김성준 전 앵커는 지난해 5월부터 7월까지 9회에 걸쳐 피해자 최소 7명을 불법 촬영했다""고 보도했다.	 김성준 전 앵커는 지난해 7월 3일 서울 영등포구청역에서 여성의 하체를 몰래 촬영한 혐의를 받고 있다.	 그러나 김성준 전 앵커는 지난해부터 서울 용산구 지하철 내부, 서초구 한 건물 에스컬레이터, 영등포구청역 승강장 등에서 반바지나 치마를 입은 여성들의 하의를 불법 촬영한 것으로 알려졌다.	 지난해 경찰에 현행범으로 체포된 김성준은 초반 범행 사실을 부인했으나 휴대전화에서 몰래 찍은 여성의 사진이 발견됐다.	 뿐만 아니라 압수한 김성준 전 앵커의 휴대전화에서 불법 촬영 사진이 추가로 확인됐다.	 최근 서울남부지법 형사13단독에서 진행된 김성준 전 앵커의 성폭력범죄의 처벌 등에 관한 특례법위반 사건 공판에서 검찰은 징역 6개월 형을 구형했다.	   이민지 oing@기사제보 및 보도자료  copyrightⓒ  ."
"‘그것이 알고 싶다’ 침대 위의 살인자, 관악구 모자 살인사건","미스터리로 남은 살인사건을 파헤친다.	 3월 7일 방송되는 SBS ‘그것이 알고 싶다’ 에서는 관악구 모자 살인사건의 미스터리를 추적한다.	 # 관악구 재개발지역에서 일어난 한여름 밤의 비극예의 바르고 따뜻해 사람 좋기로 소문난 은정 씨에게는 이제 막 여섯 살이 된 사랑스러운 아들 민준 군이 있었다.	 이웃들은 항상 붙어 다녔던 모자의 다정한 모습을 여전히 기억하고 있다.	 은정 씨 동네는 오래된 주택들이 가득한 재개발지역으로, 살고 있던 그녀의 빌라도 곧 철거될 예정이었다.	 그렇게 이웃 주민들이 하나 둘 씩 떠나가고 은정 씨도 새로 이사 갈 곳을 알아보던 참이었다.2019년 8월 22일, 어머니와 함께 집을 보러 가기로 한 은정 씨가 온종일 연락이 되지 않았다.	 친정 식구들은 전날 밤 보냈던 문자에도 답이 없던 은정 씨가 걱정되어 오후 9시께 은정 씨 빌라를 찾아갔다.	 하지만 불은 모두 꺼져있었고, 안에서는 아무런 인기척도 느껴지지 않았다.	 오후 11시께 우여곡절 끝에 문을 열고 들어간 가족들.	 후덥지근한 공기로 가득 차 있던 집안에서 묘한 서늘함이 느껴졌다.	 그렇게 은정 씨와 여섯 살배기 아들 민준 군은 낯선 방문자가 다녀간 밀실에서 살해된 채 발견되었다.	# 그리고 아무런 흔적도 남기지 않은 채 사라진 범인참혹한 모자의 상태에 누구도 말을 잇지 못했다.	 발견된 은정 씨는 아이 쪽을 바라보며 모로 누워있었고, 거꾸로 누운 어린 아들의 얼굴 위에는 베개가 덮여있었다.	 부검 결과 두 사람의 사인은 모두 목 부위의 다발성 자창.	 은정 씨는 무려 11차례, 민준이는 3차례에 걸쳐 목 부위를 집중적으로 피습 당한 상태였다.	 몸에 별다른 방어손상이 발견되지 않았고, 둘 다 잠옷을 입은 채 발견된 점으로 보아 누군가 잠든 모자의 목 부위만을 고의로 노려 단시간에 살해한 것으로 추정됐다.	역대 최다 인원으로 투입된 경찰들, 한 달에 걸쳐 시행된 17번의 현장 감식에도 외부침입의 흔적과 지문 및 족적 등 범인을 찾을만한 단서는 나타나지 않았다.	 게다가 침대 위 상당한 양의 피에도 불구하고, 세면대 배수구와 빨래바구니 안의 수건에서만 모자의 적은 혈흔이 발견되었을 뿐이었다.	 침대 바닥이나 거실 등 집안 그 어디에서도 제삼자의 핏자국을 찾아볼 수 없었다.	 모자를 살해하고 피가 묻은 손을 씻은 뒤, 어떠한 흔적도 남기지 않고 현장에서 유유히 빠져나간 범인.	.	.	 은정 씨뿐 아니라 겨우 여섯 살 된 민준 군마저 잔혹하게 살해한 사람은 누구일까?	# 사건 발생 50일째 체포된 용의자의 정체그런데 2019년 10월 초, 경찰이 50여 일 만에 용의자를 체포했다.	 용의자는 놀랍게도 은정 씨의 남편인 조 씨.	 그는 당시 집이 아닌 작업장에서 생활하고 있었는데, 시신이 발견되기 하루 전날 밤 빌라에 찾아왔던 것으로 확인되었다.	 오후 9시께 집에 방문해 저녁을 먹고 잠들었다가 8월 22일 새벽 1시 반께 아내에게 인사하고 집을 나섰다는 조 씨.	 사건 발생이 가능한 시간대에 빌라를 방문했고 제삼자의 외부침입 흔적이 전혀 없다는 점 때문에 구속되었지만, 그가 작업장으로 돌아온 모습이 찍힌 CCTV에는 별다른 특이점이 없었고 옷과 차량에서도 피해자들의 혈흔은 보이지 않았다.	 게다가 가장 중요한 범행도구도 발견되지 않았다.	 남편 조 씨가 범인이라고 단정할 직접적인 증거는 어디에도 없었다.	 어떻게 처자식을 살해할 수 있냐며 억울함을 호소하고 있는 조 씨.	 은정 씨와 민준 군은 정말 그토록 사랑했던 남편, 아빠에게 살해당한 것일까?	은정 씨 가족들은 유일한 용의자인 조 씨를 의심하며 엄중한 처벌이 내려지길 기다리고 있다.	 반면 범행동기도, 이를 입증할 직접 증거도 없다며 결백함을 주장하고 있는 조 씨의 가족은 방송 직전, 방송금지가처분 소송을 제기했지만 법원은 방송을 허락했다.	   이민지 oing@기사제보 및 보도자료  copyrightⓒ  ."
"‘그것이 알고 싶다’ 흔적없이 사라진 윤남희 실종사건, 범인은?(종합)","윤남희 씨 실종사건이 안타까운 미스터리로 남았다.	 5월 2일 방송된 SBS '그것이 알고 싶다'에서는 자동차 영업사원 윤남희 씨 실종사건에 대해 추적했다.	 2002년 3월, 안산의 한 초등학교 앞에서 승용차 한 대가 발견되었다.	 세워둔 지 오래된 듯 뒷바퀴에는 바람마저 빠져있었고, 차 안에는 누군가의 소지품과 명절 선물세트가 놓여있었다.	 잠시 정차해두고 자리를 비운 듯 가지런하게 놓인 물건들의 주인은 한 달 전 흔적도 없이 실종된 자동차 영업사원 윤남희 씨였다.	설 연휴를 앞두고 있던 2002년 2월 8일 금요일.	 윤남희 씨는 오전부터 둘째 언니를 만나 함께 시장을 보고, 어린이집에 맡겨놓았던 아들을 잠시 데리고 나와 단골 미용실에서 이발도 시켰다.	 이후 윤씨는 사라졌다.	 하루 아침에 증발해버린 아내.	 윤씨의 가출을 의심하던 주위의 시선 역시 남편을 힘들게 했다.	 하지만 윤씨에게는 5년만에 힘들게 얻은 아이가 있었다.	 아이가 돌을 넘었을 때부터 자동차 영업사원으로 일을 시작한 윤남희씨는 열정 넘치는 사원이었다.	 그녀와 함께 사라진 것은 영업을 하던 윤씨가 운전하던 남편의 흰색 소나타 차량.	 그런데 실종 후 한달여만에 안산 한 초등학교 앞에서 차량이 발견됐다.	 그곳에 윤남희 씨는 없었다.	 그렇게 윤씨의 행방이 묘연해진지 벌써 18년이 지났다.	 둘째 언니는 ""텔레뱅킹 해서 동생 통장 비밀번호를 안다.	 확인했더니 돈이 빠져나가더라.	 바로 신고를 했다""고 말했다.	 실종 다음날 돈이 빠져나간 흔적을 발견한 것.	 윤씨 가족은 어렵게 돈이 빠져나간 시간 은행 CCTV를 확인했다.	 윤씨의 계좌에서 돈을 빼간 사람은 윤씨가 아닌 낯선 남자였다.	 남성 최씨는 이 남성의 존재를 알게 된 순간부터 윤씨에게 큰일이 생겼음을 확신했다.	 가족들 누구도 알지 못한다는 이 낯선 남성은 누구일까.	 윤남희 씨가 사라진 그 날은 설 연휴를 앞둔 금요일이었다.	 윤씨가 마지막으로 통화한 사람은 회사 선배였다.	 선배는 ""회식인데 고객이 보자고 했다고, 시간이 겹쳐서 조금 늦을 것 같다 했다""고 말했다.	 그 통화를 마지막으로 윤씨의 휴대전화 전원이 꺼졌다.	 윤씨와 선배의 마지막 통화 시간은 2월 8일 오후 4시50분, 남성이 윤씨 통장에서 현금을 인출한 것은 9일 오전 11시 15분이었다.	 윤남희씨가 사무실에서 나간 후 처음 카드가 사용된 것은 8일 오후 10시30분무렵 편의점 현금지급기에서였다.	 윤씨가 남편 카드와 자신의 카드에서 인출한 금액은 230만원이었다.	 CCTV가 없던 탓에 누가 인출했는지 알 수 없다.	 이후 오후 10시35분께 남편 카드로 2만원어치를 주유했다.	 주유소 역시 CCTV가 없었고 기억하는 직원도 없었다.	 다음날 의문의 남성이 은행 2곳에 들러 현금 280만원을 빼갔다.	 CCTV 속 남성을 찾기란 쉽지 않았다.	 경찰 역시 현상금을 걸고 제보를 기다렸지만 사건은 미궁 속으로 빠졌다.	 사건 두달여무렵 CCTV 속 남성의 모습이 전국의 TV를 통해 공개됐다.	 놀랍게도 뉴스 방송 후 CCTV 속 남성 이모씨가 직접 경찰서를 찾아왔다.	 그런데 왜 아직까지 실종 사건이 마무리 되지 않았을까.	 '그것이 알고 싶다'와 만난 이씨는 ""난 아무것도 모른다.	 내가 자수를 했다.	 작은 아버지가 너 누구 납치했냐고 하더라.	 돈 찾는것 내가 봐도 범인 같다""고 말했다.	 당시 이씨는 콜때기라 불리는 불법 자가용 택시 영업을 했다고 했다.	 이씨는 ""돈 찾는 심부름을 했다.	 모텔에 갔더니 문을 다 열지 않고 메모지랑 카드를 주고 돈을 뽑아오라 했다.	 목소리도 못 들었다.	 난 의심을 전혀 안했다.	 근데 빨리 돈 받고 집에 가서 쉬어야겠다는 생각만 했다""고 주장했다.	 박지선 교수는 이씨에 대해 ""모텔에서 심부름 하고 받는 사람의 태도나 옷차림새에 대해 여과 없이 본인이 기억하고 있는 인상 그대로 이야기 하고 있다.	 특별히 본인이 뭘 숨긴다거나 그렇게 보이진 않는다""고 분석했다.	 이씨는 ""묵는 사람 같진 않다 모자 쓰고 옷을 다 갖춰입은 상태였다.	 .	 막일꾼 작업복 같았다.	 키가 작고 왜소하고 나이가 있어 보이는 노숙자 같은 스타일이었다""고 말했다.	 당시 이씨의 증언으로 몽타주도 만들어졌다.	 경찰 조사 결과, 윤씨가 사라진 당일 오전 11시30분과 오후 3시, 같은 공중전화로 윤씨에게 전화를 걸었다.	 이후 윤씨는 고객을 만나겠다며 나갔다.	 윤씨 사무실에서 3km 정도 떨어진 곳에 있던 공중전화였다.	 그런데 차량 속에서 발견된 윤씨의 업무수첩 속에서 의미심장한 메모가 발견됐다.	 수첩 속 마지막에 '홍기찬 서수원전화국'이라고 적혀있었다.	 그날 두 번 걸려온 공중전화는 서수원전화국 앞에 있던 공중전화였다.	  그날 서수원전화국 앞 공중전화에서 윤씨에게 전화한 홍기찬은 누구일까.	 수많은 홍기찬을 조사했지만 범죄 혐의가 의심되는 인물은 찾지 못했다.	 전문가들은 ""가명이었을 개연성이 높다.	 범죄를 저지를 때 자기 이름을 대고 할 사람이 누가 있겠냐"", ""상상해서 갑자기 댈 수 있는 일반적인 이름은 아니다.	 이 이름을 아는 사람이면서 홍씨라는 이름이 노출 돼도 크게 나한테 타격이 없을 정도의 관계를 가진 사람이다.	 가까운 사람은 아니고 한동안 일한 경험이 있거나 더이상 일하지 않거나 하는 사람""이라고 분석했다.	 실종 당일 저녁 윤남희씨 핸드폰을 타인이 사용한 흔적이 포착됐다.	 누군가 윤씨의 휴대전화로 두명의 사채업자에 전화를 걸어 카드깡을 문의했다는 것이다.	 공중전화로 윤남희씨를 불러내고 윤씨의 전화로 카드깡 문의를 하고 윤씨의 카드로 돈을 찾아오라고 시킨 사람은 누구일까.	 윤남희 씨의 생활반응은 지금까지 전혀 나타나지 않고 있고 그녀는 장기 실종자로 남아있다.	 남편 최씨가 실종된 윤씨를 찾는데 집중하는 동안 당시 22개월이었던 아들 준영씨는 윤씨의 둘째 언니가 돌봤다.	 언제쯤 아들의 추억들을 동생에게 전해줄 수 있을까.	 용의자의 첫번째 행적은 서수원전화국 앞 공중전화에서 시작된다.	 윤씨가 남긴 메모를 볼 때 용의자는 먼저 이곳으로 윤씨를 유인했다.	 두차례나 전화하며 윤씨를 불러낸 가해자만 피해자를 알고 있는 일방적 면식범일 가능성이 높다고 한다.	 당시에는 영업사원들이 생활정보지에 정보를 공개하며 홍보하는 일이 흔했기 때문에 가능한 일이었을 터다.	 전문가들은 윤씨 카드 비밀번호가 맞는지 확인하기 전까지 살아있었을 가능성이 높다고 분석했다.	 이를 위해 최소 2명 이상이 범행에 가입했을것이라고.	 용의자들이 처음 돈을 인출한 곳은 주유소에 딸린 편의점 현금인출기였다.	 정작 주유를 한 곳은 그곳에서 3km 정도 유턴해야 가야 하는 곳이었다.	 첫 돈 인출 당시 비밀번호를 확인한 후 피해자 시신처리를 위해 이동했을 것이라는 분석이 나왔다.	 이후 수원 모텔에서 용의자들이 포착됐다.	 돈이 인출한 장소에서 차로 15분 떨어진 곳이었다.	 모텔 맞은 편에는 파출소가 있었다.	 피해자가 함께 모텔에 들어갔을 가능성은 낮다는 분석이다.	 인출 심부름을 했던 이씨는 ""우리 사무실 아는건 보통 술집 아가씨들이다.	 콜을 알 정도면 아무래도 이쪽 바닥을 어느 정도 알아야 하지 않을까.	 노름방 같은 데에서 돈 심부름이 있었다.	 처음 생각한게 노름방 스타일이었다""고 말했다.	 용의자는 6일 뒤 또다시 사채업자에게 전화를 걸어 카드깡을 시도했다.	 이날도 발신지는 수원이었다.	 그런데 실종 9일째 경기도 안산에서 윤씨 휴대전화 발신 신호가 잡혔다.	 윤씨 흔적을 찾기 위해 경찰 병력도 투입됐으나 윤씨를 찾진 못했다.	 이후 윤씨 휴대전화 신호는 끊겼다.	 차량 내부에서는 윤씨의 소지품이 그대로 발견됐다.	 차량 감식에서도 지문, 혈흔, 족적 등 의미있는 감식 결과는 없었다고 한다.	 사건이 벌어진 장소가 윤씨의 차량이 아니라는 의미이다.	 또다른 차량이 있었을 가능성도 제기됐다.	 전문가는 ""전과가 있는 것으로 보이고 특히 영업사원 일을 하는 여성에게 접근해 이런 식의 납치 시도라든지 범행들이 있었을 것으로 보인다""고 말했다.	   이민지 oing@기사제보 및 보도자료  copyrightⓒ  ."
"‘그알’ 제주 변호사 살인사건, 제보자가 살인범? 소름돋는 반전(종합)","이 변호사 살인사건 뒤에 놀라운 진실들이 드러났다.	 6월 27일 방송된 SBS '그것이 알고 싶다'에서는 영구미제 사건인 '제주 이 변호사 살인사건'을 추적했다.	 오늘의 이야기는 두 사람의 제보로 시작됐다.	 한번도 만난 적 없는 그들이 각자 전해온 이야기는 놀랍게도 같은 사건이었다.	 4년 전 '그것이 알고 싶다'와 먼저 소식이 닿았던 이는 어린 시절 아버지를 잃은 아들이었다.	 아버지가 떠나던 해 9살이었던 아들은 어느덧 서른이 되었다.	 아들에게 있어 아버지와의 추억의 장소이자 아버지를 잃은 비극의 무대였던 제주도.	 지난 1999년 11월 5일 새벽, 한 남자가 자신의 차량에서 피를 흘리며 숨진 채 발견됐다.	 현장에 출동했던 이신철 형사는 ""당시 상황을 또렷하게 기억하고 있다.	 충격을 받았다.	 주택가 도로에서 유명한 변호사가 피살 당했다""고 말했다.	 검사 출신인 피해자는 몇년 전 고향으로 돌아와 변호사로 활동하고 있었다.	 검사시절 가난하고 힘든 사람들에게 한없이 마음이 약했지만 옳고 그른 일에는 물불을 가리지 않았다는 이 변호사.	 추미애 법무부 장관 등과 동기인 44살 검사출신 변호사의 죽음은 당시 큰 충격을 안겼다.	 날카로운 흉기에 배와 가슴 등을 공격 당한 이 변호사.	 발견 당시 차 문이 잠겨있었고 금품은 그대로였다.	 그가 마지막으로 휴대폰을 사용한 시간은 새벽 3시12분.	 사건 전날 저녁에 만난 두 사람은 식사를 한 뒤 술집 한 곳을 들렸다.	 술자리에서 먼저 일어난 이는 이 변호사.	 그는 새벽 3시께 나갔고 이후 자신의 차에서 숨진 채 발견됐다.	 이 변호사는 새벽 3시에 동창과 헤어진 뒤 또다른 카페에 전화를 걸었다.	 새벽 3시11분까지 통화가 됐던 그는 4분 뒤 카페 여종업원이 남긴 메시지를 확인하지 않았다.	 동창과 헤어진 뒤 11분간 통화를 한 것으로 보면 그는 밤길을 천천히 걸어 자신의 차로 향한 것으로 보인다.	 하지만 4분 뒤 음성 메시지를 확인하지 못한 상황이다.	 처음에 경찰들은 누군가 이 변호사를 따라나와 공격했을 것이라 추측했지만 당시 수사 관계자는 ""전문가 같이 정확하게 심장을 찔렀다""며 킬러의 소행이라고 말했다.	 부검의였던 강현욱 교수는 ""흉골을 뚫고 들어가 심장까지 이르렀다.	 자입 방향이 거의 수직이었다.	 당시 형사분들과 흉기에 대해 논의를 많이 했다""고 밝혔다.	 그러나 특수한 흉기라 추측될 뿐 흉기를 찾지는 못했다.	 전문가들은 흉골을 뚫을만한 물체를 쉽게 떠올릴 수 없다고 말했다.	 당시 수사기관에서는 피해자가 순식간에 제압된 것으로 보고, 우발적인 살인보다는 치밀하게 계획된 청부살인일 가능성에 무게를 두었다.	 진로에 대한 고민 탓에 사건 1년여전부터 새 사건을 수임하지 않았다는 이 변호사.	 사건 수사가 진척되지 않자 언론의 관심은 생각지 못한 곳으로 향했다.	 의사인 이 변호사의 아내에게 근거 없는 의혹이 이어진 것이다.	 수술실에서 의사들이 사용하는 매스가 흉기였다는 억측도 있었다.	 특히 사건 당일 통화한 여종업원을 두고 치정에 의한 사건 아니냐는 추측까지 나왔다.	 그러나 당시 수사 관계자들은 여종업원들이 이 변호사를 싫어했다고 밝혔다.	 이 변호사의 아내는 부검 후 남편의 시신을 직접 다 봉합한 것으로 알려졌다.	 범인은 이 변호사의 생명 뿐 아니라 가족들의 평범한 삶까지 무참히 파괴했다.	 이 변호사의 아내는 가족의 잃은 슬픔에 오해까지 받은 탓에 제주도를 떠났다.	 새로운 삶을 꿈꾸며 귀향한 이 변호사는 조용히 잠들어 있다.	 그의 죽음은 미스터리로 남았다.	 이 사건의 공소시효는 2014년 11월 4일까지였다.	 2019년 10월, '그것이 알고 싶다'에 제보가 도착했다.	 마치 수수께끼 같은 제보를 통해 한 남자와 연락이 닿았다.	 첩보작전처럼 주어진 시간 안에서만 연결될 수 있었던 수화기 넘어의 남자.	 그는 ""그 오더를 받고 그거를 실행하다가.	 사실 처음부터 죽일 의도는 없었다.	 이 변호사를 혼만 내주라고 오더를 했다""고 말했다.	 '그것이 알고 싶다'는 그의 최초 진술을 공개했다.	 제보자는 해외에 체류 중이라고 했고 '그것이 알고 싶다' 제작진은 그가 있는 곳으로 향했다.	 해외 모처에서 제작진과 만난 그는 ""내가 방송에 나가게 되면.	 제주도는 좁다.	 방송 보면 경찰에서도 알거다""며 걱정을 드러냈다.	 사건은 자신이 속했던 제주도 폭력조직 유탁파와 관련이 있다고 밝혔다.	 유탁파 두목 백모씨에게 호출을 받았다는 그는 ""문제가 있어서 손을 좀 봐야 하는데 동생 하나 시켜서 혼만 좀 내줘라.	 다리에 두 방.	 그 누구도 몰라야 하고 네가 가장 믿을 수 있는 한사람한테 일을 시켜야 한다""는 말을 들었다고 했다.	 부산 출신 '갈매기'와 상의를 했다는 그는 ""갈매기가 '대상이 위험하고 제주 바닥이 다 뒤집힐 사건이다.	 내가 하겠다' 했다""고 밝혔다.	 제보자는 ""지시가 있고 나서 한두달 사이에 그 사건이 터졌다.	 차로 따라다녔다.	 타이밍을 노린거다.	 사람들과 같이 있으면 못하니까.	 몇차례 반복하다가 그날 딱 타이밍이 됐다""고 말했다.	 이어 ""5시 다 돼 전화와서 일이 잘못됐다 하더라""고 덧붙였다.	 30분 뒤 남자의 숙소 빈터에서 갈매기를 만난 후 일이 진짜 잘못됐음을 알았다는 남자.	 제보자는 ""다리는 못 찌르고 상체 몇군데 했는데 잘못된거 같다.	  멱살을 잡더라고 하더라.	 현장을 떠나야 하는데 자꾸 늘어지니까 칼을 한번 찌른 입장에서 벗어나려면 또 찌른거다""고 밝혔다.	 제보자가 뒤늦게 진실을 밝힌 이유는 친구에 대한 미안함이라 했다.	 그는 ""2014년 내가 마카오에 있을 때 제주도에서 자살했다.	 그 친구도 힘들어하다가 자살했다.	 나도 같이 죽인거나 똑같다.	 남을 해하는 행위를 하고 죄책감이 없다는건 인간이 아니다""고 말했다.	 건강이 좋지 않다는 남자는 더 늦기 전에 유족에게도 사과하고 싶다고 했다.	 살인교사범의 고백인 셈이다.	 그의 주장은 어디까지 믿어야 하는 것일까.	 친구 갈매기는 2014년 세상을 떠났다.	 공소시효를 두달 앞두고 스스로 생을 마감했다.	 남자의 말대로라면 사건 관계자들은 모두 유탁파의 일원이다.	 '그것이 알고 싶다' 제작진은 유탁파에 대해 알아보기 위해 퇴직하며 일선에서 물러났지만 여전히 제주도 조폭들에게 악명 높은 강희찬 형사를 찾아갔다.	 조폭과의 전쟁에서 늘 승리했던 그는 전설처럼 남아있다.	 제주도 조직폭력배 명단을 여전히 줄줄히 꿰고 있다는 강희찬 형사는 제보자에 대해 이야기 하자 ""행동대장급이다.	 부산 갈매기라는 놈이랑 둘이 제일 말 안 들었다.	 둘이 친했다""고 말했다.	 과거 발간된 책자에도 유탁파 소속 두 사람의 이름이 확인됐다.	 강희찬 형사는 "" 일찍 돌아가셨다.	 두목급들은 뒤에 물러서 있어서 뭐 잘못하는 걸 보진 못했다.	 밑 사람들이 행동했다""고 말했다.	 제보자는 갈매기가 썼던 흉기에 대해 ""메스 비슷한거다.	 송곳 같은거다""며 그림을 그려가며 설명했다.	 친구 갈매기는 일반적인 칼이 아니라 돌로 갈아 얇게 변형한 흉기를 사용했다는 것이다.	 전문가들은 ""그런 형태의 흉기라는 흉골을 뚫을 수 있다""며 제보자의 진술이 흉기에 대한 의문을 풀어준 것으로 봤다.	 제보자의 말에 따르면 그는 백씨에게 범행을 지시 받고 이를 갈매기에게 전달한 살인 교사범이다.	 그러나 백씨가 범행을 지시한 이유에 대해서는 알지 못한다고 주장했다.	 그는 ""한명을 폭행하라는 오더는 처음이었다.	 사건 수임에 관련해 액션이 필요해서 시킨거라는 생각만 가지고 있었다""고 말했다.	 제보자는 사건 수임에 불만이 있던 누군가가 이 변호사에게 경고의 메시지를 보내기 위해 백씨에게 일을 지시했을 것이라 생각하고 있었다.	 그런데 초동 수사 중 부각됐던 사건이 있었다고 한다.	 이 변호사가 해남지청 검사로 근무할 당시 현직 경찰을 구속 시킨 일이 있는데 공교롭게도 그가 사건 이틀 전 출소했던 것이다.	 당시 용의선상에 올랐던 경찰은 이 변호사를 원망하지 않는다고 밝혔고 사건 당일 알리바이도 확인됐다.	 숨겨져있던 원한 관계를 찾기 위해 수사를 했지만 오히려 드러나는 것은 가슴 따뜻한 미담뿐이었다고 한다.	 행동하는 법조인이었던 이 변호사는 제주 4.3 사건에 대해 관심을 갖고 있었다.	 그는 제주 4.3의 법적 해결책을 제시하고자 강단에 올랐으며, 1998년 제주도지사 선거 때는 한 후보 측으로부터 금품을 받았다는 청년의 양심선언을 돕기도 했다.'	그것이 알고 싶다' 제작진은 신구범 전 제주도지사를 만났다.	 신구범 전 도지사와 숙명의 라이벌로 불리던 경쟁자 A씨는 1998년 제주도지사 선거에서 맞붙은 바 있다.	 결과는 A 후보의 승리였다.	 신구범 전 지사는 사건의 변수가 될 뻔 했다는 한 청년의 양심선언과 이 변호사에 대해 이야기 했다.	 신구범 전 지사는 선거 기간 이 변호사가 직접 선거 캠프를 찾아왔다고 밝혔다.	 결과는 기대와 달랐다.	 그런데 선거가 끝나고 며칠 뒤 예상치 못한 일들이 벌어졌다.	 신구범 전 지사는 ""애월읍 청년회 회장이 A씨에게 800만원을 받았다고 양심 선언했다""고 말했다.	 양심선언 장소에서는 이 변호사도 함께였다.	 그런데 양심선언한 후 그는 사라졌다.	 신구범 전 지사는 ""그 사건이 아무래도 이상하다 했다.	 추적을 해보고 싶다고 했다.	 그런데 자기 자동차에서 변사체로 발견됐다.	 아주 간단한 이야기다.	 이 변호사가 손씨 양심선언 사건을 추적하지 않았더라면 저런 일이 발생했을까 하는거다""고 말했다.	 당시 경찰의 수사는 이 변호사의 경력과 직업에 집중돼 있었다.	 하지만 이 변호사는 사망 1년 전부터 정치와 관련된 일도 하고 있었다.	 당시 이 변호사 사무실 직원이었던 김남근씨는 "" 손씨가 불현듯 부정선거 양심선언을 하겠다고 찾아왔다.	 기자회견 끝나고 검찰에 가기만 하면 되는데 다음날 오지 않았다.	 그 친구 말이 사실이면 선거판이 뒤집어질 수도 있는거니까 변호사님이 움직이셨다""고 말했다.	 손씨의 잠적과 이 변호사 사망 사이에는 1년 5개월이라는 시간 차가 있다.	 '그것이 알고 싶다' 제작진은 수소문 끝에 손씨를 찾았다.	 손씨는 ""내가 양심선언을 왜 했냐면 내가 당시 A후보 선거할 때 나름 큰 위치에 있었다.	 나 때문에 들어와서 도와준 사람들이 한 18명이 됐었다.	 이야기를 했더니 짜증을 내더라.	 그게 싫었던거다""며 이긴 후 태도가 돌변한 선거 캠프 관계자 때문에 양심선언을 했다고 밝혔다.	 손씨는 ""도지사를 겨냥할 때는 나도 목숨 걸어야 한다.	 근데 이 변호사가 먹히질 않았다.	 A후보에서 들이대도, 더 좋은걸 해준다고 해도.	 그래서 내가 그때 믿은거다""고 말했다.	 양심선언 후 잠적한 것은 건강이 위중한 할머니가 간절히 말렸기 때문이라고 했다.	 손씨는 ""인정한다.	 그 양반은 나 때문에 죽었다.	 양심선언인가 한 다음에 그 다음에 봉투 안에 자료들을 다 줬다.	 사본도 아니고 영수증으로.	 죽었다니까 그 생각 밖에 안났다""며 자신이 이 변호사에게 A후보 캠프 쪽 관계자로부터 받은 돈을 이용해 금품을 살포한 증거 등을 넘겼다고 밝혔다.	 이 변호사를 사망케 했다고 고백한 남자와 범행을 지시한 두목 백씨.	 범행을 실행한 갈매기는 유탁파 소속이다.	 손씨의 양심선언이 사건의 발단이 되려면 유탁파와 A후보 간의 연결고리가 존재해야 한다.	 선거 당시 A후보 선거 캠프 관계자는 ""선거 때마다 조직폭력배가 우리를 돕고 있다는 이야기가 심심치 않게 들렸다""며 유탁파가 A후보를 지지한 것이 맞다고 밝혔다.	 유탁파는 이미 오래전부터 정치에 관련해온 것으로 알려졌다.	 1998년 도지사선거에서도 유탁파가 관련돼 있었다는 것이 관계자들의 말이었다.	 당시 도지사로 당선된 A후보는 ""유탁파라고 이마에 쓰고 다니지 않는다.	 누가 유탁파인지 모른다.	 깡패로 선거 때 데리고 있어서 큰일나게?""	라고 말했다.	 그는 손씨에 대해 ""그런 사람 자체를 모른다.	 기억 안나는게 아니라 누군가 보고라도 할텐데 그게 없다.	 지금도 신문 안본다.	 제주도 신문은.	 객관성이 없다""며 도지사 당선 5일 뒤 사건을 기억하지 못한다고 주장했다.	 제보자는 ""내 판단에 이 변호사가 이 정도의 강성만 아니었다면 그렇게까지 안됐을거라 생각한다.	 검도 4단인가 그랬는데""라고 말했다.	 그러나 이 변호사와 일했던 김남근 씨는 ""변호사님은 운동 안하셨다.	 양심선언 가는 날도 같이 동행했다.	 내가 검도를 했다.	 혹시나 하면 변호사님은 보호해야 하니까.	 차에 목검을 놔뒀다""고 밝혔다.	 제보자는 이 변호사 차의 목검을 보고 이 변호사가 검도를 했다고 추측한 것일까.	 제보자의 진술은 묘하게 고백과 자백 사이를 오가는 듯 보였다.	 '그것이 알고 싶다' 제작진은 그에게 다시 연락을 취했으나 연락이 끊겼다.	 마치 무언가를 본 듯 말했던 제보자.	 그가 모든 것을 고백한 것이 아닐 수 있다.	 전문가들은 4시간 반 분량의 진술을 살펴봤다.	 이들은 제보자의 의도를 의심했다.	 표창원 교수는 ""왜 이런 제보를 하느냐.	 순수하게만 볼 수 없다.	 공소시효가 완료됐고 처벌받지 않으리라는 것을 확인한 뒤 나오는 제보다""고 말했다.	 이수정 교수는 ""이 사람이 주장하는대로 동료에 대한 죄책감 때문에 그런다고 이미 사망한 친구의 명예가 회복될리 없고 결국 그 친구가 죽였다는거다.	 자기는 알지도 못한 상태에서.	 망인에게 불명예를 안겨야 할 이유가 뭐냐""고 분석했다.	 제보자는 유탁파 두목 백씨의 지시로 혼만 내주려 했으나 이 변호사의 강한 저항 때문에 우발적으로 살해했다고 주장했다.	 그의 말대로라면 사건은 상해 치사가 된다.	 그러나 응급상황을 수없이 본 전문가는 ""가해자가 압도적으로 우위를 점했던 것으로 보인다.	 앞면에 다 크게 당했다"", ""흉골을 관통하기 어렵다.	 움직이는 상화엥선 더 어렵다.	 피해자가 움직일 수 없는 상태에서 그대로 찔러야 한다.	 계획된 살인으로 보인다""고 분석했다.	 우연히 의도치 않게 흉골을 뚫어 찌른다는 것이 과학적으로 불가능하며 피해자가 최초의 공격만으로도 거센 저항을 할 수 없었을 것이라는 분석이다.	 애초부터 살인을 지시 받았을 것이라는 이야기이다.	 육지와 습성이 다르다는 제주도의 폭력 조직.	 강희찬 형사는 ""살인 지시하는건 제주도는 아직 찾아보지 못했다.	 가서 협박하라는 건 있다.	 조폭이 민간인을 그렇게 살인하는 걸 보지 못했다""고 말했다.	 제주에서 실세로 불리는 유탁파의 현 두목은 제보자의 주장에 대해 ""그건 있을 수 없는 이야기이다""고 말했다.	 그는 ""백씨 형님도 잔혹하지 못하다.	 순하다.	 20년 밑에 애들 데려다가 범행을 했겠냐.	 제보자가 뭔 소설을 썼는지 모르겠는데 잘못 집은거다.	 우리 세계에도 룰이 있다""고 말했다.	 갈매기가 스스로 목숨을 끊은 것에 대해 ""투자를 잘못해서 괴로워서 죽인거다.	 죽은 사람만 이야기 했다.	 제보한 놈 나쁜 놈이네""라고 밝혔다.	 게다가 갈매기는 당시 경찰 수배 상태였다고 한다.	 수배 상태에서 친구와의 우정 때문에 범행에 나선다는 것이 가능할까.	 전문가들이 분석한 각색의 흔적 역시 친구와에 관계에 대한 것이다.	 살해 후 갈매기와 접선한 장소를 곧장 말하지 못했던 제보자.	 그는 자신이 경험한 대목은 얼버무리며 갈매기가 겪은 일은 본 듯이 말했다.	 물론 틀린 것도 있다.	 당시 사건 현장에는 가로등이 있었다.	 남자는 왜 가로등이 없었다고 주장할까.	 사건 현장 인근에 사는 주민은 ""밤이 되면 가로등이 꺼졌었다""고 말했다.	 남자의 진술은 누구의 기억일까.	 표창원 교수는 ""갈매기가 했다는 상황이 갈매기를 빼고 제보자를 넣으면 자연스럽게 설명이 된다""고 분석했다.	 이수정 교수 역시 ""21년 전에 갈매기로부터 들은 내용을 전달하는 것으로 보기 어렵다.	 경험한 것이 아니면 이렇게 디테일하게 전하기 어렵다""고 지적했다.	 전문가들은 남자가 자신의 책임을 줄이기 위해 친구 갈매기를 살인사건 범인으로 각색했을 가능성이 높다고 말했다.	 두목 백씨와 가깝게 지냈다는 지인은 ""99년도면 교도소에 있었던거 같다.	 한 5년 살고 나왔다""고 말했다.	 조사 결과 백씨는 사건 당시 5년 전 교도소에 들어가 이 변호사 사망 후 10일 뒤에 출소했다.	 그러나 제보자는 ""형님이 오라고 했다.	 만나서 장소를 옮기고 이야기 했다.	 지금 얘기는 그 누구도 몰라야 한다고 했다""고 말했다.	 유탁파 현 두목은 제보자에 대해 ""못된 짓을 해서 마약하고 해서 쫓아냈다.	 노름하고 카지노 다녔다""고 말했다.	 마약과 도박에 빠져있다는 남자에게 돈이 필요했을 것이라고 했다.	 그러나 '그것이 알고 싶다'를 만나는 것만으로는 경제적인 이익이 없다.	 전문가들은 자신에게 살인교사를 지시한 사람에게 경고를 보내고 지원하게끔 하기 위한 수단으로 제보를 택했을 가능성을 높게 봤다.	 방송이 나간다면 청부한 사람은 위기를 느낄 것이라는 것.	 '그것이 알고 싶다'는 제주 경찰과 취재 자료를 공유했고 경찰 측은 ""공소시효가 지났지만 법과 제도가 허용하는 범인에서 최선을 다하겠다.	 실체 진실 규명에 최선을 다하겠다""고 의지를 보였다.	   이민지 oing@기사제보 및 보도자료  copyrightⓒ  ."
"‘그알’ 제주 천억원대 사기사건, 내부고발자가 된 며느리(종합)","기획부동산 사기에 며느리가 내부고발자로 나섰다.	 6월 20일 방송된 SBS '그것이 알고 싶다'에서 잃어버린 1000억원대의 범죄 수익금과 제주도 땅에 숨겨진 사기의 함정을 추적했다.	 '그것이 알고 싶다' 제작진과 만난 박현주씨는 3년째 법정싸움이 계속되며 지칠대로 지쳤다고 말했다.	 그는 ""내 인생 자체가 사기 당했다고 생각한다.	 난 결혼을 했다고 생각했는데 이 사람들은 한 사람 인생을 짓밟아버렸다고 생각한다.	 나 뿐 아니라 1,500명이 넘는 사람들의 인생을 짓밟았다""며 법적 다툼의 상대가 시댁이라고 밝혔다.	 시어머니가 운영하는 회사의 임직원들이 참석했던 성대한 결혼식.	 박현주 씨는 ""결혼 전날 남편이 내연녀와 못 잊어 통화하는걸 목격했는데 어리석게도 제자리를 지키고 싶었다""고 회상했다.	 불안한 마음에 시어머니 회사 제주지사에서 일하던 남편을 만나러 갔다 내연녀와 함께 있는 모습을 봤다고.	 결혼식을 올린지 불과 한달만의 일이었다.	 남편은 삼자대면 자리에서 박현주씨를 선택했다고 한다.	 그러나 며칠 뒤 내연녀는 ""자신은 진심 아니었고 미안했다고 했다.	 언니 만나기 몇분 전까지만 해도 혼인신고도 안 돼있으니까 집에 가있으라고 했다.	 자기가 이 상태에서 끝내면 위자료를 물어줘야 한다고 했다.	 나랑 7년을 만났다.	 효도하고 싶은 마음에 엄마가 하자고 했다고, 언니가 엄마 사업에 도움이 된다고 했다""고 연락해왔다.	 전남편 김상진씨와의 갈등은 폭행으로 이어졌고 결국 결혼 1년만에 사실혼 종결 합의서를 쓰고 남편과 헤어졌다.	 그런데 진짜 문제가 시작된건 그 다음부터였다.	 결혼 직후 시어머니 황미자가 사업에 필요하다며 만들라 했던 현주씨의 통장에는 매달 수십만원에서 많게는 수백만원의 돈이 입금됐다 모두 시어머니 통장으로 인출됐다.	 자신의 계좌가 남남이 된 시댁 사업에 이용됐고 생각보다 많은 액수가 거래된 것을 확인한 후 겁이 났다는 현주씨.	 세금 문제를 해결해주지 않으면 차명계좌를 빌려준 사실을 자진신고하겠다고 하자 뒤늦게 전 남편에게 연락이 왔다.	 두 사람 사이에 오고간 험악한 말 가운데 현주씨를 두려움에 떨게 한 말은 ""네가 나한테 성관계 도중에 했던 말.	 나 차근차근 준비한거 모르지?	 지금부터 본게임 시작이다.	 녹음했을 수도 있지""라는 것이었다.	 시댁에서 제시한 계약서에는 결혼생활 중 알게 된 모든 것을 함구하라는 내용이 담겨있었다.	 시어머니가 며느리의 차명계좌를 사용하고 무리한 계약서까지 작성하며 감추려 했던 시댁의 비밀은 무엇일까.	 결혼한지 채 1년도 안된 기간 동안 시댁의 사업이 급속도로 번창했다.	 대형 부동산 개발 회사를 운영했다는 시댁.	 사실혼 관계를 정리하기 직전 세번째 법인을 추가로 열었다.	 부동산 간판이 붙어있는 사무실은 대낮에도 닫혀있다.	 사무실은 일반 사무실보다 콜센터를 연상시켰다.	 제주도에 지사를 주고 개발 호재가 있는 땅을 찾아 큰 수익을 얻었다는 시댁의 사업은 무슨 비밀을 감추고 있었을까.	 그 실체를 알게 된 건 시댁회사에 들이닥친 경찰이 남편을 긴급 체포한 후였다.	 시댁이 운영하던 회사는 일명 기획부동산으로 무려 천여명에게 천억원 가량의 피해를 끼쳤고 며느리 계좌를 거쳐간 돈은 범죄수익이었다.	 그날 이후 사기조직인 시어머니와 남편을 상대로 피해자들의 편에 선 내부고발자로 고소장을 작성했다.	 현주씨를 공갈협박으로 맞고소한 시댁쪽 변호인들이 '그알' 제작진을 찾아왔다.	 시댁쪽 변호인들은 ""황미자씨는 땅에 대해 모른다.	 할머니다.	 마음씨 좋은 할머니다.	 복수심 때문이다.	 피해자들 뒤에서 상당 부분 조종하고 있다""며 사기사건의 말단인 시어머니와 남편이 피해를 보고 있다고 해명했다.	 이 기획부동산은 개발이 불가능한 땅을 원래 시세보다 비싸게 팔아 돈을 챙겼다.	 사기조직의 총책이 시어머니와 남편이라는 며느리와 달리 시댁 측 변호사는 며느리의 복수심 때문에 사건이 왜곡되고 있다고 맞서고 있다.	 천억원대 사기사건 수사와 기소를 담당하고 있는 울산 지검 앞에는 엄중한 수사를 촉구하는 피해자들과 박현주씨가 있다.	 5억7천만원의 피해를 입은 피해자 최씨는 ""처음엔 현주씨를 안 믿었는데 구속되고 재판이 열리면서 보니까 현주씨가 이혼합의금보다는 내부고발자로서 편을 들고 있더라""고 말했다.	 현주씨에게 내부고발 자료를 받았다는 그는 ""이 사람도 이용을 당한 여성이었다.	 내부고발자로서 자수를 하라고 했다""고 덧붙였다.	 또다른 피해자 이씨는 현주씨 덕분에 자신이 사기 당한 사실을 처음 알았다고 했다.	 제주도 답사 부장이었던 현주씨 전남편과 땅을 답사까지 하고 계약했다는 이씨는 더 큰 충격을 받았다.	 현주씨는 "" 100억은 족히 있지 싶다.	 전 남편이 술취해 이야기 한게 있다.	 60억 현금을 가지고 있다고 했다.	 그러면 부동산은 얼마나 있겠냐""고 말했다.	 시어머니가 급히 현금화 시킨 재산 중에는 현주씨가 남편과 함께 살던 신혼집도 포함돼 있었다.	 시댁의 상황이 급박하게 돌아가자 그들과 공범으로 몰릴지 모른다는 불안감이 밀려왔다고 한다.	 이혼 소송을 준비하던 그녀가 오해를 피하기 위해 피해자들에게 편지를 보내고 소송을 진행하자 이번엔 이상한 며느리 때문에 시댁 사업에 문제가 생겼다는 소문이 돌기 시작했다.	 시댁 쪽 변호사는 ""박현주가 양심고백 한거냐라는 부분이 관건이다.	 객관적으로는 증거가 하나도 없다""며 현주씨가 돈을 받아내기 위한 공갈협박이라고 말했다.	 실제로 시댁의 고소가 진행된 1심 재판에서 현주씨가 위자료를 받기 위해 한 행동들에 대해 징역 8월, 집행유예 2년이 선고된 상태였다.	 시댁 사람들이 거액의 현금을 만들어 옮긴 것은 사실이었다.	 변호사는 ""황미자씨가 8억인가 배씨에게 투자했다.	 이 분을 믿어서 다 끌어모은거다.	 돈이 있었다면 그럴 일이 없었다.	 그건 수사기관에서 다 이야기가 나온다""고 밝혔다.	 사기조직의 진짜 총책은 따로 있으며 시어머니 역시 그 총책에게 사기 당한 피해자라는 것이다.	 변호사는 ""만약 그 돈을 누가 숨겼다면 배씨가 숨겼다.	 박현주씨에 의해 끌려가는 분들은 2차 피해를 입는거다"", ""박현주씨에 왜곡돼 허탕 치면서 경제적으로 피해를 보는거다.	 우리도 피해자가 안타깝다""고 말했다.	 배씨에게 전재산을 투자해 전재산을 날렸다는 황씨.	 며느리는 황씨가 총책이라고 주장하고 시댁 측 변호사들은 배씨가 총책이라고 반박했다.	 진짜 총책은 누구일까.	 그리고 범죄 수익금을 어디에 숨겨뒀을까.	 지난 6월 4일 진행된 2심 재판.	 법원을 나서던 사람들 사이에서 한바탕 소동이 벌어졌다.	 피의자 가족과 피해자 사이에 고성이 오가다 울음바다가 됐다.	 피해자 이씨는 ""D부동산 사장 딸이 와서 피해자라고 한다""며 억울해 했다.	 일당이 운영하던 부동산은 총 3곳.	 그곳 중 D부동산 사장 전모씨 아들은 억울함을 호소할 곳이 없다며 인터뷰에 임했다.	 전씨 아들은 ""부동산을 새로 차려주겠다, 2억 정도 투자해달라 했다.	 알고 보니까 이미 샀던 땅이고 회사에서 팔라고 했다""며 어머니에게 투자와 사장 자리를 제안한 사람은 황씨였다고 밝혔다.	 아들은 ""어머니가 다른 부동산에서 10년 넘게 일하시면서 업계에서 경험도 있었다.	 황씨가 부하직원으로 근무했었는데 찾아와서 같이 하자고 했다""고 말했다.	 돈을 투자했으니 사장 노릇을 했을 뿐 실제 운영자는 황씨 모자였는데 경찰이 찾아온 후 발뺌을 했다는 것이다.	 일당이 운영하던 부동사는 총 세곳, 법인 소유 어디에도 황씨 모자 이름은 없었다.	 전씨가 구속된 가운데 풀려난 황씨의 아들은 회사 영업을 게속 했고 전씨는 투자금을 돌려받지 못했다.	 전씨가 구속된 시점은 현주씨가 황씨 모자가 수익금을 은닉하는데 열중했다고 주장한 시기와 일치했다.	 피해자들이 황씨 모자를 총책으로 지목한 것은 며느리 주장 외에도 이유가 있었다.	 함께 일하며 영향력을 확인했다는 것이다.	 직접 영업사원으로 일하며 땅에 대해 공부하고 투자도 했다는 피해자들.	 하루에 4시간을 일하고 월급을 150만원을 줬다는 고수익 아르바이트였다.	 업무 역시 일반 회사와 사뭇 달랐다.	 전화 영업이 계약으로 성사되면 계약금 10%을 성과급으로 주고 영업 실적에 따라 판매왕을 뽑는 등 경쟁을 붙였다.	 이런 달콤한 아르바이트에는 함정이 있었다.	 첫 영업 성과는 대부분 스스로 땅을 사는 것이었는데 3주 안에 계약하지 않으면 상사의 호출을 받았기 때문이다.	 이런 방법으로 영업 실적을 독려한 사람은 황씨였다고 한다.	 회사에서 가장 영향력을 가진 황씨 아들 김씨는 회사에서 사장 못지 않은 역할을 담당했다.	 법인 서류에 임원으로 올라있지 않은 것은 또다른 총책으로 지목된 배씨 역시 마찬가지다.	 피해자들은 배씨의 얼굴은 자주 보지 못했다고 했다.	 경찰 수사가 시작된지 6개월만에 배씨가 검거된 곳은 제주도 한 오피스텔이었다.	 황씨 모자 측 변호인이 배씨를 진짜 총책으로 판단한 이유는 무엇일까.	 변호인들은 법인계좌 인출권이 배씨에게 있었다고 주장했다.	 실제로 재판에서 황씨보다 높은 실형을 선고 받은 배씨는 2번의 사기 전과가 있었다.	 두 사람은 11년 전 또다른 기획부동산에서 만났고 2013년 동업을 제안한 것은 배씨였다.	 기획부동산 명의사장으로 올라있던 남씨는 ""부동산 지식이 없어서 지인 통해 명의와 통장을 달라고 했다.	 처음엔 급여 월급통장으로 생각했다.	 몸 불편하니까 나오지 말라고 했다""며 이미 월급으로 들어온 돈을 써 발을 뺄 수 없었다고 했다.	 경찰 수사가 시작되자 바지사장인 그에게 서류가 날아오기 시작했다.	 남씨는 ""세금을 나한테 다 떠넘겼다.	 11억원 정도 되더라.	 사무실 정리한 부분, 전기요금 이런 것도 다 나한테 날아오고 있다""고 말했다.	 바지 사장을 내세운 것은 J부동산, B부동산 역시 마찬가지였다.	 바지사장 한명에게 부과된 체납 세금만 해도 무려 11억원이었다.	 약 48억원 정도의 수익이 있었을 것으로 예상된다.	 법인계좌 이외에도 배씨와 황씨가 차명계좌를 통해 받아간 수당은 10억원대였다.	 피해자들은 ""배씨도 부인과 위장이혼했다.	 결국 범죄수익 은닉금 아니겠냐""고 말했지만 배씨 부인에게는 무혐의 처분이 내려졌다.	 피해자들이 차명재산의 존재를 알아냈을 때는 다른 사람에게 매각해 현금을 챙긴 후였기 때문이다.	 배씨 부인은 ""위장이혼 아니다.	 조사도 다 받았다.	 나도 친구 집에 월세로 얹혀살고 있다""고 말했다.	 피해자들의 추가 고소가 계속되고 있고 조사도 이어지고 있지만 범죄은닉금의 행방은 여전히 오리무중이다.	 피해자들이 피해금액을 돌려받기 위해 사사로운 개인의 도움 대신 법에 호소할 방법은 없을까.	 2019년 부패재산 몰수법이 개정되면서 사기범죄 중 일부는 몰수 추징을 해 피해자들에게 환부할수 있는 법적 근거가 마련됐다.	 다단계, 보이스 피싱 등이 이에 해당된다.	 변호사는 기획부동산 역시 범죄단체 조직으로 보아 처벌할 수 있는 가능성이 있어 보인다고 분석했다.	   이민지 oing@기사제보 및 보도자료  copyrightⓒ  ."
"‘실화탐사대’ 13세 소녀 유린한 고등학생, 소년원 보호처분이라니[오늘TV]","'실화탐사대'가 두 가지 사건을 파헤친다.4월 8일 방송되는 MBC ‘실화탐사대’는 돌아가신 어머니의 시신을 20여 일 넘게 방치한 채 여자 원피스를 입고 다니는 남자와 돈 상납, 성 상납 등의 협박을 당해온 13세 소녀 은경이 이야기의 내막을 파헤친다.	지난 2월, 노모가 갑작스레 사망한 후 세상에 혼자 남겨진 아들은 한 달이 지나도록 장례를 치르지 않고 있었다.	 이를 보다 못한 주민 센터 관계자가 해결에 나섰지만, 그는 계속 어머니의 장례를 거부했다.	 심지어 여자 원피스를 입고 온 동네를 배회했다.	제작진은 수소문 끝에 아들을 만날 수 있었다.	 하지만 그는 대화를 거부한 채 인근의 한 식당으로 향했다.	 그러더니 당당하게 무전취식을 하고, 또 다른 식당에선 유유히 커피 한잔을 뽑아들었다.	 이미 인근 상인들 사이에서 그는 ’민폐왕‘으로 유명했다.	그의 민폐 행각은 이뿐만이 아니었다.	 집안에 온갖 쓰레기를 모아둔 탓에 악취와 벌레가 들끓어 이웃들에게 큰 피해를 주고 있었다.	 하지만 어찌 된 영문인지 이웃들은 그를 꺼리기는커녕 끼니를 챙기며 걱정하고 있었다.	 이 남자는 도대체 어떤 사연을 품고 있는 걸까?	두 번째 이야기의 주인공은 학급 임원을 맡을 정도로 친구들과 사이도 좋고 활발했던 평범한 13살 소녀 은경이다.	 은경이의 태도가 확연히 달라진 건 지난해 8월 말부터였다.	 은경이는 갑자기 책을 찢어 버리는가 하면 자신의 긴 머리카락을 직접 잘라버리기도 했다.	어느 날 은경이는 엄마에게 누군가 자신을 협박하고 있다는 충격적인 사실을 털어놨다.	 초등학교 6학년이 된 기념으로 할머니에게 스마트폰을 선물 받았는데, 신이 난 마음에 한 유명 인터넷 사이트에 장난삼아 영상 하나를 올린 게 발단이었다.	 남성들이 영상에 구애의 댓글을 달기 시작했고, 일이 걷잡을 수 없이 커지자 은경이는 영상이 장난이었음을 고백하며 급히 사태를 수습하고자 했다.	그 후 한 남성의 협박이 시작됐다.	 은경이의 SNS를 통해 개인정보를 확보한 남성은 처음엔 영상통화를 통해 음란행위를 시켰고, 이를 빌미로 은경이를 자신의 집으로 유인해 끔찍하게 유린했다.	 또한 총 4차례에 걸쳐 약 50여만 원이 넘는 돈을 요구했다.	 제발 자신을 놔달라고 애원하는 아이에게 다른 여자를 데리고 오면 놓아주겠다는 황당한 요구까지 한 것으로 밝혀졌다.	결국 경찰에 체포된 그는 놀랍게도 평범한 고등학생이었다.	 혐의는 성추행, 강간, 협박 등 모두 5가지.	 그런데 최근 은경이의 가족에게 청천벽력 같은 소식이 날아들었다.	 ‘형사 재판’이 진행되면서 7년 이상의 형이 구형될 것이라고 생각했는데, 무슨 이유에선지 갑자기 ’소년 보호 재판’으로 이관된 것.	 13세 소녀를 상대로 참혹한 범죄를 저지르고도 소년원 보호처분에 처한 한 남학생에 관해 그 내막을 파헤쳐본다.	 매주 수요일 오후 10시 5분 방송.	   박수인 abc159@기사제보 및 보도자료  copyrightⓒ  ."
‘PD수첩’ 국민들 목소리에도 통과되지 못한 법들의 진실,"'PD수첩' 30주년 특집 방송이 공개된다.6월 2일 방송되는 MBC 'PD수첩' 30주년 특집 '21대 국회에 바란다' 1부에서는 20대 국회의원들이 직접 말하는 국회의 솔직한 이야기와 국민들의 목소리에도 통과되지 못한 법들의 진실에 대해 알아본다.	최근 1년째 지독한 스토킹을 겪고, 8번의 신고를 했지만, 가해자에게는 5만 원의 벌금뿐 이였다는 한 피해자의 호소가 국민청원에 올라왔다.	 이로 인해 국회에서 20년 넘게 통과되지 않았던 스토킹 처벌 관련 법안이 다시 국민적 관심을 받게 되었다.	 그렇다면 어떤 법들이 통과가 되고 폐기가 되는 걸까?	 법안을 만든 의원들과 막은 의원들은 누구일까?	▷ 20년째 국회 문턱조차 넘지 못한 법최근 1년간 스토킹을 당해 하루하루가 지옥 같았다는 피해자를 만났다.	 그녀는 아시안게임 금메달리스트 바둑기사 조혜연 씨.	 경찰에 8번을 신고했지만 상대방에게 내린 처벌은 벌금 5만 원이 끝이었다.	 계속된 괴롭힘으로 생명의 위협까지 느꼈지만 법에 규정된 피해사실이 없다는 이유로 법적인 보호를 받지 못했다.	 '스토킹' 이라는 행위를 처벌 할 수 있는 법이 마련되어 있지 않기 때문이다.	 10대 여고생을 따라다니다가 아파트에 불을 지르고 흉기로 살인한 ‘안인득 사건.	’ 폭행과 협박, 스토킹으로 구속된 60대 남성이 풀려난 지 두 달 만에 피해 여성을 살해한 사건 등 스토킹은 살인, 성폭행 등의 강력 범죄로 이어진다.	 1999년부터 꾸준히 발의되어 왔지만 20년이 넘는 시간동안 왜 국회의 문턱을 넘지 못하고 있을까?	▷ 누구를 위한 법인가?	최근 잇따라 일어나는 의사들의 성범죄에 소위 철밥통처럼 지켜지던 그들의 면허를 제한하자는 목소리가 커지고 있다.	 2018년 한 해 동안 성범죄로 입건된 의사 수는 163명.	 현행 의료법은 성범죄를 저지른 의사들의 자격에 제재를 가하지 않는다.	 범죄를 저지르고도 면허취소가 되지 않기 때문에 이들은 아직도 어느 병원에선가 진료를 하고 있다.	 의료인의 면허취소 관련 법안은 2007년부터 지속적으로 발의 되었음에도 제대로 된 논의조차 되지 못하고 있는 것이 현실이다.	 생명을 다루는 전문 직업인만큼 고도의 윤리 기준이 요구되는 의사의 면허 관련 법안을 개정하지 못한 이유는 무엇일까?	국회의원 자신들에게 높은 윤리적 기준을 요구하는 법안 역시 이번 20대 국회를 통과하지 못했다.	 바로 공직자가 그 지위를 남용해 사익을 추구하는 것을 법적으로 제어하는 ‘공직자 이해충돌방지법’이다.	 일반 공직자들에게 이미 적용되고 있는 이 법은 국회의원들에게는 아직 해당이 안 되고 있다.	 이런 국회의원들의 이해충돌을 방지할 수 있는 시스템을 갖추지 못하는 현실에 국회에 대한 국민들의 불신이 높아져 가고 있다.	 2일 오후 10시 50분 방송.	   박수인 abc159@기사제보 및 보도자료  copyrightⓒ  ."
"‘스포트라이트’ 거짓말-위협-돈, 조주빈의 민낯[오늘TV]","디지털 성범죄자 조주빈의 민낯이 공개된다.4월 2일 방송되는 JTBC '이규연의 스포트라이트'에서는 잔혹한 텔레그램 성범죄를 저지른 조주빈을 집중 탐사한다.	우당탕 소리와 고함에 놀라 집 밖으로 나왔다는 50대 남성.	 그가 목격한 것은 7, 8년간 이웃으로 지냈던 조주빈이 형사들에게 잡혀가는 모습이었다.	 그가 기억하는 조주빈은 너무 평범해서 주의를 끌지 않았다고 한다.	 경찰이 조씨의 집을 압수수색해 발견한 것은 9대의 휴대전화와 1대의 노트북, 컴퓨터 그리고 1억 3천만 원이라는 거액의 현금이다.	 20만 원에서 많게는 150만 원까지 박사방 입장료를 받았던 박사.	 그 돈은 조씨가 성착취와 사기로 벌어들인 검은돈일까.	조씨의 대학 시절 같이 학보사 활동을 했다는 A씨는 편집국장이었던 조씨가 원고료를 챙기기 위해 독단적으로 자신의 기사 위주로 편집하고 예산을 전용하는 등 돈에 집착하는 모습을 보였다고 말했다.	지난 2월에 방송된 JTBC 이규연의 스포트라이트의 텔레지옥 박사Q 찾아서!	편 취재 도중, 텔레그램을 통한 인터뷰에서 돈이 되기에 범죄를 저지른다고 말했던 박사.	 정말 돈 때문에 이토록 끔찍한 인격살인을 저지른 것일까.	 그리고 검거 한 달 전까지 장애인시설, 보육원 등에서 봉사활동을 했다는 조씨의 행적.	 조주빈의 두 얼굴은 계속해서 포착되고 있다.	 그가 두 개의 삶을 산 이유는 무엇일까.	약 2년간의 범죄.	 사기, 협박, 유포 심지어 성폭행까지.	 현재까지 밝혀진 피해자만 70여 명 이고 그중 미성년자가 16명이다.	 끔찍하고 잔혹한 성착취 범죄로 대한민국을 경악에 빠트린 조씨는 첫 포토라인 당시 멈출 수 없었던 악마의 삶을 멈춰주셔서 정말 감사합니다라며 스스로를 악마라 칭해 공분을 일으켰다.	 조씨의 발언은 무슨 의미였을까.	피해자에 대한 일말의 사과와 죄책감도 없었다.	 하지만 피해자들의 고통은 계속되고 있다.	 피해자들은 지워지지 않고 계속 올라오는 사진, 영상들이 죽는 한까지 계속될 것 같다고 말하며 괴로워했다.	대통령, 경찰청장, 법무장관까지 나서 강력 처벌을 이야기하고 있는 상황.	 과연, 반복되는 온라인 성범죄는 통제할 수 없는 것일까.	 이날 방송에서는 서지현 검사와 함께 법무부 태스크포스팀의 계획까지 들어볼 수 있다.	 2일 오후 9시 30분 방송.	   박수인 abc159@기사제보 및 보도자료  copyrightⓒ  ."
"‘서프라이즈’ 美 최대 드레스룸 주인 테레사, 도난사건으로 드러난 반전","미국 최대 규모 개인 드레스룸을 소유한 유명인이 도난사건으로 뜻밖의 진품 논란에 휩싸였다.	 5월3일 오전 방송된 MBC '서프라이즈'에서는 '도난품의 진실'이란 에피소드가 공개됐다.	텍사스 유명 부자이자 2014년 보디빌더 챔피언 출신 사업가 테라스는 2014년 미국 최대 규모 개인 드레스룸 도난 사건으로 화제가 됐다.	 이전에도 부자들의 대저택이 화제를 모았지만 이번 사건으로 테레사의 드레스룸이 새삼 주목받게 된 것이다.	지난 2012년 테레사가 직접 설계한 드레스룸은 나선형 계단으로 3층까지 연결돼 있어 총 면적만 85평에 달했고, 심지어 그 안에 샴페인 바까지 갖춰져 있었다.	 뿐만 아니라 진열장에는 구두만 600 켤레에 달했고, 고가의 명품가방과 시계 보석들이 가득했다.	 곳곳에 CCTV와 방범장치까지 돼 있었지만 하필이면 그날 실수로 방범 장치를 켜지 않아 도둑이 집안까지 들어올 수 있었다.	 경찰 조사에서 테레사는 도난품 가격이 총 100만 달러에 달한다고 밝혔다.	 이에 사람들은 그녀의 재력에 또 한 번 놀랐다.	 더욱 화제가 된 건 테레사의 뜻밖의 반응 때문이었다.	 비싼 명품들은 못 찾아도 되지만 자신의 목숨보다 소중한 목걸이 하나만은 제발 돌려받게 해달라며 눈물로 호소한 것.	알고보니 테레사는 2006년 19살 외아들 마이클을 교통사고로 잃었고, 아들의 머리카락 한 줌을 목걸이 펜던트에 소중하게 간직해왔던 것이다.	테레사의 화려한 드레스룸에 거부감을 느꼈던 사람들은 이를 안타까워하며 하루빨리 도둑이 검거되길 바랐다.	 하지만 범행 장면이 찍힌 CCTV 화면이 너무 어두워 범인의 얼굴을 확인할 수 없어 수사에 난항을 겪었다.	 그러던 어느날 '휴스턴 프레스'  에게 범인으로부터 뜻밖의 전화가 걸려왔다.	 추적을 피하기 위해 음성 변조 장치를 이용한 도둑은 놀라운 이야기를 털어놨다.	 훔친 물건들을 곧바로 처리하려 했는데 이것들이 전부 모조품이었다고.	 범인은 테레사가 이것들이 모두 진품인냥 말하는 것이 분해 제보한 것이라 밝혔다.	 또 범인은 테레사에게 전화해 50만 달러를 주면 죽은 아들의 머리카락을 돌려주겠다 했지만 그녀로부터 거절당했다고 털어놨다.	 그러면서 범인은 사람들이 테레사에게 속고 있다고 주장해 충격을 안겼다.	기자가 이 말을 믿지 못하자 범인은 심지어 신문사에 훔친 물건 일부를 보내기도 했다.	 소포 안에는 손목 시계와 보석들을 비롯해 테레사가 말한 목걸이까지 들어 있었다.	 그 후 물건들을 검증한 결과 전부 가짜로 판명됐다.	 결국 테레사 드레스룸 도난 사건을 둘러싼 뜻밖의 진실들이 언론을 통해 대서 특필되면서 가짜 논란까지 불거졌다.	 일각에서는 테레사가 거짓말 한 이유에 대해 그녀가 도난 보상 보험금을 들어 더 많이 받기 위해 진품이라 속인 뒤 가격을 부풀린 것이란 추측이 제기됐다.	 죽은 아들 이야기를 한 것도 이슈화 해 원활한 보험금 지급을 위한게 아니냐는 주장이 등장했다.	하지만 테레사는 자신의 드레스룸에 모조품이 있음을 인정하면서도 보험 의혹은 부인했다.	 한편 테레사는 논란의 대저택을 내놓았지만 아직 새 주인을 만나진 못했다.	 현재까지 도둑도 검거되지 않았다.	   박아름 jamie@기사제보 및 보도자료  copyrightⓒ  ."
"방송사 前 아나운서, 음란물 유포 혐의 검찰 송치","모 방송사 아나운서로 활동했던 30대 남성 A씨가 음란물 유포 혐의로 검찰에 넘겨졌다.3월18일 TV조선 보도에 따르면 서울 성동경찰서는 최근 성폭력범죄의 처벌 등에 관한 특례법 위반 혐의를 받는 전 아나운서 A씨 등 2명을 기소 의견으로 검찰에 송치했다.	A씨는 합의하에 한 여성과 성관계를 갖는 모습을 촬영한 뒤 해당 영상의 일부 장면을 여성의 동의없이 캡처해 지인들에게 유포한 혐의를 받고 있다.	 A씨에게 성관계 동영상 캡처 사진을 전달받은 지인이 다른 카카오톡 단체 대화방에다 이를 올렸고, 이 대화방에 있던 다른 지인이 지난해 11월 중순께 A씨를 불법 촬영 및 유포 혐의로 고발하면서 경찰이 수사에 착수한 것으로 전해졌다.	경찰은 A씨를 피의자 신분으로 불구속 입건했으며, A씨 자택과 PC 등을 압수수색하고 관련 인물들에 대한 참고인 조사를 진행한 상태다.	그 결과 경찰은 A씨가 피해 여성의 동의를 받지 않고 성관계 동영상 캡처본을 지인들에게 유포한 걸로 보고 있다.	한편 경찰 수사가 시작되자 A씨는 지난해 11월 말 다니던 방송사에 사표를 냈고, 해당 방송사 역시 A씨와의 프리랜서 계약을 해지했다.	  박아름 jamie@기사제보 및 보도자료  copyrightⓒ  ."
"‘실화탐사대’ 5살 자폐아동 죽음의 진실, 왜 3층서 추락했나","다율이의 마지막날, 그 진실은 무엇일까.6월 3일 방송되는 MBC ‘실화탐사대’에서는 한 아파트에서 동시에 이혼 소송이 일어나고 있는 이야기와 5살 자폐아동 다율이의 죽음에 대한 진실을 취재했다.	# 한 동네에 코로나19 확진자가 224명?	대구광역시 남구 대명동 원룸촌에 코로나19 확진자가 224명 발생했다.	 한 동네에서 이렇게 많은 확진자가 나온 것은 전국에서 이곳이 유일하다.	 도대체 왜 이런 일이 생겼을까.	이곳은 바로 코로나19 확산에 도화선이 된 신천지 대구 교회가 있는 곳이다.	 대구의 신천지 교인은 1만2000여 명.	 그중 6000명이 청년이며, 신도 상당수가 대구 신천지 교회 인근 원룸촌에 거주하고 있었다.	 코로나19 확진자가 많았던 대구의 한마음아파트에서도 신천지 신도들이 집단 거주하고 있었는데, 이들은 도대체 왜 단체로 모여 사는 걸까.	 ‘실화탐사대’가 현장을 찾아 그 이유를 확인했다.	# 한 아파트에서 10가구가 동시에 이혼 소송한 사연은?	광주광역시에 위치한 한 아파트.	 평화롭던 단지가 순식간에 어수선해졌다.	 10가구가 동시다발적으로 이혼 소송을 벌인 것.	 10건 동시 이혼 소송의 공통점은 바로 신천지를 믿는 것으로 보이는 아내가 남편을 상대로 이혼을 요구한다는 것.	 신기하게도 아내들의 주장이 일치했다.	 남편이 폭언, 폭행, 욕설을 하고 생활비도 안 주고 부부관계에도 불성실했다는 것이다.	 심지어 아내는 남편에게 맞았다며 허위 신고도 했는데, 남편 송인철 씨는 경찰에게서 뜻밖의 이야기를 들었다.	한 아파트 단지에서 일어난 동시 이혼 소송.	 이혼을 요구한 아내는 신천지 때문에 이혼하는 게 아니라 주장하는데 과연 진실은 무엇일까.	 신천지를 믿는 사람이 4만1000명으로 전국에서 가장 많은 광주 전남 지역을 ‘실화탐사대’가 찾아갔다.	#5살 다율이는 왜 3층에서 떨어진 걸까지난 5월 2일, 5살 다율이가 건물 3층에서 떨어져 사망했다.	 이혼 후 아이를 혼자 돌보던 엄마가 로 어린이집이 휴원하자 딸을 전 시부모 댁에 맡겼는데, 이 같은 사고를 당하게 된 것.	 딸아이 장례를 마치고 전 남편에게 사고 당일의 이야기를 듣게 된 엄마는 딸의 죽음에 의혹을 갖게 됐다고 한다.	다율이는 왜 3층에서 추락한 걸까.	 어렵사리 전 시부모 집에 찾아 그날의 얘기를 듣게 되는데, 혼자 방에서 놀고 있던 다율이가 잠긴 창문을 열고 떨어져 사고를 당했다는 할머니의 말.	 하지만, 엄마와 평소 다율이를 잘 아는 지인들은 다율이는 스스로 창문을 열 수 없다고 말한다.	 어떻게 된 일일까.	사실 다율이는 2016년 6월 자폐성 장애 2급 판단을 받았다.	 행동발달 상태가 2살 수준으로, 특히 손가락으로 해야 하는 일을 힘들어 헸다고 한다.	 때문에 평소에도 문을 열지 못해 늘 다른 사람의 도움을 받아왔다고 한다.	 그날, 그 집에선 무슨 일이 있었던 걸까.	의문투성이인 다율이의 죽음.	 경찰마저 사건을 종결한다는 말에 엄마는 마지막 희망으로 국민청원에 이 사실을 알리며 더욱더 철저히 사건을 조사해 줄 것을 요청하고 있다.	이혼을 꿈꾸는 아내들의 사연과 전문가들과 함께 다율이의 마지막 순간을 재구성한 ‘실화탐사대’는 3일 오후 10시 5분 방송된다.	   박수인 abc159@기사제보 및 보도자료  copyrightⓒ  ."
‘서프라이즈’ 앵무새는 어떻게 유일한 살인사건 목격자가 됐나,"앵무새가 범죄에 연루된 기상천외한 사건들이 놀라움을 선사했다.4월19일 방송된 MBC '서프라이즈'에서는 '어둠 속의 목격자' 에피소드가 공개됐다.	지난 2015년 미국 미시간주에서 마틴-	글레나 부부가 총에 맞아 쓰러진 채 발견됐다.	 남편 마틴은 다섯 발의 총을 맞아 현장에서 즉사했으며 아내 글레나는 총알이 신경을 비껴가 다행히 목숨은 유지했다.	 의식을 되찾은 아내는 사건이 벌어진 날 일들을 기억하지 못해 사건은 미궁 속으로 빠졌다.	 그 가운데 목격자가 나타났다.	 뜻밖에도 목격자는 ‘버드’라는 이름의 아프리카 회색 앵무새였다.	 남편 마틴이 결혼 전부터 키웠던 앵무새는 마틴 사망 후 지인 크리스티나에 넘겨졌고, 버드는 놀랍게도 ""쏘지 마!""	라는 말을 반복했다.	 크리스티나는 버드가 마틴이 한 말을 따라하는 거라 생각했다.	 뿐만 아니라 버드는 마틴과 다투는 듯한 여자 목소리 같은 소리를 내기 시작했다.	 크리스티나는 이 목소리가 아내 글레나라고 확신, 클레나가 살인사건 범인이라 주장했다.	 흥분한 글레나가 남편을 쏜 뒤 자신도 죽으려 했다는 것.	 그도 그럴것이 앵무새는 다른 새보다 지능이 높아 5살 어린 아이 IQ를 가진 종도 있는 것으로 알려졌다.	 유독 자주 들어온 목소리를 잘 기억한다고.	 앵무새 중에서도 아프리카 회색 종은 언어와 성대모사 능력이 가장 뛰어난 것으로 전해졌다.	하지만 앵무새의 증언이 법정에서 증거로 채택될 수 있는 지가 문제였다.	 이전에도 앵무새가 사건의 유일한 목격자인 사례가 있었지만 1991년 당시 판사는 이를 인정하지 않았다.	 이번에도 가능성은 낮아 보였다.	하지만 마틴 부부가 다투는 걸 들었다는 이웃의 증언이 나오고 사건 발생 직전 글레나가 친척에게 남긴 유서가 발견되면서 반전이 일어났다.	 결국 앵무새를 법정에 세워야 한다는 여론이 들끓기 시작했고, 버드의 목소리가 담긴 영상이 법정에서 공개됐다.	 그리고 배심원단이 버드의 증언을 살인사건 증거로 인정하면서 글레나는 1급 살인죄로 유죄를 선고받았다.	 이는 앵무새 증언이 법정에서 증거로 채택된 최초의 사례로 큰 화제를 모았다.	 이 외에도 앵무새 덕에 범인이 잡힌 사건은 또 있었다.	 2004년 미국 테네시주에서 한 앵무새가 2인조 도둑의 이름을 외워 따라불렀고, 도둑들이 앵무새를 납치하려다가 시간이 지체돼 경찰에 체포되고 만 것.	 2019년 브라질 마약상 아지트에선 앵무새가 경찰이 온 사실을 마약상 일당에게 알리는 일도 있었다.	 이는 마약상들에게 훈련을 받은 새였다.	 결국 앵무새가 공범으로 체포됐고, 야생적응 훈련을 마친 뒤 석방됐다.	   박아름 jamie@기사제보 및 보도자료  copyrightⓒ  ."
