"[이슈] 설현이 선택한 ""DK모바일: 영웅의 귀환"" 사전예약 15일 시작","엔트런스는 자사가 개발 중인 모바일 정통 MMORPG 'DK모바일:	 영웅의 귀환'의 사전예약을 15일 시작했다.	 'DK모바일'은 2012년 출시돼 현재까지 활발히 서비스 중인 스테디셀러 게임 'DK온라인'의 IP를 활용한 게임으로 엔트런스의 첫 작품이다.	IP 기반 모바일게임의 흥행이 계속되는 가운데, 차세대 기대작으로 주목 받고 있는 'DK모바일'의 사전예약에도 많은 관심이 몰리고 있다.	엔트런스는 'DK모바일' 사전예약 신청자 전원에게 ▲게임 내 재화인 '플로린' 100만 개 ▲경험치를 올려주는 '성장의 물약' 5개 ▲공격력, 방어력, 무게를 증가시켜주는 '버프주문서' 100개 ▲'방어구 강화 주문서' 10개 등 필수 게임 아이템을 100% 지급한다.	또한, 사전예약을 기념해, 프로모션 영상 속 설현의 포즈를 따라하는 'DK로 OK 챌린지'와 누구나 간단히 참여할 수 있는 '미션 완료 이벤트'를 진행하고, 구글 기프트카드, 치킨 세트 등 푸짐한 경품을 게임 정식 출시 전까지 매주 120명에게 계속 증정할 계획이다.	엔트런스 김근열 부장은 ""그동안 'DK모바일'을 응원하며 기다려 주신 많은 이용자들에게 사전예약 소식을 전하게 돼 기쁘게 생각한다""며, ""사전예약을 시작한 만큼, 빠른 시일 내에 CBT를 통해 게임을 선보일 수 있도록 최선을 다하겠다""고 전했다.	한편, 'DK모바일'의 메인 홍보 모델인 설현은 tvN 월화드라마 '낮과 밤'에서 경찰청 특수팀 소속 '공혜원' 역을 맡아, 남궁민과 함께 주인공으로 출연중이다.	보다 자세한 정보는 'DK모바일' 와 를 통해 확인할 수 있다."
"""불사조""의 귀환…김정우, 군복무 마치고 9일 방송 복귀","'에포트' 김정우가 오는 8일 의무경찰 복무를 마치고 전역한다.	지난 6일 김정우는 아프리카TV 개인 방송국을 통해 팬들에게 복귀 소식을 전했다.	 김정우는 지난해 5월 의무경찰 1112기에 지원해 충남 논산 육군훈련소에 입대했다.	 1년 7개월의 복무 기간을 마친 김정우는 오는 9일 오후 6시 방송에 복귀한다.	 그는 ""손목도 좋지 않은데 코로나와 유사한 증상까지 겹쳐서 걱정이 태산이었지만 음성 판정이 나왔다""며 ""건강을 회복한 뒤 복귀 방송 때 오겠다""고 근황을 전했다.2007년 CJ 엔투스에 입단해 프로게이머 생활을 시작한 김정우는 2008-2009 시즌 당시 발리앗으로 주가를 올리던 정명훈을 에이스 결정전에서 만나 승리를 차지해 이름을 알렸다.	 2010년 대한항공 스타리그 시즌 1에서는 이영호를 상대로 3대2 역스윕에 성공하며 자신의 몸값을 올렸다.	이후 2015년 반트36.5 대국민 스타리그를 비롯해 2017년 서울컵 OGN 슈퍼매치와 2018년 이프리카TV 스타리그 시즌 6에서 우승을 차지하는 등 꾸준한 활약을 선보였다.	한편, 지난 1일 김정우는 아프리카TV 방송국을 통해 ""군대를 전역하는 게 생각보다 큰 감흥은 없지만.	 시청자들과 동료 BJ들을 볼 생각에 마음은 들떠있다""며 복귀에 대한 기대감을 드러낸 바 있다."
"경찰청, 시민 신고로 가드레일 볼트 절도범 검거 사연 소개","경찰청은 시민의 신고 정신으로 도로변 시설물을 절도범을 체포한 사연을 소개했습니다.	해당 사연을 담은 영상은 강원지방경찰청 제공으로 구독자 18만 대한민국 경찰청 채널에 지난 27일 업로드되었습니다.	영상은 한 시민이 경찰서에 신고를 하는 장면에서 시작됩니다.	 국도를 타고 한 야산을 지나던 중 가드레일에서 수상한 사람을 보았다는 신고였습니다.	경찰은 직접 현장에 나가서 해당 가드레일을 확인하는데요.	 가드레일 이음새를 연결하던 볼트와 너트가 서너 개 사라져 있는 모습이 고스란히 보입니다.	절도범 체포에도 시민이 크게 도움이 되었습니다.	 시민이 몰던 차량 블랙박스에 절도범의 모습은 물론 갓길에 정차된 차량도 뚜렷하게 찍혔기 때문입니다.	경찰청은 ""시민의 신고 덕분에 절도범 소유의 차량을 특정하여 검거할 수 있었습니다""라며 시민 정신에 감사를 표시했습니다."
"[이슈] 데브시스터즈, ""파티파티 데코플레이"" 8일 안드로이드 우선 출시","데브시스터즈는 게임 개발사 버튼과 공동 개발 중인 모바일 아바타 커뮤니케이션 게임 '파티파티 데코플레이'의 안드로이드 버전을 먼저 선보이며 국내 소프트런칭에 돌입했다고 8일 밝혔다.	파티파티는 다양한 아이템으로 아바타와 공간을 꾸미고, 다른 유저들과 실시간 소셜 커뮤니케이션을 즐기는 SNG 장르의 신작이다.	 나의 집에 파티룸을 만들고 친구들을 초대해 채팅이나 사진 촬영을 하며 교류를 나눌 수 있는 점이 특징이다.	또한 친구들과 대화하며 즐기는 낚시, OX 퀴즈, 다트 등의 미니게임에 참여하면 각종 아이템을 구매할 수 있는 보상 획득이 가능하다.	 매주 새롭게 열리는 콘테스트에 참가해 나만의 센스를 발휘한 아바타 스타일을 겨뤄볼 수 있다.	더불어 유저가 게임의 공간과 규칙을 만들 수 있는 커스텀 게임 콘텐츠를 베타 버전으로 선보인다.	 이번 소프트런칭에는 유저가 직접 미로를 만드는 '미로찾기 규칙'과 유저들이 팀을 나눠 술래잡기를 하는 '경찰과 도둑' 규칙이 커스텀 게임 내 적용됐다.	데브시스터즈와 버튼은 파티파티 소프트런칭 실시를 기념해 다양한 이벤트를 진행한다.	 먼저 오픈 후 7일동안 매일 접속한 유저에게는 코인과 크리스탈, 그리고 패션 아이템인 '얼굴에 묻은 파스텔 페인트'와 '장난스러운 페인팅 후디세트'를 증정한다.	파티파티 공식카페에서 스크린샷 공유 이벤트도 실시한다.	 개인 SNS에 나만의 패션이나 개성 넘치는 마이홈 스크린샷을 포스팅한 후 카페 내 이벤트 게시판에 공유하면 추첨을 통해 인게임 재화를 보상으로 지급한다.	 이벤트 참여를 위한 스크린샷 주제는 매주 달라질 예정이다.	또한 자사 대표 게임 쿠키런:	 오븐브레이크와 크로스 프로모션도 실시한다.	 파티파티에 접속해 튜토리얼을 완료하고 두 게임의 동일한 계정을 연동하면 쿠키런:	 오븐브레이크에서 사용 가능한 크리스탈 500개를 증정한다.	한편, 파티파티는 지난 2월 진행한 비공개 시범 테스트에서 자유도 높은 꾸미기 시스템과 원활한 실시간 커뮤니케이션 기능으로 유저들의 기대를 모은 바 있다.	 이후 피드백을 바탕으로 지속적인 콘텐츠 업데이트 및 편의성 개선을 진행해왔다.	데브시스터즈와 버튼은 조만간 iOS 버전도 공개할 예정으로, 이번 국내 소프트런칭을 통해 최종적으로 게임성과 안정성을 점검하고 향후 글로벌 서비스의 가닥을 잡을 예정이다."
"[이슈] 게임이용자보호센터, 웹보드게임 불법광고 신고포상제 실시","게임이용자보호센터는 웹보드게임 유·무료재화 환전유도 등 불법 게시물 유포를 차단하려는 목적으로 '불법게임광고 신고포상제도'를 운영한다고 7일 발표했다.	 포상제도의 운영방안으로는 오는 8월1일부터 10월31일까지를 온라인 웹보드게임 불법게시물유포 특별 신고기간으로 선포하고, 기간 중 신고자에게는 포상금을 1인당 최대 100만 원까지 지급한다.	 또한, 미디어사이트 게임 관련 커뮤니티 등의 불법광고에 대한 집중 모니터링도 실시한다.	신고된 불법게임광고는 게임물관리위원회, 방송통신심의위원회 등 정부기관에 신고 조치하고, 플랫폼 사업자의 협조를 얻어 차단 조치된다.	 더불어 관련 자료는 경찰청에 전달해 수사까지 의뢰한다는 강경책을 꺼내 들었다.	센터에서는 2016년부터 온라인 웹보드게임 내에서 이뤄지는 불법 환전을 근절하기 위한 모니터링, 차단, 수사 의뢰 등을 진행해왔다.	 정기적으로 게임이용자보호보고서를 발표해 관련 결과와 내용을 공개하고 있으며, 2020년 상반기 게임이용자보호보고서는 8월 초 발간될 예정이다.	센터에서 실시한 모니터링 결과에 따르면 온라인 웹보드게임 관련 불법 환전광고는 전년도 대비 2019년 26% 감소했다.	 트위터, 페이스북, 네이버에서는 50%, 아이템매니아와 아이템베이에서는 98% 감소했지만, 유튜브와 아프리카TV, 트위치에서는 72% 증가했다.	센터에 따르면, 전체적인 불법 환전광고는 감소하고 있으나, 미디어 사이트를 통한 불법광고와 도박 사이트로 유인하는 광고는 증가하고 있어 이용자들의 주의가 요구된다.	게임이용자보호센터 이우철 사무국장은 ""새로운 미디어, 새로운 기술의 발달로 신종 불법 사이트, 불법 성인 PC방 광고가 늘어가는 추세""라며, ""건전한 게임문화 확산과 게임이용자를 보호하기 위해 불법광고 차단에 적극 나서게 됐다""고 설명했다."
"[이슈] 게임위, 2020년 불법게임물 신고포상금제도 시행","게임물관리위원회는 24일 본청 1층 등급분류회의실에서 불법게임물신고포상심사위원 4명을 새롭게 위촉하고 2020년 불법게임물 신고포상금제도를 시행한다고 밝혔다.	 이번에 위촉된 위원들은 ▲강신성 중독예방시민연대 사무총장 ▲김혜진 부산YWCA 이사 ▲이해성 부산지방법무사회 법무사 ▲하호일 부산지방경찰청 생활질서계장 등이다.	게임위는 공정한 포상금 지급심사를 위해 불법게임물 신고포상금제도 운영지침을 제정하고 경찰청, 유관기관, 시민단체 전문가 등으로 심사위원회를 구성했다.	포상금은 신고 내용의 충실성과 위법성 정도에 따라 월 최고 60만 원까지 책정되며 1인당 연간 최대 지급액은 300만 원이다.	신고대상은 불법게임물 제공행위, 환전 및 환전 알선 행위, 사행심 조장 광고 및 선전문 게시·배포행위 등이며 법 위반행위로 확인될 경우 사후조치와 무관하게 포상 금을 받을 수 있다.	신고를 원하는 사람은 신고서와 증거자료 등을 게임위 홈페이지 불법게임물 신고센터에서 신고할 수 있으며, 신고포상심사위원회에서 포상금 지급 여부와 액수를 결정하게 된다.	게임위 이재홍 위원장은 ""등급분류 결정된 게임물의 개·변조 수법이 교묘해지고 있다""며 ""불법사행성 게임물이 근절되기 위해서는 국민들의 철저한 불법게임물의 공익신고 참여의식과 포상금 심사위원회의 역할이 정말 중요하다""고 강조했다."
"[이슈] 카운터사이드, 신규 소대 ""제 4 특별 기동 수사대"" 업데이트","넥슨에서 서비스하는 신작 모바일 어반 판타지 RPG '카운터사이드'에 신규 카운터 소대 '제 4 특별 기동 수사대'가 28일 업데이트됐다.	이번 업데이트 '제 4 특별 기동 수사대'는 게임 세계관 내에서 특별한 능력을 지닌 '카운터'와 희귀 광물 '이터니움'과 관련된 사건을 전담하는 경찰청 소속 부서로, 모두 최고 등급인 SSR인 이유미 경정과 강소영 경위로 구성됐다.	이유미 경정은 범죄자에게 강한 적개심을 드러내는 성격을 지녔으며 전투 시 앞에서 적의 공격을 회피하고 방어하는 '디펜더' 유닛이다.	 강소영 경위는 주변 솔저 타입의 아군을 강화하는 '레인저' 유닛으로, 범죄 소탕을 위해 물불을 가리지 않는 캐릭터다.	 이와 함께, 이용자들의 의견이 반영돼 콘텐츠 개선이 이뤄졌다.	 서윤 캐릭터의 일러스트를 보다 세련된 그림체로 수정됐으며, 요일별로 정해진 콘텐츠만 플레이할 수 있었던 '모의작전'의 제한을 없애 이용자가 원하는 콘텐츠를 언제든 즐길 수 있게됐다.	 또, 경험치와 인게임 재화를 추가로 제공해 유저 플레이 부담을 줄였다.	한편, '카운터사이드'는 현실세계 노말사이드와 이면세계 카운터사이드의 전투를 그린 어반 판타지 RPG로, 하나의 도시에 두 개의 세계가 존재한다는 독특한 세계관, 몰입도 높은 스토리, 매력적인 캐릭터가 돋보이는 서브컬처 장르 신작이다."
"신종 코로나 감염자 행세 유튜버, 영장신청에 경찰 ""조롱""","신종 코로나바이러스 감염자 행세를 하며 불안감을 조성한 혐의로 구속영장이 청구된 20대 유튜버 A 씨는 경찰의 영장 신청에 조롱하는 듯한 영상물을 등록해 논란이 일고 있다.	 지난 8일 A 씨는 '진심으로 반성합니다'라는 제목의 영상을 올렸다.	 이 영상 초반에는 A 씨가 두려움에 떤 뒤, 바지에 물을 부으며 ""너무 무서워서 오줌을 쌌다""면서 구속영장이 신청된 상황을 희화화했다.	심지어 자신을 비난하는 누리꾼들을 조롱하고 영장을 신청한 경찰을 '견찰'로 표현했다.	 A씨는 영상에서 ""구속영장을 신청한다고 해서 100%되는 것은 아니다""라며, ""검찰, 법원 승인을 받아야 한다""고 말했다.	A씨는 지난달 30일 부산 도시철도 3호선 전동차에서 기침을 하며 ""나는 우한에서 왔다.	 폐렴이다.	 모두 나에게서 떨어져라""며 신종 코로나 감염자 행세를 했다.	경찰은 허위사실을 유포해 불안감을 조성한 점을 근거로 업무방해와 경범죄 처벌법상 불안감 조성을 적용해 구속영장을 신청했고 영장 실질심사는 11일 진행된다."
"신종 코로나 감염자 행세 유튜버 영장 ""기각""","부산도시철도 열차에서 신종 코로나 바이러스에 감염자 행세를 한 유튜버 A 씨에 대한 구속영장이 기각됐다.	 부산지법 서부지원 박진웅 영장전담 부장판사는 검찰이 업무방해 등 혐의로 청구한 20대 유튜버 A 씨에 대한 구속영장을 기각했다고 11일 밝혔다.	이날 오후 A 씨에 대한 구속 전 피의자 심문을 진행한 박 부장판사는 ""피의자가 범행을 시인하고 있고, 주거가 일정하며, 당시 동영상 등을 확보해 증거인멸 가능성도 없다""라며 영장 기각 사유를 설명했다.	A 씨는 지난달 30일 부산도시철도 3호선에서 ""나는 우한에서 왔다.	 폐렴이다.	 모두 나에게서 떨어져라""고 소리를 지르며 기침을 하는 등 허위 사실을 유포하고 공포감을 조성한 혐의를 받았다.	 이에 경찰은 업무방해와 경범죄처벌법상 불안감 조성 등을 적용해 검찰에 구속영장을 신청했다.	 경찰이 구속영장을 신청한 지난 8일, 경찰을 조롱하는 영상을 자신의 계정에 올렸다.	 그가 올린 영상에는 구속영장을 신청한 경찰을 '견찰'로 표현하는 등 ""너무 무서워서 소변을 봤다""라며 자신의 바지에 물을 붓는 모습을 공개하기도 했다."
"[이슈] DK모바일, 설현 참여 티저 영상 공개","엔트런스는 자사가 개발 중인 모바일 정통 MMORPG 'DK모바일:	 영웅의 귀환'의 티저 영상을 12월1일 공개했다.	 'DK모바일'은 2012년 출시해 현재까지 활발히 서비스중인 스테디셀러 게임 'DK온라인'의 IP를 활용한 게임으로 엔트런스의 첫 작품이다.	 IP 기반 모바일 게임의 흥행이 계속 되는 가운데 'DK모바일'이 그 대열에 합류할 수 있을지 티저 영상에 관심이 쏠리고 있다.	이번에 공개된 티저 영상 역시 IP를 강조하며, PC MMORPG 'DK온라인'이 'DK모바일'로 재탄생했음을 알리는 내용이다.	 'DK온라인'이 플레이되는 수많은 모니터 앞으로 설현이 등장하고, 'DK is Back'이라는 음성과 함께 설현의 스마트폰에서 'DK모바일'이 플레이된다.	엔트런스 김근열 부장은 ""이번 티저 영상을 시작으로 이달중 사전예약을 시작하고, 사전예약 기간 중에 CBT를 진행할 예정""이라며, ""안정성이 담보된 완성도 높은 게임을 선보이기 위해 모든 과정에서 최선을 다하고 있으니, 많은 관심 부탁 드린다""고 전했다.	엔트런스는 'DK모바일' 티저 영상 공개를 기념해 12월11일까지 SNS 이벤트를 진행하고, 추첨을 통해 구글 기프트카드 등 경품을 지급한다.	한편, 'DK모바일'의 메인 홍보 모델인 설현은 첫 방송부터 호평을 받고 있는 tvN 월화드라마 '낮과 밤'에서 경찰청 특수팀 소속 '공혜원'역을 맡아, 남궁민과 함께 주인공으로 출연중이다.	게임에 대한 보다 자세한 정보는 'DK모바일' 를 통해 확인 할 수 있다."
"[이슈] 게임이용자보호센터, 이승훈 신임 센터장 취임","게임문화재단은 5일 게임이용자보호센터 3기 신임 센터장으로 이승훈 영산대학교 교수를 임명했다.	  신임 이승훈 센터장은 게임 및 가상현실 기술분야 전문가로 현재 한국게임법과정책학회 부회장을 맡고 있으며, 한국게임개발자협회 회장 및 미국실리콘밸리 가상현실협회 한국지부장, 게임물관리위원회 및 콘텐츠분쟁조정위원회 기술분야 전문위원을 역임했다.	이와 함께 센터는 3기 자문위원으로 센터장을 포함해 ▲게임물관리위원회 최충경 사무국장 ▲경찰대학 이동희 교수 ▲경희대학교 윤지웅 교수 ▲법무법인 화현 하성화 변호사 ▲게임문화평론가 김상우 박사로 한 6인으로 구성했다.	이승훈 신임 센터장은 ""게임 이용자의 권익보호를 위해 불법 게임물 모니터링 및 사행화 방지 홍보 활동 등을 강화하고, 부처간 소통 강화를 위해 세미나 및 간담회 개최 등을 통해 게임산업 전반에 대한 정책 제언을 적극적으로 개진하겠다""며 취임 포부를 밝혔다.	건강한 게임문화 확립과 올바른 이용 문화 조성, 게임 이용자들의 권익호보 등을 목적으로 2016년 설립된 센터는 그 동안 포털 사이트 및 카페, SNS, 미디어 사이트 및 기타 커뮤니티 사이트 등을 대상으로 불법 환전 광고 모니터링을 실시해 700여건의 불법 광고에 대한 삭제 조치를 진행했으며, 사행성 조장 가능성이 있는 불법 인터넷 개인방송 등에 대해서는 경찰청 사이버 수사대 등과 공조 활동을 진행하고 있다."
[기획] 추석 연휴 책임진다! 테마별 추천 게임 10선,"온 가족이 모여 즐거운 시간을 보내는 민족 최대의 명절 추석이 코 앞까지 다가왔다.	 짧다면 짧고, 길다면 길다고도 할 수 있는 황금 연휴에 즐길만한 게임을 취향, 니즈 별로 준비했다.	스트레스 해소용 게임부터 남녀노소 함께 즐길 수 있는 게임까지 올 추석 연휴를 책임질 댜앙한 게임을 만나보자.	◆ 게임으로 푸는 명절 스트레스각자의 이유로 명절 스트레스는 쌓이고 또 쌓인다.	 ""결혼은 언제 하니?""	, ""취업은 했니?""	, ""대학은 가야지"" 등 명절에 만난 친지들이 던진 한 마디 말이 비수로 날아와 꽃힌다.	 명절맞이 음식 마련으로 인한 스트레스에 시달리는 이들도 적지 않다.	 그런 스트레스를 단박에 풀어줄 수 있는 요소가 있다면 바로 타격감이 아닐까.	 ▶스트레스를 한 방에!	 '스트레스 익스플로전''스트레스 익스플로전'은 이름 그대로 일상의 스트레스를 던져버릴 수 있는 게임이다.	 스트레스를 받은 누군가가 있다면 한번 쯤은 주위의 물건을 던지고 부수는 상상을 해봤을 것이다.	 단순히 게임에서 던지고 부수는 것만으로도 받은 스트레스는 줄어들 수 있다.	 막대기, 우산, 총, 폭탄 등 주어진 무기로 눈에 보이는 것을 부수기만 하면 된다.	부수는 것 이외에 이 게임에는 공감이라는 핵심 요소도 있다.	 게임을 플레이하는 순간 어쩌면 일상에서 마주쳤을 수도 있는 스트레스와 조우하게 된다.	 아침 잠을 방해하는 알람 시계부터 기분 좋은 하루를 망치는 직장 상사의 잔소리까지 모두 만나볼 수 있다.	한번 쯤은 겪어봤을 상황에 나만의 방식으로 스트레스를 풀어보는 건 어떨까.	▶오늘 만큼은 내가 법!	 'GTA 5'조직의 보스가 된다거나 마피아 두목이 되는 상상을 해본 적이 있는가.	지금 이 순간 만큼은 내가 왕이고 동시에 법이다.	 로스 산토스에선 평소에는 겪어보지 못했을 그런 상황을 직접 만들어나갈수 있다.	 길거리에서 마음에 드는 차를 골라 타고, 지나가는 행인의 돈을 뺏기도 한다.	 더 나아가, 각종 무기로 무장한 체 경찰과 추격전을 벌일 수도 있고, 공군 기지에 있는 비행기를 훔칠 수도 있다.'	GTA 5'의 또 다른 매력은 현실성의 강화다.	 주인공의 주먹질은 마치 길거리에서 싸우는 스트리트 파이터의 느낌으로 변했고, 점프 시 착지가 불안정하면 바닥에 나뒹굴게 된다.	 달리는 차에서 뛰어내리면 온 몸에 긁힌 자국과 피가 남으며 아파하는 모습까지 생생하게 묘사되는 것을 확인할 수 있다.	◆ 비대면 추석, 온라인으로 모여라!	매년 찾아오는 명절이지만 이번 추석은 예년과 다르다.	 코로나19 바이러스의 확산으로 비대면 추석이 새로운 화두로 떠오르고 있고 가족들을 만나지 않고 연휴를 집에서 보내고자 하는 사람들이 많아졌다.	 만나지 못하는 그리움 대신 온라인으로 접선해보는 건 어떨까.	▶ 오늘 밤 주인공은 나야 나!	 '어몽어스''밤이 되었습니다.	 마피아는 고개를 들어주세요.'	비대면 시대에 나홀로 역주행을 달리는 게임이 있었으니 바로 '어몽어스'다.	 '어몽어스'는 마피아 게임의 변형으로 우주선에 탑승한 마피아를 색출하는 게임이다.	 시민은 승리하기 위해 마피아를 피해 여러 가지 임무를 완수해야 한다.	 정치 꿈나무부터 광기있는 살인마까지 다양한 사람들을 만나볼 기회다.	마피아 세계에서 살아남고 싶다면 자신을 죽일 수 있는 일말의 여지도 주지 않는 것이 좋겠다.	▶ 화제의 파티게임 '폴가이즈'오늘도 나는 생존하기 위해 뛰고 또 뛴다.'	폴가이즈'는 출발 드림팀의 온라인 버전이다.	 장애물이 있는 지형을 피해 도착점까지 달리거나 밟으면 사라지는 발판 위에서 오랫동안 버텨야 한다.	 20여 가지가 넘는 다양한 맵에서 창의성있는 플레이로 끝까지 살아 남아야 하며 배틀로얄 방식이기에 최후의 1인만이 살아남을 수 있다.	 이번 명절 '폴가이즈'를 통해 스트레스에서 벗어나는 최후의 1인으로 거듭나보자.	◆'집콕' 명절엔 신작과 함께!	명절에도 어김없이 신작은 나온다.	 이번 추석에 즐길만한 신작 두 가지를 준비했다.	▶환상과 모험이 가득한 세계 '원신''원신'은 일곱 원소 신이 다스리는 세계를 배경으로 잃어버린 가족을 찾기 위해 떠난 긴 여행의 과정에서 미지의 대륙에 숨겨진 비밀을 밝혀내는 게임이다.	 오픈 월드 게임이기에 어느 정도 자유도가 보장된다.	 이용자는 물에서 수영을 하거나 나무에 올라 열매를 채집하는 등 일상에서도 경험해볼 수 있는 활동들을 경험한다.	적어도 연휴에는 '원신'에서 한 번쯤 자유로움을 느껴보길 바란다.	 ▶좋아하는 가수를 게임에서!	 'BTS 유니버스 스토리'좋아하는 가수를 게임에서 만날 수 있다니 이 얼마나 행복한 일인가.'	BTS 유니버스 스토리'는 방탄소년단을 모티브로 제작된 게임이다.	 게임에서 스토리를 만들 수도 있으며 다양한 컬렉션 수집을 통해 방탄소년단 멤버들을 꾸밀 수도 있다.	 만약 방탄소년단을 좋아하는 팬이라면 직접 꾸민 게임 속 캐릭터를 보며 만족감을 느낄 수도 있다.	방탄소년단의 팬이 아니어도 게임을 재밌게 즐길 수 있다.	 여러 사람이 만든 다양한 스토리를 내맘대로 골라 부담 없이 즐길 수 있으며 직접 이야기를 만들어 남들의 공감을 얻을 수도 있다.	◆ 연휴가 지루하니?	 필요한 건 시간 '순삭'누군가에게 명절은 외로움으로 쓸쓸함을 달랠 수 없는 시간일지 모른다.	 이럴 때 필요한 건 바로 타임머신.	 게임을 즐기고 난 뒤 누군가는 말할 것이다.	 시간 가는 줄 몰랐다고.	▶출구가 없는 방탈출 게임 '베리드 스타즈'출구가 없는 방에 갇혔을 지언정 게임을 시작했다면 엔딩을 봐야 직성이 풀린다.'	베리드 스타드'는 출구가 없는 방에 갇힌 주인공들의 이야기를 다룬 게임이다.	 다만 탈출을 목적으로 하는 것이 아닌 주인공이 구조될 때까지 생존을 목적으로 한다.	 빠른 전개를 통해 상당한 몰입감을 선사하며 주요 인물과 대화를 통해 이야기를 전개해 나간다.	 ▶'스토리픽'""감당하실 수 있겠습니까?""	'스토리픽'은 드라마 'SKY캐슬'을 원작으로 한 시뮬레이션 스토리 게임이다.	 강예서, 김혜나 등 주요 인물들을 만나볼 수 있으며, 다양한 에피소드를 경험할 수 있다.	 각기 다른 주인공 시점으로 스토리가 전개되고 이용자의 분기 선택에 따라 결말이 달라지는 만큼 기존에 알고 있던 원작 드라마의 결말과 관계 없이 새로운 이야기를 즐길 수 있다.	  지루한 추석 연휴에 두 게임 모두 열린 결말로 다양한 엔딩을 만나 볼 수 있으니 참고하시라.	◆ 함께여서 즐겁다!	 같이의 가치명절 연휴는 그 자체로도 즐겁지만 함께여서 그 즐거움이 배가 되는 경우가 많다.	 이번 연휴에는 게임도 함께 즐기면서 같이의 가치에 대해서도 한 번 생각해보자.	▶모두의마블 모두해~ '모두의마블''모두의마블'은 누구나 한 번쯤은 해봤을 법한 캐주얼 보드게임이다.	 넷마블은 '모두의마블' 7주년 업데이트에 이어 자사 인기 게임과 대규모 컬래버레이션까지 진행했다.	 '세븐나이츠'와 '스톤에이지 월드', '쿵야 캐치마인드' 등의 대표 캐릭터가 등장했고 추후 'A3:	 스틸얼라이브', '몬스터길들이기', '마구마구2020 모바일' 등 컬래버 콘텐츠도 등장할 예정이다.	뿐만 아니라 20명이 함께 즐길 수 있는 대탈출 모드와 6,000다이아 제공 등 다양한 이벤트까지 준비됐다고 하니 추석 연휴동안 캐릭터 '떡상'을 노려볼 수 있도록 하자.	▶나는 오늘도 달린다 '카트라이더 러쉬플러스'국민 레이싱 게임 '카트라이더'를 안해 본 사람은 있어도 한 번만 해본 사람은 없을 거다.'	카트라이더 러쉬플러스'에서는 PC방에서 친구와 '빌리지 손가락' 대결을 펼치던 그 때 그 시절 추억을 고스란히 느낄 수 있다.	 레이싱 게임답게 도로에는 장애물이 가득하며 커브, U자형 도로, 좁아지는 통로 등 다양한 변수들이 존재한다.	 순수 실력 대결을 펼칠 수 있는 스피드전부터 상대방의 멘탈을 흔들며 반전을 꽤할 수 있는 아이템전까지 원작의 향수를 제대로 느낄 수 있다.	황금연휴에 향수에 푹 빠져보는 것도 좋은 선택일 수 있겠다."
"[이슈] 에픽세븐, 신규 한정 영웅 ""랑디"" 등장","스마일게이트 메가포트는 자사가 서비스하고 슈퍼크리에이티브가 개발한 모바일 턴제 RPG '에픽세븐'에 신규 한정 영웅 '랑디'를 출시하고, 3주 동안 진행되는 특별한 서브 스토리 '만월의 밤과 사막의 도적들'을 업데이트했다고 25일 밝혔다.	 '에픽세븐'에 새롭게 합류하는 한정 영웅 '랑디'는, 에피소드3에 등장하는 세력 중 하나인 '폴리티아'의 경찰청장으로 도시의 이익과 질서를 지키기 위해 고군분투하는 캐릭터다.	 자연 속성의 5성 등급 사수 영웅으로서, 자신의 속도와 행동 게이지를 상승시키거나 아군 전체의 행동 게이지를 상승시키는 스킬을 보유하고 있다.	 특히, 적의 강화 효과에 대응해 상대보다 한발 앞서 공격 기회를 확보할 수 있으며 2번째 스킬인 '경찰청장 참전'을 통해 최대 5회까지 공격력을 증폭시킬 수 있기 때문에 공격적인 파티에서 높은 활용도를 자랑한다.	한편, 신규 특별 서브 스토리 '만월의 밤과 사막의 도적들'도 업데이트됐다.	 만월의 밤은 9월24일부터 10월15일까지 3주 동안 매주 새로운 스토리가 진행되는 48개의 다양한 스테이지로 구성돼 있다.	 '바사르', '켄', '카르투하', '여일의 디에리아' 등 많은 영웅들이 주요 인물로 등장하며 특별 한정 아티팩트 '달빛의 흔적'을 비롯해 78레벨 전설 장비 및 장신구, 배경팩, 일러스트, 강화 재료 등 다양한 보상을 플레이를 통해 획득할 수 있다.1주차 스토리인 '축제를 노리는 자들'은, 사브와라의 대도시 '기 루브란'에서 6대 상단이 매년 주최하는 큰 축제  '만월제'를 배경으로 하며, 축제를 노리는 도적단의 음모가 서서히 드러나는 흥미진진한 스토리가 진행된다.	스마일게이트 메가포트 이상훈 실장은 ""신규 만월제 서브 스토리, '만월의 밤과 사막의 도적들'은 '에픽세븐' 세계관 속에서 주요한 에피소드 중 하나로 다양한 영웅들의 이해관계가 얽히고 설켜 예측 불가능한 전개가 펼쳐질 예정이다.	 등장하는 영웅들의 배경을 이해하는데 많은 도움이 될 것으로 예상되는 만큼 많이 즐겨 주시길 바란다""고 소감을 전했다.	자세한 정보는 와 공식 에서 확인할 수 있다."
"[창간 기획] 멸망전이 배출한 ""롤통령"" 김민교를 만나다","2020년 여름 현재 아프리카TV의 자타공인 '롤통령'은 김민교다.	 김민교의 LCK 중계방송에는 매일 수만 명의 시청자가 몰린다.	 프로게이머 출신 BJ나 챌린저 랭크의 천상계 BJ들이 같은 시간 LCK 중계방송에 나서지만 시청자 수는 김민교가 압도적이다.	 다른 BJ들의 초대 손님으로도 김민교는 섭외 1순위다.	 김민교는 새벽에 등산 방송에 등장하는가 하면, 콘텐츠 플랫폼간 자존심 대결에도 중계 패널로 초대되는 등 바쁜 스케줄을 소화하고 있다.'	리그오브레전드' 전문 BJ 중 가장 많은 시청자를 모으는 BJ가 '롤통령'으로 불리는데, 뛰어난 게임 실력뿐만 재치 넘치는 멘트, 다양한 콘텐츠 진행 능력 등 다방면에서 재능을 갖추지 않고는 '롤통령'이 되기 힘들다.	 김민교는 비록 'LoL' 랭크 플래티넘이라는 평범한 티어에도 불구하고 아프리카TV 멸망전을 비롯한 다양한 콘텐츠를 통해 시청자들을 사로잡으며 지금의 자리까지 올랐다.	◆멸망전 참가 위해 개인 방송 시작김민교는 멸망전이 배출한 최고 스타 중 하나다.	 방송 데뷔조차 멸망전에서 시작했다.	 의무경찰로 군 복무를 마치고 경찰시험을 준비하던 그는 평소 즐겨 보던 BJ 이상호의 시청자 참여 콘텐츠를 통해 날카로운 분석 능력을 과시한 뒤 이상호의 제의로 개인방송 시작과 멸망전 출전을 동시에 준비했다.""	이상호 방송에서 '진실의 방'이라는 솔로랭크 피드백에 참여한 것을 계기로 방송을 시작하게 됐습니다.	 이상호 디스코드 방에 들어가서 피드백을 계속 했는데 반응이 나쁘지 않았고, 시청자들도 제가 BJ를 하면 재밌겠다고 했죠.	 평소 방송을 취미로 해보고 싶은 생각이 있었는데 부업으로 한 번 해보면 어떨까 하는 생각에 이상호에게 조언을 구했고, 멸망전이 열리니 함께 해보자는 이상호의 제안에 방송을 시작하게 됐습니다.""	김민교는 첫 멸망전을 준비하는 스크림을 통해 '가성비' 뛰어난 실력을 선보이며 주목을 받기 시작했으나 첫 대회부터 좋은 결과물을 얻지는 못했다.	 김민교는 ""이상호와 토마토, 땅우양, 종학이와 한 팀으로 멸망전에 참가했는데 전력이 나쁘지 않았다.	 그런데 예선 경기 시작 시간까지 종학이와 연락이 닿질 않아 급히 실버 대타를 구해 대회에 참가해 아쉽게 탈락했다.	 대타를 쓰고도 이길 수 있었는데 어쩌다보니 지게 됐고, 너무 아쉬웠다""고 당시를 돌이켰다.	◆전설의 팀 '토깅스' 멤버로 인기 '급등'김민교는 첫 대회를 마친 뒤 방송을 접을까 고민하기도 했다.	 멸망전이 끝난 뒤 시청자들의 관심이 아무래도 줄어들 수밖에 없었고, BJ로서의 성공을 장담하기 어려운 상황으로 인해 방송을 그만 두고 경찰시험 준비에 다시 매진할 생각을 했다는 것.	 하지만 그의 고민은 오래 가지 않았다.	 다음 멸망전에서 그를 영입하려는 팀이 나오면서 김민교의 방송 활동도 자연스럽게 연장된 것이다.	김민교는 그렇게 멸망전을 목표로 방송 활동을 이어가다 전설적인 팀인 '토깅스'에 합류하게 된다.	 김민교, 이상호, 제동빠, 토마토, 전수찬으로 구성된 '토깅스'는 예능과 실력을 겸비한 팀으로 스크림 과정에서 많은 인기를 얻었다.	 프로 출신 챌린저 정글러 제동빠가 중심을 잡는 가운데 입담 좋은 4명의 티키타카가 더해지면서 엄청난 시너지를 낸 것.	 '토깅스' 팀원들은 게임에서 이기면 이기는대로 신을 냈고, 지면 지는대로 범인찾기 콘텐츠로 시청자들을 즐겁게 했다.	김민교 또한 '토깅스' 활동을 통해 BJ로서 입지를 탄탄히 할 수 있었다.	 김민교는 '토깅스' 활동에 대해 ""그때 생각이 많이 난다.	 '토깅스' 때 스크림을 하다가 눈썹 삭발 벌칙을 걸었는데 토마토가 밀었던 기억도 난다.	 제동빠가 정말 잘했던 기억도 나고""라며 회상했다.	◆멸망전 가성비 미드 카드로 '각광'!	 천상계전서 맹활약멸망전 참가 초기 플래티넘 티어였던 김민교는 티어 대비 실력이 뛰어난 '가성비' 미드 카드로 인기를 모았다.	 'LoL'에서 가장 영향력이 큰 포지션에 나가 프로 출신이나 챌린저 티어 상대를 만나도 대등한 싸움을 벌이는 능력이 탁월했기 때문.	 김민교가 미드에서 고티어를 상대로 버티는 동안 다른 라인에 선 챌린저 팀원들이 캐리를 하는 그림이 자주 연출됐다.	 멸망전이 열릴 때마다 김민교를 찾는 팀이 많을 수밖에 없었다.	지난 6월 열린 '2020 LoL BJ 멸망전 시즌2 천상계전'은 김민교의 라인전 실력이 유감없이 발휘된 대회였다.	 김민교는 프로 출신과 챌린저 고수들이 대거 참여한 천상계전에서 마치 LPL 펀플러스 피닉스의 '도인비' 김태상을 연상케 하는 멋진 갈리오 플레이를 선보이며 팀을 조별 리그 전승, 결승 직행으로 이끌었다.	 상대적인 저티어임에도 불구하고 천상계 미드 라이너들을 오히려 압도하는 모습을 보인 김민교에게 김동준 해설을 비롯한 중계진도 '아체미'라며 찬사를 보냈다.	김민교는 ""예선 첫 경기 때는 운이 좋았다고 생각했다.	 경기 끝나고 뿌듯하게 공식 중계방송을 봤다.	 4번이나 이기고 나니 '내가 정말 미쳤다'는 생각이 들었다.	 중계진의 칭찬을 듣고 많이 뿌듯했다""고 극찬을 받은 소감을 밝혔다.	 그는 이어 ""라인전부터 나한테 지는 상대 미드 라이너들을 보고 '얘네가 어떻게 챌린저에 갔나' 하는 생각이 들었다.	 내가 챌린저 카드인 건가 하는 생각마저 들었다""며 넘치는 자신감을 표출하기도 했다.	◆넌 챌린저?	 브론즈?	 기복 심한 플레이가 김민교의 매력하지만 김민교의 '아체미' 타이틀은 오래 가지 않았다.	 전승 결승 직행으로 우승이 유력했으나 결승전에서 0대3 참패를 당하고 만 것.	 김민교는 예선에서 압도했던 상대인 단청을 상대로 라인전에서 이렇다 할 우위를 점하지 못했고, 중후반 대규모 교전에서 스킬 실수를 연발했다.	 특히 마지막 3세트서 봉인풀린 주문서를 활용해 총명을 쓰겠다고 한 뒤 정화를 시전해 팀 패배에 결정적인 역할을 했다.	김민교는 결승전 패배에 대해 ""팀원들도 다 우승할 줄 알았는데 0대3으로 져서 너무 아쉬웠다.	 결승 전날 스크림을 7경기나 하면서 전력 노출도 있었고 컨디션 관리도 못한 것 같다""고 말했다.	 이어 그는 패배의 원인을 묻는 질문에 ""노바가 패배 지분 60%는 있었다고 생각한다.	 노바가 사람이 아니었다""고 대답했다.	 결승전 상대였던 단청에 대해서는 ""단청은 라인전이 강한 선수가 아니다.	 단청은 쉬웠다.	 다만 다른 팀원들이 잘한 것""이라고 말했다.	사실 김민교는 평소 개인방송에서도 기복 심한 모습을 보인다.	 잘할 때는 미친 듯한 슈퍼 캐리를 펼치며 ""피지컬"", ""왕귀요"", ""캐리요""를 외치지만 못할 때는 브론즈도 하지 않을 법한 실수를 연발하고는 ""버그다"", ""저격 방플이다""며 말도 되지 않는 핑계를 대곤 하는 것.	 그나마 팀 단위 콘텐츠에서는 덜한 기복을 보이던 그는 이번 멸망전에서 천국과 지옥을 오가는 플레이를 선보였다.	 아쉽게 김민교 팀은 우승을 놓쳤지만 시청자들은 마냥 즐거운 경험을 했다.	◆멸망전 의지하는 BJ 많아…개최 시기 조율 필요해멸망전으로 데뷔한 뒤 멸망전을 통해 인기를 얻고 '롤통령'의 자리까지 오른 김민교는 시청자 수가 많지 않은 BJ들에게 멸망전이 어떤 의미인지 잘 알고 있다.	 김민교는 ""시작하는 단계인 BJ들은 멸망전에 많이 의지할 수밖에 없다.	 인기 BJ들과 어울릴 수 있는 계기가 많지 않은데 멸망전에 참가하면 자연스럽게 다른 BJ들과 교류할 수 있고 시청자 수도 늘릴 수 있다.	 예전에는 너무 텀이 길었다면 지금은 멸망전이나 유사 대회가 너무 자주 열리는 감도 없지 않다.	 적절한 간격으로 열려야 시청자들도 더 재미있게 즐길 수 있다.	 그리고 지상계전과 천상계전을 나누지 않는 편이 더 좋은 것 같다""고 의견을 피력했다.	그는 다음에 멸망전에 함께 하고 싶은 팀원으로 DRX에 입단한 정글러 '표식' 홍창현을 꼽았다.	 함께 하기 싫은 팀원으로는 '토깅스'에서 전설을 함께 써내려간 토마토를 지목했다.	 김민교는 ""표식이와는 꼭 한 번 다시 멸망전에 나가고 싶다.	 게임을 재미있게 하는 친구인데 같이 준우승밖에 못했다.	 꼭 함께 우승하고 싶다.	 토마토는 너무 못한다.	 정글은 정말 사람이 아니더라.	 요즘 무엔터 멤버로 활약하고 있던데 잘 풀려서 다시는 'LoL'을 안했으면 한다""고 말했다.	◆페이커 저격-	유튜브 100만 구독자 달성이 목표!	이미 '롤통령'에 올라 인기 BJ로서 입지를 다진 김민교는 더 큰 목표를 향해 나아가고 있다.	 그가 던진 2개의 키워드는 ▲'페이커' 저격과 ▲100만 유튜버 등극이다.	김민교는 ""'페이커'가 부캐를 키울 때 브실골 구간에서 저격하겠다는 것이냐""는 기자의 질문에 ""아니다.	 높은 곳에서 '페이커'를 저격하겠다""고 단호하게 대답했다.	 '다이아 노방종' 선언을 한 뒤 오히려 티어가 떨어지는 기현상을 보이며 지난 시즌을 골드로 마감했던 김민교임을 감안하면 실현 가능성이 높지 않지만 이번 시즌은 다른 모습을 보일 수 있을지 기대된다.	김민교는 유튜브 구독자 수와 관련해서는 ""이상호가 100만 유튜브 구독자를 꼭 달성하라고 했다.	 자기가 제대하고 나면 구독자를 나눠달라고 하더라.	 이상호가 군대에 가기 전에는 그저 'LoL'만 하면 됐는데 지금은 여러가지로 신경을 써야 할 일도 많고 부담이 되는 것도 사실이다.	 앞으로 다양한 콘텐츠를 선보일 수 있도록 열심히 방송에 매진할 것""이라고 각오를 다졌다.	◆별 거 없는데 지켜봐줘 감사…코로나 빨리 종식되길김민교는 팬들의 사진 촬영 요청과 사인 공세로 부쩍 늘어난 인기를 실감하기도 했다고 털어놨다.	 그는 ""머리를 짧게 잘랐던 시절에 알아보는 팬들이 많았다.	 지금은 덜하지만 알아봐주는 팬들에게 항상 감사하다""고 말했다.	 그는 ""별 거 없는데도 항상 지켜봐 주시는 분들께 감사하다.	 항상 건강하시고 행복하셨으면 좋겠다.	 콘텐츠 끝나고 나면 '수고했다'고 쪽지 주시기도 하는데 그럴 때는 보람도 느낀다""며 팬들에 대한 감사한 마음을 전했다.	코로나 확산으로 인해 게임과 개인방송의 가치가 올라가고 있다.	 김민교 또한 시청자 수가 나날이 늘어가며 코로나 간접 수혜를 입고 있는 것도 사실.	 하지만 김민교는 코로나가 빨리 종식되기만을 바라고 있다.	 김민교는 ""시청자가 줄어도 좋으니 코로나가 빨리 종식되기를 바란다.	 사업하시는 분들이나 어려움을 겪는 분들이 너무 많지 않나.	 코로나가 종식되면 많은 분들이 원하시던 팬 미팅도 추진해볼 계획""이라고 코로나 종식 이후 팬들과 만나고 싶다는 바람을 전했다."
"[이슈] 헬로카봇 시즌9, 7월5일 SBS 첫 방…""펜타스톰X""가 돌아왔다","최신작 '헬로카봇 시즌9-	펜타스톰X 리턴즈'가 다음달 5일 오전 7시25분 SBS TV에서 화려하게 돌아온다.	  '헬로카봇 시즌9'는 '헬로카봇' 시리즈의 시그니처 카봇인 '펜타스톰'이 더 강력하고 새로워진 '펜타스톰X'가 돼 등장한다.	 시즌1에 첫 등장한 '펜타스톰'은 몸체를 이루는 스톰을 중심으로 특수기동차 스카이, 경찰차 프론, 앰뷸런스 댄디, 소방차 에이스가 합체한 5대 합체 카봇이며, 주인공 차탄을 사로잡은 친구였다.	 '펜타스톰'은 약 5m 크기의 거대한 조형물로 현재 부천 한국만화영상진흥원 입구에 전시돼 명물로 자리하고 있다.	이번 시리즈에서 차탄과 첫 만남을 가진 카봇은 에이스 '레스큐X'로, 폭발사고로 위기에 빠진 빌딩 공사현장에 새롭게 변한 모습으로 나타나 멋지게 사람들을 구조한다.	 이후 '프론 폴리스X', '댄디 앰뷸런스X', '스카이 스와트X', '스톰X'까지 합류, '펜타스톰X'로 합체해 활약한다.	 이들은 비록 모습은 달라졌지만 개성 강한 성격만큼은 그대로다.	  또한 '펜타스톰X'의 새로운 무기들은 멋진 모습을 완성한다.	 '펜타스톰'과 달리, '펜타스톰X'는 공격 무기 '펜타스톰 액스'를 갖고 나타난다.	 이 도끼는 강력한 부채 'EM 파초선'으로도 사용된다.	 'EM 파초선'은 휘두르면 강력한 바람을 내뿜는다.	 '펜타스톰X'의 방어력도 한층 강해진다.	 전자기력을 이용한 오각형의 'EX 배리어'로 적의 공격을 막아낸다.	  '헬로카봇' 시리즈 제작사인 초이락컨텐츠팩토리 측은 ""'펜타스톰'은 전체 시리즈를 대표하는 카봇이라 할 수 있다.	 '펜타스톰X'로 돌아온 것은 '헬로카봇'에도 큰 의미가 있다""면서 ""'펜타스톰X'가 어린이들의 진정한 친구가 될 것이라 기대한다""고 밝혔다."
"[이슈] 핵과의 전쟁! 넥슨, ""서든어택"" 불법 프로그램 뿌리 뽑는다","넥슨이 근절 캠페인, 촘촘한 단속과 엄중한 제재, 법적 대응 강화로 불법 프로그램에 강경하게 대처해온 온라인 FPS게임 '서든어택'에 이용자 참여형 제도까지 도입해 핵 뿌리 뽑기에 나선다.	 공정성이 필수인 FPS게임은 핵 이용 시 자동으로 적을 조준하고 총알을 무한정 쏘거나 벽을 뚫고 발사하는 등 비정상 플레이가 난무해 핵 근절은 핵심 사안이다.	 넥슨은 그간 다각적인 대처로 '서든어택'에서 2019년 13만9376명의 불법 프로그램 사용자를 제제했다.	 불법 프로그램 유통망도 집중 관리해 2019년 1515개 사이트를 차단했고, 불법 홍보영상 1039개를 삭제했다.	 올 6월 중순까지 불법 프로그램 판매자 5명을 검거했고, 이용자 11만820명을 단속했다.	이에 더해 넥슨은 불법 프로그램 근절에 더욱 고삐를 죄고자 지난 18일, '서든어택'에 이용자로 구성된 배심원단이 집단지성을 활용해 비정상 게임 행위를 직접 판결하는 '길로틴 시스템'을 시범 도입했다.	◆관계 및 수사기관과 공조를 통한 핵 개발, 유포자 엄벌넥슨은 강력한 법적 대응을 위해 경찰청, 게임물관리위원회와 긴밀한 공조를 이어왔다.	 시작은 2011년으로, 불법 프로그램 개발 및 유포 혐의로 인터넷 카페 운영자 등을 분당경찰서에 고발했다.	 당시엔 전례가 없던 일이었다.	이후엔 실제 검거까지 이뤄졌다.	 2015년 대구지방경찰청은 총 10억 원의 부당수익을 올린 일당을 불구속 입건했고, 2017년 게임물관리위원회와 부산지방경찰청은 합동 단속으로 4억 원 상당의 부당이익을 챙긴 일당을 붙잡았다.	 나아가 2018년은 업계 처음으로 '서든어택' 불법 프로그램 이용자에게 범죄 혐의가 인정되는 기소유예 처분이 내려져 주목을 받았다.	◆자정 능력을 위한 핵 근절 캠페인 적극 실시강경하게 법적 대응하는 한편, 쾌적한 환경을 조성하기 위한 캠페인도 병행했다.	 넥슨은 '서든어택' 연예인 홍보 모델을 활용한 재치 있는 캠페인 영상을 공개하거나 불법 프로그램 관련 신고, 제보를 하면 이용자에게 포상을 주는 '클린 캠페인'을 운영해왔다.2014년에 시작해 현재까지 진행 중인 '클린 캠페인'은 이용자 참여도가 갈수록 높아지고 있다.	 특히 2019년 '클린 캠페인'은 1차보다 2차 캠페인에 42% 많은 이용자가 불법 광고 단속에 참여해 건전한 '서든어택' 만들기에 힘을 보탰다.	 올해 '2020 클린 캠페인'은 7월1일까지 실시하며, 불법 프로그램 사용자 및 판매 사이트, 홍보 영상 등을 제보하면 총 100명을 선발해 넥슨캐시를 지급할 예정이다.	◆이용자 집단지성 활용한 핵 배심원단 '길로틴 시스템' 도입더불어 '서든어택'은 더욱 확실한 불법 프로그램 근절을 위해 다수의 선량한 이용자와 손을 맞잡았다.	 7월2일까지 시범 운영하는 '길로틴 시스템'은 이용자로 구성된 배심원단이 집단지성을 활용해 비정상적인 게임 행위를 직접 판결하는 제도다.	이는 크게 이용자 신고와 배심원 판결로 나뉜다.	 특정 이용자에 대한 신고가 누적되면 의심 기록, 배틀 로그, 스크린샷 등 증거자료가 포함된 사건파일을 배심원단에 제공한다.	 사건을 배당 받은 배심원단은 유무죄를 직접 판단하게 되며 다수의 배심원 결정에 의해 제재 여부가 결정된다.	 이 과정에서 악용 사례를 막고자 허위 신고와 부정확한 판결이 반복되는 이용자, 배심원에게는 게임 이용정지 등 불이익이 내려진다.	배심원단은 '서든어택' 멤버십 등급과 정확한 신고 및 판결로 쌓은 신뢰점수를 고려해 매달 1일 12만 명 규모로 선발하며 한 달간 활동한다.	 선발된 배심원 전원에게는 활동 기간 중 착용 가능한 특별 아이템을 지급하고, 이후 높은 참여도와 정확한 판결로 우수 배심원에 선발된 1500명에게는 추가 보상을 제공할 계획이다.	이 밖에 넥슨은 '서든어택' 특정 게임모드에서 불법 프로그램 이용자가 탐지될 시 이들을 매칭 풀에서 즉각 제외하고, 불법 프로그램 이용자간 매칭이 되도록 설정하는 시스템도 운영 중이다.'	서든어택'을 개발하는 넥슨지티의 선승진 실장은 ""다수의 선량한 이용자들과 손잡고 더욱 쾌적하고 공정한 '서든어택'을 만들고자 공들여 '길로틴’ 시스템'을 개발했다""며 ""이를 계기로 잘못된 승부욕을 가진 이용자들이 불법 프로그램 사용을 멈추고 승패를 떠나 진정한 FPS게임의 재미를 만끽할 수 있기를 바란다""고 말했다."
"[이슈] 게임이용자보호센터, 불법이용방지 민관협의체 1차 회의 개최","게임이용자보호센터는 게임물관리위원회, 경찰대학, 사이버범죄 전문 수사관, 시민단체 등이 참여한 불법이용방지 민관협의체 1차 회의를 개최했다고 5일 밝혔다.	 센터는 지난 1년간 웹보드게임 불법환전 대응 협의체를 통해 불법환전상의 특성과 근절방안, 법제도적 보완 등에 관해 연구해왔다.	 여기에 더 나아가 센터는 활동영역을 넓히고, 게임 불법환전에 한정돼 있던 협의체의 관리 범위를 확장해 다양한 불법행위에 대응하기 위한 첫걸음으로 협의체 명칭을 '게임 불법이용방지 민관협의체'로 변경한다.	이날 회의를 통해 ▲ 2019~2020년도 불법 환전 모니터링 결과 ▲ 2020년 이용자보호팀 협의체 운영방안 보고가 진행됐으며, 게임머니 불법환전 사이트 및 홍보를 종용하는 게임 BJ에 대한 수사논의도 함께 이뤄졌다.	이용자보호팀은 ""웹보드게임 불법환전광고 모니터링으로 아이템거래사이트 환전 광고 98%, 커뮤니티 사이트상의 불법환전광고가 100%까지 차단됐으며, 미디어 사이트와 SNS 등에 대해서도 모니터링을 통해 게임물관리위원회와의 협업 및 게시물 차단을 이어가고 있다""고 말했다.	협의체는 2020년 불법환전상 근절을 위한 일일모니터링 및 주요 환전상에 대한 기획모니터링 결과를 바탕으로 수사 진행을 추진하고, 포상신고제도의 정비를 통한 게임 이용자의 적극적 참여 유도 등의 계획을 논의했다.	또한, 수사기관 방문 교육으로 불법환전상에 대한 경각심을 높이고, 정기 회의 및 포럼 진행을 통한 협의체 운영 성과 공유와 불법환전상 근절을 위한 연구를 지속하기로 했다.	협의체 의장인 이동희 교수는 ""법의 테두리를 넘어서는 불법적인 게임 이용 행태로 피해보는 이용자를 위한 보호가 필요하다""며, ""민·관이 뭉쳐 센터의 모니터링 기술과 수사기관의 협조를 통해 불법 환전상을 포함한 게임 불법이용 근절을 위해 힘쓰겠다""고 전했다."
