"강용석, 경찰에 체포됐다…명예훼손 혐의, 출석요구 불응"," 강용석 변호사가 경찰에 체포됐다.8일 경찰에 따르면 서울경찰청 사이버수사대는 이날 오전 강용석 변호사를 허위사실 유포에 의한 명예훼손 혐의로 자택에서 체포했다.	 앞서 지난 3월 강용석 변호사가 운영하는 유튜브채널 '가로세로연구소'는 문재인 대통령과 한 남성이 악수하는 사진을 두고 문재인 대통령이 이만희 신천지 교주와 악수하고 있다고 주장했으나, 이후 해당 남성은 이만희 교주가 아닌 것으로 확인됐다.	이에 당시 더불어민주당 측에서 강용석 변호사를 고발해 경찰이 수사에 착수한 바 있다.	하지만 경찰이 강용석 변호사에게 네 차례 출석 요구를 했으나 이에 응하지 않자 체포 영장을 발부 받아 이날 강용석 변호사를 체포하게 된 것으로 전해졌다.	-	 ⓒ .	 무단전재&재배포 금지 -"
"반크, 세계 최대 드론 소프트웨어 업체 미국 에어맵 독도 오류 시정","반크가 세계 최대 드롭 소프트웨어 업체인 미국의 ‘에어맵’ 독도 오류를 시정했다고 18일 밝혔다.	 2020년 9월 16일부터 반크는 에어맵이 ""독도에서 드론을 띄우려면 일본 정부의 승인을 받아야 한다""고 안내한 오류를 시정하는 글로벌 캠페인을 추진했.	당시 에어맵은 자사의 드론 플랫폼 에어맵을 통해 “독도가 일본과 한국의 공동 관리구역에 해당한다”며 양국의 승인을 동시에 받고 드론을 띄우라고 안내하고 있었다.	이에 반크 청년 리더 김현종은 ""독도는 대한민국 영토입니다.	 따라서 독도에 드론을 띄우기 위해서는 한국해군함대사령부와 경찰당국의 승인만 받으면 되고, 일본 정부의 승인을 받을 필요는 없습니다""는 내용으로 항의서한을 보냈다.	 이에 에어맵은 2020년 9월 16일 반크 김현종 청년 리더가 보낸 편지에 대해 독도를 일본 드론 비행 지역으로 잘못 표기한 정보를 가능한한 빨리 시정할 것이라는 답변을 보내왔다.	당시 에어맵 고객 서비스 담당자 마샬은 “앱 사용자에게 혼란을 야기하고 있음을 이해합니다.	 결과적으로 저희 개발자들은 가능한 한 빨리 “AirMap for Drones” 앱의 이 ‘권고사항’을 제거하기 위해 노력할 것입니다.	 앱의 업데이트가 완료될 때 까지 기다려 주십시오""라고 했다.	하지만 9월 19일 시정약속한지 한달이 지나도 에어맵 사이트와 앱에서 시정조치가 이루어지지 않았다.	이에 반크 청년 김현종은 에어맵 측에 독도 오류 시정을 속히 해줄 것을 요구했고, 에어맵은 곧 시정될 것이라고 반크에 또 다시 답변을 보내왔다.	그리고 마침내 11월 18일 에어맵 사이트와 앱에서 독도를 일본 드론 비행 지역으로 잘못 표기한 정보가 최종 시정되었다.	반크 박기태 단장은 “늦었지만 지금이라도 독도를 향한 우리의 새로운 출구 전략을 고민해야 한다”면서 “독도를 향한 홍보 방향도 일본을 넘어 세계로 확대 해야 하며 독도에 대한 지식 습득을 넘어 글로벌 행동에 나서야 한다”고 강조했다.	 -	 ⓒ .	 무단전재&재배포 금지 -"
"박원순 시장 숨진 채 발견, 성추행 혐의 “공소권없음” 종결","박원순 서울시장이 10일 새벽 서울 북한산 숙정문 인근에서 숨진 채 발견됐다.	 9일 오후 5시20분께 박 시장의 딸이 “이상한 말을 남기고 나간 뒤 연락이 안된다”며 112이 신고한지 7시간여만이다.	 이날 경찰에 따르면, 전날 오후부터 박원순 시장의 모습이 마지막으로 포착된 북악산 일대를 수색하던 경찰은 10일 0시 1분께 숙정문 인근 성곽 옆 산길에서 박 시장의 시신을 발견했다.	박 시장은 최근 전직 비서로부터 성추행 혐의로 고소당한 것으로 알려졌다.	박 시장의 전직 비서 A씨는 8일 경찰 조사에서 2017년부터 성추행을 당했고, 박 시장이 개인적인 사진을 여러차례 보냈다고 주장했다.	 그는 상당량의 증거를 경찰에 제출했으며, 더 많은 성폭력 피해자가 있다고 말한 것으로 알려졌다.	 박 시장이 숨진 채 발견되면서 해당 고소 사건은 '공소권 없음'으로 처리될 전망이다.	-	 ⓒ .	 무단전재&재배포 금지 -"
"[속보] 박원순 서울시장, 사망…북악산 숙정문 인근서 시신 발견", 3선 서울시장 박원순이 결국 숨진 채 발견됐다.	 향년 64세.10일 경찰에 따르면 이날 새벽 박원순 시장이 서울 북악산 숙정문 인근에서 숨진 채 발견됐다.	빈소는 서울대병원에 마련될 예정이다.	-	 ⓒ .	 무단전재&재배포 금지 -
"MBC “박원순 서울시장 전직 비서, 수차례 성추행 당했다며 경찰에 고소""","박원순 서울시장이 전직 비서에게 성추행 고소를 당했다고 9일 MBC가 보도했다.	 보도에 따르면, 고소인은 박 시장의 전직 비서로, 서울시청에서 근무했던 것으로 알려졌다.	피해자 본인이 경찰에 직접 고소장을 제출했으며, 고소장에는 성추행 피해 정황을 상세히 기술한 것으로 전해졌다.	 MBC는 “정확한 고소 내용은 파악되진 않았지만 피해자는 박 시장의 성추행이 수차례 있었다고 주장한 것으로 전해졌다”고 밝혔다.	  이어 “경찰은 사안의 중대성을 감안해 어제 경찰청장 등 경찰 수뇌부에게 해당 사안을 긴급 보고했다”면서 “경찰은 고소장이 접수됨에 따라 사실 확인에 나섰지만 조심스럽게 고소장을 검토해왔다”고 전했다.	 성추행 피해 건수와 관련해 고소인 본인이 정확하게 기억하지 못하는 부분도 있어 경찰은 정확한 사실 파악이 필요하다고 판단하고 있다고 MBC는 전했다.	 고소인을 조사했는지 여부는 아직 확인되지 않았지만 경찰은 추가 조사를 위해 고소인 측과 소환 일정을 조율하고 있었던 것으로 알려졌다.	 경찰은 사실 확인이 우선이라며 보안 유지를 위해 자세한 내용은 밝히기 어렵다는 입장을 보이고 있다고 MBC는 밝혔다.	 한편 9일 오후 8시 42분 현재 경찰은 실종된 박원순 시장을 계속 수색 중에 있다.	 -	 ⓒ .	 무단전재&재배포 금지 -"
"부산 시청역 삼정그린코아포레스트, 128세대 분양 시작을 알려","부산 시청역 ‘삼정 그린코아 포레스트’의 견본주택이 오는 7월 문을 연다.	 부산 시청역 인근에 자리해 행정의 중심지이자, 부산 지하철 1호선 시청역과 동해선 거제해맞이역을 앞에 두고 있는 지리적 여건으로 더블역세권을 형성하고 있는 만큼, 뛰어난 대중교통 여건으로 주목받고 있는 이 지역이기도 하다.	 특히 주변으로는 시청역 비스타동원, 더샵에비뉴, 시청역SK뷰 아파트 등이 건립되어 주거인구가 2만여 세대에 이르는 곳이다.	 시공을 맡은 삼정기업은 30여 년간 신뢰할 수 있는 내실경영으로 국내 주거문화 트렌드를 선도해 오고 있는 기업이며, 삼정의 프리미엄 주거 브랜드인 그린코아 포레스트는 자연과 한층 가까워지는 친환경 생활과 인간 중심적 디자인 설계를 통해 편리한 웰빙라이프를 조화롭게 이끌 주거 공간으로 높은 인기를 끌고 있다.	 실제로 단지 앞으로 시청녹음광장과 등대광장, 잔디광장 시설이 있는 시청공원이 있어 언제든 도보로 이동해 이용할 수 있다.	 또 주변에 높은 건물도 많지 않은 만큼 시야도 탁 트인 편이다.	 부산 연제구 연산동에 지하 3층 ~ 지상 22층 높이로 2개 동이 건축되며, 각각 전용면적 84㎡, 76㎡, 59㎡의 아파트 128세대가 들어선다.	 이중 일반분양이 61세대, 도시형생활주택이 32세대, 상업시설은 46실로 구성된다.	 인프라 측면에서도 편리한 생활을 도울 여건이 충분해 보인다.	 단지 인근 대형마트 및 전통거제시장이 자리하고 있는 것을 비롯해, 아파트 주변으로 부산시민공원과 사직 운동장 등의 문화시설이 위치하고 있으며 부산을 대표하는 번화가인 서면에서도 가까워 롯데백화점과 NC백화점 및 CGV, 메가박스와 같은 다양한 생활편의시설도 이용 가능하다.	 전국 어느 지역을 막론하고 시청이 소재하고 있는 지역은 주거 환경에 있어서도 프리미엄을 갖는 곳이 많다.	 부산 또한 마찬가지라고 할 수 있다.	 시청 뿐 아니라 경찰청과 고용노동청, 국세청, 연제구청, 선거관리위원회를 비롯해 26곳의 달하는 공공기관이 밀집해 있어 행정의 중심지로서 역할을 하는 것이다.	 이 같은 점은 풍부한 임대 수요로 이어질 것으로 기대해 볼 수 있는 요인이다.	 행정기관 외에도 상가와 직장인이 밀집하는 지역이 다수 자리잡고 있는 지역인만큼, 고정 수익을 기대하고 선택하기에도 손색이 없어 보인다.	 연산동은 최근 들어 도로 확장 공사로 길이 넓어지고, 상권이 활성화되며 재래시장과 더불어 새로운 상권이 발달되고 있는 곳이기도 하기에 많은 개발 호재와 편리한 생활환경을 두루 갖춘 부산 시청역 삼정그린코아 포레스트를 선택하는 것은 매우 합리적인 기회라 여겨진다.	 삼정 그린코아 포레스트는 오는 7월 주택전시관 오픈 될 예정으로 자세한 사항 및 분양에 대한 문의는 대표전화 또는 홈페이지를 통해 확인할 수 있다.	-	 ⓒ .	 무단전재&재배포 금지 -"
"경찰공무원 합격 최적화 시스템 보유한 ""독한에듀윌 서면 경찰학원""","종합교육기업 에듀윌이 운영 중인 '독한에듀윌 서면 경찰학원'에서 365 1:1 맞춤 설명회가 진행된다.	해당 설명회는 △필수 수험정보 △과목별 출제 포인트 △나에게 맞는 수험전략 △합격생의 공부 노하우 등 공시생을 위한 1:1 특별 맞춤 컨설팅이다.	 합격생을 분석한 빅데이터를 토대로 수험생에게 적합한 최적의 학습플랜을 제시한다.	 특히 학습매니저가 개인별 학습패턴 및 환경을 고려해 유사 합격사례를 매칭하고 학습플랜을 설계한다.	 설계된 플랜을 통해 수험생은 합격할 때까지 학습매니저의 관리와 코칭을 받게 된다.	 365 1:1 맞춤 설명회를 신청한 수험생에게는 5만원 상당의 현장할인원, 3일 무료수강권, 경찰공무원 3법교과서 등 합격 자료 및 에듀윌 굿즈를 선물로 증정한다.	에듀윌 관계자는 ""합격자 수 215% 증가를 기록한 에듀윌의 직원학원은 체계화된 시스템을 바탕으로 우수한 교수진과 고품질의 커리큘럼을 제공한다""며 ""또한 전문 상담 튜터의 1:1 맞춤 컨설팅 및 합격에 최적화된 개인별 전략을 체계적으로 지원한다""고 전했다.	넓은 강의실과 학습실을 비롯해 휴게실, 카페테리아 등 학원에서 긴 시간을 보내는 수험생들을 위해 오직 학습에만 집중할 수 있도록 최고의 시설을 갖추고 있다.1:1 맞춤 설명회를 진행하는 '독한에듀윌 서면 경찰학원'에 대한 보다 자세한 사항 은 해당 학원에 전화 또는 카카오톡으로 문의할 수 있다.	-	 ⓒ .	 무단전재&재배포 금지 -"
"""그알"" 여수 밤바다의 비극-금오도 차량 추락 사망 사건"," 30일, ‘그것이 알고 싶다’에서는 여수에서 발생한 금오도 차량 추락 사망 사건에 대해 알아본다.	  한 해의 고단함을 털어내고 새로운 도약을 준비하는 2018년의 마지막 날.	 혼인신고를 마친지 한 달도 안 된 중년부부는 해돋이를 보기 위해 여수 금오도로 향했다.	 평소 주변 사람들에게 뒤늦게 만난 남편과의 시간이 너무 행복하다고 말했던 아내는, 금오도로 향하는 차 안에서 설레는 마음을 휴대전화 동영상 속에 담았다.	 하지만 안타깝게도 그 행복은 몇 시간이 지나지 않아 차가운 여수 밤바다 속으로 가라앉아 버렸다.	 남편이 차에서 내린 사이, 아내만 타고 있던 차량이 선착장 경사로를 따라 바다로 추락했고, 아내 김선옥 씨가 미처 빠져나오지 못한 채 익사하고 말았다.	 아내를 구하려던 남편은 바다로 뛰어들었지만 두 사람은 그렇게 갑작스러운 이별을 맞게 되었다.	 # 인양된 진실!	?	그러나 다음 날 그녀와 함께 추락한 차량이 인양되면서 사건은 새로운 국면을 맞이했다.	 차 안에서 발견된 아내 김선옥 씨가 나체 상태였던 데다 차량의 뒷좌석 창문이 7cm 정도 내려가 있었고, 정차되었던 차량의 기어도 중립에 놓여있었기 때문이다.	 “날씨 너무 추웠어.	 바람도 많이 불고.	”“이상하다.	 동네 사람들이 다 이상하다.	 그건.	 뭔가 좀 이상해요.	 다 이상하다 그래요.	”-	 동네 주민 인터뷰 中 그뿐만이 아니라 경찰 수사 과정에서, 사망한 아내 김 씨의 사망보험금이 총 17억 5천만 원인 데다 수익자가 모두 남편 앞으로 돌려져 있다는 사실이 드러나면서 사건은 사고가 아닌 살인사건 쪽으로 무게가 실렸다.	 재판 과정에서 문제의 보험들이 보험설계사로 일하던 남편에 의해 설계됐다는 사실이 밝혀지면서 1심에서 재판부는 지난 2019년 9월, 남편 박 씨에게 무기징역을 선고했다.	 # 뒤집힌 판결계속해서 남편 박 씨는 계속해서 자신의 무죄를 주장했다.	 사건 당일, 차 안에서 부부관계가 이루어졌기 때문에 아내가 나체 상태로 발견된 것이고, 관계 도중 다급한 일이 생겨 차를 후진하다 방호 울타리에 들이받게 되었는데 차량 상태를 확인하기 위해 혼자 내린 사이 바람이 불어 차가 내려가기 시작했다는 것이다.	 남편 박 씨는 기어를 중립에 놓고 내릴 정도로 경황이 없었지만, 차량 추락 후 얼음장 같은 겨울 바다에 몸을 던질 정도로 구조에 최선을 다했다고 주장했다.	 2심에서 박 씨 측은 실제 사고가 있었던 장소에서 똑같은 차량을 갖다 놓고 실험을 진행했다.	 그 결과, 남편의 말처럼 사고 지점에서 차량이 중립인 상태에서 작은 움직임에 의해 내려갈 수 있는 임계점이 발견됐다.	 2심 재판부는 이를 근거로, 살인이 아닌 과실치사로 판단하여 금고 3년 형을 선고하면서 1심의 판결이 뒤집히게 되었다.	 # 재현된 그 날제작진은 그날의 상황을 다시 되짚어보기 위해 여수 금오도 직포 선착장으로 향했다.	 그리고 바람과 물때가 비슷한 조건이 있던 날 똑같은 실험을 진행했고, 그 과정에서 새로운 사실을 알아낼 수 있었다.	 1심과 2심의 엇갈린 판결 속에 담긴 진실은 무엇일까?	 30일, SBS ‘그것이 알고 싶다, 여수 밤바다의 비극 -	 금오도 차량 추락 사망 사건’ 편에서는 1심과 2심에서 엇갈린 판결이 난 김선옥 씨 사망 사건을 과학적 근거로 파헤쳐 추적하고자 한다.	 -	 ⓒ .	 무단전재&재배포 금지 -"
"[종합] ""동물학대 논란"" 수의대생 유튜버 갑수목장 ""채널A 보도 당황스럽다, 악의적 편집…허위사실 유포 법적 대응"""," 수의대생 유튜버 갑수목장이 동물학대 논란에 대해 ""너무나 당황스러웠다""는 입장을 밝혔다.	갑수목장은 7일 유튜브 채널을 통해 ""오늘 채널 A라는 채널에 게시된 보도자료에 대해 많이들 놀라셨을 거라 생각된다""며 ""학대, 방치 등의 단어가 저의 실루엣과 함께 편집되었다는 사실이 너무나 당황스러웠다""고 심경 밝혔다.	그러면서 갑수목장은 ""경황이 많이 없지만 차분히 정리해서 영상으로 설명드리겠다""며 ""해명이라고 말하기에는 보도 자체가 악의적인 편집이지만 그 동안의 저를 믿어와주신 분들께서는 너무 놀라지 마시고 기다려주시면 감사하겠다.	 이와 별개로 관련 허위 사실 유포에 대한 부분은 법적 조치를 비롯하여 강경하게 대응하겠다""며 법적 대응 방침도 밝혔다.	앞서 채널A는 ""'유기동물 키운다더니'…유명 수의대생의 두 얼굴""이란 제목으로 한 수의대생 유튜버가 ""유기동물인 줄 알았던 강아지와 고양이는 돈을 주고 산 것이고, 학대까지 했다는 혐의로 경찰에 고발됐다""고 단독 보도했다.	보도에 따르면 동물보호단체는 고발장을 통해 수의대생 A씨가 ""펫샵에서 산 강아지와 고양이를 유기동물로 둔갑시켜 돈을 벌었다""고 주장했다.	해당 보도에는 수의대생 유튜버의 실명이나 얼굴이 등장하진 않았으나, 모자이크 처리된 영상을 근거로 네티즌들은 갑수목장이 해당 유튜버라고 추정했다.	 결국 이에 갑수목장이 자신의 입장을 내놓게 된 것이다.	-	 ⓒ .	 무단전재&재배포 금지 -"
"반크, 아시아인 인종차별 반대 캠페인 “3만명이 ‘좋아요’로 공감”","세계 곳곳에서 아시아계에 대한 인종차별과 혐오가 심각해지고 있는 가운데 사이버 민간외교 사절단 반크가 펼치는 ‘아시아인 인종차별 반대 캠페인’이 주목받고 있다.	 최근 뉴질랜드에서 코로나 19가 확산한 후 아시아계에 대한 인종차별 행위가 많이 증가한 것으로 나타났다.	 5월 3일 뉴질랜드 언론에 따르면 뉴질랜드 인권위원회는 코로나 19 대유행 기간에 인종차별 행위가 많이 증가했고, 지난 3월 말 이후 접수된 코로나 19와 관련한 250건이 넘는 신고 중 82건이 인종차별과 관련된 것이라고 밝혔다.5월 6일  홍콩 사우스차이나모닝포스트는 신종 코로나바이러스 감염증 확산 후 캐나다에서 아시아계를 대상으로 하는 증오 범죄가 잇따르고 있다고 보도했다.	캐나다 밴쿠버 경찰은 4월 13일 밴쿠버 시내에서 벌어진 아시아계 대상 증오 범죄와 관련된 폐쇄회로TV 영상을 공개하면서 사건의 가해자를 지명수배한다고 밝혔다.	 이 CCTV 영상에는 20대 중반으로 보이는 백인 남성이 자신보다 체구가 훨씬 작은 한 젊은 아시아계 여성에게 다가가 갑작스럽게 얼굴을 주먹으로 때린 뒤 버스를 타고 달아나는 모습이 찍혔다.	 캐나다는 2020년 올해들어 5월까지 아시아계를 대상으로 하는 증오 범죄는 20건이 일어났는데, 이는 지난해 전체 발생한 12건보다 훨씬 많은 수치다.	미국의 아시아퍼시픽정책기획위원회는 3월 중순부터 한 달 동안 아시아인 인종차별로 신고된 피해사례는 1천500건이 넘을 정도라고 전했다.	지난달 독일 베를린의 지하철에서는 한국 유학생 부부가 차별과 성희롱, 폭행 등을 당하기도 했다.	이처럼 미주, 유럽, 오세아니아등에서 중국인은 물론 한국인, 일본인, 동남아시아인 등 아시아인 전체를 차별하거나 증오하는 현상이 발생하고 있다.	 세계 곳곳에서 아시아인들은 이유 없이 거리에서 인종차별적인 언어, 신체적 폭행을 당하고 있으며, 학생들은 학교에서 등교 금지 및 강제 전학을 당하고 있다.	반크는 코로나 19사태로 인해 전 세계에서 발생하는 아시안 상대 인종주의에 맞서 싸우기 위해 총 5개의 인종차별 금지 포스터를 제작해 SNS로 전세계에 알려 나가는 글로벌 캠페인을 전개하고 있다.	 포스터 가운데 4개는 독일 히틀러가 첫 번째 세운 강제수용소 아우슈비츠를 배경으로 다음 세대를 상징하는 한 초등학생이 ‘코로나 19 루머, 아시안 혐오·인종차별, 홀로코스트가 어떻게 시작되었는지 기억하라!	 홀로코스트는 하늘에서 갑자기 떨어지지 않았다’라는 글씨가 적힌 풍선을 들고 지나가는 모습을 담았다.	다른 1개 포스터에는 홀로코스트를 상징하는 비석에 같은 문구를 새겨넣어 '제2의 홀로코스트' 비극이 인류 앞에 다시 올 수 있다고 경고했다.	사이버외교사절단 반크가 미주와 유럽을 대상으로 추진하는 아시아인 인종차별 반대 글로벌 캠페인에 인도, 말레이시아, 태국, 인도네시아 등에서 약 3만명이 좋아요, 사랑해요 등으로 공감을 표했습니다.5월 2일부터 반크 페이스북을 통해 진행된 캠페인에 인도에서 1만 3,627명이 좋아요, 사랑해요, 공유를 눌러 캠페인에 공감과 지지를 보여주었으며, 필리핀에서는 1만 983명, 말레이시아, 2,790명, 태국 1,140명, 인도네시아 3,264명이 좋아요를 눌렀고 이 중 385명이 공유했습니다.	반크의 박기태 단장은 7일 “캠페인을 시작한 지 4일 만에 3만1,804명의 아시아인들에게 높은 관심과 지지를 받은 계기로 앞으로 미얀마, 라오스, 파키스탄, 네팔, 베트남 등 아시아 전 지역을 대상으로 이번 캠페인을 알려 코로나로 높아지는 서구과 유럽의 아시아인 차별에 대응하여 범아시아 연대를 구축해나갈 것”이라고 말했다.	 -	 ⓒ .	 무단전재&재배포 금지 -"
"[종합] 양예원 ""실장한테 물어봐, 재기해"" 발언 논란→""괴롭히던 사람한테 똑같이 한마디 한게 사이코패스?"" 반박"," 유튜버 양예원이 네티즌에게 한 발언이 논란이 되고 있다.	 양예원은 최근 SNS 생방송 중 일부 네티즌들의 댓글을 보고 ""꺼져 XX아.	 네가 가서 실장한테 물어봐.	 그럼 되겠다.	 재기해"",  ""너도 죽여줄까"" 등의 발언을 해 논란이 계속되고 있다.	 '재기해'란 전 남성연대 대표인 故 성재기 씨의 사망 사건을 조롱하는 의미의 은어다.	 이같은 자신의 발언이 논란되자 양예원은 SNS를 통해 ""뭐만해도 사진 다 갖다 퍼나르면서 있는 이야기 없는 이야기 다 만들어서 붙여놓고 지들끼리 별별 욕 다 던져놓고 뒤지라느니, 죽일 거라느니, 자살을 추천한다느니, 온갖 지들은 살인예고부터 소름 돋는 발언을 공개된 댓글부터 DM으로까지 매일 같이 괴롭히면서 맨날 괴롭히던 사람한테 똑같이 한마디 한 게 또 사이코패스 살인마가 되는 매직이야?""	라고 반박했다.	그러면서 ""라방 와서 '언니 유튜브 사실이에요' 웅앵 걔 일반 시청자 아님""이라며 ""좌표 찍고 와서 일부러 언니, 언냐 해가면서 매일 악플 달던 악플러임.	 뭐만 하면 가해자가 순진무구한 사람 되어 있는 거 진짜 코미디""라고 악플러를 향한 발언이었다고 해명하며 자신을 비판하는 이들에 대한 심경도 덧붙였다.	양예원은 지난 2월에도 네티즌과 설전을 벌인 바 있다.	일부 네티즌이 양예원에게 ""적어도 폐 끼치는 인간은 되지 말아야죠.	 님 이미지 하나 살려보겠다는 비겁한 거짓말이 한 사람을 죽음으로 몰고 가고 유가족에겐 씻을 수 없는 상처를 줬잖아요.	 그런데 뭘 잘했다고 반성하지는 못할 망정.	 님은 꼭 벌 받을 거예요.	 뿌린대로 거둘거라고요"", ""인간이 먼저 되셨으면"" 등의 댓글을 SNS에 남기자 이를 반박했던 것.	당시 양예원은 ""억울한 사람 죽음으로 몰았다고?	 그 사람이 인생 망친 여자가 몇 명인지 알아?	 어디서 뚫린 주둥이라고 함부로 떠들어.	 대가리가 나쁘면 노력이라도 해!""	라고 네티즌을 비난했다.	또한 양예원은 ""잘 들어 사법부 아무리 XX이라고 소문 났어도 그 사람들 멍청한 사람들 아니야""라면서 ""경찰 조사 검찰 조사만 몇 차례씩 10시간 이상 조사하고 법원만 10번을 넘게 들락날락거리면서 증언하고 재판 1심 재심 상고심까지 다 가는 동안 내 진술을 검토하고 조사한 경찰과 검사 판사가 몇 명일까?	 그 많은 사람들이 단 한번도 이상한 부분이 없다 판단했고 그 모든 게 대법원까지 인정이 되어서 형량 단 1일도 안 깎이고 유죄 떨어진 사건이야""라고 말하기도 했다.	-	 ⓒ .	 무단전재&재배포 금지 -"
"[종합] 양예원, SNS 라이브서 분노→""추악한 이중성"" 심경 [MD이슈]"," 양예원이 SNS 라이브 방송 중 했던 발언으로 논란이 된 가운데, 심경을 토로했다.	 지난 2일 유튜버 정배우는 '양예원 근황 방송 도중… ""너도 죽여줄까?	 니가 실장한테 가서 물어봐 재기해!	!""	'라는 영상을 공개했다.	 정배우는 양예원의 SNS 라이브 영상을 편집해 게재하며 '유튜브 내용 사실이에요 언니?	 라는 채팅이 올라오자…'라는 자막을 넣었다.	 영상 속 양예원은 ""꺼져 X신아.	 네가 가서 실장한테 물어봐.	 그럼 되겠다.	 재기해""라고 말하고 있다.	 또 정배우는 '그때 어떤 참여자가 유튜브 내용이 사실이냐고 묻자 소름 주의하세요'라는 자막을 넣었다.	 자막이 등장한 후 양예원이 ""왜 너도 죽여줄까?	 너도 죽여줄까?""	라고 말하는 모습이 담겼다.	 해당 영상이 편집돼 있는 탓에 양예원이 어떠한 이유에서 이러한 발언을 했는지는 알 수 없는 상황.	 정배우는 ""여전히 대단하네""라며 '#양예원 #양예원근황 #양예원사건 #양예원인스타 #양예원고소 #양예원막말'의 해시태그를 덧붙였다.	 영상이 퍼지며 논란이 되자 양예원은 자신의 인스타그램 스토리에 심경을 밝혔다.	 양예원은 ""뭐만 해도 사진 다 갖다 퍼 나르면서 있는 이야기 없는 이야기 다 만들어서 붙여놓고 지들끼리 별별 욕 다 던져놓고""라며 ""소름 돋는 발언을 공개된 댓글부터 디엠으로까지 매일같이 괴롭히면서 맨날 괴롭히던 사람한테 똑같이 한 마디 한 게 또 사이코패스 살인마가 되는 매직이야?""	라고 말했다.	 이어 ""추악하고 더럽고 소름 돋는 건 니들의 이중성 그리고 말도 안 되는 피해자의 전형성 만들어놓고 죽어라 화풀이식 가해하는 너네의 그 썩은 손가락임""이라고 덧붙이며 불쾌한 심경을 전했다.	 양예원이 공개한 악플에는 그 뿐만 아니라 가족을 향한 막말이 담겨 있다.	 한편 양예원은 지난 2018년 5월 ""저는 성범죄 피해자입니다""라고 고백하며 과거 피팅모델에 지원했다가 밀폐된 스튜디오에서 남성들에게 둘러싸여 강압적 노출 사진 촬영 등 성추행 피해를 당했다고 폭로했다.	 양예원이 스튜디오 실장 A씨를 강제 추행 혐의 등으로 고소했고, A씨는 양예원을 무고죄로 맞고소했다.	 A씨는 경찰 수사를 받던 중 극단적 선택을 했다.	 A씨에 대한 수사는 그가 사망함에 따라 '공소권 없음'으로 종결됐다.	 숨진 A씨의 여동생이 양예원을 상대로 무고죄로 고소장을 제출했으며, 검찰은 양예원에게 불기소처분을 내렸다.	  -	 ⓒ .	 무단전재&재배포 금지 -"
"영실업 또봇V 시즌2 신제품 ""기간트V -트윈블레이드"" 출시","완구 및 콘텐츠 전문 기업 영실업이 자사의 대표 남아 완구 브랜드 '또봇V'의 신제품을 출시한다.	 이번에 새롭게 선보이는 제품은 '기간트V'와 '트윈블레이드' 2종으로, 현재 절찬리에 방영 중인 애니메이션 '또봇V 시즌2'의 마지막 캐릭터다.	 기간트V는 경찰차-	소방차-	구급차가 합체하는 3단 합체 또봇으로 생명의 소중함을 강조하고 생명을 구해야 한다는 사명감이 투철한 캐릭터다.	 반면 헬기가 변신한 트윈블레이드는 정의롭고 강한 또봇이지만 고집스러운 성격의 소유자다.	 정의를 중시하는 원칙주의자로, 생명을 최우선으로 하는 기간트V와 의견 충돌을 겪기도 한다.	 두 캐릭터는 오는 11월 중순, 애니메이션에 등장해 어린이들에게 즐거움을 선사할 예정이다.	애니메이션 속 기간트V와 트윈블레이드를 구현한 이번 신제품들은 두 제품을 다시 한번 합체하면 전설의 또봇 '기간트세이버'로 재탄생한다.	 생명을 수호하는 정의롭고 이상적인 히어로로, 4단계에 걸친 합체가 가능해 흥미를 자극한다.	 영실업 관계자는 ""서로 다른 성격의 두 캐릭터가 만나 완성되는 기간트세이버는 가장 이상적인 모습의 히어로로 어린이들의 큰 사랑을 받을 것으로 기대된다""라며 ""또봇V 시즌2의 마지막을 장식하는 캐릭터인 만큼 많은 관심 부탁 드린다""라고 전했다.	한편, 또봇V는 흥미진진한 스토리가 펼쳐지는 애니메이션은 물론 다양한 형태로 자유롭게 변형할 수 있는 로봇 완구로 두터운 팬덤을 보유하고 있는 영실업의 대표 브랜드다.	 현재 방영 중인 애니메이션 또봇V 시즌2는 주인공 오필승이 갤럭시 웨폰인 워치를 통해 또봇을 소환할 수 있는 강력한 힘을 얻으며 악당 로봇과 승부를 가리는 이야기를 그려냈다.	 기존 시즌에서 볼 수 없던 새로운 주인공과 또봇이 등장하며 화제를 모았다.	 매주 목요일 오후 5시, KBS2 채널을 통해 새로운 에피소드를 공개 중이다.	 -	 ⓒ .	 무단전재&재배포 금지 -"
"""궁금한 이야기Y"" 조주빈 공범 강 씨, ""유치원생 살인 청부""…이유는? [오늘밤TV]"," 텔레그램 n번방 피의자 조주빈의 검거 후 밝혀진 유치원생 살인 청부에 대한 이야기가 공개된다.10일 방송되는 SBS '궁금한 이야기 Y'에선 조주빈에게 살인 청부를 의뢰한 남자의 사건을 다룬다.	그는 왜 담임선생님의 딸을 살해하려 했나?	텔레그램 성착취방의 주범 조주빈이 검거된 후 그의 범죄 행각이 하나 둘 씩 드러나며 충격을 주고 있다.	 사람들을 가장 경악하게 만든 건 조 씨가 살인청부 의뢰까지 받았다는 것이다.	조 씨의 공범인 강 00 씨가 어린 유치원생을 죽여 달라며 400만원을 전달한 사실이 드러난 것이다.	 조 씨 일당의 끔찍하고 반인륜적인 범행에 모두가 경악하고 있던 그 때, 청와대 국민 청원 게시판에 살해 위협을 받은 유치원생의 엄마가 글을 올렸다.	그녀는 강 씨에게 9년 동안이나 살해 협박을 받고 있어 강 씨를 피해 주민등록번호, 전화번로, 이름까지 다 바꾸고 이사를 몇 번이나 했지만 그때마다 강 씨가 그녀를 찾아내 죽음의 공포를 매일 느낀다고 했다.	그런데 더욱 놀라운 사실은 협박범 강 씨가 피해 여성의 제자라는 사실이었다.	 대체 강 씨는 왜 9년 동안이나 자신의 선생님을 스토킹하며 살해 위협을 하고 있는 것인지 취재 도중 우리는 강씨가 2017년 쓴 6장의 편지를 입수할 수 있었다.	 그 안에는 차마 눈뜨고 볼 수 없는 그의 끔찍한 범행이 고스란히 담겨 있었다.	 ""선생님의 언행에 따라 순식간에 피바람이 난무하는 생지옥으로 변한 학교를 봄과 동시에 무고한 수십 명이 목숨을 잃을 수 있음을 미리 주의 드립니다"" -	 강 씨의 편지 중에서왜 9년 동안이나 그의 스토킹을 막지 못했나?	강 씨는 고등학교 때도 커터 칼을 들고 교무실을 찾아오는가 하면 피해자의 사진에 스테이플러 심을 박아 전시하는 일도 서슴지 않았을 정도로 그의 협박은 끊이지 않았다.	강 씨를 피해 이름과 전화번호를 바꾸고 이사까지 했는데도 강 씨는 선생님의 집을 알아내 찾아오곤 했다.	 강 씨는 아파트 복도에 빨간 글씨로 ""I will kill you""라고 적어놓기도 했다.	 사회복무요원으로 근무하던 병원에서 불법적으로 선생님의 개인정보를 얻어냈던 것이다.	견디다 못한 선생님이 경찰에 신고했고 강 씨는 협박 등의 혐의로 1년2개월을 선고받고 복역하게 된다.	 또 한 번 이름과 주민등록번호까지 바꾸고 강 씨를 피해 살았지만 출소 후 강씨는 피해 선생님의 집을 찾아와 딸을 죽이겠다는 협박까지 한다.	 출소 후 강 씨가 또 다시 개인정보를 다루는 구청에서 사회복무요원으로 근무하게 되면서 가능한 일이었다.	 개인정보 보호법 위반과 상습 협박으로 실형을 살고 출소한 그는 구청에서 무슨 일을 했던 것이고 왜 9년 동안 법은 그녀를 지켜주지 못했는지 10일 오후 8시 55분 '궁금한 이야기 Y'에서 알아본다.	 -	 ⓒ .	 무단전재&재배포 금지 -"
"반크, 전세계에 확산되는 아시아인 인종차별 반대 글로벌 캠페인 착수!","사이버 민간 외교 사절단 반크가 코로나 19 사태 확산 속에 전세계에 확산되는 아시아인 인종차별에 반대하는 글로벌 캠페인에 착수했다고 1일 밝혔다.	 반크는 “아우슈비츠의 비극도 시작은 혐오였고, 홀로코스트와 같은 나치의 전쟁 범죄도 그 시작은 인종차별이었다”면서 “코로나 19로 인한 세계 곳곳의 인종차별과 인종 혐오 범죄를 막지 못하면 제2의 홀로코스트 비극이 인류앞에 다시 올수 있다”고 경고했다.	 이어 “중국에서 발생한 신종 전염병인 코로나 바이러스가 아시아인 인종차별과 혐오로 확산되고 있다”면서 “미주와 유럽 등에서 중국인은 물론 한국인, 일본인, 동남아시아인 등 아시아인 전체를 차별하거나 증오하는 현상이 발생하고 있다”고 지적했다.	  특히 “세계 곳곳에서 아시아인들은 이유없이 거리에서 인종차별적인 언어, 신체적 폭행을 당하고 있으며 학생들은 학교에서 등교 금지 및 강제 전학을 당하고 있다”면서 “아시아인이라는 이유만으로 죽음의 병균을 옮기는 바이러스 취급을 당하고 있으며, 묻지마 폭행과 인종차별적인 욕설을 받는등 혐오와 증오 범죄의 타켓이 되고 있다”고 지적했다.	 미국 단체인 아시아퍼시픽정책기획위원회는 최근 코로나19 사태 이후 증가한 아시아계 대상 폭력, 범죄에 대한 신고를 받고 대책을 모색하기 위해 'Stop AAPI Hate' 사이트를 만들었다.	 이 단체는 3월 중순부터 웹사이트를 통해 신고된 각종 피해사례가 한달도 안되어 1500건이 넘는다고 4월 15일 밝혔습니다.	 심지어 미국 뉴욕에서는 아시아계 여성이 염산 테러까지 당했다.	 미국의 한국계 할리우드 배우인 존 조는 4월 23일 신종 코로나바이러스 감염증 사태로 촉발된 미국 내 아시아계 인종 차별과 증오 범죄 현상을 비판했다.	존 조는 로스앤젤레스타임스에 기고한 글에서 아시아계 미국인은 조건부 미국인이 아니라 동료 미국인이라며 코로나19 인종 차별 근절을 촉구했다.	그는 ""전염병은 우리 아시아계가 조건부라는 점을 상기시킨다""며 ""한순간 우리는 미국인이지만, 그 다음 순간에는 바이러스를 전파한 외국인이 된다""고 지적했다.	이어 ""아시아계 증오 현상을 축소하거나 멀리 있다고 생각하지 말라.	 그것은 여러분 가까이에서 일어나고 있다""며 ""여러분이 거리에서 그것을 목격하고, 직장에서 그런 얘기를 듣는다면 당신의 동료인 미국인을 위해 일어나 달라""고 당부했습니다.4월 26일에는 독일 수도 베를린의 지하철에서 한국 유학생 부부가 인종차별과 성희롱, 폭행 등을 당하는 사건이 발생했다.	 문제는 인종차별 범죄를 심판해야할 독일 경찰이 이 사건에 대해 소극적 대응을 하고 있고, 이 때문에 아시아계를 향한 욕설과 폭행 등 인종차별 피해 사례는 줄어들지 않고 있다는 것이라고 반크는 설명했다.	 반크는 “코로나 19 사태로 인해 전세계에서 발생하는 아시안 상대 인종주의에 맞서 싸우고자 한다”면서 “총 5개의 인종차별 금지 포스터를 제작해 SNS로 전세계에 알려나가는 글로벌 캠페인을 전개한다”고 밝혔다.	 글로벌 캠페인의 슬로건은 ""홀로 코스트는 하늘에서 갑자기 떨어지지 않았다!""	이다.	반크가 제작한 총 5개의 포스터중 4개는 아우슈비츠 강제 수용소를 배경으로 다음세대를 상징하는 한 초등학생이 ""코로나 바이러스 루머, 아시안 혐오, 인종차별, 홀로코스트가 어떻게 시작되었는지 기억하라!	 홀로 코스트는 하늘에서 갑자기 떨어지지 않았습니다""라는 글씨가 쓰여진 풍선을 들고 지나가고 있는 모습을 담았다.	 나머지 한개의 포스터에는 인류 최악의 범죄를 저지른 나찌의 홀로코스트 비극을 기억하고 다시는 되풀이 되지 위해 기념하는 홀로코스트 기념일을 상징하는 비석앞에서 ""코로나 바이러스 루머, 아시안 혐오, 인종차별, 홀로코스트가 어떻게 시작되었는지 기억하라!	 홀로 코스트는 하늘에서 갑자기 떨어지지 않았습니다""가 새겨진 또다른 비석의 모습을 담았다.	원래 비석에는 이런 문구가 없었지만 반크가 코로나로 인한 인종차별 확산을 막지 못하면 제2의 홀로코스트 비극이 인류앞에 올수 있다는 의미의 경고 메시지를 담기 위해 가상으로 비석을 포스터에 담았다.	반크는 이번 캠페인 포스터를 반크 페이스북, 블로그, 플리커를 통해 전세계에 알려나갈 계획이다.	 캠페인에 참여하고자 하는 네티즌은 반크에서 만든 5개의 포스터를 다운받아 자신의 SNS를 통해 주변에 알리면 된다.	 -	 ⓒ .	 무단전재&재배포 금지 -"
"""그알"" 사라진 엄마와 마지막 고객-자동차 영업사원 윤남희 씨 실종사건"," 5월 2일 방송되는 ‘그것이 알고 싶다’에서는 자동차 영업사원 윤남희 씨 실종사건에 대해 추적해본다.	  2002년 3월, 안산의 한 초등학교 앞에서 승용차 한 대가 발견되었다.	 세워둔 지 오래된 듯 뒷바퀴에는 바람마저 빠져있었고, 차 안에는 누군가의 소지품과 명절 선물세트가 놓여있었다.	 잠시 정차해두고 자리를 비운 듯 가지런하게 놓인 물건들의 주인은 한 달 전 흔적도 없이 실종된 자동차 영업사원 윤남희 씨였다.	 #두 통의 전화와 실종설 연휴를 앞두고 있던 2002년 2월 8일 금요일.	 윤남희 씨는 오전부터 둘째 언니를 만나 함께 시장을 보고, 어린이집에 맡겨놓았던 아들을 잠시 데리고 나와 단골 미용실에서 이발도 시켰다.	 실종된 그녀의 차를 발견했을 때 명절 선물세트가 실려 있던 모습에서 그날의 분위기를 예상할 수 있다.	 왜 선물들은 주인을 잃은 채 안산에 버려진 것일까?	 “둘째 언니랑 남희가 같이 있었는데 차 상담을 하겠다고 전화가 왔었다고 하더라고요.	 그래서 동생이 메모했대요.	 그리고 차를 타고 갔었는데.	.	.	”-	 윤남희 씨 셋째 언니 윤남희 씨의 언니 말에 의하면 그날 윤 씨의 휴대폰으로 두 통의 전화가 걸려왔다고 했다.	 두 통 모두 발신지는 구운동의 공중전화였다.	 전화를 받은 윤 씨는 오후 4시 50분, 고객을 만나기 위해 나선 뒤 18년 동안 집으로 돌아오지 않고 있다.	 과연 그날 윤 씨에게는 무슨 일이 있었던 것일까?	 5년 만에 힘들게 얻었던 아들.	 당시 겨우 22개월밖에 되지 않았던 어린 아들을 두고 그가 사라져야 했던 이유는 과연 무엇이었을까?	 #카드를 쓴 사람은 누구인가 “돈 빠지는 걸 제가 알았어요.	 30만 원씩 뺐잖아요.	 몇 차례에 걸쳐서.	”-	 윤남희 씨 둘째 언니 가족들은 윤남희 씨 계좌를 살펴보다 실종된 그 날 밤부터 다음날 오전까지, 누군가 윤 씨의 지갑 속 신용카드를 사용한 사실을 알아냈다.	 여러 차례에 걸쳐 신용카드에서 현금을 인출한 흔적을 발견한 경찰은 곧바로 CCTV를 확보했다.	 입수한 CCTV 화면 속 촬영된 영상에는 놀랍게도 윤 씨가 아닌 처음 보는 낯선 남성의 얼굴이 찍혀있었다.	 과연 그는 윤남희 씨의 실종과 어떤 관련이 있는 것일까?	 ‘그것이 알고 싶다‘ 제작진은 수소문을 통해 당시 은행 CCTV에 촬영되었던 남성을 만날 수 있었다.	 그는 당시 상황을 기억하는 대로 우리에게 전달했다.	 그가 윤 씨의 지갑 속 신용카드를 사용했던 이유는 무엇이었을까?	 혹시 그는 윤 씨의 행방을 알려줄 열쇠를 쥐고 있는 것일까?	 #마지막 고객, 그리고 DNA명절 선물과 함께 윤남희 씨 소지품이 고스란히 발견된 그녀의 차.	 고객과 판매 차량에 대한 정보가 담긴 윤 씨의 업무수첩도 차량에서 발견되었다.	 수첩의 맨 마지막 페이지에는 실종 당일 윤 씨에게 걸려왔던 두 통의 전화 발신지인 공중전화의 위치와 ‘홍기찬’이란 이름이 함께 적혀 있었다.	 혹시 그가 윤남희 씨가 실종 당일 만났던 마지막 고객일까?	 그렇다면 그가 바로 윤 씨를 해친 범인은 아닐까?	 제작진은 윤 씨의 행방을 찾는 한편, 엄마의 생사를 간절히 알고 싶어 하는 아들의 DNA를 채취하여 신원미상 변사자 DNA와 대조해보았다.	 그리고 이 과정에서 국내 실종자 데이터베이스를 관리하는 시스템이 없다는 것을 알게 되었다.	 과연 이를 해결할 방안은 어디에서 찾을 수 있을까?	 5월 2일 토요일 밤 11시 20분에 방영되는 SBS ‘그것이 알고 싶다’ <사라진 엄마와 마지막 고객 &#8211; 자동차 영업사원 윤남희 씨 실종사건> 편에서는 2002년 2월 8일, 윤남희 씨에게 무슨 일이 있었던 것인지, 사건 당일 그녀의 행적을 추적해본다.	 이어 국내 실종자 데이터베이스가 체계적으로 관리될 수 있을 방법에 대해서도 고민해본다.	 -	 ⓒ .	 무단전재&재배포 금지 -"
"반크 “독일 정부, 경찰청 한인 대상 인종차별 범죄 철저히 수사하라” 글로벌 청원","사이버 민간외교 사절단 ‘반크’가 세계최대의 청원사이트에 한국인을 대상으로한 독일 인종차별 범죄에 대한 철저한 수사와 공식사과를 요청하는 영문 청원을 시작한다고 30일 밝혔다.	 지난 26일 독일 수도 베를린의 지하철 안에서 마스크를 쓰고 있던 한인 유학생 부부에게 독일인으로 보이는 성인남녀들이 “해피 코로나”라고 조롱했다.	 독일청년 다섯은 한국인 부부를 ""코로나"" ""해피코로나 데이""라고 조롱하고, 성희롱을 하고, 침을 뱉었다.	 신고를 받고 출동한 베를린 경찰관은 가해자들을 적당히 훈계하고 돌려보냈고, 오히려 피해자들에게 ""이 정도로는 인종차별이 아니다.	 유색인종으로서 감내해야한다"" 고 대답했다.	현재 독일, 유럽, 미주에서 이와 비슷한 피해 사례가 잇따르면서 한인동포들과 유학생의 불안이 커지고 있는 상황이다.	반크는 “독일과 유럽에서 극우세력이 힘을 결집하고 있는 상황에서 코로나로 인한 아시아 혐오까지 이어지고 있다”면서 “독일, 유럽에 코로나19 에 대한 공포가 위험이 장기화하면서 아시아인들을 향한 혐오 범죄가 높아지고 있다”고 지적했다.	 이어 “인종차별 범죄를 심판해야할 독일 경찰은 소극적 대응을 하고 있고 이 때문에 아시아계를 향한 욕설과 폭행 등 인종차별 피해 사례는 줄어들지 않고 있다”면서 “사이버 외교사절단 반크는 유럽에서 가장 영향력이 큰 독일에서 한국인대상 인종차별 범죄를 방치하면 전 유럽에 한인들이 위험해질수 있다고 생각한다”고 밝혔다.	 이에 반크는 3억명이 가입한 세계최대의 청원사이트 이번 한국인을 대상으로 한 독일 인종차별 범죄에 대한 철저한 수사와 공식사과를 요청하는 영문 청원을 시작했다.	 반크는 “이번 청원을 통해 전세계 여론을 모아 독일 정부와 베를린 경찰청을 변화시키기 위해유럽과 미주, 아시아등 전세계 외국인을 대상으로 참여를 요청하는 SNS 캠페인도 시작한다”고 전했다.	 -	 ⓒ .	 무단전재&재배포 금지 -"
"MBC, ""n번방"" 의혹 기자 관련 진상조사위 구성…이수정 교수 참여"," MBC가 미성년자 성 착취물을 유포하는 텔레그램 대화방 'n번방'에 유료 회원 가입을 시도했던  에 대한 조사를 위해 진상조사위원회를 구성했다.	 MBC는 28일 ""문화방송은 이날 본 의혹과 관련해 투명하고 객관적인 조사를 위해 외부 전문가 2명을 포함한 진상조사위원 6명으로 이뤄진 진상조사위원회를 구성했다""고 공식입장을 냈다.	 MBC에 따르면 이수정 경기대 범죄심리학과 교수, 박선아 한양대 법학전문대학원 교수가 외부 조사위원으로 선정됐다.	 내부 조사위원은 전병덕 경영본부장, 장혜영 감사국장, 최진훈 법무부장, 성지영 뉴스전략팀장이다.	 MBC는 ""이번 사건을 엄중히 여겨 진상조사위원회에서 이뤄지는 모든 과정과 결과를 시청자들께 충실히 전해드릴 것을 약속드린다""고 덧붙였다.	 앞서 서울지방경찰청은 지난 24일 'n번방'에서 '박사'로 활동하며 성 착취물을 제작, 유포한 조주빈에게 가입비를 송금한 혐의로 MBC   A씨를 입건했다.	 이후 MBC는 27일 인사위원회를 열어 A씨를 대기발령 조치했다.	 -	 ⓒ .	 무단전재&재배포 금지 -"
"""스타 강사끼리 갈등?""…이지영, 현우진 고소 ""모욕적 발언 했다"""," 이투스의 사회탐구 영역 강사 이지영이 메가스터디 수학 강사 현우진을 모욕죄 혐의로 고소했다.28일 머니투데이는 ""서울 수서경찰서는 이씨가 지난달 3일 현씨를 모욕죄 혐의로 고소했다고 밝혔다""고 단독 보도했다.	내용에 따르면 이지영은 현우진이 2018년 만들어진 '현우진 GAZA'란 오픈채팅방에서 자신에 대한 모욕적인 발언을 했다고 주장하고 있다.	 당시 채팅방엔 50명 넘는 수강생들이 있었고, 현우진은 이지영을 향해 ""윤리장애ㅜ그분"", ""턱치면 바로 급사"" 등의 비하 발언을 했다는 것.	또 이지영은 ""이 외에도 현우진은 수강생들을 상대로 ""사이비"", ""XXX 꺾어버려도 무죄"" 등의 비하 발언을 했다""고 밝혔다.	 더불어 이지영 측은 증거자료 정리가 완료되는 대로 현우진을 명예훼손으로 추가 고소할 예정이라고 밝혔다.	경찰 관계자는 ""지난달 고소장을 접수 받아 수사에 착수했다.	 수사를 통해 해당 행위에 대한 사실관계를 파악하고 있다""고 전했다.	-	 ⓒ .	 무단전재&재배포 금지 -"
탐정창업 자격증? 이론과 실무는 어디서?,"오랜 기간동안 경찰이 도입을 염원해왔던 탐정 합법화에 관심이 쏠리고 있다.	 오래전부터 국회에 법안이 여러번 발의가 되었었는데 아직까지는 통과 되지 않은 상태이지만 ‘신용정보의 이용 및 보호에 관한 법률’에서의 탐정업 관련 금지조항이 2020년 2월4일 국회에서 일부 삭제 또는 개정돼 2020년 8월5일 시행을 앞둠으로써 탐정업은 이제 많은 사람들의 일자리’가 될 수 있게 되었다.	 이번 21대 총선 때 경찰출신 의원이 9명이나 당선된 가운데, 이후 국회에서는 탐정 합법화에 힘이 실릴 것 같다는 전망이다.	 이로 인해 탐정창업과 흥신소 창업에 대한 자격증 문의가 상당히 많은 것으로 들려온다.	 물론 이전에도 그와 같은 문의가 종종 있었지만 최근에 와서 더 많아진 것 같다고 한다.	 최근 코로나19로 인해 경기가 더욱 안좋아진 상황에서 탐정업을 스타트업으로 관심을 갖는건 당연할지도 모르겠다.	 하지만 탐정창업이나 흥신소 창업을 하고 싶어도 이론과 실무를 알려주는 곳을 찾기 힘들다.	 몇몇곳에서 이론교육을 해주고 수료증이나 자격증을 주는 곳이 있기는 하지만, 수료생들이 전문적인 실무교육을 배울수 있는곳은 많지 않을뿐더러 시스템이 마땅치 않아 창업을 하기에는 역부족인 것이다.	 탐정창업을 하기 위해서는 실무교육을 필히 받아야 한다.	 그 이유는 기본적인 개인정보등과 같은 법률적인 지식이 필요하며 실무업무는 워낙 다양하고 광범위 하기 때문에 쉽게 배울수 있는 일은 아니기 때문이다.	이러한 실정에 맞춰 더서치민간조사기업에서 올해 5월부터 이론과 실무를 전수해주는 교육을 해준다는 소식이 있어 흥신소 창업과 탐정 창업에 관심이 있는 분들에게는 좋은 소식이 될 수도 있다.	그리고 법률적인 부분과 이혼소송에 필요한 내용을 전직 형사 출신과 현직 변호사가 강의에 참여하여 더욱 퀄리티가 높은 교육을 제공할 예정이다.	 또한 실무업무는 현재 현장에서 활동하고 있는 전문가 베테랑들이 함께 동행하면서 생생한 현장교육을 제공할 예정이다.	 이번 교육에 참여하는 수강생들에게는 교육을 수료한 후에도 홍보를 하지 못하면 어려움을 겪기 때문에 그런 어려움을 해결하기 위해 홍보하는 방법까지 소셜네트워크서비스를 통해 체계적이고 구체적으로 교육을 제공할 예정이다.	-	 ⓒ .	 무단전재&재배포 금지 -"
"해커스공무원, 대학생 공무원 시험 준비생 위한 ‘대학생 인증 이벤트’ 진행","공무원 채용이 늘어나고, 공무원의 인기가 높아지면서 대학생 때부터 공무원 시험을 준비하는 수험생이 많다.	 이에 9급∙7급 공무원 학원 및 인강으로 많은 추천을 받는 해커스공무원이 대학생의 공무원 학원과 인강 비용 부담을 덜어주기 위해 ‘대학생 인증 이벤트’를 진행한다고 전해 주목을 받고 있다.	  해커스는 해커스공무원 학원, 해커스임용 학원, 해커스어학원 등을 운영하며 수험생들의 학습을 돕고 있다.	  해커스공무원의 ‘대학생 인증 이벤트’에 참여하면 풍성한 대학생 할인 혜택을 누릴 수 있다.	 대학생 수험생은 이벤트를 통해 ▲‘평생 0원 합격패스’ 40만 원 할인쿠폰 ▲’0원 합격패스’ 30만 원 할인쿠폰 ▲’18개월 합격패스’ 20만 원 할인쿠폰 ▲’기적의 패스’ 10만 원 할인쿠폰을 받을 수 있다.	 ‘대학생 인증 이벤트’에 참여하기 위해서는 사이트에 접속한 후 대학생임을 증명할 수 있는 학생증, 재학증명서, 휴학증명서 등을 첨부하면 된다.	 이미지 제출 완료 후 익일 2시 내로 해커스공무원 메인패스 할인쿠폰 4종이 제공된다.	  무엇보다 해커스공무원은 고퀄리티 학습 시스템을 갖추고 있어서 많은 공무원 수험생으로부터 인기를 얻고 있다.	 해커스공무원은 회독증강을 돕는 시스템을 구축하고 있으며, 공무원 시험 응시부터 성적 분석까지 할 수 있는 9급∙7급 합격 예측 모의고사를 제공한다.	 수험생은 이를 통해 더욱 체계적으로 공무원 시험을 준비할 수 있다.	  한편, ‘대학생 인증 이벤트’를 통해 최대 40만 원의 할인 혜택을 받아볼 수 있는 ‘평생 0원 합격패스’는 공무원 시험 준비에 유용한 풍성한 혜택을 제공하고 있다.	 ‘평생 0원 합격패스’는 합격할 때까지 무제한으로 강의를 수강할 수 있다는 장점이 있으며, 합격 시 수강료를 100% 현금 환급해준다.	  이와 더불어 ▲PC, 모바일 다운로드 무제한 ▲7급 토익+GTELP+제2외국어 강의 제공 ▲강의에 필요한 기본서+기출문제집 총 14권의 학습 혜택을 제공한다.	 합리적인 가격에 풍성한 구성으로 공무원 시험을 준비할 수 있어 국가직∙지방직 공무원 시험을 준비하는 수험생이 많이 찾고 있다.	  해커스공무원의 강의는 해커스 스타 강사진과 아모르이그잼의 공무원 시험 전문 강사진이 함께하며, 기초가 없는 수험생도 공무원 시험에 단기 합격할 수 있도록 돕는다.	 공무원 영어 강의는 김송희 강사, 공무원 한국사는 이중석 강사, 공무원 국어는 신민숙 강사가 진행하며, 이외에도 행정법 함수민 강사, 행정학 조철현 강사가 강의를 진행한다.	  해커스의 한 관계자는 “최근 공무원 시험을 준비하는 대학생 수험생이 급증하고 있다.	 그에 발맞춰 해커스공무원은 많은 대학생이 공무원 시험을 준비하는 데 있어서 가격 부담을 덜어주기 위해 이번 ‘대학생 인증 이벤트’를 진행하게 되었다.	”며, 이벤트 취지를 전했다.	 또한, “오직 해커스공무원이기에 할 수 있는 파격 이벤트를 많은 대학생 수험생들이 잘 활용했으면 좋겠다.	”고 덧붙였다.	 ‘대학생 인증 이벤트’와 관련된 자세한 사항은 해커스공무원 사이트에서 확인할 수 있으며, 이외에도 해커스공무원 사이트에서는 서울시 공무원, 지방직 공무원, 국가직 공무원, 군무원 준비를 위한 9급 공무원 시험과목, 공무원∙군무원 인강 등을 확인할 수 있다.	  또한, 해커스는 경찰 공무원 교육 브랜드인 해커스경찰과 소방직 공무원 교육 브랜드인 해커스소방을 운영하고 있다.	 해커스경찰 사이트에서는 경찰 공무원 시험 준비를 위한 경찰 공무원 인강과 경찰 시험 정보를 제공하고 있으며, 해커스소방 사이트에서는 소방 공무원 시험을 준비하는 수험생을 위한 소방공무원 인강 및 정보를 제공한다.	  한편, 해커스 교육그룹은 5년 지속 교육그룹 부문 1위 자리를 지켜온 대한민국 대표 종합교육기업이다.	 한국 소비자포럼 선정 ‘올해의 브랜드대상’에서 대국민 투표를 통해 2012년부터 5년 지속 교육그룹 부문 1위에 올랐다.	 또한, 해커스공무원은 헤럴드 선정 2018 대학생 선호 브랜드 ‘최단기 공무원학원’ 부문에서 1위를 차지했다.	-	 ⓒ .	 무단전재&재배포 금지 -"
"""탐사보도 세븐"" 고유정 의붓아들을 누가 죽였나…여전히 풀리지 않은 의혹"," '탐사보도 세븐'이 고유정 의붓아들의 죽음을 추적한다.24일 방송되는 종합편성채널 TV조선 '탐사보도 세븐'은 고유정 의붓아들의 죽음을 집중적으로 다룬다.	지난해 6월, 제주에서 前 남편을 잔혹하게 살해해 전국을 떠들썩하게 했던 고유정.	 그녀는 前 남편 살해 혐의로 1심에서 무기징역을 선고받았다.	 하지만 재판부는 함께 기소됐던 의붓아들 故 홍승빈 군 살해 혐의에 대해서는 무죄를 선고했다.	 직접적인 증거가 없어 고유정을 범인이라 단정 지을 수 없다는 취지에서였다.	 하지만 고유정과 관련된 정황 증거들은 여전히 의혹이 가득한 채로 남아있는 상황이다."
"""궁금한 이야기Y"" SNS 자작극vs사칭범? 허위 신고 뒤에 감춰진 범인은?"," SNS 자작극인가 사칭범일까?	 24일 밤 8시 55분 방송되는 SBS <궁금한 이야기 Y> 에서는 두 가정의 일상을 망가뜨린 SNS의 정체를 파헤친다.4개월째 계속되는 허위신고 벌써 4개월째, 이 아파트 17층 유나네 집엔 경찰관, 소방관들의 발걸음이 끊이질 않는다.	 사이렌 소리만 들어도 심장이 덜컥 내려앉는다는 유나양의 부모님.	 누군가 유나네 집 주소를 대며 119와 112에 ‘집에 불이 났다’, ‘집 안에서 싸움이 났다’ 며 문자로 허위신고를 한다.	 신고자들은 모두 SNS 메신저를 통해 한 사람의 부탁을 받고 신고를 했다고 했다.	 그런데, 신고를 부탁했다는 계정의 이름은 유나 양의 사진과 집주소, 전화번호까지 나와 있었다는 것이다.	 하지만 유나 양은 자신이 만들지 않은 사칭 계정이라고 했다.	 유나 사칭범의 장난은 갈수록 더 심해졌다.	  “새벽에 문을 막 두드리더라고요.	 남자 두 명이 서 있는 거예요 유나가 오라고 했대요.	 너 이 친구 불렀냐고 그러니까 부른 적이 없대요”-	 유나 엄마 인터뷰 중 계속되는 사칭 문자, 그 범인은?	  유나 양을 사칭한 범인은 그녀의 아버지에게도 다가왔다.	 딸인 척 아버지와 대화를 나누던 범인은 정체를 들키자 온갖 욕설과 성적인 말들을 퍼부었다.	 사칭범은 허위 신고를 받고 출동했다 돌아온 소방대원들을 비하하는 말까지 SNS 게시물에 올렸다.	 그런데 신고가 들어가는 집은 유나 양 집 뿐만이 아니었다.	 유나와 같은 아파트 같은 동에 사는 7층 지희네 집도 똑같은 피해를 본다.	지희네 가족들은 의심이 가는 범인이 있다고 했다.	 “저는 걔라고 200% 이상 확신을 해요.	  모든 일련의 행위를 보면 위에서 장난친 거다” -	 지희 가족들 인터뷰 중 지희네는 평소 사이가 좋지 않던 유나의 자작극이라고 한다.	 8층에 사는 박군 역시 유나 양을 의심하고 있었다.	 모두 서로가 피해자라고 주장하고 있는 이 상황에 범인은 이들 중에 있는 것일까지 유나를 사칭하는 범인은 대체 왜 이런 일들을 꾸민 것인지 SBS <궁금한 이야기 Y>에서 금요일 밤 8시 55분 방송된다.	 -	 ⓒ .	 무단전재&재배포 금지 -"
"에듀윌, 수험생들이 뽑은 경찰공무원·소방공무원이 잘 어울릴 것 같은 연예인 1위는?","10월 21일 '경찰의 날', 11월 9일 '소방의 날'을 맞이하여 종합교육기업 에듀윌은 수험생 2,025명을 대상으로 설문조사를 실시했다.	 먼저, '경찰이 가장 잘 어울릴 것 같은 연예인'에는 박서준이 압도적인 차이로 1위를 차지했다.	 박서준은 드라마 '이태원 클라쓰'에서 박새로이 역할 이후 최고의 전성기를 누비며 이에 걸맞게 압도적인 차이로 1위를 차지했다.	 이어서 드라마 '앨리스'에서 김희선과 호흡을 맞췄던 주원이 2위를 차지했으며, 그 뒤를 이어 강한 여성의 이미지를 가진 하지원이 3위를 차지했다.	 이 밖에도 서현, 강하늘, 마동석, 박보검, 윤두준 등이 이름을 올렸다.	 이어서 '소방이 가장 잘 어룰릴 것 같은 연예인'에는 드라마, 영화, 예능까지 섭렵한 배우 차승원이 1위를 차지했으며, 반듯한 이미지 '이승기가 2위를 차지했다.	 이어 박보검이 3위, 윤아가 4위를 차지했으며, 그 밖에는 차태현, 조정석, 서강준, 정해인 등이 나란히 이름을 올렸다.	 이번 설문조사는 대체로 반듯하고 정의로운 인물의 연예인들이 랭크되면서 경찰공무원과 소방공무원들의 이미지를 대변하고 있다.	 에듀윌 관계자는 ""경찰의 날과 소방의 날을 맞이하여 에듀윌 수험생들과 함께 마련한 이벤트""라며 ""국민을 위해 항상 힘써주시는 경찰공무원과 소방공무원에 대한 감사의 뜻으로 작은 재미를 드리고자 기획했다""고 말했다.	 한편, 에듀윌 공무원은 경찰, 소방, 9급, 7급, 계리직 등 다양한 공무원 합격 커리큘럼을 운영하고 있으며, 전년도 대비 에듀윌 경찰공무원 합격자 수 287% 증가, 소방공무원은 118% 증가하는 등 수많은 합격생을 배출하고 있다.	 -	 ⓒ .	 무단전재&재배포 금지 -"
"""그알"" 엄마의 두 번째 가족, 그리고 58억-쑥떡 사망 사건 미스터리"," 18일, ‘그것이 알고 싶다‘에서는 故 김경숙 씨 사망 사건의 미스터리에 대해서 알아본다.	 # 한 여자의 죽음, 그리고 시작된 의문 지방의 노포들이 즐비한 한 골목에서는, 누군가의 죽음과 관련된 흉흉한 소문들이 수년째 끊이지 않고 있다.	 한 건물에서는 아이들이 사고로 목숨을 잃었고, 또 다른 가게에서는 사고로 자식을 잃은 사장님이 있었던 탓이었다.	 이웃들은 2017년 늦여름에 전해진 한 여자의 비보 또한 이 동네에서 벌어진 또 하나의 우연한 죽음인 줄로만 생각했다.	  2017년 9월, 사망한 여성의 이름은 김경숙.	 그녀는 시장 골목 끝자락에서 본인 명의의 작은 민속주점을 홀로 운영하고 있었다.	 사람들은 넉넉지 못한 형편에 가족 없이 혼자 지내던 그녀가 외로이 ‘고독사’ 한 것으로 생각했다.	 이웃들은 그녀가 가게 한쪽의 작은 방에 기거하면서도 낮과 밤으로 열심히 사는 모습을 아름답게 기억하며, 그녀의 죽음을 안타까워할 뿐이었다.	 이는 그녀의 죽음 뒤에 잇따른 두 가지 소문이 들리기 전까지 일이었다.	 “이상하다고 생각했지.	 떡이 아무리 얹혔다고 해도, 연속극에나 그런 게 있지….	 나이가 오십몇 살인데 떡이 얹혀서 죽냐고.	”-	이웃 인터뷰 중 사망 당시, 故 김경숙 씨의 식도와 위장 등 시신에서는 물론 현장에서도 먹다 남은 쑥떡이 발견되었다.	 하지만 이보다 더 놀라운 것은 그녀 앞으로 거액의 사망보험이 가입되어있다는 사실이었다.	 경찰이 확인한 바에 따르면 故 김경숙 씨는 총 12개사에서 17개의 상품에 가입했고, 이로 인해 사망할 경우 수익자가 총 58억 6천만 원의 보험금을 수령하게 된다.	  김경숙 씨의 소박한 모습을 기억하던 주민들은, 이 거액의 보험금 존재를 선뜻 이해하기 어렵다고 했다.	 장사가 잘되지 않아, 낮에는 다른 가게에서 아르바이트하고 동료에게 돈을 꾼 적도 있었다는 故 김경숙 씨.	 대체 그녀는 짧은 기간에 왜 그렇게 많은 보험에 가입해야 했던 걸까?	 그리고 혼자 살며 형편이 넉넉지 못했던 그녀가 어떻게 매달 거액의 보험금을 낼 수 있었을까?	 혹 그녀에게, 말할 수 없는 사연이 있었던 것은 아닐까?	 # 친구의 또 다른 이름, ‘수익자’거액의 보험금에 관한 이야기가 전해지고 난 얼마 후부터, 김경숙 씨의 사망보험금을 받게 될 인물에 대한 소문이 돌기 시작했다.	 수익자로 지정된 사람은 ‘김경희’ 씨.	 김경숙 씨의 오랜 친구라고 했다.	 제작진은 거액의 보험금에 대한 내막을 알고 있을 사람, 김경희를 찾아 나섰다.	 그 과정에서 만난 사망한 故 김경숙 씨의 형제자매들, 그리고 오래전 이별한 남편과 성인이 된 자녀의 이야기들은 해당 사건을 더욱 이해하기 어렵게 했다.	  “2019년 2월에 경찰이, 엄마 앞으로 된 보험을 알아보라고 해서 내역을 뽑았는데…… 보험금이 엄청 많이 나오더라고요.	 김경희라는 이름은 한 번도 들어본 적이 없어요.	 엄마랑 이름이 비슷해서 당연히 이모인 줄 알았어요.	”-	故 김경숙 씨 딸 인터뷰 중 딸은 제작진과 함께, 오래전 이별한 엄마의 흔적을 찾아 나서기로 했다.	 그렇게 해서라도 엄마가 어떻게 사망하게 된 것인지 늦었지만 스스로 이해해보고 싶다고 덧붙였다.	  동사무소부터 보험사, 은행, 경찰서 심지어 어머니가 졸업한 학교까지 방문해서 확인하게 된 것은, 엄마가 중학생이었던 시절부터 늘 엄마 주변에 존재한 ‘한 사람’이 있었다는 사실이다.	 게다가 엄마의 이름으로 발급받은 가족관계증명서에는 처음 들어보는 ‘그 사람’의 이름이 ‘자매’라고 적혀 있었다.	  친구에서 자매가 된 인물.	 김경희와 그 가족들은 김경숙 씨를 입양한 사실에 대해 어떻게 설명할까?	 그들은 사망한 엄마가 겪고 있던 고된 인생에서 항상 엄마의 곁을 지켜주던 ‘또 하나의 가족’이었던 걸까?	 18일, SBS ‘그것이 알고 싶다’ ‘엄마의 두 번째 가족 그리고 58억 – 쑥떡 사망사건 미스터리’편 에서는, 故 김경숙 씨의 사망 사건과 그녀의 사망보험금 58억이 남긴 미스터리를 그녀의 딸과 함께 추적해본다.	 이를 통해, 국내 사망 보험 가입·변경 시스템의 허점 및 개선책을 시청자들과 공유하고자 한다.	  -	 ⓒ .	 무단전재&재배포 금지 -"
"[MD포토] 신상 공개되는 ""부따"" 강훈",텔레그램 '박사방'에서 운영자 조주빈을 도와 대화방 운영·관리에 관여한 공범 '부따' 강훈이 17일 오전 서울 종로경찰서에서 검찰로 송치되고 있다.	서울지방경찰청은 16일 아동·청소년의 성보호에 관한 법률 위반 등 혐의로 구속된 강훈에 대한 신상정보 공개 심의위원회를 열어 신상 정보를 공개하기로 결정했다.	 경찰이 미성년자인 10대 피의자의 신상 정보를 공개하는 것은 처음이다.	 -	 ⓒ .	 무단전재&재배포 금지 -
"[MD포토] 검찰로 송치되는 ""박사방"" 공범 강훈", 텔레그램 '박사방'에서 운영자 조주빈을 도와 대화방 운영·관리에 관여한 공범 '부따' 강훈이 17일 오전 서울 종로경찰서에서 검찰로 송치되고 있다.	서울지방경찰청은 16일 아동·청소년의 성보호에 관한 법률 위반 등 혐의로 구속된 강훈에 대한 신상정보 공개 심의위원회를 열어 신상 정보를 공개하기로 결정했다.	 경찰이 미성년자인 10대 피의자의 신상 정보를 공개하는 것은 처음이다.	 -	 ⓒ .	 무단전재&재배포 금지 -
"[MD포토] 고개숙인채 검찰로 송치되는 ""부따"" 강훈", 텔레그램 '박사방'에서 운영자 조주빈을 도와 대화방 운영·관리에 관여한 공범 '부따' 강훈이 17일 오전 서울 종로경찰서에서 검찰로 송치되고 있다.	서울지방경찰청은 16일 아동·청소년의 성보호에 관한 법률 위반 등 혐의로 구속된 강훈에 대한 신상정보 공개 심의위원회를 열어 신상 정보를 공개하기로 결정했다.	 경찰이 미성년자인 10대 피의자의 신상 정보를 공개하는 것은 처음이다.	 -	 ⓒ .	 무단전재&재배포 금지 -
"[MD포토] ""부따"" 강훈, 10대 피의자 첫 신상 공개", 텔레그램 '박사방'에서 운영자 조주빈을 도와 대화방 운영·관리에 관여한 공범 '부따' 강훈이 17일 오전 서울 종로경찰서에서 검찰로 송치되고 있다.	서울지방경찰청은 16일 아동·청소년의 성보호에 관한 법률 위반 등 혐의로 구속된 강훈에 대한 신상정보 공개 심의위원회를 열어 신상 정보를 공개하기로 결정했다.	 경찰이 미성년자인 10대 피의자의 신상 정보를 공개하는 것은 처음이다.	 -	 ⓒ .	 무단전재&재배포 금지 -
"[MD포토] 고개숙인 ""부따"" 강훈, 10대 피의자 첫 신상공개", 텔레그램 '박사방'에서 운영자 조주빈을 도와 대화방 운영·관리에 관여한 공범 '부따' 강훈이 17일 오전 서울 종로경찰서에서 검찰로 송치되고 있다.	서울지방경찰청은 16일 아동·청소년의 성보호에 관한 법률 위반 등 혐의로 구속된 강훈에 대한 신상정보 공개 심의위원회를 열어 신상 정보를 공개하기로 결정했다.	 경찰이 미성년자인 10대 피의자의 신상 정보를 공개하는 것은 처음이다.	 -	 ⓒ .	 무단전재&재배포 금지 -
"[MD포토] 검찰 송치 ""부따"" 강훈 ""진심으로 사죄 드립니다""", 텔레그램 '박사방'에서 운영자 조주빈을 도와 대화방 운영·관리에 관여한 공범 '부따' 강훈이 17일 오전 서울 종로경찰서에서 검찰로 송치되고 있다.	서울지방경찰청은 16일 아동·청소년의 성보호에 관한 법률 위반 등 혐의로 구속된 강훈에 대한 신상정보 공개 심의위원회를 열어 신상 정보를 공개하기로 결정했다.	 경찰이 미성년자인 10대 피의자의 신상 정보를 공개하는 것은 처음이다.	 -	 ⓒ .	 무단전재&재배포 금지 -
"""탐사보도 세븐"" 조주빈의 이중생활…사기행각에 걸려든 VIP들"," 17일 방송되는 종합편성채널 TV조선 '탐사보도 세븐'에서는 텔레그램 성 착취 사건 '박사방'의 운영자, 조주빈의 이중생활과 유명인들을 상대로 한 사기 행각에 대해 집중 취재한다.	지난 3월, 텔레그램 성 착취 사건 '박사방'의 운영자 조주빈이 검거됐다.	 박사방을 운영하며 봉사활동을 다닌 이중적인 모습과 유명인들에게 사기를 친 사실까지 포착됐다.	 평범한 20대 청년이었던 그는 어떻게 언론사 사장과 전 광역시장에게 접근할 수 있었을까.	 ▲ 순수한 청년 조주빈?"
"""부따"" 강훈, 얼굴 공개…고개 숙인 채로 ""죄송합니다"" [MD동영상]", 텔레그램 '박사방'에서 운영자 조주빈을 도와 대화방 운영·관리에 관여한 공범 '부따' 강훈이 17일 오전 서울 종로경찰서에서 검찰로 송치됐다.	서울지방경찰청은 16일 아동·청소년의 성보호에 관한 법률 위반 등 혐의로 구속된 강훈에 대한 신상정보 공개 심의위원회를 열어 신상 정보를 공개하기로 결정했다.	 경찰이 미성년자인 10대 피의자의 신상 정보를 공개하는 것은 처음이다.	  -	 ⓒ .	 무단전재&재배포 금지 -
"조주빈 공범 ‘부따’ 강훈 얼굴 전격 공개, “진심으로 죄송하다” 검찰 송치","텔레그램 성 착취 단체대화방인 ‘박사방’의 공동 운영자 강훈의 얼굴이 공개됐다.	 강훈은 17일 종로경찰서에서 “진심으로 죄송하다”는 입장을 밝히고 검찰로 송치됐다.	 기자들이 “범죄수익금 들고 잠적한 것 사실이냐” “죄책감 느끼느냐” 등의 질문을 했지만, 강훈은 묵묵부답으로 일관했다.	 앞서 강훈 변호인은 16일 서울지방경찰청을 상대로 ""신상공개 결정을 취소하라""며 서울행정법원에 소송을 냈다.	 또 “이 재판 결과가 나올 때까지 신상정보 공개를 멈춰달라”며 집행정지 신청도 했다.	 그러나 법원은 이를 기각했다.	 강훈은 조주빈이 지목한 박사방 공동운영자 3명 가운데 1명이다.	 아동·청소년 성보호법상 음란물제작·배포 혐의 등을 받고 있는 강훈은 피해자 7, 8명을 이용해 20여 개의 성 착취물을 제작한 것으로 전해졌다.	-	 ⓒ .	 무단전재&재배포 금지 -"
"반크, “세계최대 드론 소프트웨어 미국 ‘에어맵’ 독도 오류 시정 약속받아”[공식]","사이버 민간 외교 사절단 반크가 세계 최대 드론 소프트웨어 업체인 미국의 ‘에어맵’으로부터 ‘독도에서 드론을 띄우려면 일본 정부의 승인을 받아야한다’는 내용의 안내문구를 수정하겠다는 약속을 받아냈다.	 에어맵은 최근까지 자사의 드론 플랫폼 ‘에어맵’을 통해 “독도가 일본과 한국의 공동 관리구역에 해당한다”며 양국의 승인을 동시에 받고 드론을 띄우라고 안내하고 있었다.	 하지만 독도는 대한민국 영토다.	 따라서 독도에 드론을 띄우기 위해서는 한국해군함대사령부와 경찰당국의 승인만 받으면 되고, 일본 정부의 승인을 받을 필요는 없다.	 국제민간항공기구에서도 한국영토에서 드론을 날리기 위해서는 “한국 정부의 승인이 필요하다”고만 안내하고 있다.	‘에어맵’은 전세계 드론 항로와 비행가능 구역, 비행 승인과 관련된 정보를 제공하고 있으며전세계 200개 이상의 공항에 드론 플랫폼을 제공하는 세계 최대 드론 소프트웨어 회사다.	 반크에서 현재 파급력과 정보전파력이 강한 해외 사이트를 대상으로 독도 오류 시정을 주도하고 있는 반크 청년리더 김현종은 에어맵을 대상으로 시정을 촉구하는 서한을 보냈다.	 이에 에어맵은 2020년 9월 19일 반크 김현종 청년 리더님이 보낸 편지에 대해 독도를 일본 드론 비행 지역으로 잘못 표기한 정보를 가능한한 빨리 시정할 것이라는 답변을 보내왔다.	에어맵 고객 서비스 담당자 마샬은 “앱 사용자에게 혼란을 야기하고 있음을 이해합니다.	 결과적으로 저희 개발자들은 가능한 한 빨리 “AirMap for Drones” 앱의 이 ‘권고사항’을 제거하기 위해 노력할 것입니다.	 앱의 업데이트가 완료될 때 까지 기다려 주십시오""라고 했다.	  박기태 단장은 “앞으로도 반크는 전세계 교과서, 세계지도, 백과사전, 언론 등을 대상으로 독도와 한국바로알리기를 통해 대한민국을 지키며 한국의 역사와 문화를 바로 알려나가겠다”고 밝혔다.	  -	 ⓒ .	 무단전재&재배포 금지 -"
"""그알"" 믿음의 덫과 희망의 늪-군포 빌라 살인사건의 전말"," 4일 ‘그것이 알고 싶다’에서는 군포 빌라 살인사건을 둘러싼 엇갈린 진실의 실체를 추적해본다.	 # 군포 빌라 살인사건의 전말  지난 2월 경기도 군포의 한 다세대 주택에서 여러차례 흉기에 찔린 남녀가 발견됐다.	 피해자 허 씨는 현장에서 과다출혈로 사망했고, 가해자 박 씨 역시 사건 직후 투신자살한 것으로 밝혀졌다.	 유일한 생존자는 60대 여인 이금자.	 그녀는 옆구리가 칼에 찔려 크게 다치고 의식불명이 되었다.	 평소 잘 알고 지냈다는 세 사람.	 경찰 조사 결과 사망한 두 남자는 이 씨에게 오랜 기간 돈을 빌려준 채권자였으며, 살아남은 이 씨는 이들에게 돈을 빌린 채무자였다고 한다.	 사건 당일 17년 만에 빌려준 돈을 받기 위해 이금자 씨 집을 찾아갔다는 허 씨.	 그는 왜 같은 채권자인 박 씨가 휘두른 흉기에 사망한 것일까?	 # ‘태평 스님이 소유한 450억 재산.	 그리고 스님의 숨겨진 딸’ 이금자 집에 갔는데 장정 넷이 들어도 못 드는 금고를 보여주면서  약속어음하고 수표 같은 걸 보여주더래요-	허 씨 유가족-	 허 씨의 가족에 따르면, 이 씨는 자신을 수백억 자산을 보유한 유명사찰 주지스님의 숨겨진 딸로 소개했다고 한다.	 친부의 재산을 찾기 위한 변호사 선임 비용 및 세금 문제 해결을 핑계로 수십 명의 지인에게 많은 이자를 약속하고 돈을 빌렸다는 이 씨.	  시간이 지나도 주지 스님의 재산이 찾아지지 않자, 그녀는 주지 스님이 입적 후 스님의 또 다른 자식이자 자신의 남동생인 이금식에게 수백억 재산을 맡겨 관리하는 바람에 돈을 찾을 수 없다고 둘러댔다.	 그 말을 믿은 채권자 중에는 이금식과 통화를 한 사람들도 있었다는데, 주지 스님의 숨겨진 자식이란 이들의 정체는 무엇일까?	 형제가 6명이 있지만 아무도 사람 취급 안 하고 우리는 내놓은 사람이에요엄마한테도 그렇게 거짓말을 하고 돈을 가져가고.	.	.	-	이금자 씨 가족-	 수소문 끝에 만난 이 씨의 가족에 따르면 이금자 씨의 어머니는 오래전부터 기독교인이었으며, 스님의 딸이라는 출생의 비밀 역시 거짓말이라고 했다.	 이금식이란 이름의 남동생이 있는 건 사실이지만, 그녀와는 수십 년간 연락하지 않았다고 한다.	 그러던 중 이 씨에게 돈을 빌려준 채권자로부터 뜻밖의 제보가 도착했다.	 피해자들이 남동생 이금식이라 믿었던 남성의 목소리가 사실은 칼에 찔려 숨진 허 씨 같다는 것이다.	 17년간 20억에 가까운 거액의 돈을 빌려줬던 그가 매일 같이 이금자의 집을 드나들며 남동생 행세와 수행 기사 역할까지 도맡아 했던 이유는 무엇일까?	 # 설계된 소문, 드러나는 거짓말  사기범이라고 낙인을 찍는 데 동참을 하는 자체가 자기 존재에 대해서 부정을 하는 거니까 -	오윤성 교수-	 제작진은 사기 피해자이자 이 씨를 몇십 년 전부터 봐왔다는 한 제보자는 오래 전부터 이 씨 곁에는 사망한 허 씨처럼 수행 기사 역할을 하는 피해자들이 늘 함께했다고 한다.	 그들은 곧 돈을 줄 거라는 이 씨의 말을 믿으며 주지 스님이 되기도 남동생이 되기도 하면서 다른 피해자들이 이 씨를 신뢰하게 만드는 역할을 하기도 했다.	 사기 피해자이면서 동시에 가해자가 되는 이 씨의 수행 기사들.	 그들이 이 사기극에 동참하게 되는 이유는 무엇일까?	  이번 주 SBS ‘그것이 알고싶다’는 4월 4일 토요일 밤 11시 10분에 방송된다.	 -	 ⓒ .	 무단전재&재배포 금지 -"
카자흐스탄 코로나 비상사태에 정부의 대응 돋보여,"코로나 바이러스로 발생한 공중보건위기로 인해 세계는 비상사태에 돌입했다.	 사망자가 속출하고 여러 분야의 사업들이 원활하게 이뤄지지 않아 많은 국가들이 곤욕을 치르는 중이다.	 이 와중 카자흐스탄 정부의 전염병 확산 방지를 위한 대처들이 주목받고 있다.	카자흐스탄 정부는 코로나 확산 초기인 1월 말부터 전세계의 상황을 모니터링하며 공중보건 문제 발생을 대비하고 있던 것으로 전해진다.	 초기에 정보를 입수한 카자흐스탄 정부는 임시정부위원회에서 신종 전염병에 대한 대처를 목표로 사전에 국민 보호를 위한 조치계획을 수립했다.	 2월부터 바이러스 확산 위험성이 높은 국가들과의 국경을 폐쇄했고, 전 국민을 대상으로 해외여행에 제한을 두었다.	카자흐스탄 대통령은 예측하지 못할 상황을 감안하여 국민 보호를 목적으로 3월 15일 카자흐스탄 비상사태를 선포했다.	 대통령의 명령에 따라 외교관 및 정부초청 공식 대표단, 특정 조건으로 활동하는 외국인을 제외한 모든 외국인을 대상으로 국경 출입을 제한했다.	 쇼핑 및 엔터테인먼트 센터의 영업을 중단시켰고 유치원, 학교역시 의료 전문가의 권유에 따라 폐쇄되었다.	카자흐스탄은 3월 23일 주위원회에서 비상사태에 대한 연설을 통해 추가감염을 막기 위한 검역조치를 강화했다.	 대통령의 기존보다 강화된 조치로 인해 국가 의료서비스에 대한 기능이 확대되었고 질병으로부터 취약한 국민 건강의 위협이 감소했다.	 또한 전염병으로 인한 최악의 결과를 고려고 위기에 대비하기 위하여 보건부에 의료시설 및 장비 준비에 만전을 가할 것을 지시한 것으로 드러났다.	이러한 조치에도 불구하고 카자흐스탄의 수도 Nur-	Sultan과 인구밀도가 가장 높은 것으로 알려진 알마트시에서 코로나 확진자 수가 증가하였고 이에 3월 22일부터 두 도시를 다른 지역과 격리조치를 취했다.	사람과 대중교통을 포함한 차량의 이동량을 제한하고 식료품 등의 생필품은 배달 서비스로 전환했다.	 카자흐스탄 정부는 이러한 비상사태 동안 범죄 행위의 증가를 우려하여 3월 23일에 경찰 총 동원령을 내리는 동시에 경찰의 수를 늘리는 것 뿐만 아니라 경찰과 국민이 협력하여 위험에 처한 사람들을 보호하도록 지시했다.	 경제적인 타격부분에 대해서 일시적으로 대출 원금 및 이자납부를 중단시키고 대가족, 장애인 등 사회 취약계층을 대상으로 생필품을 무상으로 지원해주는 정책을 펼치고 있다.	 대통령은 또한 물가 급등으로 부터 자국민을 보호하기 위해 주요자원 및 생필품에 대한 모니터링을 진행하고 있다.	 모니터링을 통하여 생필품의 공급 상황에 대한 확인과 지역간 물품이동에 대한 조정으로 공급에 대한 혼란방지가 예상된다.	카자흐스탄 정부는 금융분야를 지원하고자 기존에 시행중이던 세금혜택, 지역지원 이외에도 국가 위기 방지를 위하여 100억 달러를 할당 할 예정이고 그 중 7억 4천만 달러는 고용증대를 위하여 쓰일 예정이다.	 코로나 바이러스와 최전선에서 싸우고 있는 의사, 경찰 및 기타 전문가를 포함하여 코로나 사태로 인하여 수입에 지장이 생긴 사람들에게 월 급여에 비례한 지원금 조치도 시행중이다.	 카자흐스탄의 중소기업은 비상사태 기간동안 은행대출 상환을 보류할 수 있고 최대 3개월간 모든 유형의 세금 및 기타 납부 의무가 연기된다.	 K.	Tokayev 대통령은 ""모든 국민들이 책임감을 갖고 의무를 다하게 된다면 지금의 어려운 상황에서 빠르게 벗어날 수 있을 것""이라고 밝혔다.	 카자흐스탄은 전염병 환자가 가장 많은 중국과 인접했음에도 불구하고 오늘 기준 확진자 348명으로 코로나 대비에 선전하고 있다.	 추후의 지역과 국가간의 긴밀한 협력을 통하여 코로나 바이러스의 모범 방역사례가 될 수 있을지 그 귀추가 주목된다.	-	 ⓒ .	 무단전재&재배포 금지 -"
"[종합] ""n번방 사건 조주빈, 당연히 예견된 일…그동안 누가 처벌받았나"" (서지현 검사)"," '이규연의 스포트라이트'가 성범죄자 'n번방 박사' 조주빈을 파헤쳤다.2일 오후 방송된 종합편성채널 JTBC '이규연의 스포트라이트'에선 잔혹한 텔레그램 성범죄를 저지른 n번방 '박사' 조주빈을 집중 탐사보도했다.	이날 제작진은 조주빈의 검거 현장 CCTV 영상을 최초로 공개해 시선을 모았다.	 영상 속 조주빈은 인천 자택에서 경찰에 붙잡혀 순순히 차량에 올라타는 모습이었다.	이웃주민은 ""옆집이 굉장히 소란스러웠다.	 우당탕탕.	 깜짝 놀라서 뛰어갔다.	 저쪽 집 문이 열려있더라.	 안에서 누가 왔다갔다 하고 밖에서는 한 사람이 서 있더라.	 아마 그날 체포된 날일 거다""라고 목격담을 밝혔다.	제작진은 ""조주빈이 '소개업체-	기획사 사장' 두 개의 아바타를 만들어 피해자들에게 접근하는 것이 단골 수법이었다""라고 밝히기도 했다.	자신을 '캄보디아 거주지' '아이스 마약 판매상'이라고 거짓으로 설정했던 조주빈.	 하지만 그는 평범한 20대 청년의 모습으로 평소 봉사활동도 꾸준히 해왔다고 밝혀져 충격을 더했다.	피해자는 ""조주빈이 어디서나 볼 법한, 흔한 얼굴이라 허탈했다""라며 ""그 정도로 어릴 줄은 몰랐다""라고 허탈감을 드러냈다.	또한 피해자는 ""조주빈에게 협박을 받는 와중에 경찰에 신고했다.	 하지만 경찰서에 가고 나서까지도 조주빈은 계속 협박했다.	 경찰에 신고했음에도 조주빈은 링크를 보내면서 '이 방에 네 영상 올릴 거니까 기대하라'고 그러더라.	 그리고는 실제로  올렸다""라고 말했다.	피해자는 ""지금은 텔레그램이지만 인터넷에 사진을 다 유포할 거라고 협박했다.	 영상 찍기를 거부하면 어김없이 협박했고, 제 개인 정보를 다른 사람한테 넘기기도 했다""라고 얘기했다.	조주빈은 2018년 12월부터 올해 3월까지 '박사'라는 가명을 쓰고 텔레그램 '박사방'에 여성들을 협박해 성착취 동영상을 찍어 올렸다.	 휴대전화 9대를 동원했으며, 현재까지 파악된 피해자는 74명으로 이중 미성년자는 16명이다.18세 여성 피해자 B 씨는 ""심심해서 평소처럼 랜덤 채팅을 하다가 갑자기 '돈 벌 생각 없냐'라는 쪽지를 받았다.	 그렇게 호기심으로 시작됐다""라고 말문을 열었다.	 이어 ""시작은 새끼손가락을 올리고 찍은 얼굴 사진이었다.	 점점 수위가 높아지는 사진을 요구했다.	 그렇게 찍다가 잘 기억은 안 나는데 춤추는 영상이랑 화장실에서 볼일 보는 영상을 요구당해 올렸다.	 어떻게 벗어나야 할지 몰랐다""라고 털어놨다.	B 씨는 ""조주빈이 알바비를 현금으로 보내야 한다면서 주민등록증과 통장 사본을 요구했다.	 미성년자이기에 주민등록증이 없다고 하니까 집 주소를 알려달라고 하더라.	 이후 조주빈이 너네 집 근처로 직원을 보낼 테니 나오라고 했다""라고 말했다.	그는 ""나갔더니 덩치 큰 남자가 있었다.	 차를 타고 강제로 관계를 맺은 뒤 영상을 찍게 했다""라고 밝혀 충격을 안겼다.	 조주빈이 직원이라고 칭한 이 남성도 검찰에 검거되어 구속됐다.	또 다른 피해자는 ""피해자들은 죽을 때까지 계속 신경이 쓰일 수밖에 없다.	 저희는 잊을 수가 없다.	 길을 가다가도 '저 사람이 내 사진을 보진 않았을까?'	 이 생각이 당연히 들을 수밖에 없다""라고 극심한 고통을 호소했다.	뿐만 아니라 조주빈은 텔레그램에서 자신을 추적하는 언론사를 언급해 근거없는 비방을 하거나 협박을 서슴지 않았다.	 '이규연의 스포트라이트' PD 최광일은 조주빈 취재 과정을 이야기하며 ""저 역시 협박과 회유에 시달렸다.	 '가족을 다 파겠다'는 식의 협박을 했다.	 '예의를 갖춰라'라며 '한국 치안이 좋지 못하다.	 PD님 생년월일만 알면 사돈 팔촌 정보까지 다 나온다'라고 하더라""라고 밝혔다.	최 PD는 ""하지만 그건 그렇게 무섭지 않았다.	 보도가 나가면 다른 피해자들을 더 많이 만들겠다는 협박들이 이번 방송을 제작하면서 가장 힘들었다.	 피해자들에게 제 이름을 언급하게 해 '살려달라'는 식의 영상을 만들어 협박하기도 했다.	 그래서 내가 이걸 보도하는 게 맞나?	 취재를 계속해야 할지 고민이 됐다""라고 고충을 토로했다.	조주빈은 '박사회견'이라는 대화방을 개설해 제작진에 대한 거짓과 조롱을 쏟아냈다.	 방송이 나간 후에도 조주빈은 반성의 기미는커녕 '고객분들이 두려워한다.	 저를 못 잡으니 깽판 놔서 자료 확산이라도 막아내려는 것이다.	 검증받을 만큼 받은 박사다.	 극복할 만큼 극복한 박사다.	 믿고 들어오십시오'라는 메시지를 보냈다.	한국범죄학연구소 염건령 소장은 조주빈에 대해 ""조주빈은 완전히 제3자적 화법이다.	 내가 한 행위는 사이버상에 이상한 인격체, 악마인 박사가 한 것이라고 분리하고 있다""라고 짚어다.	이어 ""이 친구는 아예 잡혀 올 때부터 이미 설계를 한 거다.	 본인이 언젠가 잡힌다면 다른 이슈로 덮어버리고, 묵비권을 행사고 다 설계를 해놨다.	 냉정하게 얘기하면 조주빈은 일말의 죄의식이 없다""라고 밝혔다.	염건령 소장은 ""조주빈이 박사방 안에서 하고 싶은대로 다하고 권력의 맛을 봤다.	 또 '불법의 왕국' 이 성을 무너뜨릴 수 있는 게 없다고 생각을 한 거다""라고 덧붙였다.	이날 방송에선 서지현 검사와의 인터뷰도 전파를 탔다.	 검찰 내 성추행 폭로로 국내 '미투 운동'을 촉발한 서지현 검사는 'n번방' 디지털 성범죄 대응 태스크포스 대외협력팀장을 맡았다.	 TF는 법무부가 자체 대응을 위해 15명 규모로 꾸렸으며 △수사 지원팀 △법·제도개선팀 △정책·실무연구팀 △피해자보호팀 △대외협력팀으로 구성되어 있다.'	잡아볼테면 잡아보십시오.	 저는 흔적을 남기지 않습니다'라며 메시지를 남겼던 조주빈.	이런 조주빈에 대해 서지현 검사는 ""조주빈은 스스로가 악마와 같은 능력이 있다고 생각한다.	 조주빈이 텔레그램 안에서 특별한 존재, 신적인 존재라고 받들어지고 있기 때문""이라며 ""조주빈은 그 안에서 악마가 아니라 영웅인 거다.	 악마란 그들에겐 '신'과 동일한 언어일 거다""라고 말했다.	그러면서 그는 ""n번방 사건을 처음 본 것처럼 '초유의 사건'이라고 보시고들 있는데, 사실 당연히 예견된 사건이라고 생각한다.	 일베, 소라넷 사이트 등에서 유사한 성범죄가 있었는데 그동안 누가 처벌을 받았다.	 n번방 사건은 전혀 새로운 범죄가 아니라 단지 플랫폼만 바뀌었을 뿐이다""라고 지적했다.	서지현 검사는 ""흔히들 사이버 범죄는 가상현실이라 실재하지 않고 가볍다는 착각을 하고 있다.	 실제로 형량도 낮고 처벌 수위도 낮다.	 와치맨도 3년 6월의 구형을 받았고, 켈리는 징역 1년형을 선고받았다.	 조주빈 역시 이러한 솜사탕 처벌이 우려된다.	 그래서 최대한 강력한 처벌을 하는 게 목적이다.	 현행법상 안 되는 부분이 있으면 고쳐나갈 계획이다.	 디지털 성범죄에 적극 대처 방안을 마련하고 있다""라고 밝혔다.	이어 그는 ""지금 대책을 세워놓지 않으면 아이들이 앞으로 살아가는 세상은 지옥이 될 거다.	 지금이 끊을 수 있는 마지막 기회라고 생각한다.	 끝까지, 정말 디지털 성범죄가 사라질 때까지 함께 분노해야 한다고 생각한다""라고 목소리를 높였다.	-	 ⓒ .	 무단전재&재배포 금지 -"
"""조주빈, 학보사 편집장 시절 본인 기사 위주로 편집…원고료 챙기려""(""스포트라이트"")"," JTBC '이규연의 스포트라이트'에서 잔혹한 텔레그램 성범죄를 저지른 조주빈을 집중 탐사한다.'	우당탕' 소리와 고함에 놀라 집 밖으로 나왔다는 50대 남성.	 그가 목격한 것은 7, 8년간 이웃으로 지냈던 조주빈이 형사들에게 잡혀가는 모습이었다.	 그가 기억하는 조주빈은 너무 평범해서 주의를 끌지 않았다고 한다.	 경찰이 조씨의 집을 압수수색해 발견한 것은 9대의 휴대전화와 1대의 노트북, 컴퓨터 그리고 1억 3천만 원이라는 거액의 현금이다.	 20만 원에서 많게는 150만 원까지 ‘박사방’ 입장료를 받았던 ‘박사’.	 그 돈은 조씨가 성착취와 사기로 벌어들인 검은 돈일까.	조씨의 대학 시절 같이 학보사 활동을 했다는 A씨는 편집국장이었던 조씨가 원고료를 챙기기 위해 독단적으로 자신의 기사 위주로 편집하고 예산을 전용하는 등 돈에 집착하는 모습을 보였다고 말했다.	지난 2월에 방송된 '이규연의 스포트라이트'의 ‘'텔레지옥' 박사Q 찾아서!	’편 취재 도중, 텔레그램을 통한 인터뷰에서 돈이 되기에 범죄를 저지른다고 말했던 ‘박사’.	 정말 돈 때문에 이토록 끔찍한 인격살인을 저지른 것일까.	 그리고 검거 한 달 전까지 장애인시설, 보육원 등에서 봉사활동을 했다는 조씨의 행적.	 조주빈의 두 얼굴은 계속해서 포착되고 있다.	 그가 두 개의 삶을 산 이유는 무엇일까.	약 2년간의 범죄.	 사기, 협박, 유포 심지어 성폭행까지.	 현재까지 밝혀진 피해자만 70여 명 이고 그중 미성년자가 16명이다.	 끔찍하고 잔혹한 성착취 범죄로 대한민국을 경악에 빠트린 조씨는 첫 포토라인 당시 “멈출 수 없었던 악마의 삶을 멈춰주셔서 정말 감사합니다”라며 스스로를 ‘악마’라 칭해 공분을 일으켰다.	 조씨의 발언은 무슨 의미였을까.	 피해자에 대한 일말의 사과와 죄책감도 없었다.	 하지만 피해자들의 고통은 계속되고 있다.	 피해자들은 지워지지 않고 계속 올라오는 사진, 영상들이 죽는 한까지 계속될 것 같다고 말하며 괴로워했다.	  대통령, 경찰청장, 법무장관까지 나서 강력 처벌을 이야기하고 있는 상황.	 과연, 반복되는 온라인 성범죄는 통제할 수 없는 것일까.	 이날 방송에서는 서지현 검사와 함께 법무부 태스크포스팀의 계획까지 들어볼 수 있다.'	이규연의 스포트라이트'의 '거짓말, 위협, 돈 조주빈의 민낯' 편은 2일 오후 9시 30분에 방송된다.	-	 ⓒ .	 무단전재&재배포 금지 -"
"""박사"" 조주빈 검거 현장 CCTV영상 공개…이웃주민 """"우당탕탕"" 굉장히 소란스러워"" (""이규연의 스포트라이트"")"," '이규연의 스포트라이트'에서 텔레그램 '박사방' 운영자 조주빈의 검거 당시 현장 CCTV 영상이 공개됐다.2일 오후 방송된 종합편성채널 JTBC '이규연의 스포트라이트'에선 잔혹한 텔레그램 성범죄를 저지른 n번방 '박사' 조주빈을 집중 탐사보도했다.	이날 제작진은 조주빈의 체포 당시 CCTV 영상을 최초로 공개해 시선을 모았다.	 영상 속 조주빈은 인천 자택에서 경찰에 붙잡혀 순순히 차량에 올라타는 모습이었다.	이웃주민은 ""옆집이 굉장히 소란스러웠다.	 우당탕탕.	 깜짝 놀라서 뛰어갔다.	 저쪽 집 문이 열려있더라.	 안에서 누가 왔다갔다 하고 밖에서는 한 사람이 서 있더라.	 아마 그날 체포된 날일 거다""라고 말했다.	-	 ⓒ .	 무단전재&재배포 금지 -"
"""성착취물 공유 여전""…PD수첩, 악의 끝판 ""n번방"" 추적 [오늘밤TV]"," MBC 'PD수첩'이 'n번방' 사건을 추적한다.31일 밤 11시 방송되는 'PD수첩 -	 악의 끝판, n번방'에서는 텔레그램에서 미성년자를 포함한 여성들의 성착취물이 무분별하게 유포되고 있는 이른바 'n번방' 사건을 들여다본다.	 익명의 그늘에서 발생한 디지털 성범죄.	 누가, 어디서부터 시작한 것일까.	 철저한 보안 시스템을 갖춘 인터넷 메신저 텔레그램.	 그 속에서 왕으로 군림했던 '박사방' 운영자 '박사'.	 그는 SNS나 채팅 앱을 통해 여성들에게 고수익 아르바이트, 모델 제의 등의 메시지로 접근한 뒤 나체 사진을 받아냈다.	 여성들의 약점을 잡아낸 박사는 협박과 함께 지속적으로 음란물을 찍게 했다.	 영상은 음란물 공유방 텔레그램 회원들에게 가상화폐나 문화상품권으로 거래됐고, 회원들은 환호하며 피해자를 농락했다.	 드러난 피해자만 70여 명.	 박사에게 피해자들은 노예에 불과했다.	 국민들은 분노했다.	 '박사'뿐만 아니라 'n번방' 가입자들의 신원을 공개하라는 국민 청원이 250만 명을 넘어섰다.	 지난 16일 경찰에 잡히지 않을 거라 확신하던 '박사'가 붙잡혔다.	 경찰의 신상 공개 결정에 따라 '박사'의 신상이 공개됐다.	 25세 청년 조주빈.	 현재 조주빈뿐만 아니라 텔레그램 내에서 무단으로 성 착취 물을 제작, 유포하고 있는 운영자들이 속속들이 검거되고 있다.	 이것이 끝이 아니었다.	 PD수첩은 취재 과정에서 아직도 텔레그램에서 익명의 누군가에 의해 성 착취물이 공유되고 있는 것을 확인했고, 그들과 대화를 시도했다.	 'PD수첩'과 가담자가 나눈 대화!	 그들은 어떤 생각을 가지고 있는 걸까.	 '박사' 조주빈보다 일찍이 텔레그램에서 추앙받았던 인물.	 닉네임 '갓갓'이다.	 '갓갓'은 SNS의 일탈계 게시물을 보고 미성년자를 포함한 여성들에게 접근한 뒤 신상을 해킹해 자극적이고 가학적인 성 착취 영상을 요구했다.	 피해 여성들을 '노예'라고 칭하며 ""말을 안 들으면 유포하겠다""라고 협박했다.	 이렇게 얻어낸 사진과 영상들은 '갓갓'의 'n번방'에 게시됐고 관전자들은 대화를 나누며 피해자들의 신상정보를 공유했다.	 어느 날 '갓갓'은 'n번방'의 운영을 중단하고 돌연 잠적했다.	 'PD수첩'은 '갓갓'의 행적을 뒤쫓는 도중, 'n번방' 사건이 공론화되기 이전부터 SNS에서 '갓갓'과 유사한 방법으로 개인정보를 해킹하는 사례들을 확인했다.	 '갓갓'의 피해자 유인과 비슷한 수법.	 그는 누구일까.31일 밤 11시 방송.	-	 ⓒ .	 무단전재&재배포 금지 -"
"[종합] 조주빈, 윤장현 전 광주 시장에 ""좋은 자리 주겠다"" 접근…3천만 원 받아 (""SBS 8 뉴스"")"," 미성년자를 포함한 다수 여성의 성착취 영상을 촬영하고 텔레그램을 통해 퍼뜨린 '박사방' 운영자 조주빈이 윤장현 전 광주 시장에게 청와대 실장, 판사라는 이름으로 접근한 사실이 밝혀졌다.25일 방송된 SBS 'SBS 8 뉴스'에선 ""경찰 조사 과정에서 조주빈의 사기 행각이 속속 드러나고 있다.	 윤장현 전 광주시장에게는 좋은 자리를 주겠다고 제안했던 것으로 확인됐다""고 단독 보도했다.	조주빈은 윤장현 전 광주시장에게 지난해 9월 접촉했다.	 윤 전 시장은 당시 고 노무현 전 대통령 부인 권양숙 여사를 사칭한 사기범에 속아 금품을 건넨 혐의로 2심 재판을 받고 있던 중이었다.	조주빈은 윤 전 시장에 ""내가 '청와대 최 실장'인데 재판으로 고생이 많으니 배려해주겠다""며 연락을 했고, 심지어 서울의 한 단체장 자리를 알아봐 주겠다며 수고비까지 요구한 것으로 밝혀졌다.	또 조주빈은 새로운 인물로 둔갑해 자신이 '판사'라고 속인 뒤 ""재판을 잘 처리해주겠다""며 윤 전 시장에게 대가를 요구했다.	 동시에 윤 전 시장은 방송에 출연시켜 억울함을 풀어주겠다는 조 씨의 제안을 받고 조 씨 일당과 JTBC 사옥을 방문하기도 했다.	여기서 조 씨 일당이 손석희 사장과 만나 이야기를 나누는 모습을 본 뒤 돈을 건네게 됐다고 윤 전 시장 측근은 전했고, 경찰은 윤 전 시장이 지난해 9월부터 12월까지 세 차례에 걸쳐 3천만 원가량을 조 씨에게 준 것으로 보고 있다.	윤 전 시장은 '박사방' 운영진인 공익근무요원이 확보한 개인정보로 접촉을 시작했기 때문에 이러한 사기 행각을 눈치채지 못한 것으로 알려졌다.	한편 경찰은 조만간 윤 전 시장을 불러 조 씨의 사기 행각을 확인할 방침이다.	-	 ⓒ .	 무단전재&재배포 금지 -"
"[종합] ""조주빈, 수십억원 입금 받아…피해자에 대한 양심 가책 無"" (""뉴스9"")"," 아동음란물 제작과 불법 촬영, 협박 등의 혐의를 받고 있는 ‘박사방’ 운영자 조주빈의 암호화폐 계좌에 수십억원이 입금됐던 것으로 확인됐다.	 25일 오후 방송된 KBS 1TV ‘뉴스 9’에서는 일명 ‘박사방’ 운영자인 조주빈에 대해 보도했다.	 텔레그램 박사방에서 성착취물을 공유하면서 그 대가를 암호화폐로 받은 조주빈.	 성착취물 영상 종류에 따라 20만원에서 150만원 가량을 암호화폐로 받아왔으며, 조주빈의 암호화폐 계좌 주소를 추적 분석한 한 데이터 업체에 따르면 이더리움 지갑에만 한때 현금 30억 원어치 이상이 입금된 것으로 확인됐다고.	 데이터 분석업체 장병국 대표는 “ 본격적인 수사가 일어나기 전에는 한국거래소나 외국거래소들로 출금되었을 거라고 생각을 하고 있다.	  해외거래소에 있는 자금도 다 개인 계좌로 빼지 않았을까라고 유추하고 있다”고 말했다.	 경찰은 조주빈과 관련된 거래 내역을 확보했으며, 게임머니나 상품권을 이용한 회원들도 있을 것으로 보고 수사를 확대할 계획이다.	 조주빈이 포토라인에서 손석희 JTBC 사장, 윤장현 전 광주광역시장, 김웅  를 언급했던 것이 계산된 행동이라는 분석도 나왔다.	 경기대 범죄심리학과 이수정 교수는 “자신의 이미지를 좀 더 과대포장 하기 위해서 일종의 허세를 부렸다 이렇게 보시는 게 정확할 것”이라며 “ 피해자들에 대한 일말의 양심의 가책도 느끼지 않는 것 같다”고 밝혔다.	 한편 경찰은 조주빈의 사기 행각에 대해서도 계속 수사를 이어갈 방침이다.	  -	 ⓒ .	 무단전재&재배포 금지 -"
"조주빈이 언급한 손석희·김웅·윤장현…경찰 ""n번방·성 착취물과 관련無"""," 미성년자를 포함한 여성들의 성 착취물을 제작·유포한 혐의를 받는 '박사방' 운영자 조주빈이 포토라인에서 손석희 JTBC 사장, 윤장현 전 광주시장,  를 돌연 언급해 관심이 쏠리고 있다.	조주빈은 25일 오전 서울 종로경찰서를 나서면서 ""피해자들한테 할 말 없냐""라는 질문에 ""손석희 사장님, 윤장현 시장님,  님을 비롯해 저에게 피해를 입은 모든 분들께 진심으로 사죄의 말씀 드린다""라는 발언을 내놨다.	이후 세 사람의 이름이 포털사이트 실시간 검색어에 오르는 등 사건의 본질을 흐리는 의혹이 제기되자, 경찰은 이들이 성착취물 영상 제작·유포 사건과 관련이 없다는 점을 분명히 했다.	경찰 측은 ""이름이 거론된 이들이 성 착취물을 봤다거나 n번방에 가입한 것은 아니다""고 밝혔다.	-	 ⓒ .	 무단전재&재배포 금지 -"
"[공식] 손석희 측 ""조주빈, 흥신소 사장이라며 접근해 가족 위협·금품 요구""(전문)"," 손석희 JTBC 사장 측이 '박사방' 운영자 조주빈의 언급과 관련해 입장을 밝혔다.	JTBC는 25일 손석희의 입장을 담은 공식 입장문을 배포했다.	 JTBC는 ""박사방 조주빈은 당초 손석희 사장에게 자신이 흥신소 사장이라며 텔레그램을 통해 접근했다.	 그리고 ‘손사장과 분쟁 중인 K씨가 손사장 및 그의 가족들을 상대로 위해를 가하기 위해 행동책을 찾고 있고 이를 위해 본인에게 접근했다’고 속였다.	 그러면서 자신이 직접 K씨와 대화를 나눈 것처럼 조작된 텔레그램 문자 내용을 제시했다""고 설명했다.	이어 ""조주빈이 제시한 텔레그램에는 ‘K씨가 손석희 사장이나 가족을 해치기 위해 자신에게 이미 돈을 지급했다’는 내용들이 있었다.	 텔레그램 내용은 매우 정교하고 치밀하게 조작돼 있어서 이를 수사하던 경찰마저도 진본인 줄 알 정도였다""며 ""이 때문에 한동안 손석희 사장과 가족들은 불안감에 떨었다.	 이미 손석희 사장의 가족들은 ‘태블릿 PC’ 보도 이후 지속적인 테러 위협을 받은 바 있어 늘 민감할 수 밖에 없었다""고 강조했다.	그러면서 ""그와 별개로 손석희 사장은 아무리 K씨와 분쟁중이라도 그가 그런 일을 할 사람이라고는 믿기 어려워 ‘사실이라면 계좌내역 등 증거를 제시하라’고 했다.	 이에 조주빈은 금품을 요구했고, 증거확보를 위해 어쩔 수 없이 손석희 사장이 이에 응한 사실이 있다.	 그러나 조주빈은 결국 요구한 증거들을 제시하지 않고 잠적한 후 검거됐다""며 ""위해를 가하려 마음먹은 사람이 K씨가 아니라도 실제로 있다면 설사 조주빈을 신고해도 또 다른 행동책을 찾을 가능성이 있다고 봤기에 매우 조심스러웠고, 그래서 신고를 미루던 참이었다.	 정말 혹여라도 그 누군가가 가족을 해치려 하고 있다면, 그건 조주빈 하나만 신고해선 안 될 일이었다.	 그래서 더 근거를 가져오라고 했던 것이기도 한다""고 전했다.	끝으로 ""물론 흥신소 사장이라고 접근한 사람이 조주빈이라는 것은 검거 후 경찰을 통해 알게 됐다""며 ""JTBC는 손석희 사장과 그 가족의 입장을 이해하고 지지하며 향후 대응 역시 적극 지지할 것""이라고 덧붙였다.	앞서 이날 오전 조주빈은 서울 종로경찰서를 나서면서 ""피해자들한테 할 말 없냐""라는 질문에 ""손석희 사장님, 윤장현 시장님,  님을 비롯해 저에게 피해를 입은 모든 분들께 진심으로 사죄의 말씀 드린다""라는 발언을 내놓은 바 있다.	박사방 조주빈 발언에 대한 JTBC 손석희 사장의 입장을 밝힙니다.	박사방 조주빈은 당초 손석희 사장에게 자신이 흥신소 사장이라며 텔레그램을 통해 접근했습니다.	 그리고 ‘손사장과 분쟁 중인 K씨가 손사장 및 그의 가족들을 상대로 위해를 가하기 위해 행동책을 찾고 있고 이를 위해 본인에게 접근했다’고 속였습니다.	 그러면서 자신이 직접 K씨와 대화를 나눈 것처럼 조작된 텔레그램 문자 내용을 제시했습니다.	 조주빈이 제시한 텔레그램에는 ‘K씨가 손석희 사장이나 가족을 해치기 위해 자신에게 이미 돈을 지급했다’는 내용들이 있었습니다.	 텔레그램 내용은 매우 정교하고 치밀하게 조작돼 있어서 이를 수사하던 경찰마저도 진본인 줄 알 정도였습니다.	 이 때문에 한동안 손석희 사장과 가족들은 불안감에 떨었습니다.	 이미 손석희 사장의 가족들은 ‘태블릿 PC’ 보도 이후 지속적인 테러 위협을 받은 바 있어 늘 민감할 수 밖에 없었습니다.	그와 별개로 손석희 사장은 아무리 K씨와 분쟁중이라도 그가 그런 일을 할 사람이라고는 믿기 어려워 ‘사실이라면 계좌내역 등 증거를 제시하라’고 했습니다.	 이에 조주빈은 금품을 요구했고, 증거확보를 위해 어쩔 수 없이 손석희 사장이 이에 응한 사실이 있습니다.	 그러나 조주빈은 결국 요구한 증거들을 제시하지 않고 잠적한 후 검거됐습니다.	위해를 가하려 마음먹은 사람이 K씨가 아니라도 실제로 있다면 설사 조주빈을 신고해도 또 다른 행동책을 찾을 가능성이 있다고 봤기에 매우 조심스러웠고, 그래서 신고를 미루던 참이었습니다.	 정말 혹여라도 그 누군가가 가족을 해치려 하고 있다면, 그건 조주빈 하나만 신고해선 안 될 일이었습니다.	 그래서 더 근거를 가져오라고 했던 것이기도 합니다.	 물론 흥신소 사장이라고 접근한 사람이 조주빈이라는 것은 검거 후 경찰을 통해 알게 됐습니다.	이상이 손석희 사장의 입장입니다.	 JTBC는 손석희 사장과 그 가족의 입장을 이해하고 지지하며 향후 대응 역시 적극 지지할 것입니다.	-	 ⓒ .	 무단전재&재배포 금지 -"
"몸캠피싱 피해 증가…KDFT 한국 디지털 포렌식 기술표준원㈜, 증거자료 획득 위한 포렌식 솔루션 제시","사회적 거리두기 격상과 더불어 언택트 시대가 도래하며 사이버범죄가 기승을 부리는 가운데, 피해자의 나체 사진을 확보.	 이를 유포하겠다고 협박하여 금품을 요구하는 이른바 '몸캠피싱' 피해 건수가 매년 증가하는 것으로 나타났다.	 경찰청에 따르면 2019년 적발된 몸캠피싱 범죄는 1,824건으로, 2018년 1,406건 대비 22.9% 증가한 것으로 조사됐다.	 몸캠피싱 범죄로 인한 피해액 규모도 2017년 18억8,000만원, 2018년 30억3,000만원, 2019년 55억2,000만원으로 급증하는 추세를 보였다.	과거에는 랜덤채팅 앱 등을 통해 몸캠피싱 범죄가 주로 일어났다면, 최근에는 주로 카카오톡, 페이스북 메신저 등 SNS 대화를 통해 몸캠피싱 범죄가 일어나고 있다.	 이성인 척 접근하여 ""영상소리가 안 들린다"" 또는 ""영상통화 가능한 파일"" 등의 말로 피해자를 속여 악성코드를 설치하게 한 뒤, 피해자의 휴대폰 또는 컴퓨터 등에 저장된 주소록과 개인정보, 데이터 등을 확보해 유포 협박을 하는 것이다.	 혹시라도 몸캠피싱 범죄에 연루될 경우 범인의 금품요구나 영상 유포 협박에 대응하지 않고 경찰에 신고하는 것이 중요하다.	 만약 해당 과정에서 범인과의 대화내역 등 증거자료의 손실이 일어날 경우, 디지털 포렌식을 통해 증거자료를 획득할 수 있다.	사이버범죄 증거자료 획득 등 다양한 분야에서 디지털 포렌식 기술이 활용되며 해당 기술에 대해 각계의 관심이 몰리는 가운데, 디지털 포렌식 5대 원칙을 기반으로 맞춤 포렌식 솔루션을 제공하는 'KDFT 한국 디지털 포렌식 기술표준원㈜'에 이목이 집중되고 있다.	디지털 포렌식 5대 원칙을 준수하지 않은 채 일반적인 데이터복구 업체에서 제공되는 증거감정서의 경우 법적 효력으로 인정받지 않을 수 있고, 신뢰성이 떨어지는 부분이 있기에 주의를 요한다.	 이와는 달리 국내 단 2명뿐인 '특수감정인' 최규종 대표이사를 주축으로 30년 이상의 IT 경력 전산전문가 등으로 이루어진 'KDFT 한국 디지털 포렌식 기술표준원㈜' 디지털 포렌식 팀이 제공하는 포렌식 분석 보고서, 증거감정서, 의견서는 십 수년간 법원 및 정부기관 등으로부터 포렌식 감정을 다수 촉탁 받은 노하우를 기반으로 디지털 포렌식 5대 원칙에 의거하여 분석되었기에 법적 효력으로 인정받는다.	 KDFT 한국 디지털 포렌식 기술표준원㈜ 최규종 대표이사는 ""몸캠피싱 범죄는 보이스피싱 범죄와 마찬가지로 조직적인 금융사기 형태를 보여 수사과정에서 포렌식 기술이 활용되는 추세""라며 ""몸캠피싱과 관련하여 SNS 대화내역 등의 손실이 일어났다 하더라도 디지털 포렌식으로 분석하여 증거자료로 활용할 수 있는 가능성이 충분히 있기 때문에 무엇보다 발 빠른 대처가 중요하다""고 덧붙였다.	-	 ⓒ .	 무단전재&재배포 금지 -"
"[종합] 조주빈 포토라인 언급→손석희 ""흥신소 사장이라며 접근, 가족 위협"""," 미성년자를 포함한 여성들의 성 착취물을 제작·유포한 혐의를 받는 '박사방' 운영자 조주빈이 포토라인에서 손석희 JTBC 사장을 언급한 가운데, 손석희 사장이 입장을 밝혔다.	 25일 오전 조주빈은 서울 종로경찰서를 나서며 피해자들한테 할 말 없냐는 질문을 받자 ""손석희 사장님, 윤장현 시장님,  님을 비롯해 저에게 피해를 입은 모든 분들께 진심으로 사죄의 말씀 드린다""고 말했다.	 이어 ""멈출 수 없었던 악마의 삶을 멈춰주셔서 정말 감사하다""고 덧붙였다.	 조주빈은 음란물 유포 혐의, 죄책감 등의 질문에는 아무 말도 하지 않아 관심을 돌리려는 의도가 아니냐는 분석도 나왔다.	 경찰 측은 ""이름이 거론된 이들이 성 착취물을 봤다거나 n번방에 가입한 것은 아니다""며 조주빈이 언급한 세 사람이 성착취물 영상 제작·유포 사건과 관련이 없다는 점을 분명히 했다.	 그런 가운데 손석희 사장이 조주빈에게 협박을 당했다는 보도가 나왔다.	 미디어오늘은 복수의 취재원에게 확인한 결과 조주빈이 손석희 사장과 소송 중인 김웅의 사주를 받아 가족을 테러하겠다며 사기를 쳤다고 보도했다.	 이 과정에서 ""언제든 벽돌 하나면 된다"", ""연변에서 사람을 쓰겠다""는 식으로 손 사장과 그의 가족을 위협했다는 것.	 지속적인 협박에 손석희 사장이 일부 송금을 했고, 그 후 조주빈이 잠적했다고 보도했다.	 JTBC 측은 이날 손석희 사장의 입장을 담은 공식 입장문을 배포했다.	 JTBC 측은 ""박사방 조주빈은 당초 손석희 사장에게 자신이 흥신소 사장이라며 텔레그램을 통해 접근했다.	 그리고 '손사장과 분쟁 중인 K씨가 손사장 및 그의 가족들을 상대로 위해를 가하기 위해 행동책을 찾고 있고 이를 위해 본인에게 접근했다'고 속였다.	 그러면서 자신이 직접 K씨와 대화를 나눈 것처럼 조작된 텔레그램 문자 내용을 제시했다""고 밝혔다.	 조주빈이 제시한 텔레그램에는   김웅이 손석희 사장이나 가족을 해치기 위해 자신에게 이미 돈을 지급했다는 내용이 담겨 있었다고.	 JTBC 측은 ""텔레그램 내용은 매우 정교하고 치밀하게 조작돼 있어서 이를 수사하던 경찰마저도 진본인 줄 알 정도""였다며 ""이 때문에 한동안 손석희 사장과 가족들은 불안감에 떨었다.	 이미 손석희 사장의 가족들은 '태블릿 PC' 보도 이후 지속적인 테러 위협을 받은 바 있어 늘 민감할 수밖에 없었다""고 전했다.	 조주빈에게 송금한 연유도 설명했다.	 사실이라면 증거를 제시하라고 하자 조주빈이 금품을 요구, ""증거확보를 위해 어쩔 수 없이 손석희 사장이 이에 응한 사실이 있다""는 것.	  또 ""흥신소 사장이라고 접근한 사람이 조주빈이라는 것은 검거 후 경찰을 통해 알게 됐다""고 덧붙였다.	 JTBC 측은 ""이상이 손석희 사장의 입장""이라며 ""JTBC는 손석희 사장과 그 가족의 입장을 이해하고 지지하며 향후 대응 역시 적극 지지할 것""이라는 입장을 전했다.	  -	 ⓒ .	 무단전재&재배포 금지 -"
"[MD포토] ""성착취"" 조주빈, 마스크 벗고 검찰로"," 미성년자를 포함한 다수 여성의 성착취 영상을 촬영하고 텔레그램을 통해 퍼뜨린 '박사방'의 운영자 조주빈이 25일 오전 8시 종로경찰서에서 검찰로 송치되기 위해 호송차량으로 향하고 있다.	조 씨가 범행을 시작한 건 졸업 직후인 2018년부터라고 경찰은 파악했다.	 그는 당시 텔레그램에 총기, 마약을 팔겠다는 허위 광고로 돈을 가로채는 사기 행각을 벌이다 지난해 9월 텔레그램에 '박사방'을 만들어 범행을 저질렀다.	 성착취 운영방의 시초격인 'n번방 운영자' 갓갓이 시들해지자 더 자극적인 성착취물을 이용해 돈을 벌어온 것.	박사방 운영자 조주빈은 수위별로 3단계 대화방을 운영하며 각각 20만 원, 70만 원, 150만 원 상당의 가상화폐를 입장료로 받아왔다.	 현재 경찰은 가상화폐 거래소에서 확보한 회원명단을 토대로 이들의 정확한 신상 정보와 송금 횟수, 송금액을 확인하고 있다.	-	 ⓒ .	 무단전재&재배포 금지 -"
"[MD포토] 검찰로 송치되는 ""박사방"" 운영자 조주빈"," 미성년자를 포함한 다수 여성의 성착취 영상을 촬영하고 텔레그램을 통해 퍼뜨린 '박사방'의 운영자 조주빈이 25일 오전 8시 종로경찰서에서 검찰로 송치되기 위해 호송차량으로 향하고 있다.	조 씨가 범행을 시작한 건 졸업 직후인 2018년부터라고 경찰은 파악했다.	 그는 당시 텔레그램에 총기, 마약을 팔겠다는 허위 광고로 돈을 가로채는 사기 행각을 벌이다 지난해 9월 텔레그램에 '박사방'을 만들어 범행을 저질렀다.	 성착취 운영방의 시초격인 'n번방 운영자' 갓갓이 시들해지자 더 자극적인 성착취물을 이용해 돈을 벌어온 것.	박사방 운영자 조주빈은 수위별로 3단계 대화방을 운영하며 각각 20만 원, 70만 원, 150만 원 상당의 가상화폐를 입장료로 받아왔다.	 현재 경찰은 가상화폐 거래소에서 확보한 회원명단을 토대로 이들의 정확한 신상 정보와 송금 횟수, 송금액을 확인하고 있다.	-	 ⓒ .	 무단전재&재배포 금지 -"
[MD포토] 조주빈 및 텔레그램 성착취자 강력처벌해라!," 미성년자를 포함한 다수 여성의 성착취 영상을 촬영하고 텔레그램을 통해 퍼뜨린 '박사방'의 운영자 조주빈이 25일 오전 8시 종로경찰서에서 검찰로 송치되기 위해 호송차량으로 향하고 있다.	시민들이 조주빈 및 텔레그램 성착취자의 강력 처벌을 원하는 피켓을 들고 있다.	조 씨가 범행을 시작한 건 졸업 직후인 2018년부터라고 경찰은 파악했다.	 그는 당시 텔레그램에 총기, 마약을 팔겠다는 허위 광고로 돈을 가로채는 사기 행각을 벌이다 지난해 9월 텔레그램에 '박사방'을 만들어 범행을 저질렀다.	 성착취 운영방의 시초격인 'n번방 운영자' 갓갓이 시들해지자 더 자극적인 성착취물을 이용해 돈을 벌어온 것.	박사방 운영자 조주빈은 수위별로 3단계 대화방을 운영하며 각각 20만 원, 70만 원, 150만 원 상당의 가상화폐를 입장료로 받아왔다.	 현재 경찰은 가상화폐 거래소에서 확보한 회원명단을 토대로 이들의 정확한 신상 정보와 송금 횟수, 송금액을 확인하고 있다.	-	 ⓒ .	 무단전재&재배포 금지 -"
"[MD포토] 마스크 벗고 처음으로 공개된 ""성착취"" 조주빈"," 미성년자를 포함한 다수 여성의 성착취 영상을 촬영하고 텔레그램을 통해 퍼뜨린 '박사방'의 운영자 조주빈이 25일 오전 8시 종로경찰서에서 검찰로 송치되기 위해 호송차량으로 향하고 있다.	조 씨가 범행을 시작한 건 졸업 직후인 2018년부터라고 경찰은 파악했다.	 그는 당시 텔레그램에 총기, 마약을 팔겠다는 허위 광고로 돈을 가로채는 사기 행각을 벌이다 지난해 9월 텔레그램에 '박사방'을 만들어 범행을 저질렀다.	 성착취 운영방의 시초격인 'n번방 운영자' 갓갓이 시들해지자 더 자극적인 성착취물을 이용해 돈을 벌어온 것.	박사방 운영자 조주빈은 수위별로 3단계 대화방을 운영하며 각각 20만 원, 70만 원, 150만 원 상당의 가상화폐를 입장료로 받아왔다.	 현재 경찰은 가상화폐 거래소에서 확보한 회원명단을 토대로 이들의 정확한 신상 정보와 송금 횟수, 송금액을 확인하고 있다.	-	 ⓒ .	 무단전재&재배포 금지 -"
"[MD포토] 언론에 얼굴 공개된 ""박사방"" 운영장 조주빈"," 미성년자를 포함한 다수 여성의 성착취 영상을 촬영하고 텔레그램을 통해 퍼뜨린 '박사방'의 운영자 조주빈이 25일 오전 8시 종로경찰서에서 검찰로 송치되기 위해 호송차량으로 향하고 있다.	조 씨가 범행을 시작한 건 졸업 직후인 2018년부터라고 경찰은 파악했다.	 그는 당시 텔레그램에 총기, 마약을 팔겠다는 허위 광고로 돈을 가로채는 사기 행각을 벌이다 지난해 9월 텔레그램에 '박사방'을 만들어 범행을 저질렀다.	 성착취 운영방의 시초격인 'n번방 운영자' 갓갓이 시들해지자 더 자극적인 성착취물을 이용해 돈을 벌어온 것.	박사방 운영자 조주빈은 수위별로 3단계 대화방을 운영하며 각각 20만 원, 70만 원, 150만 원 상당의 가상화폐를 입장료로 받아왔다.	 현재 경찰은 가상화폐 거래소에서 확보한 회원명단을 토대로 이들의 정확한 신상 정보와 송금 횟수, 송금액을 확인하고 있다.	-	 ⓒ .	 무단전재&재배포 금지 -"
"""""박사방"" 조주빈, 손석희와 가족 살해 협박"" 보도 나와"," 미성년자를 포함한 여성들의 성 착취물을 제작·유포한 혐의를 받는 '박사방' 운영자 조주빈이 손석희 JTBC 사장을 대상으로 살해 협박을 했다는 보도가 나왔다.25일 미디어오늘은 ""복수의 취재원에게 확인한 결과 조주빈은 손 사장과 소송 중인 김웅씨의 사주를 받아 가족을 테러하겠다며 사기를 쳤고, 이 과정에서 손 사장 가족의 사진과 주민등록번호 등을 손 사장에게 보내고 '언제든 벽돌 하나면 된다', '연변에서 사람을 쓰겠다'는 식으로 손 사장과 그의 가족을 위협했다""고 보도했다.	보도에 따르면 손 사장은 이 같은 협박에 일상생활에서 적지 않은 불안을 느꼈고, 지속적인 협박에 일부 송금을 한 적도 있는 것으로 알려졌다.	한편, 조주빈은 이날 오전 서울 종로경찰서를 나서면서 ""피해자들한테 할 말 없냐""라는 질문에 ""손석희 사장님, 윤장현 시장님,  님을 비롯해 저에게 피해를 입은 모든 분들께 진심으로 사죄의 말씀 드린다""라는 발언을 내놨다.	이후 세 사람의 이름이 포털사이트 실시간 검색어에 오르는 등 사건의 본질을 흐리는 의혹이 제기되자, 경찰은 이들이 성착취물 영상 제작·유포 사건과 관련이 없다는 점을 분명히 했다.	 경찰 측은 ""이름이 거론된 이들이 성 착취물을 봤다거나 n번방에 가입한 것은 아니다""고 밝혔다.	-	 ⓒ .	 무단전재&재배포 금지 -"
"조주빈, 휠라 맨투맨 입고 포토라인…휠라코리아 측 ""당혹스럽다"" 화들짝"," 메신저 텔레그램에서 미성년자를 포함한 여성들의 성 착취물을 제작하고 유포한 혐의를 받고 있는 일명 'n번방'의 '박사방' 운영자 조주빈이 휠라 상의를 입고 포토라인에 서자 휠라코리아 측이 깊은 유감을 표했다.25일 오전 서울지방경찰청은 아동·청소년의 성보호에 관한 법률 위반 등 혐의로 구속된 조주빈을 기소의견으로 검찰에 송치했다.	 조주빈은 검찰 호송차에 타기 전 서울 종로경찰서 포토라인에 등장해 국민적인 관심을 모았다.	마스크를 쓰지 않은 채 모습을 드러낸 조주빈은 휠라의 로고가 크게 새겨진 자주색 맨투맨을 착용했고, 목에는 보호대를 찼다.	 대중의 관심이 휠라 맨투맨에 쏠리자 휠라코리아 측은 이날 긴급하게 ""오늘 아침, 국민적 공분을 사고있는 n번방 사건 주범 조주빈이 휠라 제품을 착용 후 포토라인에 섰다.	 주고객층인 10대와 특별한 소통을 이어오고 있는 저희 휠라는 이번 일로 특히 더욱 깊은 유감과 함께 당혹스러움을 금할 수 없다""라고 입장을 내며 난감한 기색을 내비쳤다.	그러면서 휠라코리아 측은 취재진들에 ""휠라 로고 크롭이나 모자이크를 정중히 부탁드린다""며 양해를 구했다.	한편, 'n번방 사건'은 성착취 동영상을 제작 및 유포해 여성을 성노예로 삼은 대규모 성범죄 사건이다.	 해당 방 참여자만 26만 명을 넘는 것으로 알려져 국민적인 공분을 안기고 있다.	 'n번방' 운영자 중 한 명인 조주빈은 이날 취재진 앞에 서 ""손석희 사장님, 윤장현 시장님,  님을 비롯해 저에게 피해를 입은 모든 분들께 진심으로 사죄의 말씀을 드린다""며 ""멈출 수 없었던 악마의 삶을 멈추게 해줘서 정말 감사하다""고 말했다.	그러나 피해자들에게 할 말 없느냐는 질문에는 입을 닫았다.	-	 ⓒ .	 무단전재&재배포 금지 -"
"[MD포토] 호송차량으로 이동하는 ""박사방"" 운영자 조주빈"," 미성년자를 포함한 다수 여성의 성착취 영상을 촬영하고 텔레그램을 통해 퍼뜨린 '박사방'의 운영자 조주빈이 25일 오전 8시 종로경찰서에서 검찰로 송치되기 위해 호송차량으로 향하고 있다.	조 씨가 범행을 시작한 건 졸업 직후인 2018년부터라고 경찰은 파악했다.	 그는 당시 텔레그램에 총기, 마약을 팔겠다는 허위 광고로 돈을 가로채는 사기 행각을 벌이다 지난해 9월 텔레그램에 '박사방'을 만들어 범행을 저질렀다.	 성착취 운영방의 시초격인 'n번방 운영자' 갓갓이 시들해지자 더 자극적인 성착취물을 이용해 돈을 벌어온 것.	박사방 운영자 조주빈은 수위별로 3단계 대화방을 운영하며 각각 20만 원, 70만 원, 150만 원 상당의 가상화폐를 입장료로 받아왔다.	 현재 경찰은 가상화폐 거래소에서 확보한 회원명단을 토대로 이들의 정확한 신상 정보와 송금 횟수, 송금액을 확인하고 있다.	-	 ⓒ .	 무단전재&재배포 금지 -"
"[MD포토] 포토라인에서 얼굴 공개된 ""박사박"" 운영자 조주빈"," 미성년자를 포함한 다수 여성의 성착취 영상을 촬영하고 텔레그램을 통해 퍼뜨린 '박사방'의 운영자 조주빈이 25일 오전 8시 종로경찰서에서 검찰로 송치되기 위해 호송차량으로 향하고 있다.	조 씨가 범행을 시작한 건 졸업 직후인 2018년부터라고 경찰은 파악했다.	 그는 당시 텔레그램에 총기, 마약을 팔겠다는 허위 광고로 돈을 가로채는 사기 행각을 벌이다 지난해 9월 텔레그램에 '박사방'을 만들어 범행을 저질렀다.	 성착취 운영방의 시초격인 'n번방 운영자' 갓갓이 시들해지자 더 자극적인 성착취물을 이용해 돈을 벌어온 것.	박사방 운영자 조주빈은 수위별로 3단계 대화방을 운영하며 각각 20만 원, 70만 원, 150만 원 상당의 가상화폐를 입장료로 받아왔다.	 현재 경찰은 가상화폐 거래소에서 확보한 회원명단을 토대로 이들의 정확한 신상 정보와 송금 횟수, 송금액을 확인하고 있다.	-	 ⓒ .	 무단전재&재배포 금지 -"
뉴욕 스트릿 감성에 주목하라…감각적인 스트릿웨어 브랜드 ‘워독’ 국내 런칭 앞둬,"패션의 도시 뉴욕에는 전 세계적으로 유명한 패션 스쿨들이 자리잡고 있으며 해마다 유수의 패션디자이너가 배출되고 있다.	 뉴욕에 위치한 파슨스 디자인 스쿨은 세계 3대 디자인 스쿨 중 하나로 마크 제이콥스, 안나 수이, 마이클 코어스 등 유명 디자이너들을 배출한 곳이다.	 학년별 체계적인 커리큘럼과 엄격한 관리를 통해 인재를 양성하는 것으로 유명한 만큼 파슨스 디자인 스쿨 출신의 디자이너들은 패션 디자인 분야에서 월등한 실력을 보이며 그 명성을 이어가고 있다.	 많은 파슨스 출신의 디자이너 브랜드 중에서 최근 뉴욕의 화려함을 독창적인 관점으로 재해석한 희라원 대표의 패션 브랜드 ‘워독’이 국내 런칭을 앞두고 있다.	 희라원 대표는 한국에서 사진영상학과를 졸업한 뒤, 디자인에 대한 오랜 꿈을 이루기 위해 뉴욕 파슨스 디자인 스쿨에서 패션 디자인을 전공하였다.	 끊임없는 열정과 노력으로 패션 디자이너의 꿈을 이룬 그는 마크제이콥스, 띠어리 등 유명 명품 브랜드에서의 비즈니스로 그 실력을 인정받았다.	 희라원 대표의 다년간의 업계 경험을 바탕으로 탄생한 ‘워독’은 뉴욕 특유의 화려함과 도시의 스토리텔링을 옷 한 벌에 담아낸다.	 뉴욕의 군견과 경찰, 시민의 모습을 다양한 소재와 강렬한 색채를 활용하여 레트로한 스트릿 감성을 표현했으며, 과하지 않은 실루엣과 프린팅 등의 디자인 요소를 통해 워독만의 모던함을 담아낸다.	 특히, 워독은 드레스와 스트릿웨어의 결합으로 스트릿웨어가 티셔츠 등의 편안한 의복에 국한되어 있다는 고정관념을 탈피하고 세련되면서도 심플한 디자인을 선보이고 있다.	 워독의 희라원 대표는 “티 한 장만으로도 멋스러운 패션을 완성할 수 있고, 누구나 가지고 있는 패션 아이템들과도 조화롭게 어울릴 수 있는 디자인으로 소비자들이 각자의 개성을 표현할 수 있을 것이라고 기대합니다”라고 말했다.	세계적인 디자이너들을 배출한 명문 대학 파슨스 디자인 스쿨 출신의 희라원 대표.	 업계 유명 브랜드에서의 비즈니스 경험을 넘어서 패션 브랜드 ‘워독’의 런칭을 앞두고 있는 그가 보여줄 뉴욕의 모습이 국내 패션 업계의 기대를 모으고 있다.	-	 ⓒ .	 무단전재&재배포 금지 -"
[MD포토] 검찰로 송치되는 성착취물 제작 및 유포혐의 조주빈," 미성년자를 포함한 다수 여성의 성착취 영상을 촬영하고 텔레그램을 통해 퍼뜨린 '박사방'의 운영자 조주빈이 25일 오전 8시 종로경찰서에서 검찰로 송치되기 위해 호송차량으로 향하고 있다.	조 씨가 범행을 시작한 건 졸업 직후인 2018년부터라고 경찰은 파악했다.	 그는 당시 텔레그램에 총기, 마약을 팔겠다는 허위 광고로 돈을 가로채는 사기 행각을 벌이다 지난해 9월 텔레그램에 '박사방'을 만들어 범행을 저질렀다.	 성착취 운영방의 시초격인 'n번방 운영자' 갓갓이 시들해지자 더 자극적인 성착취물을 이용해 돈을 벌어온 것.	박사방 운영자 조주빈은 수위별로 3단계 대화방을 운영하며 각각 20만 원, 70만 원, 150만 원 상당의 가상화폐를 입장료로 받아왔다.	 현재 경찰은 가상화폐 거래소에서 확보한 회원명단을 토대로 이들의 정확한 신상 정보와 송금 횟수, 송금액을 확인하고 있다.	-	 ⓒ .	 무단전재&재배포 금지 -"
"""성착취·여아살해음모"" 조주빈, 포토라인서 드러낸 악마의 얼굴 [MD동영상]"," 미성년자를 포함한 다수 여성의 성착취 영상을 촬영하고 텔레그램을 통해 퍼뜨린 '박사방'의 운영자 조주빈이 25일 오전 8시 종로경찰서에서 검찰로 송치되기 위해 호송차량으로 향했다.	조씨는 이날 오전 8시께 검찰 송치를 위해 서울 종로경찰서를 나서면서 ""손석희 사장님, 윤장현 시장님,  님을 비롯해 저에게 피해를 입은 모든 분들께 진심으로 사죄말씀 드린다.	 이어 “멈출 수 없었던 악마의 삶을 멈춰주셔서 정말 감사하다”고 밝혔다.	조 씨가 범행을 시작한 건 졸업 직후인 2018년부터라고 경찰은 파악했다.	 그는 당시 텔레그램에 총기, 마약을 팔겠다는 허위 광고로 돈을 가로채는 사기 행각을 벌이다 지난해 9월 텔레그램에 '박사방'을 만들어 범행을 저질렀다.	 성착취 운영방의 시초격인 'n번방 운영자' 갓갓이 시들해지자 더 자극적인 성착취물을 이용해 돈을 벌어온 것.	박사방 운영자 조주빈은 수위별로 3단계 대화방을 운영하며 각각 20만 원, 70만 원, 150만 원 상당의 가상화폐를 입장료로 받아왔다.	 현재 경찰은 가상화폐 거래소에서 확보한 회원명단을 토대로 이들의 정확한 신상 정보와 송금 횟수, 송금액을 확인하고 있다.	-	 ⓒ .	 무단전재&재배포 금지 -"
"성 착취물 제작·유포 조주빈 유치장서 자해 시도, “목 깁스하고 반창고 붙여”","텔레그램 ‘박사방’에서 미성년자 등 성 착취물을 제작하고 유포한 조주빈이 25일 오전 종로경찰서에서 검찰로 송치될 때 목에 깁스를 했던 이유는 자해 때문인 것으로 밝혔다.	 경찰 관계자는 이날 “조주빈이 유치장 세면대에 머리를 갖다 박으면서 자해를 해서 찰과상을 입었는데, 그 때 목에 무리가 갔다”고 설명했다.	이마 윗 부분에 붙인 반창고도 자해 시도 때문으로 풀이된다.	 조주빈은 이날 오전 검찰에 송치되며 “멈출 수 없었던 악마의 삶을 멈춰주셔서 감사한다”고 심경을 밝혔다.	 특히 “손석희 사장,  , 윤장현 시장에게 사죄한다”고 밝혀 큰 관심을 모았다.	 이에 대해 JTBC 측은 조주빈이 흥신소 사장이라며 손석희 사장에게 접근해 가족을 위협하고 금품을 요구했다고 설명했다.	 한편 조주빈은 아르바이트 등을 미끼로 피해자들을 유인해 얼굴이 나오는 나체사진을 받아낸 뒤 이를 빌미로 성 착취물을 찍도록 협박하고, 이를 텔레그램 ‘박사방’에 유포한 혐의를 받는다.	-	 ⓒ .	 무단전재&재배포 금지 -"
"성착취물 제작·유포 ‘박사’ 조주빈, “손석희 사장” 언급…궁금증↑","성착취물을 제작·유포한 혐의로 체포된 '텔레그램 n번방' 사건의 조주빈씨가 25일 마스크를 벗은 채 얼굴을 처음 드러냈다.	조씨는 이날 오전 8시께 검찰 송치를 위해 서울 종로경찰서를 나서면서 ""손석희 사장님,  님, 윤장현 시장님을 비롯해 저에게 피해를 입은 모든 분들께 진심으로 사죄의 말씀을 드린다""고 했다.	 이어 ""멈출 수 없었던 악마의 삶을 멈춰주셔서 정말 감사하다""고 말했다.	이 과정에서 네티즌들은 그가 왜 처음부터 손석희, 김웅, 윤장현 이름을 언급했는지 궁금해하고 있다.	 서울시 경찰청에서도 이들을 언급한 이유에 대해 '모르겠다'는 입장을 전한 것으로 전해졌다.	-	 ⓒ .	 무단전재&재배포 금지 -"
"[종합]성착취물 제작·유포 조주빈 “악마의 삶 멈춰줘 감사, 손석희 등 피해자에 사죄”","성착취물을 제작·유포한 혐의로 체포된 '텔레그램 n번방' 사건의 조주빈씨가 25일 마스크를 벗은 채 얼굴을 처음 드러냈다.	조씨는 이날 오전 8시께 검찰 송치를 위해 서울 종로경찰서를 나서면서 ""손석희 사장님, 윤장현 시장님,  님을 비롯해 저에게 피해를 입은 모든 분들께 진심으로 사죄말씀 드린다""고 했다.	 이어 “멈출 수 없었던 악마의 삶을 멈춰주셔서 정말 감사하다”고 밝혔다.	 기자들이 음란물 유포 혐의 인정하느냐, 미성년자에게 죄책감이 없느냐 등의 질문을 했지만 그는 입을 굳게 다물었다.	 이어 취재진을 빠져나가 차량에 탑승한 뒤 검찰로 송치됐다.	 이 과정에서 네티즌들은 그가 왜 처음부터 손석희, 김웅, 윤장현 이름을 언급했는지 궁금해하고 있다.	 서울시 경찰청에서도 이들을 언급한 이유에 대해 '모르겠다'는 입장을 전한 것으로 알려졌다.	 조씨는 아르바이트 등을 미끼로 피해자들을 유인해 얼굴이 나오는 나체사진을 받아낸 뒤 이를 빌미로 성 착취물을 찍도록 협박하고 박사방에 유포한 혐의를 받는다.	 피해자 중에는 미성년자도 있어 충격을 안기고 있다.	그는 2018년 3월까지 6개월 동안 NGO단체 자원봉사자로 성실하게 활동하는 등 철저한 이중생활을 했다.	 앞서 민갑룡 청장은 24일 청와대 국민청원 답변을 통해 ""'박사방'의 조력자, 영상 제작자, 성착취물 영상을 소지·유포한 자 등 가담자 전원에 대해서도 경찰의 모든 역량을 투입해 철저하게 수사하겠다""면서, ""향후 수사가 마무리되면 관련 절차와 규정에 따라 불법 행위자를 엄정히 사법처리하고 신상공개도 검토하는 등 단호히 조치해 나가겠다""고 밝혔다.	한편 여성 연예인들은 조씨로 추정되는 인물이 자신들의 인스타그램을 팔로우한 사실에 분노를 표출했다.	 -	 ⓒ .	 무단전재&재배포 금지 -"
"조주빈, 여아 살해 음모까지…""""박사방"" 일당에 부탁 받아"" (""SBS 8 뉴스"")"," 미성년자를 포함한 다수 여성의 성착취 영상을 촬영하고 텔레그램을 통해 퍼뜨린 '박사방'의 운영자 조주빈의 또 다른 혐의가 공개됐다.24일 방송된 SBS 'SBS 8 뉴스'에선 최근 국민을 공분케 한 '텔레그램 박사방'을 운영한 조주빈의 살해 음모 혐의에 대해 다뤘다.	이날 'SBS 8 뉴스'는 ""조주빈은 성범죄 말고 다른 범죄 혐의로도 경찰 수사를 받고 있다.	 어린이 집에 다니는 한 아이를 살해하는 걸 다른 사람들과 모의했다""고 단독 보도했다.	박사방 일당으로 활동하며 조주빈에게 피해자들의 개인 정보를 몰래 빼준 혐의로 구속된 구청 공익 근무 요원 강모씨는 앞서 30대 여성을 상습 협박했다가 징역 1년 2월 형을 받고 복역, 지난해 3월 출소했다.	강 씨는 출소 후 자신을 신고한 해당 여성에게 보복하기 위해 지난해 말 조씨에게 복수를 부탁했다.	 조씨는 여성의 딸이 다니는 어린이집 주소를 파악했고, 살해 후 대가로 400만 원을 받기로 했다.	 다행히 실제 범행으로 이어지진 않았지만 경찰은 이들에게 살인 음모 혐으로 수사중인 걸로 확인됐다.	한편 조 씨는 지난 해 12월 개인 방송을  에게 접근해 정치인 정보가 담긴 USB를 넘기겠다면서 1500만 원을 받아낸 혐의도 받고 있다.	-	 ⓒ .	 무단전재&재배포 금지 -"
"""박사방"" 운영진, 조주빈 포함 14명…공무원+공익요원 포함 (""SBS 8 뉴스"")"," 미성년자를 포함한 다수 여성의 성착취 영상을 촬영하고 텔레그램을 통해 퍼뜨린 '박사방'의 운영자 조주빈의 또 다른 혐의가 공개됐다.24일 방송된 SBS 'SBS 8 뉴스'에선 최근 국민을 공분케 한 '텔레그램 박사방'을 운영한 조주빈과 운영진들에 대해 다뤘다.	이날 'SBS 8 뉴스'는 ""경찰은 조주빈과 함께 텔레그램에서 박사방을 조직적으로 운영한 사람들을 쫓고 있다""며 ""유료 회원을 포섭한 뒤 현금 관리, 회원 모집, 홍보 역할을 맡겼는데, 그 운영진 가운데 공무원도 포함되어 있는 것으로 확인됐다""고 보도했다.	박사방 운영진은 주범 조주빈을 포함해 14명으로, 이 중 지방에 위치한 한 시청의 8급 공무원도 포함됐다.	 이 공무원은 유료 회원을 모집하는 역할을 하다 구속됐다.	조 씨는 박사방 유료 회원들을 부하 직원으로 포섭해 범행을 지시했다.	 이들은 크게 범죄 수익을 나누는 역할, 피해자를 모아 성착취물을 만드는 역할, 회원을 모집하는 역할로 나누어진다.	이 과정에 서울과 수원에 동사무소에서 근무하는 공익근무요원 2명이 모집책 등의 역할을 맡았고 이들은 피해자 가족의 주소, 전화번호 같은 개인정보를 조씨에게 넘겨 피해자들을 협박하는 수단으로 이용됐다.	 모집책 중엔 과거 해킹 등으로 수사를 받았던 사람도 포함됐다.	또 수원의 한 아파트는 범죄 수익을 전달하는 장소로 쓰였다.	 회원들이 박사방에 입장하려고 낸 가상화폐를 현금으로 바꿔 아파트 소화전에 놓고 가면 아파트 거주자인 운영진이 찾아 조씨에게 택배를 통해 보내거나 직접 전달하는 방법을 택했다.	-	 ⓒ .	 무단전재&재배포 금지 -"
"[종합] """"N번방 사건"" 박사는 25세 조주빈""…SBS 보도 후 조주빈 졸업사진 등 과거행적 잇따라 나와"," SBS가 텔레그램 N번방 사건의 '박사방' 운영자 일명 '박사' 조주빈의 얼굴을 SBS가 24일 단독 보도를 통해 공개했다.	SBS 보도에 따르면 조주빈은 25세로 정보통신 전공에 2018년 대학을 졸업했다.	 또한 SBS는 조주빈이 ""글쓰기를 좋아해 학내 독후감 대회에서 1등을 차지했고 학보사에서 활동하며 편집국장을 맡기도 했다""고도 보도했다.	또한 조주빈에 대해 SBS는 ""4학기 중 3학기 평균 학점이 4.0을 넘을 정도로 성적이 좋아 장학금도 여러 차례 탔다.	 성적과 교내 활동을 보면 우수 학생 평가를 받을만했지만 교우 관계가 원만하지는 않았다고 동기와 선후배들은 말했다""고 전했다.	일명 '박사'로 불린 N번방 사건 가해자 조주빈의 신상이 SBS 보도를 통해 공개되자 이후 온라인상에선 조주빈의 과거 행적들이 잇따라 터져나오고 있다.	 조주빈의 졸업사진부터 SNS 계정 등을 네티즌들이 찾아내며 조주빈의 파렴치한 행적에 경악을 금치 못하고 있다.	한편 경찰에 따르면 '박사방' 피해자는 확인된 것만 74명이며, 이 중 미성년자가 16명 포함된 것으로 전해졌다.	 경찰은 24일 신상 정보 공개 심의위원회를 열고 조주빈의 신상을 일반에 공개할지 여부를 결정한다.	-	 ⓒ .	 무단전재&재배포 금지 -"
"문재인 대통령 """"n번방"" 사건, 잔인한 행위…회원 전원 조사 필요"" [전문]"," 문재인 대통령이 미성년자 성착취 사건인 이른바 'n번방' 사건과 관련해 ""운영자뿐만 아니라 회원 전원에 대한 조사가 필요하다""고 강조했다.	강민석 청와대 대변인은 23일 브리핑을 통해 ""문 대통령은 이날 'n번방' 사건에 대해 '아동·청소년 16명을 포함한 피해 여성들에게 대통령으로서 진심으로 위로의 말씀을 드리며 국민의 정당한 분노에 공감한다'고 말했다""고 밝혔다.	문 대통령은 ""'n번방' 사건 가해자들의 행위는 한 인간의 삶을 파괴하는 잔인한 행위였다""며 ""청와대 청원게시판에 순식간에 300만 명 이상이 서명한 것은 이런 악성 디지털 성범죄를 끊어내라는 국민들의 절규로 무겁게 받아들인다""고 전했다.	그러면서 경찰을 향해 ""이 사건을 중대한 범죄로 인식하고 철저히 수사해서 가해자들을 엄벌에 처해야 한다""며 ""N번방 운영자 등에 대한 조사에 국한하지 말고 n번방 회원 전원에 대해 조사할 필요가 있다""고 지시했다.	더불어 ""필요하면 경찰청 사이버안전과 외에 특별조사팀이 강력하게 구축됐으면 한다""고 당부했다.	문재인 대통령은 아동 청소년 16명을 포함한 피해 여성들에게 대통령으로서 진심으로 위로의 말씀을 드리며, 국민의 정당한 분노에 공감한다고 말했습니다.	문 대통령은 정부가 불법 영상물 삭제 뿐 아니라 법률 의료 상담 등 피해자들에게 필요한 모든 지원을 다할 것이라고 밝혔습니다.	문 대통령은 이번 ‘n번방 사건’ 가해자들의 행위는 한 인간의 삶을 파괴하는 잔인한 행위였으며, 청와대 청원게시판에 순식간에 300만 명 이상이 서명한 것은 이런 악성 디지털 성범죄를 끊어내라는 국민들 특히, 여성들의 절규로 무겁게 받아들인다고 밝혔습니다.	경찰은 이 사건을 중대한 범죄로 인식하고 철저히 수사해서, 가해자들을 엄벌에 처해야 할 것이고.	 특히 아동ㆍ청소년들에 대한 디지털 성범죄에 대해서는 더욱 엄중하게 다뤄달라고 문 대통령은 말했습니다.	경찰은 N번방 운영자 등에 대한 조사에 국한하지 말고 n번방 회원 전원에 대해 조사할 필요가 있다고 문 대통령은 강조했습니다.	이를 위해 문 대통령은 필요하면 경찰청에 특별조사팀이 강력하게 구축되었으면 한다고 말했습니다.	문 대통령은 아울러 정부에도, 플랫폼을 옮겨가며 악성 진화를 거듭해온 신종 디지털 성범죄에 대한 철저한 근절책 마련을 지시했습니다.	-	 ⓒ .	 무단전재&재배포 금지 -"
"""박사방 운영"" 25세 조주빈 얼굴 공개…""교우관계 원활하지 않아"" (""SBS 8 뉴스"")"," 텔레그램 방에 성착취물을 유포한 범죄를 일으킨 'n번방 사건' 운영자의 정체가 공개됐다.23일 방송된 SBS 'SBS 8 뉴스' 에서 일명 'n번방 사건'의 주범인 '박사'의 신상을 공개했다.	이날 'SBS 8 뉴스'는 ""미성년자를 포함해 여성을 성적으로 착취한 영상을 돈을 받고 퍼뜨린 사건에 대한 분노가 커지고 있다.	 신상을 공개하라는 청원은 230만 명 넘게 참여했다""고 말문을 열었다.	그러면서 ""SBS는 이번 사건이 청소년을 대상으로 한 잔혹한 성범죄임과 동시에 피해자들에게 돌이킬 수 없는 상처를 남긴 중대한 범죄라 판단, 추가 피해를 막고 아직 드러나지 않은 범죄를 찾아 수사에 도움을 주자는 차원에서, 국민의 알 권리를 위해 구속된 피의자의 얼굴과 이름을 공개했다""고 설명했다.	피의자는 25살 조주빈으로 밝혀졌다.	 'SBS 8 뉴스'는 ""조 씨는 지난 2018년 대학을 졸업했다.	 정보통신을 전공했지만 글쓰기를 좋아해 학내 독후감 대회에서 1등을 차지하기도 했다.	 또 학보사 활동으로 편집국장을 맡았고, 학교 칼럼도 여러 번 썼다""고 전했다.	이어 ""4학기 중 평균 학점 4점을 넘을 정도로 성적이 좋아 장학금을 받을 정도였지만 교우관계는 원할하지 않았다""고 덧붙였다.	  하지만 조 씨가 학내에서 성 문제 등으로 일탈한 적이 없는 게 학우들의 전언.	조 씨가 범행을 시작한 건 졸업한 직후인 2018년부터였고, 그는 당시 텔레그램에 총기, 마약을 팔겠다는 허위 광고로 돈을 가로채는 사기 행각을 벌였다.	 한편 경찰은 내일 신상정보공개 심의위원회를 열고 조 씨의 신상 정보를 공개할 지 결정할 방침이다.	-	 ⓒ .	 무단전재&재배포 금지 -"
"[속보]‘박사방’ 조주빈 공범 29살 남경읍 얼굴 공개, “죄송하다”…검찰 송치","경찰이 텔레그램 ‘박사방’을 운영하며 성착취물을 제작·유통한 조주빈의 공범으로 구속된 남경읍이 “죄송하다”는 입장을 밝혔다.	 남경읍은 15일 오전 8시 서울종로경찰서에서 혐의를  들의 질문에 “죄송하다”는 말만 반복했다.	 앞서 서울지방경찰청은 지난 13일 오후 2시 서울 종로구 청사에서 신상공개심의위원회를 열고 남씨의 신상정보를 공개하기로 결정했다.	심의위원회는 “조주빈의 공범으로 여성 대상 범죄에 적극적으로 가담하는 등 사안이 중하다”며 “구속영장이 발부되고 인적·물적 증거가 충분히 확보됐으며, 재범 위험성도 높다고 판단했다”고 밝혔다.	-	 ⓒ .	 무단전재&재배포 금지 -"
"전직 아나운서, 성관계 영상 캡처 불법 유포…검찰 송치"," 전직 아나운서인 30대 남성 A씨가 성관계 영상을 캡처해 불법으로 유포한 혐의로 검찰에 넘겨졌다.18일 TV조선 보도와 경찰에 따르면 최근 서울 성동경찰서는 A씨 등 2명을 검찰에 기소 의견으로 송치했다.	 A씨는 성관계 영상 캡처본을 지인에게 유포한 혐의를 받고 있다.	A씨로부터 캡처본을 받은 지인 B씨는 이를 카카오톡 단체방에 공유했고, 이 대화방 참여자 중 한 명이 A씨를 고발하면서 경찰의 수사는 시작됐다.	경찰은 상대 여성의 동의 없이 A씨가 성관계 영상 캡처본을 지인들에게 유포했다고 보고 음란물 유포 혐의를 적용했다.	 다만 성관계 영상 촬영에 관해선 A씨가 여성의 동의를 얻은 사실을 확인해 카메라 등 이용촬영죄 혐의를 적용하진 않았다.	A씨는 사건 수사가 시작된 지난해 11월 방송사에 사직서를 제출한 것으로 알려졌다.	-	 ⓒ .	 무단전재&재배포 금지 -"
"해커스어학원, 토익 시험 대비 온•오프라인 토익 무료특강 진행","코로나 19의 확산으로 2020 토익 시험일정이 계속해서 연기되고 있다.	 이에 강남•종로 토익학원으로 많은 추천을 받는 해커스어학원은 시험 연기로 토익 공부 기간이 길어지는 만큼 한 번에 목표하는 토익 점수를 달성할 수 있도록 토익 특강을 진행한다고 밝혔다.	 참고로, 해커스어학원은 해커스 교육그룹의 어학 자격증 전문 교육기관이다.	 해커스는 강남, 종로, 일산, 노량진, 수원에 어학원, 공무원, 공인중개사, 편입, 취업, 경찰 학원을 운영하며 다양한 온라인 강의 서비스와 교재를 제공하고 있다.	 이번에 해커스어학원에서 진행하는 토익 무료특강은 전국에 있는 토익커를 위해 오프라인 현장 특강과 온라인 라이브 특강을 동시에 진행한다.	 오프라인 현장 특강은 3월 22일 14시, 강남역캠퍼스 1별관 103호에서 진행된다.	 특강은 LC와 RC로 나뉘어 진행되며, LC 강의는 토익 기본 LC 강의평가 1위 한나 강사가, RC 강의는 토익 기본 RC 강의평가 평균 1위 김진태 강사가 진행한다.	 한나 강사는 LC 특강에서 정답 포인트는 확실하게 잡고 오답은 거르는 LC 비법을 공개할 예정이다.	 김진태 강사는 RC 특강을 진행하며 실전에 바로 적용 가능한 RC 어휘/문법 출제 포인트를 총정리할 예정이다.	 해커스 스타 강사진이 진행하는 오프라인 현장 강의에 참석하면 한나 강사와 김진태 강사의 생동감 넘치는 강의를 눈앞에서 확인할 수 있으며, 강사진과 질의응답 시간을 가질 수 있다.	 토익커는 이를 통해 평소 토익 시험에 대해 궁금했던 점을 해결할 수 있다는 장점이 있다.	 추가로, 현장 참석자 전원에게는 ▲토익 파트별 빈출 문제집 ▲해커스 토익 함정문제 ▲3월 토익 약점 극복 모의고사 특강 1만 원 지원권이 제공된다.	 그뿐만 아니라 추첨을 통해 ▲4월 어학원 토익 수강료 50% 지원권 ▲해커스인강 토익 실전 1000제 1 강좌 50% 지원권 ▲해커스탭이 제공된다.	 한편, 시간과 거리 문제로 현장 강의 참석을 망설이는 토익커를 위해 준비된 온라인 라이브 특강은 카페, 집 어디서든 만나볼 수 있다는 것이 장점이다.	 토익커는 자신이 편한 공간에서 토익 공부법, 토익 만점 비결 등의 유용한 정보를 확인할 수 있다.	 참고로, 코로나 19가 확산하는 가운데, 해커스어학원은 철저한 위생관리를 통해 수강생이 안심하고 공부할 수 있는 환경을 조성하고 있다.	 해커스는 현장 설명회 당일에도 ▲마스크 미착용자 출입 금지 ▲손 소독제 사용 의무화 ▲고열 확인 즉시 귀가조치 ▲좌석 한 칸씩 띄어서 착석의 조치를 취할 예정이다.	 또한, 해커스는 매주 정기적으로 전 층을 소독하며 코로나 19 예방을 위해 힘쓰고 있다.	 이와 관련된 자세한 내용은 해커스어학원 페이지에서 확인할 수 있다.	 또한, 해커스어학원 페이지에서는 이외에도 토익 공부를 위한 토익 독학 교재 및 인강 추천, 토익 후기, 토익 모의고사, 승무원 토익, 토익 800점 수준 등을 확인할 수 있으며, 추가로 토익스피킹과 오픽 시험 일정, 토익스피킹 점수, 오픽 등급 등의 정보도 확인할 수 있다.	 해커스 교육그룹은 5년 지속 교육그룹 부문 1위 자리를 지켜온 대한민국 대표 종합교육기업이다.	 한국 소비자포럼 선정 '올해의 브랜드대상'에서 대국민 투표를 통해 2012년부터 5년 지속 교육그룹 부문 1위에 올랐다.	 또한, 해커스어학원은 2015 대한민국 퍼스트 브랜드 대상 외국어학원 부문 1위를 차지했다.	-	 ⓒ .	 무단전재&재배포 금지 -"
"에이치케이시스템, 벤더스터와 협약 맺고 마스크 자판기 전국 보급 나서","사회적기업 ‘에이치케이시스템’은 최근 부산대 스타트업 ‘벤더스터’와 업무협약을 체결하고 마스크 자판기를 설치 및 운영하기로 했다.	에이치케이시스템과 벤더스터는 마스크 대란의 솔루션으로 마스크 자판기를 보급한다.	 경찰서나 구청, 동사무소 등 관공서는 물론 버스정류장 등 사람들이 많이 모이는 곳에 마스크 자판기를 설치하면 시민들이 보다 편리하게 마스크를 구입할 수 있다.	마스크 자판기의 경우 주민번호와 휴대폰을 통한 본인인증 기능을 탑재하고 있어 대량구매 중복구매를 막을 수 있어 마스크 5부제에 따른 민원인력 대체 효과도 기대할 만하다.	 현금은 물론 간편결제가 대중화되는 요즘 추세에 발맞춰 카카오페이, 신용카드 결제도 가능하다.	코로나19가 진정 국면에 접어들더라도 미세먼지로 인한 마스크 구매 수요가 상존하는 만큼, 마스크 자판기를 지속적으로 활용할 수 있다.	 또 자판기 상단 디스플레이를 통해 실시간으로 미세먼지 상태를 알려주는 것도 장점이다.	코로나19로 인한 어려움 극복에 각계의 기부 행렬이 이어지고 있는 가운데, 에이치케이시스템은 마스크 자판기를 정부 시설 및 지자체에 기증하며 힘을 보탤 예정이다.	한편, 에이치케이시스템은 보안전문 사회적기업으로써 2016년 강남역 살인사건, 당시 전국 최초로 경찰과 연계되는 비상벨을 화장실에 설치하여 안전사회 구축에 앞장섰으며, 현재까지 전국 안전사각지대에 CCTV 및 경찰과 연계되는 비상벨을 설치하고 있다.	 범죄가 발생하기 쉬운 화장실, 주차장, 골목길, 터널 보행로, 병원 응급실, 민원실 등 전국 6,000여 곳에서 에이치케이시스템의 제품을 만나볼 수 있으며, 전국 네트워크를 갖춘 전담 유지보수팀을 운영 중이다.	-	 ⓒ .	 무단전재&재배포 금지 -"
"해커스, 공인중개사 인강 합격할 때까지 수강 ’평생보장반"" 인기","공인중개사 자격증 시험은 부동산중개사 사무소 개업을 위한 필수 자격증으로, 공인중개사 1차, 2차 시험을 모두 합격해야 하며 총 6과목이 모두 법과목으로 구성되어 있다.	 이에, 2년에 걸친 순차 합격을 목표로 공인중개사 공부방법을 계획하는 수험생들이 많으며, 법과목으로 인해 단기합격에 부담을 느끼는 초시생들도 많다.	 이 가운데 해커스 공인중개사에서 수험생의 부담을 덜어주기 위해 합격할 때까지 공인중개사 최신강의를 무제한으로 수강할 수 있는 ‘평생보장반’을 오픈해 수험생들 사이에서 인기다.	 공인중개사 학원 및 인강으로 많은 수험생의 추천을 받는 해커스 공인중개사는 해커스 교육그룹의 공인중개사 교육 전문 브랜드다.	 해커스는 강남, 종로, 일산, 노량진, 수원에 어학원, 공무원, 공인중개사, 편입, 취업, 경찰 학원을 운영하며 다양한 온라인 강의 서비스와 교재를 제공하고 있다.	  이번 해커스 공인중개사의 ‘평생보장반’은 1년 안에 합격하는 것이 어려운 수험생들에게 도움을 주기 위해 개설되었다.	 특히, 해커스 공인중개사는 지난해 대비 높은 공인중개사 합격률 상승에 감사하는 이벤트로 특별 할인을 진행하고 있어 더욱 많은 수험생의 눈길이 집중되고 있다.	 해당 강의는 수강 시, 수강생 전원에게 ▲2020년 최신 공인중개사 교재 16권 ▲합격 필수 패키지 4종 ▲전국 실전모의고사 8회 무료 응시 및 해설강의 제공 등 다양한 혜택을 무료로 전달한다.	 또한, 특별 혜택으로 ▲100만 원 상당의 2020년 모든 유료특강 ▲100만 원 상당의 부동산 실무˙경매강의 등을 제공하여 공인중개사 시험 합격을 도울 예정이다.	 해커스 공인중개사 평생보장반 수강 후 합격한 제30회 합격생 홍*한씨는 ""1년 만에 단기로 합격하는 것이 부담스러웠으며, 공부와 하던 일을 병행해야 했던 상황이라서 평생보장반을 선택했다""며, ""법의 개정 때문에 외웠던 것도 다시 외워야 하는 상황이 오는데, 평생보장반을 수강함으로써 강의가 새롭게 업로드되고 개정된 법에 대해서는 교수님들께서 먼저 그 부분을 설명해 주셔서 도움을 받을 수 있었다.	 올해 못 붙었다고 다시 수강신청을 해야 하는 부담이 없기 때문에 다른 일과 병행하시는 분들께는 평생보장반을 꼭 추천드리고 싶다""고 해커스 공인중개사 평생보장반에 대한 추천과 공인중개사 시험 공부방법을 찾는 수험생들에게 조언의 합격수기를 전했다.	 해커스 공인중개사 관계자는 ""수험생마다 각자 필요한 강의가 있고, 처한 상황이 다르기 때문에 모든 필요를 충족시킬 수 있는 강의를 개설 중이며 앞으로도 수험생들의 합격만을 위해 연구하겠다""며 이번 평생보장반에 대한 의견을 전했다.	 공인중개사 합격까지 최신강의를 무제한으로 수강할 수 있는 해커스 공인중개사 평생보장반에 대한 자세한 사항은 해커스 공인중개사 사이트 내의 평생보장반 페이지 내에서 찾아볼 수 있다.	 또한, 해당 사이트를 통해 부동산중개사 자격증 취득에 필요한 공인중개사 무료 인강, 공인중개사 교재추천, 공인중개사 시험과목 등 다양한 콘텐츠도 확인할 수 있다.	 한편, 해커스 교육그룹은 5년 연속 교육그룹 부문 1위 자리를 지켜온 대한민국 대표 종합교육기업이다.	 한국 소비자포럼 선정 '올해의 브랜드대상'에서 대국민 투표를 통해 2012년부터 5년 연속 교육그룹 부문 1위에 올랐으며, 그 중 해커스 공인중개사는 한경 비즈니스 선정 2017 한국소비자만족지수 공인중개사 교육 분야 1위를 기록했다.	-	 ⓒ .	 무단전재&재배포 금지 -"
"공무원 시험 연기… 해커스공무원, 공시생 위해 역대급 초저가 ‘극복패스’ 출시","신종 코로나바이러스 감염증의 확산으로 인해 위기단계가 ‘심각’으로 지속되자 9급 국가직 공무원 시험일정도 잠정 연기됐다.	 코로나19로 인해 국가직 공무원 시험이 미뤄져 심란해 하는 수험생들을 위해 9급/7급 공무원 학원 및 공무원 인강으로 추천받는 해커스공무원이 수강료 49,000원으로 해커스공무원 전 강좌를 무제한으로 수강할 수 있는 ‘극복패스’를 선보여 주목을 받는다.	 참고로, 해커스는 강남, 종로, 일산, 노량진, 수원에 어학원, 공무원, 공인중개사, 편입, 취업, 경찰 학원을 운영하며 다양한 온라인 강의 서비스와 교재를 제공하고 있다.	 또한, 해커스 교육그룹은 토익 커뮤니티인 해커스토익 사이트도 운영하고 있다.	 해커스공무원 ‘극복패스’는 미뤄진 국가직 9급 시험을 완벽하게 대비할 수 있도록 5월 31일까지 해커스공무원의 전 강좌를 무제한으로 수강할 수 있는 상품이다.	 수험생들의 부담을 줄이기 위해 49,000원이라는 초저가로 구성됐으며, ▲공무원 영어 김송희 ▲공무원 한국사 이중석 ▲공무원 국어 신민숙 강사와 같은 해커스공무원의 스타강사를 포함한 다양한 강의를 수강할 수 있는 것이 큰 장점이다.	  추가로 해커스공무원은 ‘극복패스’ 구매 시 할인쿠폰도 제공하고 있다.	 ▲0원/평생0원 패스 10만 원 할인쿠폰 ▲18개월 패스 5만 원 할인쿠폰 ▲기적의 패스 3만 원 할인쿠폰을 제공해 수험생들이 보다 경제적으로 강의를 수강할 수 있도록 지원하고 있다.	 해커스공무원은 ‘극복패스’ 소문내기 이벤트도 진행 중이다.	 해커스공무원 ‘극복패스’를 조건에 맞게 게시글 10건을 소문내면 전원에게 스타벅스 아메리카노를 제공한다.	 최다 참여자 1명에게는 기적의 패스 12개월 무료 수강권도 제공해 많은 참여가 이루어지고 있다.	 해커스공무원 관계자는 “코로나19로 인해 국가직 공무원 시험이 연기되면서 많은 수험생들이 심란함과 초조함을 느끼고 있다”며 “이를 덜어주기 위해 해커스공무원은 역대급 가성비 패스인 ‘극복 패스’를 출시했다”고 밝혔다.	 또한 “오직 해커스공무원에서만 만나볼 수 있는 ‘극복패스’로 마지막까지 최선을 다해 시험에 합격하길 바란다”고 전했다.	 한편, 해커스공무원은 2020년 국가직 공무원 시험일정 연기에 대응해 기존 수강생들에게 수강 기간 연장 혜택을 제공하고, 수험표만 인증해도 선착순 1,000명에게 전 강좌 프리패스 수강권을 제공하고 있다.	 더불어 시험 직전 특정한 과목의 보강이 필요한 수험생들을 위해 공무원 행정법/영어/한국사/국어/행정학 등 주요과목별 패스 무료배포도 매일 밤 진행할 예정이다.	 해커스공무원 ‘극복패스’에 관한 자세한 사항은 해커스공무원 사이트에서 확인할 수 있다.	 해커스 교육그룹은 5년 연속 교육그룹 부문 1위 자리를 지켜온 대한민국 대표 종합교육기업이다.	 한국 소비자포럼 선정 '올해의 브랜드대상'에서 대국민 투표를 통해 2012년부터 5년 연속 교육그룹 부문 1위에 올랐다.	 해커스공무원은 한경 비즈니스 선정 2020 한국소비자만족지수 공무원 교육 부문 1위로 선정되었으며, 국가직/지방직/서울시 공무원을 포함한 7급/9급 공무원 시험과목 강의, 군무원 시험 강의 등을 제공하고 있다.	 해커스경찰과 해커스소방도 경찰공무원과 소방공무원 시험 준비생을 위해 경찰공무원/소방공무원 학원 강의 및 인강을 제공한다.	-	 ⓒ .	 무단전재&재배포 금지 -"
"해커스공무원, 공안직 공무원 시험 완벽 대비 ‘공안직 전용 패스’ 출시","2020년 공무원 채용이 크게 늘어나, 29년 만에 최대가 됐다.	 특히, 공안직 공무원의 경우 지난해 대비 200% 이상 늘어나 공안직 시험을 준비하는 수험생들의 기대감도 커지고 있다.	 이에 7급/9급 공무원 학원 및 공무원 인강으로 추천받는 해커스공무원에서 월 2만 원대의 합리적인 수강료로 공안직 공무원 강의를 무제한으로 수강할 수 있는 ‘공안직 전용 패스’를 제공한다고 밝혀 주목을 받는다.	 먼저 공안직 공무원은 공공의 안전과 질서관리에 관한 업무를 수행하는 공무원으로 검찰직, 마약수사직, 철도경찰직, 교정직, 출입국관리직, 보호직 등으로 구성됐다.	 해커스공무원 ‘공안직 전용 패스’는 월 2만 원대의 수강료로 2022년 과목 개편 전&후, 공안직 대표 직렬인 검찰/마약수사/철도경찰/교정/출입국관리/보호직 등 어떤 직렬을 선택하더라도 모두 대비할 수 있도록 구성됐다.	 또한 공무원 시험 준비 기간에 따라 상품을 선택할 수 있도록 24개월 패스와 12개월 패스로 구성됐다.	 두 패스 모두 공무원 시험과목인 공무원 국어, 영어, 한국사, 형법, 형사소송법, 교정학, 국제법 등을 무제한으로 수강할 수 있으며, 선택과목으로 수학, 과학, 사회, 행정학, 행정법, 사회복지학 중 하나를 선택해 수강할 수 있다.	 해커스공무원은 ‘공안직 전용 패스’ 소문내기 이벤트도 진행하고 있다.	 조건에 맞는 게시물을 10건 등록한 전원에게 스타벅스 아메리카노를 증정하며, 최다 참여자 1명을 추천해 ‘공안직 전용 패스’ 12개월 무료 수강권을 제공하고 있다.	 해커스공무원 관계자는 “공안직 공무원은 선발 인원 증대와 함께 상대적으로 낮은 경쟁률과 합격선을 보여 수험생들 사이에서 인기를 얻고 있다”며 “해커스공무원은 이러한 수험생들을 위해 합리적인 수강료에 무제한으로 강의를 수강할 수 있는 공안직 전용 패스를 선보였다.	 공안직을 준비하는 수험생들이 공안직 전용 패스와 함께 합격하길 바란다”고 전했다.	 ‘공안직 전용 패스’에 관한 자세한 사항은 해커스공무원에서 찾아볼 수 있으며, 2020년 공무원 시험일정도 확인할 수 있다.	 참고로, 신종 코로나 바이러스 감염증의 확산으로 인해 공무원, 경찰공무원, 소방공무원 등의 시험이 5월 이후로 연기됐다.	 한편 해커스 교육그룹은 5년 연속 교육그룹 부문 1위 자리를 지켜온 대한민국 대표 종합교육기업이다.	 한국 소비자포럼 선정 '올해의 브랜드대상'에서 대국민 투표를 통해 2012년부터 5년 연속 교육그룹 부문 1위에 올랐다.	 해커스공무원은 한경 비즈니스 선정 2020 한국소비자만족지수 공무원 교육 부문 1위로 선정되었으며, 국가직/지방직/서울시 공무원을 포함한 7급/9급 공무원 시험과목 강의, 군무원 시험 강의 등을 제공하고 있다.	 해커스경찰과 해커스소방도 경찰공무원과 소방공무원 시험 준비생을 위해 경찰공무원/소방공무원 학원 강의 및 인강을 제공한다.	-	 ⓒ .	 무단전재&재배포 금지 -"
"TBS ""김어준 ""대구사태이자 신천지사태"" 발언, 대구 시민 안전을 촉구한 것"" 입장 밝혀"," TBS 측이 TBS 라디오 '김어준의 뉴스공장' 진행자 김어준의 '대구 사태' 발언에 대해 입장을 밝혔다.	김어준은 지난 6일 방송된 '김어준의 뉴스공장'에서 ""어제부로 대구의 코로나 확진자 비율은 대구 시민 560명 당 1명이 됐습니다.	 이런 추세라면 다음 주면 400, 300명당 1명꼴로 코로나 확진자가 대구에서 나오게 되겠죠.	 중국이 정말 문제였다면 인구 2300만 수도권은 왜 10만 명 당 1명꼴로 확진자가 나오겠습니까.	 숫자가 명백히 말하고 있는 겁니다.	 우리 코로나 사태는 ‘대구 사태’이자 ‘신천지 사태’라는걸.	 그래서 이상한 겁니다.	 보수 야당은 왜 대구 시민들이 요구하는 강제 수사를 검찰에 압박하지 않는가, 검찰은 왜 움직이지 않는가, 언론은 왜 그들을 비판하지 않는가""라고 말했다.	이 중 '대구 사태'라는 표현에 대한 논란이 거세게 일자 9일 TBS 측은 공식 입장 자료를 내놨다.	 TBS 측은 ""김어준의 '대구 사태이자 신천지 사태' 발언은 일부 언론의 주장처럼 대구 시민을 비하하고 폄하하려는 의도가 아니라 오히려 검찰, 일부 언론, 보수 야당을 상대로 대구 시민의 안전을 최우선에 둔 방역 대책을 강하게 촉구한 발언""이라고 강조했다.	그러면서 ""현재 코로나 확진자의 90% 이상이 대구, 경북 지역에서 발생하고 있다.	 이에 코로나19의 확산이 지역적으로는 대구에, 사회적으로는 신천지라는 종교의 특수성에서 비롯된 만큼 대구 시민의 안전을 지키기 위한 방역 대책도 이 두 지점에 초점을 맞춰야한다는 점을 강조하기 위해 ‘대구 사태, 신천지 사태’로 표현한 것""이며 ""해당 발언은 지난 달 28일 권영진 대구시장이 신천지 대구교회 ㄱ 총무 등을 감염병의 예방 및 관리에 관한 법률 위반 혐의로 경찰에 고발한 상황에서 대구경찰청이 신청한 신천지 교회에 대한 압수수색 영장을 두 차례나 반려한 대구지검과 코로나19 확산의 원인을 중국으로 돌리려는 일부 언론을 비판하는 과정에서 나온 표현""이라고 주장했다.	또한 ""서울특별시 미디어재단 TBS는 서울시의 독립 법인으로서 서울시는 TBS의 방송 편성이나 내용에 관여하지 않고 있으며 법적으로도 관여할 수 없다.	 이는 KBS나 MBC같은 공영방송의 편성이나 내용에 정부가 직접 관여하지 않는 것과 동일한 것으로 이는 민주주의와 언론 자유의 가장 기본적인 전제""라고 덧붙이기도 했다.	-	 ⓒ .	 무단전재&재배포 금지 -"
"""그알"" 침대 위의 살인자–관악구 모자 살인사건 미스터리"," 7일, ‘그것이 알고 싶다’ 에서는 “관악구 모자 살인사건”의 미스터리를 파헤쳐본다.	# 관악구 재개발지역에서 일어난 한여름 밤의 비극예의 바르고 따뜻해 사람 좋기로 소문난 은정 씨에게는 이제 막 여섯 살이 된 사랑스러운 아들 민준 군이 있었다.	 이웃들은 항상 붙어 다녔던 모자의 다정한 모습을 여전히 기억하고 있다.	 은정 씨 동네는 오래된 주택들이 가득한 재개발지역으로, 살고 있던 그녀의 빌라도 곧 철거될 예정이었다.	 그렇게 이웃 주민들이 하나 둘 씩 떠나가고 은정 씨도 새로 이사 갈 곳을 알아보던 참이었다.	 2019년 8월 22일, 어머니와 함께 집을 보러 가기로 한 은정 씨가 온종일 연락이 되지 않았다.	 친정 식구들은 전날 밤 보냈던 문자에도 답이 없던 은정 씨가 걱정되어, 밤 9시경 은정 씨 빌라를 찾아갔다.	 하지만 불은 모두 꺼져있었고, 안에서는 아무런 인기척도 느껴지지 않았다.	 밤 11시경, 우여곡절 끝에 문을 열고 들어간 가족들.	 후덥지근한 공기로 가득 차 있던 집안에서 묘한 서늘함이 느껴졌다.	 그렇게 은정 씨와 여섯 살배기 아들 민준 군은 낯선 방문자가 다녀간 밀실에서 살해된 채 발견되었다.	 # 그리고 아무런 흔적도 남기지 않은 채 사라진 범인 “너무나 참혹한 현장.	 엄마는 저항하지 못하고 아이를 지켜주지 못하고, 그것도 한 장소에서.	.	.	  너무나 많은 횟수죠”-	법의학자 이호 교수 참혹한 모자의 상태에 누구도 말을 잇지 못했다.	 발견된 은정 씨는 아이 쪽을 바라보며 모로 누워있었고, 거꾸로 누운 어린 아들의 얼굴 위에는 베개가 덮여있었다.	 부검 결과 두 사람의 사인은 모두 목 부위의 다발성 자창.	 은정 씨는 무려 11차례, 민준이는 3차례에 걸쳐 목 부위를 집중적으로 피습 당한 상태였다.	 몸에 별다른 방어손상이 발견되지 않았고, 둘 다 잠옷을 입은 채 발견된 점으로 보아 누군가 잠든 모자의 목 부위만을 고의로 노려 단시간에 살해한 것으로 추정됐다.	  역대 최다 인원으로 투입된 경찰들, 한 달에 걸쳐 시행된 17번의 현장 감식에도 외부침입의 흔적과 지문 및 족적 등 범인을 찾을만한 단서는 나타나지 않았다.	 게다가 침대 위 상당한 양의 피에도 불구하고, 세면대 배수구와 빨래바구니 안의 수건에서만 모자의 적은 혈흔이 발견되었을 뿐이었다.	 침대 바닥이나 거실 등 집안 그 어디에서도 제삼자의 핏자국을 찾아볼 수 없었다.	 모자를 살해하고 피가 묻은 손을 씻은 뒤, 어떠한 흔적도 남기지 않고 현장에서 유유히 빠져나간 범인.	.	.	 은정 씨뿐 아니라 겨우 여섯 살 된 민준 군마저 잔혹하게 살해한 사람은 누구일까?	 # 사건 발생 50일째 체포된 용의자의 정체 “이건 외부 침입 없는 밀실사건이에요.	 그렇다면 비밀번호를 알고 들어오거나,안에 있는 사람이 열어주거나.	 둘 중 하나.	” -	범죄 심리학자 오윤성 교수 그런데 2019년 10월 초, 경찰이 50여 일 만에 용의자를 체포했다.	 용의자는 놀랍게도 은정 씨의 남편인 조 씨.	 그는 당시 집이 아닌 작업장에서 생활하고 있었는데, 시신이 발견되기 하루 전날 밤 빌라에 찾아왔던 것으로 확인되었다.	 밤 9시경에 집에 방문해 저녁을 먹고 잠들었다가 8월 22일 새벽 1시 반 경 아내에게 인사하고 집을 나섰다는 조 씨.	 사건 발생이 가능한 시간대에 빌라를 방문했고 제삼자의 외부침입 흔적이 전혀 없다는 점 때문에 구속되었지만, 그가 작업장으로 돌아온 모습이 찍힌 CCTV에는 별다른 특이점이 없었고 옷과 차량에서도 피해자들의 혈흔은 보이지 않았다.	 게다가 가장 중요한 범행도구도 발견되지 않았다.	 남편 조 씨가 범인이라고 단정할 직접적인 증거는 어디에도 없었다.	 어떻게 처자식을 살해할 수 있냐며 억울함을 호소하고 있는 조 씨.	 은정 씨와 민준 군은 정말 그토록 사랑했던 남편, 아빠에게 살해당한 것일까?	  은정 씨 가족들은 유일한 용의자인 조 씨를 의심하며 엄중한 처벌이 내려지길 기다리고 있다.	 반면 범행동기도, 이를 입증할 직접 증거도 없다며 결백함을 주장하고 있는 조 씨의 가족은 방송 직전, 방송금지가처분 소송을 제기했지만, 법원은 방송을 허락했다.	 7일, SBS ‘그것이 알고 싶다’ 에서는 미궁에 빠진 그날의 진실을 밝히기 위해 잔혹한 침대 위의 살인자를 추적한다.	 -	 ⓒ .	 무단전재&재배포 금지 -"
120만 회원 보유 야나두 ‘평생수강’ 성공 스토리 공개로 화제 모아,"영어는 우리에게 가장 익숙한 외국어이기도 하지만 여전히 영어를 유창하게 배우려는 사람들의 도전은 배우, 경찰, 미스코리아 등을 막론하고 다양한 직업에서 이어지고 있다.	이에 이번에 야나두에서 제공하는 ‘평생수강 패키지’는 차별화된 10분 강의로 꾸준히 영어 공부할 수 있도록 구성하여 수강생들의 성공 스토리가 화제를 모으고 있다.	 야나두의 한 회원은 “영어공부는 꾸준함이 중요한데 평생수강 패키지는 중도포기를 막고자 장학금제도를 운영하여 동기 부여가 확실했다”라고 말하면서 “기초 영어 전 강좌가 무제한으로 제공되고 1:1 보이스케어로 밀착해서 관리해주니까 영어 포기자였던 나도 장학금을 받았다”라고 전했다.	 1대1 케어 서비스는 수강자가 매일 새로운 교안을 학습하고 그와 관련된 내용을 녹음하면 발음을 첨삭해주며 원어민 선생님에게 직접 과외받는 듯한 교육 과정을 담고 있다.	 120만 회원을 보유하고 있는 야나두는 관계자는 “장학금 제도 시행 덕분에 완강률이 2배나 상승했고 현재까지 지급한 장학금 누적액이 28억이다”라고 설명하면서 “밀착케어 뿐만 아니라 동기부여 장학금 혜택도 제공하고 있다”라고 덧붙였다.	야나두 관계자는 “야나두의 메시지는 ‘너도, 할 수 있다’라는 것을 보여주는 것인데, 평생수강 성공 후기는 다른 수강생들에게도 이 철학을 보여줄 수 있는 좋은 방법이 되므로 앞으로 계속 성공 스토리를 공개할 예정이다”라고 밝혔다.	 한편 야나두 평생수강 혜택을 받기 위해서는 ‘평생수강 패키지’ 조건으로 누적 출석일 77일 이상 달성이 필요하다.	 이 조건이 달성되면 버튼 하나로 무제한 수강이 가능하다.	 -	 ⓒ .	 무단전재&재배포 금지 -"
대규모 채용 증원 경찰공무원…탑에듀 인강 2배 환급반 인기,"올해 경찰공무원 1차 시험이 오는 4월 4일 필기시험을 시작으로 진행될 예정인데 가운데, 2020년도 채용인원은 작년 대비 큰 폭의 상승을 보였다.	 공채와 경채 모집을 합쳐 작년보다 2,500명가량 증원된 5,825명이라는 대규모 인원을 채용할 계획인 것.	 최근 지속적으로 인원을 늘려 왔던 여성 경찰공무원은 지난해 1차 396명에서 올해 1차 690명으로 크게 증가했다.	이러한 경찰 인력 증원에 맞춰 탑에듀 교육원은 ‘더블환급패스’ 패키지를 출시했다고 26일 전했다.	 경찰공무원 더블환급패스는 한국사 조민주, 영어 이유진, 경찰학개론 임화성, 형사소송법 이지민, 형법 정승회 등 전 과목 1타 강사진의 밀도 높은 해설과 족집게 강의로 단기간 개념 이해와 실전 대비까지 가능하다.	최근 상승하는 경찰 시험 난이도를 분석해 과목별로 기본입문 강의와 핵심강의, 기출문제풀이와 예상문제풀이, 실전모의고사 등 단계별 커리큘럼을 구성해 기본개념 및 심화이론 완성과 출제 유형 파악이 가능하고, 더 나아가 다양한 유형별로 최적화된 실전 감각을 끌어올릴 수 있다.	 또, 차별화된 학습 컨텐츠도 주목할 만하다.	 과목별 무제한 응시할 수 있는 랜덤 기출 모의고사 시스템을 갖춰 본인의 실력을 파악할 수 있고, 실제 시험과 유사한 환경을 조성해 실전 대비가 충분히 가능하다.	 여기에 틀린 문제는 자동오답노트방에 저장돼 취약한 부분을 빠르게 보완할 수 있으며, 과목별로 모의고사 평균 점수와 응시횟수, 최신점수, 오답노트 응시횟수 등이 상세히 표시돼 보다 계획적인 학습을 지원한다.	수강혜택도 화려하다.	 더블환급패스 수강생 전원에게 20만 원 상당의 전과목 교재를 증정하며, 2020년 경찰공무원 공채 최종합격 시에는 교재비 포함 수강료를 200% 환급해 주는 프로모션도 포함해 수험생들의 동기부여를 극대화할 예정이다.	 불합격 시에는 90일간 무료로 수강을 연장해 준다.	 탑에듀 홈페이지에 방문하면 샘플강의와 정확한 커리큘럼을 확인할 수 있으며, 경찰시험 학습자료와 1:1 학습상담 신청도 가능하다.	한편, 탑에듀는 한국마케팅포럼이 주관하는 ‘대한민국 브랜드 만족도 1위’에서 온라인교육부문 2018•2019년 2년 연속 1위에 선정된 바 있다.	 경찰공무원 과정을 비롯하여 소방공무원, 공인노무사, 보험계리사, 감정평가사, 계리직공무원, 손해사정사, 한국어교원자격증, 사회조사분석사, 손해평가사 등 다양한 강의를 제공하고 있으며, 인터넷 교육 분야에서 오랜 노하우를 쌓아 온 공무원시험 및 국가자격증 전문교육기관이다.	-	 ⓒ .	 무단전재&재배포 금지 -"
"박원순 시장 고소인 “4년간 성폭력 지속, 속옷사진 전송·신체접촉” 주장","박원순 서울시장을 성추행 혐의로 경찰에 고소한 전 비서 A 씨 측이 “지난 4년간 위계에 의한 성폭력이 지속적으로 이어져왔다”고 주장했다.	 13일 오후 2시 A 씨 측은 서울 은평구 ‘한국 여성의 전화’  회견을 열고 이같이 밝혔다.	 A씨 측 주장에 따르면, 박 시장은 A씨에게 본인의 속옷 차림 사진을 전송하거나 늦은 밤 텔레그램방 대화를 요구했다.	 박 시장의 집무실과 집무실 내 침실 등에서 불필요한 신체접촉을 하기도 했다는게 A씨 측의 주장이다.	 이미경 한국성폭력상담소장은 "" 수위는 심각해지고 A씨의 부서가 변경된 이후에도 개인적 연락이 지속됐다""며 ""서울시장이라는 위력 속에서 거부 못하는, 전형적인 위력에 의한 성폭력 특성을 가진다""고 말했다.	 A씨 측은 ""서울시 내부에 도움을 요청했으나 '시장은 그럴 사람이 아니다'라며 시장의 단순 실수로 받아들이라고 하거나, 비서의 업무는 시장의 심기를 보좌하는 역할이자 노동으로 일컫거나, 피해를 사소화하는 등의 반응이 이어져서 더 이상 피해가 있다는 말조차 할 수 없는 상황이었다""고 밝혔다.	 기자회견에는 김재련 변호사와 한국여성의전화·한국성폭력상담소 관계자들만 참석했다.	-	 ⓒ .	 무단전재&재배포 금지 -"
에듀윌 경찰공무원 형사소송법 정통 교수 “학습량 줄이고 빠르게 합격”,"“경찰공무원 형사소송법은 전략이 가장 중요합니다.	 분량과 방법이 정해져 있는 과목이기 때문입니다.	 합격에 꼭 필요한 내용만 전달하겠습니다!	”종합교육기업 에듀윌 경찰공무원 형사소송법 정통 교수를 만나 빠르게 형사소송법을 학습할 수 있는 전략을 들어보았다.	“형사소송법은 법 과목입니다.	 심지어 절차법으로 초학자들에게는 접근하기 매우 까다로운 과목입니다.	 그러나, 경찰공무원 시험 과목으로써의 형사소송법은 충분히 고득점이 가능합니다”라고 말을 꺼낸 정통 교수는 정 교수만의 필승 강의법을 소개했다.	우선 정 교수의 강의는 철저한 출제 분석과 정리로 분량을 줄였다는 점에서 인기가 많다.	 정통 교수는 시험의 출제 경향을 세밀하게 분석해 모든 절차를 원샷 원킬로 끝낼 수 있게 정리했으며, 입체화, 구체화, 현실화를 통해 쉽게 이해할 수 있도록 했다.	또한, 정 교수는 합격을 위한 몇가지 포인트를 전달했다.	 첫 째, 출제 방식의 변화를 파악해야 한다.	 기존 수사 중심에서 공판 중심으로, 조문에서 판례 중심으로 등 최신 시험 트렌드를 따라야 한다는 것이다.	 둘째, 용어 이해와 문제풀이 병행은 필수적이다.	 용어를 이해해야 소송 절차를 이해할 수 있고, 절차의 진행 취지를 이해해야지 문제풀이가 가능하기 때문이다.	 특히 유사하지만 다른 제도는 그 취지와 실례를 같이 이해하고 암기해야 한다.	“10개월 동안 교수님 강의를 수강했고, 이번 시험은 교수님의 모의고사 덕분에 합격했다고 생각합니다”, “무조건 정통 교수님 강의 들으면 형소법은 보장됩니다.	 진국이라는 말 밖에 안나옵니다” 등 수강 후기에는 합격생들의 호평이 잇따르고 있다.	정통 교수는 마지막으로 수험생을 위한 응원 인사를 남겼다.	 “여러분의 꿈이 이루어질 수 있도록 항상 돕겠습니다.	 모두 합격까지 화이팅입니다!	”에듀윌 경찰공무원 형사소송법 정통 교수의 강의는 에듀윌 경찰공무원 서울 노원학원 및 온라인을 통해 수강할 수 있다.	 한편, 에듀윌은 세 번의 대통령상 수상을 비롯, 정부기관상 12관왕에 빛나는 종합교육기업이다.	 한국리서치 공무원 선호도, 인지도 1위 기업 조사 결과 인지도 1위에 올랐으며, KRI 한국기록원에 공인중개사 최다 합격자 배출 기록을 세 번 공식 인증받았다.	 이와 같은 업계 유일 '합격자 수 최고기록'은 아무도 깨지 못한 기록이다.	-	 ⓒ .	 무단전재&재배포 금지 -"
"해커스공무원, 7급 공무원 시험 완벽 대비 ‘7급 전용패스’ 출시","2020년 공무원 채용이 29년 만에 최대가 되면서 공무원 시험을 준비하는 공시생도 늘어나는 추세다.	 그중 7급 국가직 공무원의 경우, 2021년 시험부터 7급 공무원 시험과목이 개편되어 PSAT가 도입될 예정이다.	 이러한 개편 이슈에 맞춰 9급/7급 공무원 학원 및 공무원 인강으로 추천받는 해커스공무원이 7급 공무원 시험을 준비하는 수험생을 위해 월 2만 원대 수강료로 PSAT 강의까지 수강 가능한 ‘해커스공무원 7급 전용패스’를 선보여 주목을 받는다.	 해커스공무원 ‘7급 전용패스’는 2020년 시험만 준비하는 수험생들을 위한 ‘7급 전용패스 기본형’과 2020년과 2021년 시험을 함께 준비하는 수험생들을 위한 ‘7급 전용 패스 프리미엄형’이 있어 수험생의 상황에 맞게 수강할 수 있도록 구성됐다.	 더불어 월 2만 원대의 합리적인 수강료로 공시생들의 경제적인 부담도 덜어준다.	 ‘7급 전용패스’는 합리적인 수강료와 함께, 7급 공무원 합격에 필요한 모든 강의를 수강할 수 있다.	 또한, 24개월 동안 PC/다운로드/모바일 모두 횟수/배수 제한 없이 무제한으로 수강할 수 있다.	 뿐만 아니라, 강의 수강에 필요한 공무원 국어, 영어, 한국사 기본서와 기출문제집 교재를 제공하고, 지텔프, 토익 700점+, 제2외국어 중국어/프랑스어/스페인어/일본어, PSAT 언어논리, 자료해석, 상황판단 등의 강의를 전부 수강할 수 있다.	 해커스공무원은 ▲핵심타파 국어 신민숙 ▲맵핑 한국사 이중석 ▲국 경제학 김종국 ▲스마트 헌법/행정법 신동욱 ▲대한국사 윤승규 ▲명품 행정학 송상호 ▲패권 국제법/국제정치학 이상구 등 스타강사의 강의를 제공하고 있으며, 2021 대비 PSAT 강의도 제공한다.	 더불어 신규 입성하는 강사의 모든 강의도 수강할 수 있다.	 추가로 일일/주간/월간 학습지인 회독증강도 옵션으로 선택 가능하다.	 규칙적인 문제풀이를 통해 회독을 극대화시키는 학습지로 주간학습지로 국어, 영어, 한국사가 있으며, 월간학습지로 행정학, 행정법을 제공한다.	 회독증강을 이용할 경우 회독증강 전용 온라인 서비스를 제공해 성적 분석부터 해설강의까지 한 번에 이용할 수 있다.	 해커스공무원은 ‘7급 전용패스’ 친구추천 이벤트도 진행한다.	 친구와 함께 방을 만들고, 커뮤니티에 방 번호와 비밀번호를 소문내고 친구를 모으면 최대 15만 원의 할인을 받을 수 있다.	 참고로, 2020년 국가공무원 공채시험 일정은 사이버 국가고시센터를 통해 확인할 수 있다.	 해커스공무원은 토익, 영어, 자격증 인강을 제공하는 해커스인강 챔프스터디, 해커스자격증 등으로 유명한 해커스 교육그룹의 공무원 교육 전문 브랜드다.	 해커스공무원은 한경 비즈니스 선정 2020 한국소비자만족지수 공무원 교육 부문 1위로 선정되었다.	 해커스공무원은 국가직/지방직/서울시 공무원을 포함한 7급/9급 공무원 시험, 군무원 시험 강의 등을 지원하고 있으며, 해커스경찰과 해커스소방도 경찰공무원과 소방공무원 시험 준비생을 위해 경찰공무원/소방공무원 학원 강의 및 인강을 제공하고 있다.	-	 ⓒ .	 무단전재&재배포 금지 -"
"해커스공무원 ‘군무원 평생패스’, 합리적 가격으로 군무원 시험 단기 합격 도와","국방부가 2020년 군무원을 역대 최대 규모인 5,200명으로 증원할 것으로 밝히면서, 군무원 시험을 준비하려는 사람들이 많다.	 이에 공무원학원 및 공무원인강으로 추천받는 해커스공무원이 월 2만 원대의 합리적인 가격에 평생 무제한으로 수강할 수 있는 ‘군무원 평생패스’를 선보여 주목받고 있다.	 해커스공무원은 토익, 영어, 자격증 인강을 제공하는 해커스인강 챔프스터디, 해커스자격증 등으로 유명한 해커스 교육그룹의 공무원 교육 전문 브랜드다.	  군무원 시험은 9급 공무원 시험과목이 5과목인 것에 비해 3과목으로 준비가 가능하다.	 영어는 토익/지텔프 시험 점수로 대체할 수 있고, 한국사는 한국사능력검정시험으로 대체가 가능하여 공무원 시험을 처음 준비하는 사람들도 충분히 도전할 수 있다.	 해커스공무원 ‘군무원 평생패스’는 수험생들이 비용 부담 없이 준비할 수 있도록 월 2만 원대의 합리적인 가격에 직렬별로 필요한 강의를 제공한다.	 행정직, 전산직, 수사직, 군수직 총 4종의 전용 강의를 선택하여 수강할 수 있다.	 ‘군무원 평생패스’는 해커스공무원의 과목별 스타강사의 강의를 선생님 선택 제한 없이 무제한으로 수강할 수 있도록 제공한다.	 ▲핵심 타파 공무원 국어 신민숙 ▲秀 행정법 공무원 행정법 함수민 ▲쉬운 행정학 공무원 행정학 조철현 ▲局 경제학 공무원 경제학 김종국 ▲전산직 홍재연 ▲형법/형소법 김대환 강사 등의 스타강사의 강의를 제공하고, 경영학 권우주 강사를 새롭게 영입해 군수직까지 대비할 수 있다.	 더불어, 영어와 한국사 자격증 취득에 필요한 한능검, 토익, 지텔프 강의도 제공한다.	 먼저 기초영어 전문가 비비안 강사의 지텔프 강의를 제공한다.	 해커스 ‘지텔프 기출문제집’으로 진행되는 강의로, ‘지텔프 기출문제집’은 지텔프 출제기관에서 공식 기출문제를 독점적으로 제공받은 교재로 알라딘 외국어 베스트셀러 G-	TELP 분야 1위를 기록했다.	 또한, RC 김진태 강사와 LC 에일리 강사가 진행하는 외국어인강 1위 해커스인강의 토익 강의도 제공한다.	 한국사 시험에 대비할 수 있도록 한국사 연미정 강사의 강의도 제공하여 한국사 2주 단기 완성을 가능하게 한다.	 ‘군무원 평생패스’에 관한 자세한 사항은 해커스공무원 사이트에서 확인할 수 있으며, 해커스공무원은 국가직/지방직/서울시 공무원을 포함한 9급/7급 공무원 시험, 군무원 시험 등을 준비하는 공시생들을 위한 학원 강의와 인강을 제공하고 있다.	 해커스공무원과 함께 해커스경찰과 해커스소방도 경찰공무원과 소방공무원 시험 준비생을 위해 경찰공무원/소방공무원 학원 강의 및 인강을 제공하고 있다.	 한편, 해커스인강은 헤럴드 선정 2018 대학생 선호 브랜드 대상 ‘대학생이 선정한 외국어인강’ 부문 1위를 차지했다.	-	 ⓒ .	 무단전재&재배포 금지 -"
"""궁금한 이야기Y"" 코로나19 감염자 사칭 유튜버, 그들이 얻고자 하는 것은? [오늘밤TV]"," 코로나19 감염자를 사칭하는 유튜버들의 목적은 무엇있까.	오늘 방송되는 SBS '궁금한 이야기 Y'에서는 코로나19바이러스 감염자를 사칭하는 유튜버들의 행태와 그들의 목적을 알아본다.	 지난 달 29일, 동대구역 앞에서 도망가는 한 남성을 하얀 방진복으로 무장한 사람들이 다급하게 뒤쫓는 일이 벌어진다.	 대낮 도시 한복판에서 일어난 영화 속 한 장면 같은 추격전에 이를 목격한 사람들은 소스라치게 놀라고 만다.""	이름 부르면서 계세요?	 감염환자입니다 이러면서 뛰어가더라구요"" 당시 현장에 있던 목격자의 증언그리고 다음날, 부산의 한 지하철에선 더 큰 소동이 벌어진다.	 붐비는 열차 안에서, 한 남자가 숨이 넘어갈 듯 마른기침을 내뱉으며 자신이 신종 코로나바이러스 감염자라 외친 것이다.""	의심이 되니까 지역보건소에 요청을 했는데, 결과는 음성으로 나왔습니다"" 당시 출동한 경찰관하지만 경찰 확인결과, 소동을 일으킨 사람들은 모두 개인 채널을 운영하는 유튜버로 밝혀진다.	 그리고 이들이 벌인 행동 역시 모두 연출된 자작극임이 드러난다.	 그렇다면 전세계가 바이러스와의 전쟁을 치르고 있는 이 때, 이들은 왜 이런 무책임한 연극을 벌인 것이고 수많은 시민들을 공포에 몰아넣으며 찍는 영상, 선을 넘는 행동으로 유튜버들이 얻으려는 건 무엇일까.	힌편 '궁금한 이야기Y'는 매주 금요일 오후 8시 55분에 방송된다.	-	 ⓒ .	 무단전재&재배포 금지 -"
"양예원, 악플러 공개 저격…""떠들어대는거 보면 토나와"""," 유튜브 운영자 양예원이 악플러를 향해 강한 일침을 가했다.	지난달 14일 양예원은 개인 인스타그램에 특정 인물이 남긴 악플을 캡처한 후 장문의 글을 게재했다.	악플러는 양예원에게 ""적어도 폐 끼치는 인간은 되지 말아야한다.	 이미지 하나 살려보겠다는 비겁한 거짓말이 한 사람을 죽음으로 몰고가고 유가족에겐 씻을 수 없는 상처를 줬다""며 ""뭘 잘했다고.	 반성하지는 못할망정.	 꼭 벌 받을거다.	 뿌린대로 거둘 것""이라고 경고했다.	이에 양예원은 ""사법부가 아무리 XX이라고 소문났어도 그 사람들 멍청한 사람들 아니다.	 그 많은사람들이 단 한번도 이상한 부분이 없다 판단했고, 그 모든게 대법원까지 인정이 되어서 형량 단 1일도 안 깎이고 유죄 떨어진 사건이다""라고 억울함을 호소했다.	그러면서 ""추가 피해자가 몇 명이고 추가로 나온 증거들이 몇 갠지 아냐.	 증언할 때 나만 증언한 거 아니다""라며 ""추가 피해자 증언도 있었고, 거기서 사진 찍던 사람들도 와서 증언하고 갔다.	 그런데도 유죄였다""고 상황을 설명했다.	끝으로 양예원은 ""그 상황에 들어가서 겪어본 거 아니면 말을 하지 마라.	 알지도 못하면서 뭐 아는냥 떠들어 대는거 보면 진짜 토 나온다""고 분노를 드러냈다.	앞서 양예원은 지난 2018년 5월 성범죄 피해자 사실을 고백하며 과거 강압적 노출 사진 촬영 등 성추행 피해를 폭로한 바 있다.	이후 경찰 조사가 진행되는 과정에서 스튜디오 실장과의 진실공방이 벌어졌는데, 논란이 확산되던 중 스튜디오 실장이 북한강에 투신하고 스스로 목숨을 끊었다.	 이에 스튜디오 실장에 대한 혐의는 '공소권 없음'으로 처리됐다.	-	 ⓒ .	 무단전재&재배포 금지 -"
"[종합] 양예원 ""억울한 사람 죽음 몰았다고? 그사람이 인생망친 여자가 몇명인지 알아?""…악플러와 설전 (전문)"," 유튜버 양예원이 악플러와 설전을 벌였다.	양예원은 최근 인스타그램을 통해 한 네티즌의 댓글을 캡처해 게재한 뒤 ""억울한 사람 죽음으로 몰았다고?	 그 사람이 인생 망친 여자가 몇 명인지 알아?	 어디서 뚫린 주둥이라고 함부로 떠들어.	 대가리가 나쁘면 노력이라도 해!""	라고 강도 높게 비난했다.	 앞서 해당 네티즌은 양예원을 향해 ""적어도 폐 끼치는 인간은 되지 말아야죠.	 님 이미지 하나 살려보겠다는 비겁한 거짓말이 한 사람을 죽음으로 몰고 가고 유가족에겐 씻을 수 없는 상처를 줬잖아요.	 그런데 뭘 잘했다고 반성하지는 못할 망정.	 님은 꼭 벌 받을 거예요.	 뿌린대로 거둘거라고요"", ""인간이 먼저 되셨으면"" 등의 댓글을 남겼는데, 이에 대한 양예원의 반박이다.	양예원은 더불어 ""잘 들어 사법부 아무리 XX이라고 소문 났어도 그 사람들 멍청한 사람들 아니야""라면서 ""경찰 조사 검찰 조사만 몇 차례씩 10시간 이상 조사하고 법원만 10번을 넘게 들락날락거리면서 증언하고 재판 1심 재심 상고심까지 다 가는 동안 내 진술을 검토하고 조사한 경찰과 검사 판사가 몇 명일까?	 그 많은 사람들이 단 한번도 이상한 부분이 없다 판단했고 그 모든 게 대법원까지 인정이 되어서 형량 단 1일도 안 깎이고 유죄 떨어진 사건이야""라며 비공개 촬영회 사건은 이미 법적으로 피의자들에게 유죄가 선고됐다는 점을 강조했다.	또한 이같은 글을 올리고 댓글을 추가로 적으며 양예원은 ""그리고 꼬우면 고소해 꼭!	 너 신상 좀 알자.	 가계정으로 지랄 말고 실명이랑 면상 까고 덤벼""라고 해당 네티즌을 강하게 비난했다.	 지난해 8월 양예원의 사진을 유출하고 양예원을 추행한 혐의를 받은 40대 남성에게는 실형이 확정된 바 있다.	 당시 대법원 2부는 강제추행 및 성폭력범죄의 처벌 등에 관한 특례법상 동의촬영물 유포 혐의로  기소된 40대 최모 씨에 대한 상고심에서 징역 2년6개월을 선고한 원심을 확정했다.	이보다 앞서 지난해 4월 항소심 선고 후에 양예원은 직접 취재진 앞에 선 채 ""사이버 성범죄는 다른 성범죄들과는 양상이 다르다.	 피해가 한번 일어나서 끝나는 게 아니고 피해가 언제 또 다시 일어날지 모르며 몇 년이 지속될지 모르는 범죄""라고 말하기도 했다.	당시 양예원은 ""저뿐 아니라 또 다른 사이버 성범죄 피해자 분들 역시 항상 저처럼 그렇게 생각하며 살 것""이라며 ""얼마나 심각하고 이 범죄가 얼마나 무거운 범죄인지 경각심이 더 생겨났으면 하는 마음""이라는 심경을 전했다.	니 상대할가치 없어서 니수준맞춰서 말해준거야.	 잘들어 사법부 아무리 XX이라고 소문났어도 그사람들 멍청한사람들 아니야^^ 경찰조사 검찰조사만 몇차례씩 10시간 이상 조사하고 법원만 10번을 넘게 들락날락거리면서 증언하고 재판 1심 재심 상고심까지 다 가는동안 내 진술을 검토하고 조사한 경찰과 검사 판사가 몇명일까?	 그 많은사람들이 단 한번도 이상한부분이 없다 판단했고 그 모든게 대법원까지 인정이되어서 형량 단 1일도 안깍이고 유죄떨어진 사건이야.	 유가족?	 억울한사람 죽음으로 몰았다고?	 그사람이 인생망친 여자가 몇명인지 알아?	 어디서 뚫린주둥이라고 함부로 떠들어 대가리가 나쁘면 노력이라도해!	 추가 피해자가 몇명이고 추가로 나온 증거들이 몇갠데ㅋㅋㅋ 증언할때 나만증언한거 아니야~ 추가피해자 증언도 있었고 거기서 사진찍던 사람들도 와서 증언하고 갔어^^ 그런데도 유죄야!	 알겠니?	 그상황에 들어가서 겪어본거 아니면 말을 하지마~ 알지도 못하면서 뭐 아는냥 떠들어대는거 보면 진짜 토나와ㅠ 꼭 너랑 가족같이 가까운사람이 나와 똑같이 당하길 바래 알았지?	 그때도 똑같이 말할수있나보자^^ 아 그럴 여자도 주변에 없으려나?	-	 ⓒ .	 무단전재&재배포 금지 -"
"에듀윌 경찰공무원 대전학원 “필기부터 실기, 면접까지 효율적으로 준비해야”","경찰공무원 시험은 필기부터 실기, 면접까지 준비할 것이 넘쳐나는 시험이다.	 때문에 경찰공무원 임용을 준비하고 있는 공시생이라면 필기부터 면접까지 모두 체계적으로 지원해주는 교육 기관을 선택해 보다 효율적으로 시험에 대비하는 것이 중요하다.	 종합교육기업 에듀윌이 직영으로 운영하는 에듀윌 경찰공무원 대전학원은 경찰공무원 합격에 필요한 콘텐츠를 폭넓게 제공한다.	 수험생 별로 학습 시작일부터 시험일까지 체계적인 학습 커리큘럼을 제공하며, 경찰공무원 전문 교수진의 생생한 직강부터 온라인 강의까지 폭넓게 지원하고 있다.	 에듀윌 경찰공무원 대전학원은 학원 내에 실제 시험에 사용되는 측정 시설을 구비하여 경찰 공무원 체력 시험을 체계적으로 준비할 수 있게 도울 뿐만 아니라, 경찰공무원 전용 온라인 면접 특강도 제공한다.	 학습 콘텐츠에 더해 엄격한 1:1 관리도 지원한다.	 경찰공무원 전문 학습 매니저가 1:1 맞춤 컨설팅과 학습 관리로 시험 당일까지 학습 의지를 다질 수 있게 도와준다.	 학원에서 오랜 시간을 보내는 수험생을 위해 다양한 편의시설과 휴게시설, 최신식 강의 시설도 마련해 쾌적한 학습 환경을 제공하고 있기도 하다.	에듀윌 경찰공무원 대전학원의 우수한 교육 콘텐츠와 쾌적한 시설은 서울 노원, 부선 서면에 위치한 에듀윌 경찰공무원 직영학원에서 모두 만나볼 수 있다.	한편, 에듀윌은 대통령상을 비롯한 정부 기관상 12관왕을 달성한 종합교육기업이다.	 특히, KRI 한국기록원으로부터 2년 연속 공인중개사 최다 합격자 배출 기록을 공식 인증 받았으며 한국리서치로부터 공무원 선호도, 인지도 1위 기업을 입증받은 유일한 기업이다.	-	 ⓒ .	 무단전재&재배포 금지 -"
"[속보]박원순 시장 유언장 공개, “화장해서 부모님 산소에 뿌려달라”[전문]","9일 숨을 거둔 박원순 서울시장의 유언장이 공개됐다.	 10일 공개된 유언장에 따르면, 박원순 시장은 “모든 분에게 죄송하다.	 내 삶에서 함께 해주신 모든 분들에게 감사드린다.	 오직 고통밖에 주지 못한 가족에게 내내 미안하다.	 화장해서 부모님 산소에 뿌려달라.	 모두 안녕”이라는 유언을 남겼다.	 앞서 박원순 서울시장은 10일 새벽 서울 북한산 숙정문 인근에서 숨진 채 발견됐다.	 9일 오후 5시20분께 박 시장의 딸이 “이상한 말을 남기고 나간 뒤 연락이 안된다”며 112에 신고한지 7시간여만이다.	이날 경찰에 따르면, 전날 오후부터 박원순 시장의 모습이 마지막으로 포착된 북악산 일대를 수색하던 경찰은 10일 0시 1분께 숙정문 인근 성곽 옆 산길에서 박 시장의 시신을 발견했다.	박 시장의 시신은 서울대병원에 안치돼 있으며, 장례는 서울대병원 장례식장에서 5일장으로 치러진다.	 발인은 이달 13일로 예정돼 있다.	-	 ⓒ .	 무단전재&재배포 금지 -"
