고유정 의붓아들 친부 “부실수사 감찰하라”…경찰청에 진정서 제출," 전 남편 살해 사건으로 대법원에서 무기징역이 확정된 고유정이 의붓아들 살해 혐의에 대해서 무죄 판결을 받자 의붓아들의 친부가 수사 담당 경찰서에 대한 감찰을 경찰청에 요청했다.	   9일 고씨의 재혼남편 A씨 측은 오전 서울 서대문구 미근동 경찰청에 사건 수사 관련 진상 조사를 요구하는 내용의 진정서를 제출했다.	   A씨의 법률대리인은  들과 만난 자리에서 “고유정의 의붓아들 살해 혐의 무죄 판결의 책임은 경찰에 있다고 본다”며 “감찰을 통한 충북 청주 상당경찰서 수사 팀원들의 징계를 요청하기 위해 이 자리에 왔다”고 밝혔다.	   그는 “의붓아들 사망 당시 현장을 보존했다면 증거를 인멸하지 못했을 것이고, 고유정을 조사했다면 지금과는 다른 결과가 있었을 것이라고 생각한다”고 주장했다.	   이어 “고유정을 조사했다면 전 남편에 대한 살인 사건도 일어나지 않았을 것”이라며 “이렇게 부실한 수사를 했을 때 징계나 진상 조사가 이뤄졌는지 알 길이 없다”고 호소했다.	   특히 A씨 측은 해당 사건을 수사한 충북 청주상당경찰서가 부실수사 의혹 제기를 막으려고 한 행위들이 있었다고 폭로했다.	   A씨 측은 “당시 경찰 간부가 고유정과 대질신문 시에 A씨가 5세 아이가 성인 다리에 질식된 사례가 있냐고 물었더니 수사과장이 ‘이런 사례는 만들면 된다’고 했고, 실제 판례로 확정됐다”고 주장했다.	   또한 “수사팀장은  안타까운 소식을 듣고 친구들이 한 방송 프로그램에 글을 올렸는데 어떻게 전화번호를 알고 연락해 올리지 못하도록 했다”며 “경찰 당국이 언론을 겁박한 정황도 있다”고 의혹을 제기했다.	   그러면서 “국민이 납득하지 못하는 재판 결과에 진정서를 제출할 수밖에 없다”면서 “경찰 자체 조사를 믿고, 타당한 징계가 이뤄지길 부탁드린다”고 말했다.	   앞서 지난 5일 대법원 1부는 살인, 사체손괴, 사체은닉 혐의로 기소된 고유정의 상고심에서 무기징역을 선고한 원심을 확정했다.	 반면 의붓아들 살해 관련 혐의에 대해서는 무죄로 본 원심을 유지했다.	   대법원은 “고유정의 고의에 의한 압박 행위가 아닌 함께 잠을 자던 아버지에 의해 눌려 사망했을 가능성을 배제할 수 없다”며 “고의에 의한 압박으로 사망했더라도 행위를 고유정이 했다고 단정할 수 없다”고 설명하며 원심을 유지했다.	   이에 A씨측은 대법원 판결이 나온 직후 “사건 초기 청주 상당경찰서의 잘못된 판단으로 죽은 사람만 있고, 가해자는 없는 미제사건이 돼버렸다”며 “경찰이 고씨의 거짓 진술을 믿고 수사를 진행했다”고 주장했다."
조응천 “윤석열 배제하면 정의 바로 서나”…추미애 비판," 추미애 법무부 장관이 윤석열 검찰총장에 대해 징계를 청구하고 직무집행 정지 명령을 내린 것을 둘러싸고 더불어민주당 내에서도 비판이 나왔다.	   25일 민주당 조응천 의원은 자신의 페이스북을 통해 “징계사유의 경중과 적정성에 대한 공감 여부와 별개로, 과연 헌정 사상 초유의 검찰총장 직무 배제 및 징계청구를 할 만한 일인지, 그리고 국가와 사회에 도움이 되는지 묻지 않을 수 없다”며 추 장관의 조치를 비판했다.	   조 의원은 “그간 우리 당과 청와대는 지속해서 검찰개혁을 강조해 왔다.	  지금 검찰개혁의 방향은 어떠냐”라며 “수사권 조정이라는 미명 하에 검찰에 어정쩡하게 수사권을 남겨두고 경찰에는 감시·감독의 사각지대를 다수 만들어 놓고 독점적 국내정보수집기능까지 부여했다”며 지적했다.	   이어 “그리고 공수처는 검경이 수사 중인 사건을 가져올 수도 있고 기소권도 행사하게 하여 여러 가지 우려가 제기됐다”며 여권이 총력을 기울이는 고위공직자범죄수사처 드라이브에도 제동을 걸었다.	   그러면서 그는 “우리는 야당의 비토권이라는 안전장치가 있으니 과하게 우려하지 않아도 된다고 했다.	 그런데 이제 와서는 그 비토권을 무력화시키는 법 개정을 진행하려 하고 있다”며 개정안 추진에도 비판적 입장을 보였다.	   특히 조 의원은 “윤 총장에 대해 추 장관은 취임 직후부터 몹시 거친 언사와 더불어 초유의 수사지휘권, 감찰권, 인사권을 행사했다.	 그러더니 급기야 직무배제 및 징계청구라는 돌아오지 못할 다리를 건너고야 말았다”며 “과연 이 모든 것이 검찰개혁에 부합되는 것이냐”고 비판했다.	   조 의원은 “공수처를 출범시키고 윤석열을 배제하면 형사사법의 정의가 바로 서냐”면서 “국민을 좀 편하게 하는 집권세력이 되면 좋겠다”고 덧붙였다."
"‘앨리스’ 연우, 김희선과 자매 케미 눈길"," 배우로 변신한 연우가 비주얼과 연기력, 김희선과의 환상 케미로 시선을 집중시켰다.	   지난 4일과 5일 방영된 SBS 드라마 '앨리스'에서 연우는 첫 등장부터 인형 같은 비주얼로 시선을 사로잡았다.	   연우는 극 중에서 윤태이의 여동생 윤태연으로 똑 부러지는 천재 물리학자인 언니와는 다르게 철부지 막내다.	 언니와 차별받는다며 투덜거리지만 그 모습마저 사랑스러운 인물.	   윤태연은 부모님이 운영하는 수사반점에 나타나 언니에게서 독립하고 싶다고 떼를 쓰며 첫 등장했다.	 윤태연은 투덜거리다가도 박진겸의 외모에 관심을 가지는 모습으로 웃음을 자아냈다.	   박진겸이 자신을 경찰이라고 소개하며 언니에 대해 묻자 바로 경계했고, 윤태이에게 상황을 설명하며 주의를 ?	다.	 특히 ""이상하고 재수 없는 사람이 있을 수 있지?""	라는 윤태이의 말에 ""언니 이야기야?""	라고 받아치다가도 박진겸을 만났다고하자 ""그 사람 만나?	 변태라며""라고 걱정하는 현실 자매의 모습으로 공감을 유발했다.	   연우는 김희선과 환상적인 '찐자매' 케미로 눈길을 끌었다.	 아름다운 외모로 비주얼 케미는 물론이고 티격태격하면서도 자매 덕후의 면모로 찰떡궁합을 자랑했다.	 언니의 존재감에 기가 눌리면서도 할 말은 다 하는 모습은 현실 막내 같아 시청자들의 공감을 자극하는 포인트.	   한편 매회 누구도 예측할 수 없는 흥미진진한 전개로 시청자를 쥐락펴락하는 SBS 금토드라마 '앨리스' 4회는 오늘 토요일 밤 10시 방송된다."
"유도 銀 왕기춘, 미성년자 성폭행 구속"," 2008 베이징올림픽 은메달리스트 왕기춘이 미성년자 성폭행 혐의로 구속돼 충격을 안겼다.	   오늘 대구지방경찰청은 지난 1일 왕기춘에 대한 구속영장이 발부됐다며 보충수사를 한 뒤 곧 검찰에 송치할 예정이라고 밝혔다.	 대구청은 지난 3월 16일 왕기춘에 대한 고소장이 대구수성경찰서에 접수된 뒤 미성년자를 상대로 한 사건, 피의자가 유명인사라는 점에 따라 사건을 넘겨받아 직접 수사에 나섰다.	   앞서 왕기춘은 지난 2009년 경기도 용인시 한 나이트클럽에서 함께 술을 마시던 여성을 데리고 밖으로 나가려 하는 자신을 가로막았다는 이유로 22세 여성을 폭행, 경찰 신세를 진 바 있다.	   왕기춘은 서울체고 3년 때인 2006년 세계청소년유도선수권대회 남자 73kg급 3위에 오르면서 한국유도 간판으로 등장했다.	 2008년 베이징올림픽 유도 남자 73kg급 준결승에서 갈비뼈가 부러졌지만 고통을 참고 결승에 나서 은메달을 목에 걸었다.	 부상만 아니었다면 충분히 우승할 수 있었다는 평가가 지배적이었다.	 왕기춘은 2007년과 2009년 세계유도선수권대회 남자 73kg급을 2연패, 세계 최강임을 인정받았으나 올림픽에 이어 2010 광저우 아시안게임서도 은메달에 그치는 등 종합대회 금메달과는 인연이 멀었다.	   왕기춘이 미성년자 성폭행으로 구속되자 유도관들은 서둘러 간판에서 그의 이름을 떼는 한편 왕기춘을 상대로 손해배상을 추진키로 했다."
"익산 아파트 일가족 3명 사망 미스터리…경찰, 40대 아빠 소행 추정"," 전북 익산의 한 아파트에서 일가족 3명이 사망한 사건과 관련해 경찰이 40대 가장을 유력한 용의자로 보고 수사를 벌이고 있다.	   9일 익산경찰서에 따르면 자신의 아내와 자녀 등 일가족 3명을 숨지게 한 혐의로 40대 가장 A씨에 대한 체포영장을 발부받았다.	   A씨는 지난 6일 오후 5시 33분께 익산시 모현동의 한 아파트에서 중학생 아들, 초등학생 딸, 아내를 숨지게 한 혐의를 받는다.	   A씨는 A씨의 매제의 신고를 받고 출동한 경찰에 의해 발견됐으며, A씨는 사건 현장에서 피를 흘리며 쓰러져 있는 상태로 출동한 경찰에 발견됐다.	 당시 A씨를 제외한 나머지 가족은 모두 숨진 상태였다.	   경찰은  사건 현장 조사를 비롯해 숨진 가족들의 검안 내용 등을 볼 때 A 씨가 가족을 숨지게 한 다음 극단적 선택을 시도한 것으로 추정하고 있다.	   특히 숨진 가족에게서 외상이 확인됐고, A씨 몸에서도 자해 흔적이 발견된 점, 외부 침임 흔적이 없고 집 안에서 생활고를 호소하는 유서가 나온 것 등도 이러한 추정을 뒷받침해 주고 있다는 것이 경찰의 설명이다.	   또한 현재 무직인 A씨는 수년 전부터 채무 변제 등으로 힘들어했던 것으로 알려졌다.	 병원 치료 중인 그는 상처가 깊고 출혈이 커 위중한 상태다.	   경찰은 A 씨가 회복되는 대로 체포영장을 집행해 사건 경위 등을 집중적으로 조사할 예정이다."
25살 생일 맞은 폴라초이스… 할인혜택 ‘풍성’," 스킨케어 브랜드 폴라초이스가 창립 25주년을 맞았다.	   폴라초이스는 과학적이며 합리적인 화장품 사용을 중시하는 창업자 폴라 비가운의 열정과 철학이 녹아든 브랜드다.	 비가운은 30년 동안 뷰티업계에서 아무도 하지 못한 ‘화장품에 대한 진실'을 알리며 주목받은 글로벌 화장품 비평가 1세대다.	   폴라 비가운은 화장품 매장 점원으로 뷰티 커리어를 시작했다.	 그러던 중 1977년 자신이 팔고 있는 브랜드가 모두에게 최고의 메이크업이나 피부 개선 효과를 제공하는 것은 아니라는 사실을 깨닫게 된다.	 이 때문에 ‘항상 모든 제품을 추천하기는 어렵다’고 생각했다.	   폴라 비가운은 “매니저에게 이같은 이야기를 했을 때 들은 반응이 충격적이었다”며 “매니저는 ‘고객은 우리 제품을 믿으니, 고민하지 말고 듣고 싶어 하는 말을 해주라’고 조언했다”고 회상했다.	 이 사건이 계기가 돼 비가운은 화장품을 보는 시각이 달라졌고, 화장품 비평가의 길을 가게 되었다.	   비가운이 설립해 전세계적으로 큰 성공을 거둔 웹사이트로 화장품과 미용에 관한 '가장 솔직한 답변을 얻을 수 있는 정보 소스'로 부상했다.	    수많은 글로벌 미디어가 폴라 비가운에 주목했다.	 비가운이 1985년 첫 저서 ‘푸른 아이섀도를 금하라’를 출간하면서 오프라 윈프리 쇼에 나가게 됐고, 이 때 ‘화장품 경찰관’이라는 별명을 얻게 된다.	   이같은 성공에 폴라 비가운은 1996년 직접 화장품 산업에 뛰어들어 '폴라스초이스'를 론칭했다.	 지금까지도 폴라스초이스는 우수한 효과와 합리적인 제품으로 사랑받고 있다.	 폴라초이스 관계자는 “비가운은 다양한 연구를 통해 성분에 대하여 진실을 밝히려고 노력하며 이를 바탕으로 새로운 포뮬레이션 개발을 지속하고 있다”고 설명했다.	   폴라 비가운은 현재도 브랜드 운영뿐 아니라 과학적 사실에 기반을 둔 비평을 지속하고 있으며, 새로운 트렌드를 접목한 정보를 제공하며 활발히 활동 중이다.	   이와 관련, 최근 신작 '인생 최고의 피부는 여기서 시작됩니다'를 출시했다.	 이는 비가운의 뷰티노하우가 설명된 일종의 '뷰티 바이블'이다.	 이는 폴라초이스 회원들에게 전자책 형태로 무료 제공된다.	   폴라초이스 관계자는 “비가운의 신작에는 최고의 스킨케어 루틴을 위해 속성을 파헤치고 이에 따른 유용한 피부관리법의 핵심을 담았다”며 “6월 한달 간 폴라초이스 코리아 골드·다이아몬드 고객이라면 구매 시 전자책이 담긴 USB를 증정받을 수 있다”고 했다.	   한편, 폴라초이스는 브랜드 론칭 25주년을 맞아 다양한 행사에 나선다.	 우선 공식 홈페이지에서 ‘루틴 파인더’로 자신의 피부 타입과 고민에 맞춘 '나만의 스킨케어 루틴'을 확인할 수 있다.	 6월 한 달간 루틴파인더에 참가한 전원에게 할인쿠폰을 선물할 예정이다.	   또 6월 한달 간 신규 가입 회원에게는 제품 25% 할인쿠폰을 증정하고, 매주 다양한 할인 행사에 나선다.	 폴라초이스 관계자는 “브랜드 25주년을 맞아 보내주신 사랑에 보답할 수 있는 행사를 풍성하게 마련했다”며 “폴라초이스 홈페이지를 자주 방문하며 체크하면 좋은 제품을 할인된 가격에 구매할 수 있는 기회가 될 것”이라고 말했다."
“나도 모르는 사이 지원 취소”…명의 도용해 타인 임용고시 못보게 한 20대男," 중등 임용고시를 준비 중인 한 수험생의 아이디와 비밀번호를 몰래 알아낸 뒤 응시 지원을 취소한 20대 남성이 경찰에 붙잡혔다.	   1일 전북지방경찰청 사이버수사대는 정보통신망법 위반 혐의로 A씨를 조사 중이라고 밝혔다.	   A씨는 앞서 지난 10월 26일 교직원 온라인 채용시스템에 수험생 B씨 아이디로 접속한 뒤 B씨의 응시 접수를 취소한 혐의를 받고 있다.	   지난달 21일 임용시험을 앞둔 B씨는 수험표를 출력하기 위해 해당 사이트에 접속했다가 시험이 취소된 사실을 뒤늦게 알아차린 것으로 알려졌다   B씨는 교육당국으로부터 “본인이 직접 취소했다”는 답변을 듣고 곧바로 경찰에 신고했다.	   수사에 나선 경찰은 로그 기록 등을 토대로 A씨를 용의자로 특정하고 이날 한 차례 조사를 마쳤다.	 조사결과 A씨는 B씨의 지인인 것으로 알려졌다.	 이에 B씨는 타인의 해킹으로 시험이 취소된 만큼 전북교육청에 시험을 치르게 해달라고 요청했지만, 받아들여지지 않았다.	   경찰은 전날인 지난달 30일에는 B씨를 불러 피해자 조사를 진행했다.	 경찰 관계자는 “현재 수사 초기 단계여서 자세한 내용은 말해줄 수 없다”며 “범행 동기 등 경위를 조사하고 있다”고 말했다."
"항공사 승무원, 코로나 휴직으로 극단적 선택…“스트레스 많아”", 올해 초부터 이어지고 있는 신종 코로나바이러스 감염증 사태의 여파로 휴직 중이던 항공사 승무원이 최근 극단적 선택을 했다.	   오늘 경찰 등에 따르면 서울 강서경찰서는 전날 강서구 내 한 원룸에서 국내 항공사 승무원 A씨가 숨져 있는 것을 발견했다고 밝혔다.	   경찰은 ‘자식이 전화를 받지 않는다’는 모친의 신고를 받고 출동해 A씨를 발견한 것으로 알려졌다.	 경찰 관계자는 “외부 침입 흔적 등 타살 가능성은 없다”고 말했다.	   또한 현장에서 발견된 유서에는 ‘스트레스를 너무 많이 받았다.	 내 장기는 기증해달라’는 내용이 적혀 있어 안타까움을 더했다.
김용호 “도박방 연예인? 탁재훈·변수미·이종원” 폭로, ‘강성범의 원정 도박’을 주장했던 유튜버 연예부장 김용호가 다시 한번 입을 열었다.	   지난 27일 김용호는 ‘도박중독 연예인 실명공개’ 유튜브 라이브 방송을 했다.	   이날 김 씨는 신정환 이후 도박파문 연예인으로 탁재훈을 거론했다.	 그는 “탁 씨가 필리핀 강성범의 정킷방에서 대놓고 도박을 했다”며 이전에도 해외 원정 혐의를 받고 있었음에도 불구하고 과거 처벌은 인터넷토토로 인한 것이었다.	 경찰 접대로 정황이 포착되기도 했으나 수사가 흐지부지됐다”고 주장했다.	   이어 김 씨는 탁 씨와의 통화 녹취를 공개했다.	 김 씨가 “정확하게 얘기하면 2018년 4-5월에 필리핀에 있는 000호텔에서 도박을 했다”라는 제보를 받았다고 말하자 탁 씨는 “자신은 도박을 할 돈이 없다.	 녹화중이니 이따 연락드리겠다”라고 전했지만 이후 연락은 없었다고 말했다.	 또한 “탁재훈은 vip방을 거의 자기 집인양 이용한다”는 제보를 밝히기도 했다.	   김 씨는 다음으로 전세기를 타고 다니며 도박을 했던 아이돌 멤버로 승리를 말했다.	   도한 여자 연예인으로는 변수미를 꼽았다.	 김씨는 변수미가 도박중독이며 도박 빚을 갚기 위해 현지 에이전트활동까지 하고 있다고 전했다.	 또한 “필리핀에서 비참한 삶을 살고 있다”며 이전에 “성매매 논란 역시도 본인의 고객들에게 접대하려고 데려오는 것”이라고 밝혔다.	 이어 “정킷방을 잡아야 한다.	 변수미도 처음 필리핀에서 도박을 할 때는 정킷방에 꼬여서 갔을 것이다.	 멀쩡하던 한 여자의 삶을 무너뜨릴 정도로 무서운 것.	 정킷방은 도박으로 사람들을 유인하는 역할을 한다”며 “강성범이 이 정킷방의 사회를 보지 않았나”며 다시 한 번 강성범을 겨냥해 비판했다.	   다음으로 과거 청춘스타로 알려진 배우 이종원을 폭로했다.	 김 씨는 3년 전에도 제보를 받아 기사를 쓰려다가 말았는데 아직도 끊지 못하고 있어 공개하게 됐다고 전했다.
"단 1회 남았다…‘사이코지만 괜찮아’, 관전 포인트 셋 공개"," 딱 1회 남았다.	 tvN 토일드라마 '사이코지만 괜찮아’가 종영을 앞두고 있다.	   종영에 대한 아쉬움이 커지고 있는 가운데 단 한 장면도 놓칠 수 없는 ‘사이코지만 괜찮아’ 마지막 관전 포인트를 공개한다.	   마치 로미오와 줄리엣처럼 문강태와 고문영의 사랑에는 우여곡절이 많았다.	 특히 문강태, 문상태의 엄마를 살해한 고문영의 엄마 도희재가 다시 나타나며 갈등은 최고조에 이르렀다.	 곧 도희재가 경찰에 체포되고 상황이 일단락되며 두 사람의 로맨스가 어떤 방향으로 갈지 기대가 집중됐다.	    문강태와 고문영은 갑옷처럼 두르고 있던 가면을 벗고, 삶의 무게도 내려놓고 문강태로서, 고문영으로서 서로를 바라보게 된다.	 단 1%의 거짓도 없이 서로를 마주한 순간, 두 사람의 로맨스는 지금까지와는 차원이 다른 달달함으로 시청자들마저 녹일 것이라고.	 지금껏 억누르고 있던 마음을 모두 폭발시키며 이름만큼이나 달콤할 달달커플의 로맨스는 빼놓을 수 없는 마지막 회 관전 포인트가 될 것이다.	     고문영과 문상태는 웃는 가면을 쓴 소년, 속이 텅 빈 깡통공주, 답답한 박스 속에 갇혀 사는 아저씨가 주인공인 동화를 함께 만들고 있었다.	 그러나 고문영은 엄마 도희재가 문강태, 문상태 형제에게 저질렀던 만행을 사죄하고자 두 사람을 밀어내고 절필을 선언했다.	 문상태는 성을 나가달라는 고문영의 부탁에도 “배 째”라며 그녀의 곁에 남아 동화를 완성하고 싶다는 뜻을 굽히지 않고 있다.	   또한 사람의 표정을 읽는 것이 어려웠던 문상태는 타인의 표정을 관찰하며 그리기 연습을 하는 등 고문영이 내준 숙제도 착실히 하며 동화에 어울리는 삽화를 그리기 위해 노력 중이었다.	 고문영은 그의 노력을 알면서도 미안함과 죄책감에 계속 동화의 완성을 주저하고 있는 상황.	 문강태와 문상태가 진심을 다해 고문영의 마음을 다독이고 있는 만큼 그녀가 다시 동화를 집필 할 수 있을지, 문상태와 함께 작업한 첫 동화가 세상 밖으로 나올지 주목된다.	   고문영은 제대로 된 여행 한 번 가본 적이 없는 문강태, 문상태와 함께 방방곡곡을 누빈다.	 비록 세렝게티는 아니지만 오로지 셋이서만 떠나는 첫 여행은 그 자체만으로도 이들에게 행복과 위안을 선사한다.	 무엇보다 이들의 여행에는 특별한 선물이 동행한다.	 뜻밖의 인물로부터 받은 이 선물은 세 사람의 여행을 더욱 완벽하게 만드는 마침표가 될 예정이다.	   또한 여러 사건을 겪으면서 누군가는 가면을 벗고, 누군가는 벽을 깨고, 또 누군가는 트라우마를 이겨냈다면 이 여행은 문강태, 고문영, 문상태라는 사람은 물론 이들의 관계가 한층 성숙해지는 계기가 될 것을 예고하고 있다.	    한편, tvN 토일드라마 ‘사이코지만 괜찮아’는 버거운 삶의 무게로 사랑을 거부하는 정신병동 보호사 문강태와 태생적 결함으로 사랑을 모르는 동화작가 고문영이 서로의 상처를 보듬고 치유해가는 한 편의 판타지 동화 같은 사랑에 관한 조금 이상한 로맨틱 코미디로 9일 밤 9시에 최종회가 방송된다."
"벌써 다음주가 궁금해…‘구미호뎐’ 이동욱, 환상 연기"," 배우 이동욱, 조보아가 손에 땀을 쥐게 하는 엔딩으로 다음 주를 기대케 했다.	   지난 8일 밤 10시 30분에 방송된 tvN 새 수목드라마 ‘구미호뎐’2화는 수도권 가구 기준 평균 6.2%, 최고 7%, 전국 가구 기준 평균 5.6%, 최고 6.2%로 수목극 1위 자리를 굳건히 지켰다.	   이날 방송에서는 이연이 벌였던 백두대간 희대의 스캔들이 밝혀지면서, 이연과 남지아의 운명적 파란을 예감케 했다.	 과거 백두대간 산신이었던 이연은 남지아와 똑같이 생긴 아음이라는 인간을 사랑했지만 아음은 죽었고, 이연은 아음의 환생을 기다리고 있는 상황.	 현재로 돌아온 후 마취에서 깨어난 이연은 21년전 여우고개에서 당했던 사고를 꺼내며 “‘당신’이, 내가 쥔 유일한 단서야.	 제발.	.	”이라며 사라진 부모님에 관해 묻는 남지아를 흥미롭게 바라봤다.	 21년 전 자신을 기억하는 남지아가 혹시 아음의 환생이 아닐까 의심이 들었던 이연은 탈의파를 찾아가 아음이 같은 얼굴로 다시 태어날 수 있는지 물었고, 탈의파는 “연아.	 찾지 마라.	 그것이, 또 한 번 니 운명을 뒤집어놓을 거다”라고 답해 의문을 돋웠다.	   이후 이연은 저승 명부에서 남지아의 부모가 아직 죽지 않았음을 확인했고, 이를 들은 남지아는 울컥했다.	 이어 이연은 “니가 속한 세상이랑, 내가 속한 세상은 엄연히 달라”라는 말로 남지아와 인연을 끊으려 했지만, 남지아는 “상관없어!	 걸리적거리지 않을게!	 내 앞에서, 사라지지만 마”라고 애원했다.	 이연은 이내 결심한 듯 “진짜 보고 싶어?	 내가 사는 세상?	”이라는 말과 함께 방송국 청원경찰의 얼굴을 하고 숨어있던, 악몽을 먹고 사는 요괴 불가살이를 남지아와 대면시켰다.	 그리고는 “니가 속한 세상으로 돌아가.	 어둠에 길들여진 인간은, 인간도 뭣도 아닌 존재가 된다”라며 단호한 경고를 날렸다.	   꿈에서 엄마가 던진 남자의 백골머리를 봤던 남지아는 진짜 백골머리가 나타난 사건이 발생하자 직접 현장으로 향했다.	 ‘다음 그믐까지 못 찾으면 니 여자는 죽는다’라는 이랑의 말이 떠올랐던 이연 역시 이랑을 만나기 위해 같은 곳으로 향했던 터.	 이어 ‘같은 배, 같은 섬, 그녀와 같은 얼굴을 한 여자.	.	.	내 본능이 끊임없이 말을 건다.	 이 조합은 ‘뭔가가 잘못’됐다고’라는 마음의 소리를 낸 이연과 장산사굴에서 찍은 부모님의 사진을 꺼내며 “여기 있었던 거야.	.	 엄마 뱃속에서, ‘나’도!	”라는 남지아의 속마음이 각각 울리면서 비밀스러운 섬에 대한 의문을 증폭시켰다.	   그뒤 백골머리로 발견된 서씨의 딸 평희가 안내한 단칸방에서 하룻밤을 보내게 된 두 사람은 티격태격하며 구미호와 인간과의 남다른 케미를 드러냈다.	 남지아는 “근데 있잖아.	.	 나 ‘지방간’ 있다?	 만성이야”라는 도발했고, 이연은 “그딴 거 입에도 안 대거든?	 간디스토마 몰라?	”라고 받아쳤던 것.	 하지만 이연은 곧 환하게 웃는 남지아에게 “웃지 마.	 ‘그 얼굴’로”라며 아음을 떠올리게 되는 가슴 덜컥한 심정을 전해 안타까움을 자아냈다.	    다음날 조연출로부터 그 섬에서 1954년부터 비슷한 사건들이 있었다는 보고를 들은 남지아는 망치를 들고 쫓아오던 백골머리를 발견한 선원에게 공격당했고, 이연의 도움을 받아 위기에서 벗어났다.	 하지만 밀쳐지면서 피가 난 남지아 어깻죽지에 뜯어온 풀잎으로 민간요법을 해주던 이연은 “뜨거워.	 뜨거워 죽겠어”라며 괴로워하던 남지아의 어깨에 알 수 없는 무늬들이 생기자 “이거 뭐야.	.	”라며 경악했다.	 그리고 남지아는 섬뜩한 미소로 “‘나’야.	 니가 기다리던 그거.	 근데 있잖아.	 나 왜 죽였어?	”라며 이연의 목을 콱 졸라 이연을 얼어붙게 만들었다.	 과연 이연에게 위협을 가하던 남지아의 반전 행동에 담긴 진실은 무엇일지, 앞으로의 스토리 전개에 귀추가 주목되고 있다.	 매주 수목 밤 10시 30분에 방송된다."
캠핑카로 개조한 버스에서 차박…‘가스 중독’으로 사망한 50대 일행," 45인승 버스를 캠핑카로 개조해서 차박을 한 50대 남성 4명이 난방용 가스에 중독돼 1명이 숨지고 1명이 중태에 빠졌다.	   오늘 전남 고흥소방서에 따르면 전날 오후 8시 43분쯤 고흥군 금산면 한 도로에서 캠핑카에서 잠을 자는 차박을 하고 있던 일행이 의식이 없다는 신고가 접수돼 119 구급대가 출동했지만 A씨가 숨지고 B씨는 의식이 없는 상태로 병원에 이송됐다.	 C씨 등 2명도 한기나 고열 등의 증세를 보여 병원 치료를 받았다.	   경찰 조사에 따르면 “친구 사이인 이들은 캠핌용으로 개조한 45인승 버스를 타고 고흥으로 여행을 와 차박을 하던 중이었던 것으로 조사됐다”고 밝혔다.	 함께 술을 마시고 잠이 들었다가 도로에 버스가 서 있는 것을 이상하게 여긴 경찰관이 창문을 두드리자 일행 중 1명인 C씨가 잠에서 깼고, 이후 일행을 살펴본 C씨는 친구들이 의식을 차리지 못하는 것을 보고 신고했다.	 이들은 잠들기 전 버스 엔진을 끄고, 난방용 기름을 사용하는 히터를 켜고 잠이 든 것으로 파악됐다.	   경찰과 소방당국은 일산화탄소 중독으로 인한 사고로 보고 정확한 경위를 조사 중이다."
"전자발찌 끊고 도주한 성범죄자, 1년째 행방불명"," 전자발찌를 끊고 도주한 성범죄자를 경찰이 1년째 추적 중인 것으로 드러났다.	   국회 행정안전위원회 박완수 국민의힘 의원이 14일 경찰청과 법무부로부터 제출받은 국정감사 자료에 따르면, 2015년부터 올해 8월까지 5년 8개월간 전자장치 부착에 관한 법률을 위반한 인원이 총 951명에 달했다.	   이 중 93명은 전자발찌를 훼손했고, 858명은 전자장치 충전 의무를 이행하지 않았거나 외출·출입 금지를 위반했다.	   특히 강간 미수와 강도 등의 범죄를 저질러 복역 후 전자발찌를 착용한 A씨는 발찌를 훼손한 뒤 행적을 감춘 지 1년 가까이 된다.	   A씨는 지난해 10월 25일 거주지인 울살에서 이탈해 경북 경주로 이동한 뒤 전자발찌를 훼손하고 도주했다.	 경찰은 수색에 나섰지만, 검거하지 못했다.	 현재 A씨는 지명수배된 상태다.	   박 의원은 “현재 법무부가 전자장치 착용자의 동태를 실시간으로 모니터링 하고 있고, 문제가 발생하면 초기 대응을 법무부가 하고 있다”며 “관할 경찰관서도 이들의 도주 행각 등 위법행위를 실시간으로 인지할 수 있도록 체계를 정비해야 한다”고 말했다.	   이어 “A씨가 주거지를 이탈한 직후 법무부가 경찰에 수사를 의뢰했다면 전자발찌를 끊고 달아나는 상황까지 이르지 않았을 것”이라고 지적하며 “현행 체계로는 오는 12월 출소하는 조두순이 전자발찌를 끊고 도주해도 경찰이 즉시 인지하지 못한다.	 경찰이 전자발찌 착용자들의 동태를 실시간 파악할 수 있는 관련 체계를 갖춰야 한다”고 강조했다."
"‘앨리스’, 김희선이 열쇠 쥐고 있다…동시간대 1위"," 김희선은 '앨리스'의 모든 것이었다.	 시간여행 시스템을 구축한 이가 ‘시간여행자’ 김희선이었다는 사실에 이어 이번에는 시간여행을 막을 수 있는 유일한 이가 ‘물리학자‘ 김희선이라는 충격적인 비밀이 공개됐다.	   이 같은 김희선의 사이다 맹활약에 시청률은 연일 파죽지세의 고공행진을 이어가며 동시간대 시청률 1위를 기록했다.	 시청률 조사회사 닐슨 코리아에 따르면 ‘앨리스’ 수도권 시청률 9.4%를 기록, 압도적인 파워를 입증했다.	   지난 18일 방송된 SBS 금토드라마 ‘앨리스’ 7회에서 ‘천재 물리학자’ 윤태이는 목숨이 위협받는 위험천만한 상황 속에서도 시간여행자들과 당당히 맞서며 짜릿한 쾌감을 선사했다.	 이와 함께 베일에 싸여있던 ‘시간여행자’ 박선영의 놀라운 과거 행적까지 공개되며 한 시도 눈을 뗄 수 없는 폭풍 전개를 이어갔다.	    이날 윤태이는 살해 위협에도 굴복하지 않는 ‘천재 물리학자’의 위풍당당한 자태를 드러내 시청자들을 환호케 했다.	 시간여행자들에 대한 두려움도 잠시, 자신을 지켜주겠다는 박진겸의 말에 “어떻게  잡을 건지 좀 구체적으로 말해 봐요”라고 되물으며 당돌한 매력을 뿜어낸 것.	 나아가 연쇄살인마 주해민이 남긴 수학 공식의 의미를 알아내기 위해 끊임없이 고민하던 윤태이는 자신에게 총을 겨눴던 유민혁을 직접 찾아가 이목을 끌었다.	 그는 “경찰들은 당신들 못 잡을 수 있어.	 하지만 난 당신들 존재 증명할 수 있어.	 좀만 기다려”라며 유민혁에게 선전포고해 안방극장에 짜릿한 사이다를 안겼다.	    더욱이 윤태이는 다시 한 번 자신을 찾아온 주해민 앞에서도 물러서지 않았다.	 오히려 자신을 구하러 온 유민혁이 목숨을 잃을 위기에 처하자 가스총을 발사하며 주해민을 저지해 쫄깃한 전개를 이어갔다.	 이에 자신만의 방법으로 시간여행의 비밀을 파헤치고 있는 윤태이의 활약에 시청자들의 호응이 연일 뜨겁다.	   한편, 윤태이가 1992년 ‘장동식 살인 사건’ 당시 예언서의 마지막 장을 건네 받은 장동식의 딸임이 밝혀졌다.	 이와 함께 의문의 형사가 희망 보육원에 윤태이가 어떻게 왔는지, 소지품에 책은 없었는지, 친아버지를 기억하는지 등 세세히 조사하고 다니고 있음이 드러났다.	 정작 윤태이는 자신의 과거를 전혀 기억하지 못하고 있는 상황 속에서 그를 쫓는 또 다른 인물이 존재하는 것인지 긴장감을 증폭시켰다.	   그런가 하면, 베일에 싸여있던 박선영의 행적도 속속들이 드러나 몰입도를 높였다.	 2010년, 석오원을 찾아간 박선영이 그에게 예언서를 보여주며 함께 시간여행을 막자고 제안한 것.	 더욱이 박선영은 이미 10년 전 ‘시간여행을 막을 수 있는 사람’으로 ‘윤태이’를 지목해 소름을 유발했다.	 더욱이 극 말미에서는 30대로 보이는 젊은 박선영이 어린 윤태이, 박진겸과 함께 놀이동산에 있었다는 사실이 공개돼 다음 회차에 대한 궁금증을 고조시켰다.	   SBS 금토드라마 ‘앨리스’는 죽은 엄마를 닮은 여자, 감정을 잃어버린 남자의 마법 같은 시간여행을 그린 휴먼 SF로 오늘 밤 10시에 방송된다."
"박진성 시인, ‘극단선택 암시’ 후 잠적 하루만에 용산서 생존 확인"," 지난 14일 극단적 선택을 암시하고 잠적한 박진성 시인이 오늘 오후 서울 용산구에서 생존 상태로 있는 것으로 파악됐다.	   경찰 등에 따르면 박 시인은 이날 오후 늦은 시각 서울 용산구 한강로지구대에서 모습이 확인된 것으로 확인됐다.	 경찰 관계자는 “상황이 정리되는대로 언론을 통해 내용을 정리해서 발견 상황 등을 공유할 것”이라고 짧게 확인했다.	   이날 오전 박 시인은 잠적 만 하루 뒤인 서울 종로 일대에서 휴대폰을 켠 것으로 확인됐다.	 경찰은 기지국 정보 등을 확인해 그를 찾아왔다.	   인기 작가였던 박 시인은 지난 2016년 10월 여성 습작생 성폭력 의혹을 받았으나 검찰 조사에서 무혐의 처분을 받았다.	 그는 지난 14일 자신의 SNS에 “매년 10월만 되면 정수리부터 장기를 관통해서 발바닥까지 온갖 통증이 저의 신체를 핥는 느낌, 정말 지겹고 고통스럽다”며 “저는 제가 점 찍어 둔 방식으로 아무에게도 해가 끼치지 않게 조용히 삶을 마감하겠다”는 극단적 선택을 암시하는 글을 게재한 후 휴대폰 전원을 끈 채 잠적했다."
"장제원 의원 아들 ‘음주운전’ 래퍼 노엘, ‘코로나 19’로 공판 무기한 연기"," 음주운전 등 혐의로 재판에 넘겨진 래퍼 노엘이 첫 공판이 신종 코로나바이러스 감염증 확산 우려로 인해 연기된 것으로 파악됐다.	   오늘 법원에 따르면 서울서부지법은 오는 27일에 열기로 했던 첫 공판을 무기한 연기했다.	 노엘의 첫 공판 일정은 다음 달 하순이나 오는 4월 초 이후로 잡힐 것으로 전해졌다.	   앞서 노엘은 지난해 9월 27일 오전 2시 40분께 서울 마포구 광흥창역 인근 도로에서 음주 상태로 차를 몰다 오토바이를 들이받은 혐의로 재판에 넘겨졌다.	 당시 현장에 출동한 경찰이 측정한 혈중알코올농도는 ‘면허 취소’ 수준에 해당하는 0.12%이었다.	   노엘은 음주사고 수습 과정에서 지인 김모씨를 내세워 ‘운전자 바꿔치기’를 하고, 사고 피해자에게 금품 제공을 명목으로 합의를 시도했다는 등의 의혹들이 제기되면서 논란이 된 바 있다.	   경찰 조사 당시 노엘측은 김씨에게 대신 운전해달라고 부탁한 사실은 시인하면서도, 김씨를 상대로 한 부탁이나 피해자와의 합의 과정에서의 대가 제의나 다른 가족의 개입은 없었다고 주장한 것으로 알려졌다.	   경찰은 또 충돌 후 최소 정지거리에 대한 도로교통공단 분석 결과, 장씨가 피해자 구호 조치를 실시한 점 등을 고려해 뺑소니 의혹은 무혐의 의견으로 검찰에 넘겼다.	   한편 노엘은 자유한국당 장제원 의원의 아들로 알려져 있다."
"""날아라 개천용"" 권상우X배성우, 역전극에 시청률 치솟았다…정의구현 이룰까?"," 변방의 개천용과 엘리트 집단의 피할 수 없는 맞대결이 절정으로 치달았다.	   지난 4일 방송된 SBS 금토드라마 ‘날아라 개천용’ 10회에서는 사건을 묻으려는 엘리트 집단의 공격이 펼쳐졌다.	 이름을 바꾸고 새 삶을 살아가고 있는 진범 이재성의 정체 공개를 두고 박태용, 박삼수의 갈등도 심화됐다.	 여기에 누명을 썼던 김두식이 죄를 반성하고 있다는 자필 편지까지 공개되면서 판의 흐름이 불리하게 돌아가기 시작했다.	 사건을 은폐하려는 자들의 결탁에 위기를 맞은 개천용들도 당하고만 있지는 않았다.	 후속 기사를 보도하며 통쾌한 반격을 선사, 예측할 수 없는 한판 승부를 예고하며 짜릿한 정의구현 역전극의 2막을 열었다.	 이에 반응도 뜨거웠다.	 10회 시청률이 6.6%를 기록, 순간 최고 시청률이 7.4%까지 치솟으며 호평을 이어갔다.	   진범 이재성의 등장은 내부에 균열을 불러일으켰다.	 박삼수는 착실하게 살아가는 ‘봉사 영웅’ 이재성의 반전 실체를 보도하자고 했다.	 하지만, 박태용의 생각은 달랐다.	 “실체와 상황이 달라지면 기존 계획도 수정해야 한다”는 것.	 박삼수는 “김두식의 누명은 명확하고, 이재성 실체는 모호하잖아요.	 왜 자꾸 다들 헷갈리고 그럽니까”라며 현실을 직시하자고 했다.	 이재성이 상을 받았던 봉사대상 시상식을 취재하고 돌아온 이유경은 그에 대한 팩트 체크에 나섰다.	 취재를 핑계로 이재성의 일거수일투족을 함께한 이유경은 그에게 오성시 트럭 기사 살인사건에 관해 물었다.	 순간 흔들리는 이재성의 눈빛을 포착한 이유경은 그가 진범이라고 확신했다.	   사건의 진실을 알고도 묵인했던 이들이 판을 뒤집기 위해 움직였다.	 “비난의 화살은 피하면 그만이고 책임은 돌리면 돼”라는 말처럼, 잘못을 은폐하기 위해 경찰과 검찰, 법원이 결탁에 나선 것.	 발  회견을 연 경찰은 김두식의 예전 만행들과 그가 교도소에서 작성한 죄를 반성한다는 자필 편지를 공개했다.	 결정적 한 방으로 여론의 흐름이 바뀌었고, 개천용들은 대책 회의에 돌입했다.	 이재성의 정체 폭로로 경찰들의 주장을 박살 내자는 박삼수에게 박태용은 “폭로가 능사는 아니다.	 왜 여론으로 사람을 심판하려고 합니까”라며 막아섰다.	 또다시 부딪힌 두 사람의 갈등은 깊어졌고, 박삼수는 자리를 박차고 나갔다.	   뒤집힌 판을 다시 엎기 위해서는 이재성이 범행에 사용했던 칼을 찾아내야 했다.	 사건 기록 속 이재성의 진술은 모두 진실인데 딱 하나, 칼을 숨긴 곳만 거짓이라는 사실이 마음에 걸렸던 박태용.	 그는 한상만과 함께 압수수색에 나갔던 경찰 봉준석을 의심하기 시작했다.	 봉준석을 만나러 간 한상만은 그의 흔들리는 눈빛에서 그간 거짓말을 하고 있었음을 알아챘다.	   그 시각, 이유경은 사건의 실체를 보도하기 위해 나섰다.	 “법원도 잘못했으면 사과해야죠”라는 따끔한 일침에도 회사는 진실을 묵인했다.	 그는 박삼수에게 자신이 작성한 기사를 건넸다.	 해당 기사를 통해 사건에 연루된 이들의 실명이 공개되자 장윤석은 분노했고, 검찰을 건드린 박삼수에게 경고했다.	 그는 “이렇게 된 거 제대로 한 번 세게 붙어 봅시다”라고 전면전을 선포, 통쾌한 한 방을 날렸다.	   자신이 누명을 벗으면 감옥에 가야 하는 진범 이재성.	 그리고 그의 가족들이 받을 고통을 누구보다 잘 알기에 갈등하는 김두식에게 “독해지세요.	 나도 미친 듯이 노력하고 있다”는 박삼수의 말은 두려움에 진실을 외면하고 도망쳤던 자신에게 던지는 후회이기도 했다.	 진실을 은폐하려는 엘리트 집단의 공격이 거세지고 있다.	 과연 개천용들이 위기를 극복하고 정의구현을 실현해 낼지 기대가 쏠린다.	   한편 ‘날아라 개천용’ 11회는 오늘 오후 10시에 방송된다."
"연이은 사망 사례…고창서 70대 여성, 독감백신 접종 하루 뒤 숨져", 전북 고창에서 독감 백신을 맞은 70대 여성이 접종 하루 만에 숨져 보건당국이 역학조사에 나섰다.	   20일 전북도에 따르면 이날 오전 7시 35분께 전북 고창군 상하면 한 주택에서 A씨가 숨진 채 쓰려져 있는 것을 마을 부녀회장이 발견해 경찰에 신고했다.	   도 보건당국 역학조사 결과 A씨는 전날 오전 8시 30분께 고창군 한 민간의료기관에서 독감 접종을 받았던 것으로 확인됐다.	   A씨가 접종받은 독감 백신은 보령바이오파마 보령플루인 것으로 확인됐다.	   A씨는 평소 고혈압과 당뇨 등 기저질환이 있어 약을 복용해 온 것으로 알려졌다.	   고창군 보건당국 관계자는 “일단 전북도 보건당국과 질병관리청에 해당 내용을 보고한 상태”라면서 “독감 백신 접종에 따른 사망과 연관 관계가 있는지 조사를 진행할 계획”이라고 말했다.	   앞서 지난 14일 한 민간 의료기관으로부터 독감백신 무료 접종을 받은 인천지역 17세 남성이 16일 오전 사망한 바 있다.	 이에 관련 당국은 현재 부검으로 사망 원인을 조사 중이다.
北 피격 공무원 형 “해경에 동생 시신 수색 중단요청…어민 고충 고려”," 북한군 피격으로 북단 소연평도 해상에서 숨진 해양수산부 공무원 A씨의 형 이래진 씨가 한 달 넘게 이어진 동생의 시신 수색을 중단해 달라고 해양경찰에 요청했다.	   29일 이 씨는 페이스북을 통해 “조금 전 해경 구조안전국에 전화해 동생의 수색중단을 요청했다”며 “청장실에서 아침 회의 중이라 해 본 내용을 바로 전달해서 조치를 부탁했고 회의 마치면 국장께 전화부탁을 드렸다”고 밝혔다.	   그는 “그동안 수색에 임해주셔서 깊은 감사와 불법조업 중국 어선들의 감시체제 전환을 부탁드렸다”며 “서해5도 어민들의 고충도 있기에 결단을 내렸다”고 적었다.	   앞서 이 씨는 전날에도 “참 힘들고 무거운 결정을 해야 할 듯하다”며 “최근 서해에 불법 중국 어선들이 기승을 부린다는 소식을 듣고 참 많이 고민했다”는 글을 게재한 바 있다.	   이어 “해경과 해군함정의 장병들도 추운 겨울과 기상이 안 좋아지면 모두가 고생할 것도 생각했다”며 “동생의 수색도 좋지만, 국가와 어민들의 생계 또한 소중함을 알기에 내일부터는 정상적인 경계 임무로 전환하며 수색을 병행하는 방법을 택하겠다”고 수색중단 배경을 설명했다.	   해경은 지난달 21일 A씨가 실종되자 해군과 함께 함정과 항공기 등을 투입해 연평도 서쪽 해상부터 소청도 남쪽 해상까지 한 달 넘게 수색했지만, A씨의 시신이나 유류품을 찾지 못했다."
"남해고속도로 창원1터널, 6중 추돌사고…양방향 통제", 남해고속도로 창원1터널에서 차량 6중 추돌사고가 발생했다.	   2일 창원시는 문자메시지를 통해 “남해고속도로 창원1터널 추돌사고로 부산에서 진주 방향 차량 전면 통제하오니 우회하여 주시기 바란다”고 밝혔다.	   현재 이 사고로 인해 창원1터널 양방향 차량이 전면 통제되고 있어 긴 정체 현상이 빚어지고 있다.	   경찰과 소방당국은 사고 현장 처리 후 정확한 사고 경위를 파악할 예정이다.
‘n번방’ 사건 파헤치는 ‘그알’ 제작진…유저들 “20대 목소리 아냐”," SBS ‘그것이 알고 싶다’가 충격적인 텔레그램 n번 방 사건을 파헤친다.	   지난 21일 ‘그것이 알고 싶다’는 방송 후 텔레그램 n번방의 박사에 대한 예고편을 공개했다.	   공개된 예고편은 n번방 사건의 박사라는 인물과 박사 추정 인물인 조모씨의 경찰 체포 이후에 대해 추적한 내용을 담았다.	 ‘그것이 알고 싶다’측은 텔레그램을 통해 성 착취 영상물을 제작 및 유포한 일명 박사에 대한 제보를 받아왔다.	    지난 16일 체포된 조씨는 1995년생 26살 남성이다.	 그러나 n번방 유저들은 체포된 조씨가 가짜라고 주장하는 메시지를 공유했다.	 한 제보자는 박사에 대해 “20대 중반의 목소리는 아니었다”라고 전해 궁금증을 더했다.	   앞서 n번방 핵심 인물인 박사를 비롯한 일당은 미성년자를 협박해 나체로 춤을 추게 하고 변기 물을 먹이는 등 엽기적인 행각이 담긴 음란물을 제작한 것으로 알려져 국민들의 분노를 샀다.	 박사 일당은 또한 피해자가 이를 거부하면 “너희 집에 찾아가서 강간하겠다”라고 한 것으로 알려졌다.	   한편 박사가 정말 26살 남성 조씨가 맞는지, 박사의 정체는 무엇인지 오는 28일 SBS ‘그것이 알고 싶다’에서 알 수 있다."
44년 만에 美 입양된 딸 찾아…눈물의 언택트 상봉," 외교부, 경찰청, 보건복지부가 관계부처 합동으로 시행 중인 ‘해외 한인입양인 가족찾기’ 제도를 통해 44년간 서로 생사조차 몰랐던 가족이 화상으로 재회했다.	   어머니 이응순 씨, 쌍둥이 언니 윤상희 씨, 오빠 윤상명 씨는 15일 오전 서울 동대문 실종자가족지원센터에서 44년간 잃어버렸던 가족인 쌍둥이 동생 윤상애 씨를 화면을 통해 만나 재회의 기쁨을 나눴다.	   상애 씨는 1976년 6월 외할머니와 함께 외출했다가 실종된 후 같은 해 12월경 미국으로 입양됐다.	 어머니 이응순 씨는 “내가 몸이 작아 둘을 데리고 다니기 어려워서 친정어머니에게 맡겼다”며 “어머니가 지방에서 살다 와 서울 지리를 잘 몰라서 아이를 잃어버리고도 영영 찾지 못했다”고 설명했다.	   이 씨는 이후 파출소에 신고하고, 실종 아동 광고를 내고, 사진을 들고 고아 관련 단체를 찾아갔다.	 라디오·신문·지상파 방송까지 찾지 않은 매체도 없다.	 KBS ‘아침마당’ 프로그램까지 출연했지만 상애 씨를 찾을 수 없었다.	   그러던 중 상애 씨가 한국에 있는 친부모를 찾기 위해 2016년 국내에 입국하여 유전자를 채취하게 됐고, 2017년 경찰서를 통해 채취한 이 씨의 유전자를 통해 두 사람이 친자관계일 수 있다는 감정을 냈다.	   최종 확인을 위해 상애 씨의 유전자를 재채취해야 했으나, 상애 씨가 미국으로 돌아가 한국에서 유전자 재채취를 통한 최종 확인이 녹록지 않았다.	   그러나 올해부터 시행된 관계부처 합동 ‘해외 한인입양인 가족찾기’ 제도에 따라 해외에서도 유전자 채취가 가능해지자 상애 씨는 주 보스턴 총영사관에 방문해 유전자를 재채취, 최근 국립과학수사원 감정 결과 상애 씨가 이 씨의 친자임이 최종 확인됐다.	   친자 확인 이후 미국으로 입양된 윤 씨와 친모 이 씨는 44년 만인 지난 10월 15일 감격적으로 상봉했다.	 코로나 19로 인해 국가별 출입국 절차가 어려워 우선 경찰청 실종자가족지원센터에서 비대면 화상통화로 상봉했으며, 코로나 19 상황이 진정되면 직접 상봉할 예정이다.	   이 씨는 “끝까지 딸 찾기를 포기하지 않아 기적이 일어난 것 같다”며 “이 소식이 다른 실종자 가족들에게 희망이 됐으면 한다”고 전했다.	 상애 씨도 “어머니와 언니를 찾게 되어 정말 기쁘고, 앞으로 자주 만나고 연락하겠다”고 말했다.	   외교부 관계자는 “더 많은 해외 입양동포들이 현지 재외공관을 통해 보다 쉽고 편하게 친부모 등 가족을 찾을 수 있도록 최선의 노력을 다하겠다”고 밝혔다."
"고흐 작품 도난, ‘81억’ 가치…무슨 작품?"," 네덜란드 한 미술관에서 후기 인상파 거장 빈센트 반 고흐의 작품이 도난을 당했다.	   지난달 30일 AP통신에 따르면 코로나19 확산을 막기 위해 휴관 중이던 네덜란드 수도 암스테르담 동부 싱어 라런미술관에 있던 고흐의 1884년 작품 ‘봄 뉘넌의 목사관 정원’을 도난됐다.	   현지 경찰에 따르면 도둑들은 이날 오전 3시 15분 미술관의 유리문을 부수고 침입해 고흐의 작품을 도난해 갔으며, 경보기가 작동해 경찰이 현장에 도착했을 때 범인은 이미 사라지고 없었다.	   한편 도난된 고흐의 작품 ‘봄 뉘넌의 목사관 정원’은 최고 600만 유로 상당의 가치가 있는 제품으로, 전시를 위해 네덜란드 북부흐로닝언에 있는 흐로닝어르 미술관에서 대여한 것이었다.	 이 작품은 교회 탑을 배경으로 나무에 둘러싸인 정원에서 한 사람이 서 있는 모습을 담고 있다.	   사진=뉴시스 제공  *사진이나 영상의 불법촬영·유포, 이를 빌미로 한 협박, 사이버 공간에서의 성적 괴롭힘 등으로 어려움을 겪을 때, 여성긴급전화1366, 디지털 성범죄 피해자 지원센터에서 지원받을 수 있습니다."
"16개월 영아 사망케한 母, 학대치사…경찰 “구속영장 신청”", 16개월 영아가 온몸에 멍이 든 채 숨진 사건과 관련해 경찰이 해당 아이 엄마에게 구속영장을 신청했다.	   오늘 서울지방경찰청에 따르면 경찰은 지난 4일 사망한 영아의 엄마 A씨를 아동학대 치사 등의 혐의로 구속영장을 신청했다.	   검찰의 A씨에 대한 구속영장 청구 여부 결정은 아직 나오지 않았다.	 A씨는 자신에게 적용된 혐의 중 일부는 시인하고 일부는 부인한 것으로 알려졌다.	   앞서 해당 영아는 지난달 13일 서울 양천구 목동의 한 병원에 멍이 든 채 실 든 채로 실려왔다가 숨졌다.	 병원 측은 아동학대를 의심해 경찰에 신고했다.	 국립과학수사연구원은 지난 3일 관할인 서울 양천경찰서에 ‘해당 영아의 사인은 외력에 의한 복부손상’이라는 최종소견을 보냈다.	   해당 영아는 올해 초 현재 부모에게 입양됐다.	 지난 5월부터 부모에게 학대받는 것 같다는 의심신고가 3차례나 접수됐으나 경찰은 특별한 혐의점을 찾지 못하고 아이를 부모에게 다시 돌려보냈다.	 이와 관련해 경찰 초동조치가 미흡했다는 지적이 제기됐다.	 서울경찰청은 여성청소년과장을 팀장으로 하는 점검단을 구성해 경찰의 대응에 문제가 없었는지 감찰을 진행 중이다.	   경찰 관계자는 “치사라는 결과물이 있기 때문에 이전에 있었던 조사나 수사는 무시하고 제로 베이스에서 수사가 이뤄졌다”고 말했다.	 이어 “구체적으로  분리 등 임시조치와 관련해 그 기준을 명확히 할 필요가 있어 제도개선을 검토하고 있다”며 “감찰은 진행 중이기 때문에 결론을 말씀드리긴 힘들다”고 설명했다.
"경찰, ‘전 연인 성폭력 혐의’ 가을방학 정바비 기소의견 송치"," 가수지망생 전 여자친구에 대한 성폭행·불법촬영 혐의로 고발된 듀오 가을방학 멤버 겸 프로듀서 정바비가 검찰에 기소의견으로 송치됐다.	   18일 서울 마포경찰서는 “정 씨에 대한 고발사건과 관련해 성폭력 특례법 관련 일부 혐의에 대해 기소의견으로 송치했다”고 밝혔다.	 다만 강간치사 혐의는 증거가 불충분하다며 불기소 의견으로 송치했다.	   앞서 정 씨의 지난 3일 ‘20대 가수지망생 여성 A씨가 유서와 함께 숨진 채 발견됐다’는 언론 보도를 통해 알려졌다.	   보도에 따르면 정 씨는 여자친구였던 A씨에게 술에 약을 타서 마시게 하고 신체를 동의 없이 촬영했다.	 이후 A씨는 지난 4월 “사람에게 상처받고 고통받았다”는 유서를 남기고 극단적 선택을 했다.	   A씨의 유족들은 지난 5월 정 씨를 경찰에 고발했고, 이에 서울 마포경찰서는 지난 4일 정 씨를 성폭력범죄 처벌법 위반과 강간치상 혐의로 입건했다.	   이후 정 씨는 지난 11일 경찰 소환조사를 받은 다음 날 자신의 블로그를 통해 “고발 내용이 전혀 사실이 아니라는 점을 차분하게 밝히고 왔다”며 관련 의혹을 부인한 바 있다.	   이어 그는 블로그에서 “조만간 오해와 거짓이 모두 걷히고, 사건의 진실과 저의 억울함이 명백하게 밝혀질 것이라고 생각한다”고 밝혔다."
서울 동부간선도로 전면 교통통제…잠수교·증산교도 통제," 태풍 ‘하구핏’ 영향으로 중부지방에 집중적으로 비가 내리면서 서울시 내 도로 곳곳의 교통이 통제되고 있다.	  3일 서울시는 한강과 중랑천 수위 상승에 따라 오전 5시 5분께부터 서울 동부간선도로 통행을 전면 통제하고 있다고 밝혔다.	   또한 경찰은 이날 오전 5시 5분 1단계 진입램프를 통제했고 5분 뒤인 오전 5시 10분 본선도 통제했다.	    서울 서대문구 증산교도 이날 오전 5시 20분을 기해 전면 통제됐다.	 이는 불광천이 통제 수위인 9m를 넘은 데 따른 조치다.	   한강 잠수교 수위도 계속해서 상승하고 있다.	 오전 10시 기준 수위가 7.55m를 넘었고, 계속 상승하고 있어 전날 오후부터 교통이 전면 통제됐다.	  현재 한강공원 대부분 지역이 침수되고, 관악구 도림천 등 16개 하천의 출입이 통제되고 있다.	   기상청 국가태풍센터에 따르면 태풍 하구핏은 4일 오전 3시쯤 중국 푸저우 북동쪽 약 190㎞ 부근 육상으로 도착한 뒤 이튿날인 5일 오전 3시께 중국 상하이 서쪽 약 280㎞에서 열대저압부로 약화될 전망이다."
"부산 지하상가 폭행男, 특수상해 혐의로 檢 송치…여성은 폭행 혐의"," 부산의 한 지하상가에서 발생한 폭행사건과 관련해 20대 남성에게 특수상해 혐의가 적용됐다.	   25일 부산 북부경찰서는 A씨에게 특수상해 혐의를 적용해 불구속 기소의견으로 검찰에 송치할 예정이라고 밝혔다.	   앞서 A씨는 지난 7일 오전 1시 13분경 북구 덕천동 부산 도시철도 2호선 덕천역 지하상가에서 연인 B씨와 말다툼을 하다 서로 몸싸움을 벌였다.	   당시 A씨는 B씨가 쓰러지자 휴대전화기로 때리는 등 계속해서 폭력을 행사했다.	 경찰 조사에서 A씨와 B씨는 모두 서로의 처벌을 원치 않는다고 진술한 것으로 전해졌다.	   그러나 경찰은 온라인에 유포된 CCTV 영상에서 A씨가 휴대전화기로 B씨의 머리를 때리는 장면을 확인하고, A씨에게 특수상해 혐의를 적용한 것으로 전해졌다.	   특수상해죄는 위험한 물건으로 타인의 신체에 폭행을 가해 상해를 입히는 범죄로, 피해자와 합의를 하더라도 처벌이 가능하다.	   반면 경찰은 B씨의 폭행 혐의에 대해서는 ‘공소권 없음’으로 검찰에 송치했다.	   한편, 경찰은 해당 사건 CCTV 영상을 온라인 등에 유포한 사람에 대해서도 수사를 이어가고 있다."
“겁만 주려고…” 취준생 아들과 다투다 신문지에 불을?," 취업준비생인 아들과 다투다가 자택에 불을 지르려 한 60대 아버지가 경찰에 붙잡혔다.	   오늘 인천 서부경찰서는 현주건조물방화미수 혐의로 아버지 A 씨를 불구속 입건했다고 밝혔다.	   A 씨는 전날 오후 8시 40분께 인천시 서구에 있는 자신의 집 안에서 신문지에 불을 붙여 방화를 시도한 혐의를 받고 있다.	 만취 상태로 취업준비생인 아들 B 씨와 다투던 중 범행을 시도한 A 씨는 아들의 제지로 방화는 미수에 그쳤다.	 신고를 받고 출동한 경찰은 A 씨를 현행범으로 체포, 조사 후 귀가 조처했다.	   A 씨는 경찰 진술에서 “아들이 취업 준비를 안 하고 게임만 하는 것 같아 겁을 주려 했을 뿐 방화 의도는 없었다”고 말한 것으로 알려졌다."
"‘몰카 말고 또?’…정배우, KBS 공채개그맨 박대승 추가 ‘절도 범죄’ 제기"," 유튜버 정배우가 KBS 여자 화장실에 몰래카메라를 설치한 용의자로 지목된 개그맨 박대승의 추가 범죄 의혹을 제기했다.	   지난 2일 유튜브 채널 ‘정배우:	 사건사고이슈’에는 ‘‘KBS 몰카범은 개그맨 박대승?	 추가 절도사건 제보 들어왔습니다’라는 제목의 영상이 게재됐다.	    이날 정배우는 영상에서 “박대승 지인이 메일로 제보를 해줬다”며 “지인들 사이에서는 유명했다고 한다.	 사건 터지자마자 ‘아 박대승이구나’ 생각할 정도였다고 한다”고 운을 뗐다.	 이어 “ 긴 시간 전화통화를 했는데, 전화 인터뷰를 하면 본인 신상이 나와서 방송 활동에 문제가 될 수 있기 때문에 익명으로 해달라고 말씀했다”고 전했다.	   정배우는 박대승 지인이라는 사람이 절도사건과 관련해 메일로 정리해준 내용을 공개하며 “본인인증, 지인 인증을 따로 해줬다”고 밝혔다.	 박대승의 지인이라고 주장한 사람은 박대승과 대학로 연극극단에서 약 1년 반 동안 공연과 생활을 함께했던 사람이라고 밝히며, 박대승이 과거 극단시절 2차례의 절도 전과 내역이 있다고 주장했다.	 이 사건은 박대승의 자수로 경찰서에 넘어가는 일 없이 당사자 간 합의로 마무리됐다고 설명했다.	   제보자는 “이번 사건과 관련해 이미 과거 극단 사건 연습생 시절부터 말이 많았던 인물을 KBS 내부 제작진의 검사나 검토 과정 없이 그냥 받아준 것이 더 크게 일을 더 키운 것”이라고 주장했다.	   앞서 지난달 29일 ‘KBS 연구동 내 여자 화장실에서 휴대용 보조배터리 모양의 불법촬영 기기가 발견됐다’는 신고가 들어왔다.	 현장에 출동한 경찰은 현장에서 불법 촬영기기를 수거, 용의자를 추적해왔다.	 용의자 A씨는 지난 1일 자진 출석해 성폭력범죄의 처벌 등에 관한 특례법 위반 혐의로 1차 조사를 받았다.	 A씨는 조사를 마친 뒤 귀가했다.	   지난 2일 유튜브 채널 ‘가로세로연구소’는 KBS 공채 개그맨 32기 박대승을 몰카범으로 지목하며 박대승은 별다른 해명 없이 돌연 SNS를 비공개로 전환한 상태다.	   사진=유튜브 ‘정배우:"
코로나로 힘든 소상공인 상대로…‘정부 지원 저금리 대출’ 가장한 보이스피싱," 신종 코로나바이러스 감염증 확산 세로 고통을 겪고 있는 소상공인들을 상대로 전화금융사기가 기승을 부리고 있다.	   15일 경기 남부지방경찰청은 “지난 4일 소상공인 A 씨에게서 1천800만원을 받아 가로챈 혐의로 보이스피싱 조직원 B 씨를 불구속 입건해 조사하고 있다”고 밝혔다.	   경찰에 따르면 B씨가 속한 중국 내 보이스피싱 조직은 저축은행 직원을 가장하고 A 씨에게 전화를 걸어 “소상공인을 위해 정부 지원으로 8천만원까지 저금리 대출을 받을 수 있다”며 “기존 대출금을 먼저 정리하면 대출이 가능하니 현금을 찾아 우리 직원에게 건네달라”고 속인 것으로 조사됐다.	   이에 A 씨는 급히 현금을 마련해 부천시 내 한 도로에서 B 씨를 만나 전달했는데, 며칠이 지나도 은행에서 연락이 없자 보이스피싱을 당했다는 사실을 알고 경찰에 신고했다.	   수사에 착수한 경찰은 지난 10일 돈을 받아간 현금 수거책 B 씨를 사기 혐의로 불구속 입건했다.	 수사 도중 B 씨와 보이스피싱 조직 상선이 ‘ 소상공인 긴급대출이 실시되면 일이 더 바빠질 것’이라는 대화 내용을 발견하기도 했다.	   경기 남부경찰청은 코로나19 정부 지원 대출을 가장한 보이스피싱이 더 늘어날 것으로 보고 소상공인 연합회와 시장 상인회 등을 대상으로 최근 피해사례와 예방법을 홍보하고 주의를 당부했다.	   경찰 관계자는 “저금리 대출 등 전화나 문자를 받으면 반드시 해당 은행을 방문해 확인해야 한다”며 “은행 직원을 보낼 테니 돈을 건네달라고 하면 무조건 사기이니 즉시 전화를 끊고 112에 신고해달라”고 설명했다."
"""날아라 개천용"", 권상우 반격에 시청률도 UP…최고 시청률 6.7%"," '날아라 개천용'에서 진범 윤정일의 거짓 증언으로 오성시 재심 재판이 완전히 뒤집혔다.	   지난 8일 방송된 SBS 금토드라마 '날아라 개천용' 15회에서는 박태용의 짜릿한 반격이 그려졌다.	 다시 변호인석에 앉게 된 박태용은 증인들을 법정에 세우며 진실에 다가갔다.	 박삼수와 이유경은 진범 이재성의 실체를 밝히는 보도로 힘을 더했다.	 개천용들의 기습 공격에 엘리트 집단 역시 방어에 나섰다.	 살인죄와 집행유예를 두고 이재성을 회유한 것.	 결국, 이들의 모략에 넘어간 이재성이 김두식을 범인으로 지목하면서 오성시 재심 재판에 제동이 걸렸다.	   이날 박태용과 박삼수는 본격적인 판 뒤집기에 나섰다.	 재심을 다시 맡아달라는 김두식의 부탁을 흔쾌히 받아들인 두 사람은 ""조기수 대법원장, 법의 심판대에 세웁시다""라며 각오를 다졌다.	 변호인석에 앉게 된 박태용은 한상만과 진범 이재성, 진실을 은폐했던 경찰 안영권, 배승근을 증인으로 신청했다.	 그 시각, 박삼수와 이유경은 이재성의 실체를 밝히는 보도에 돌입했다.	 이재성을 만난 이유경은 경찰과 검찰, 법원이 모든 죄를 그에게 뒤집어씌울 것이라고 경고했다.	 트럭 기사를 억울하게 떠나보내야 했던 유가족의 사연에 마음이 흔들리기 시작한 이재성은 ""실수였어요""라며 범행을 자백했다.	 이유경은 ""그래도 당신에게는 변명할 시간, 가족에게 돌아오겠다는 기약이라도 할 수 있잖아요""라며 진실을 바로잡을 기회를 놓치지 말라고 조언했다.	   한편, 변호인이 박태용으로 교체되자 엘리트 집단도 비장의 카드를 꺼내 들었다.	 김형춘이 직접 박태용의 총선 영입에 나서겠다고 선언한 것.	 박태용의 출마가 유력해지자 마음이 조급해진 장윤석은 박삼수와 협력에 나섰다.	 그는 ""조기수 위에 큰 별이 하나 있다""며 넌지시 김형춘의 존재를 알렸다.	 하지만, 여전히 장윤석은 힘 있는 자들의 편이었다.	 그는 박삼수와 이유경의 손발을 묶어 오성시 사건 보도를 막았다.	 조기수가 재판부를 통제하고 있어 불안한 건 박태용도 마찬가지였다.	 오성시 재심을 담당하는 판사 최동석을 찾아간 그는 ""수원시 노숙인, 삼정시 3인조, 김두식 모두 초등학교까지밖에 안 나왔다.	 판사들은 힘없고 가난하고 못 배운 사람들한테만 실수하는 겁니까.	 법대로만 해주세요""라고 당부했다.	   예상대로 오성시 재심 재판은 쉽지 않은 방향으로 흘러갔다.	 진실을 알고도 묵인한 안영권과 배승근 형사는 김두식을 범인으로 지목했고, 가혹 행위 사실도 인정하지 않았다.	 김두식은 ""당신이 날 고문했고, 내가 십수 년을 살인범으로 살아왔다.	 근데 왜 나한테 미안한 게 없어""라며 울분을 토해냈다.	 이재성 역시 위기에 몰렸다.	 갑작스럽게 구속된 그는 살인범으로 감옥에 갈지, 공금횡령으로 집행유예를 받을지 선택하라는 협박을 받았다.	 결국, 이재성은 법정에서 자신의 무죄를 주장했다.	 박태용은 그의 지난 선행들은 꺼내놓으며 이재성이 지금이라도 옳은 길로 가기를 바랐다.	 ""지금 이 법정에 트럭 기사를 살해한 사람이 있습니까""라고 묻는 박태용에게 ""네""라고 대답한 이재성이 김두식을 범인으로 가리키는 엔딩은 충격을 안겼다.	   한편, '날아라 개천용'은 15회 시청률이 순간 최고 6.7%까지 치솟았으며 전국 시청률은 4.5% 5.2%를 기록했다."
"중랑천 산책하던 50대 보행자, 굴삭기에 치여 사망"," 산책을 하던 시민이 굴삭기에 치여 사망한 사건이 발생, 경찰이 수사에 착수했다.	   26일 서울 중랑경찰서는 굴삭기로 보행자를 치어 사망에 이르게 한 운전자 A씨를 상대로 정확한 사고 경위 및 안전조치 위반 여부 등에 대한 수사를 진행 중이라고 밝혔다.	   경찰에 따르면 A씨는 전날 오후 3시께 서울 중랑천 인근에서 산책하던 50대 여성 B씨를 굴삭기로 치어 사망하게 한 혐의를 받는다.	   당시 하천 정비 공사를 위해 굴삭기를 몰고 이동 중이었던 A씨는 “굴삭기 전면에 붙은 흙판에 가려 보행자를 운전 중 사람을 보지 못했다”며 혐의를 대부분 인정한 것으로 전해졌다.	   B씨는 현장에서 사망한 것으로 알려졌다.	   경찰 관계자는 “굴삭기 운전기사가 사고를 낸 경위와 안전조치 위반 여부 등을 살펴보고 있는 중”이라며 “당시 운전기사가 무리하게 좁은 길로 들어갔는지 여부 등에 관해서도 확인하고 있다”고 전했다."
둔기로 차량 내리친 60대 행인 체포…“경적 울렸다고”, 자신의 뒤에서 경적을 울렸다는 이유로 둔기로 차량 앞 유리를 내리친 60대 남성이 경찰에 붙잡혔다.	   오늘 경기 안양만안경찰서는 특수협박 혐의로 A 씨를 현행범으로 체포해 구속영장을 신청할 예정이라고 12일 밝혔다.	   앞서 A씨는 지난 11일 오후 6시께 안양시 만안구 안양 가톨릭회관 부근을 걷던 중 뒤따르던 클릭 승용차의 앞유리를 소지하고 있던 둔기로 내려쳐 파손한 혐의를 받고 있다.	   신고를 받고 출동한 경찰은 20여 분간 수색 끝에 현장 인근을 배회하던 A씨를 붙잡아 현행범 체포했다.	   범행 당시 술에 취해 있었던 A씨는 경찰 조사에서 자신의 혐의를 인정한 것으로 전해졌다.	   이에 경찰 관계자는 “혐의가 중하고 도주할 우려가 있다고 판단돼 구속영장을 신청할 예정.	 A씨가 왜 둔기를 갖고 다녔는지는 조사 중”이라고 설명했다.
농촌서 필로폰 투약·판매한 불법체류 외국인 31명 검거," 농촌 지역에 불법 체류하며 마약을 투약·판매한 외국인 근로자가 무더기로 경찰에 붙잡혔다.	   25일 강원지방경찰청은 최근 강원도 정선과 충남 서산 일대에서 불법 체류 외국인 31명을 적발했으며, 이 중 5명을 필로폰과 야바 등 마약류를 불법 투약하거나 판매한 혐의로 구속했다고 밝혔다.	   불법체류자인 A씨는 지난 7월부터 2000만원 상당의 필로폰과 야바를 B씨 등에게 판매했고, 이를 구매한 B씨 등 4명은 숙소에서 10여 차례 공동 투약한 혐의를 받고 있다.	   이들은 전국을 이동하면서 농촌 지역 밭작물 수확일을 해오던 중, 김장철 고랭지 배추 수확을 위해 정선, 평창, 횡성 일대에서 일한 것으로 조사됐다.	   경찰은 해외에서 유입된 것으로 추정되는 마약이 농촌 지역에서 유통되고 있다는 첩보를 입수하고 이들을 체포했다.	 불법 체류 사실이 적발된 나머지 26명은 강제 출국 조치됐다.	   강원지방경찰청은 최근 외국인 마약류 범죄가 증가하는 만큼 외국인 마약류 사범에 대한 수사를 강화키로 했다."
"신상공개 논란 ‘디지털교도소’ 운영자, 20일 만에 베트남서 검거"," 성범죄 등 강력사건 범죄자들의 신상을 임의로 공개해 사적 처벌 논란을 일으킨 일명 ‘디지털 교도소’ 운영자를 베트남서 검거했다.	   경찰청은 ‘디지털 교도소’를 운영하며 개인정보를 게시한 혐의를 받는 30대 남성 A씨를 인터폴 국제공조 수사로 22일 오후 8시 베트남 호찌민에서 검거했다고 밝혔다.	   A씨는 올해 3월부터 ‘디지털 교도소’ 사이트와 인스타그램 계정 등을 개설·운영하며 법무부 ‘성범죄자 알림e’에 게재된 성범죄자 및 디지털 성범죄, 살인, 아동학대 등 사건 피의자 신상정보와 법원 선고 결과 등을 무단으로 게재했다.	   이 과정에서 ‘성착취물을 구매하려 했다’며 신상이 공개된 한 대학교수는 경찰 조사 결과 전혀 사실이 아닌것으로 밝혀지기도 했으며, 신상이 공개된 한 대학생은 결백을 호소하다 최근 숨진 채 발견되기도 했다.	   지난 5월 수사에 착수한 대구지방경찰청 사이버수사대는 지난달 A씨의 신원을 특정, 베트남에 체류 중인 사실을 확인했다.	 이후 한국 경찰의 협조 요청을 받은 베트남 공안 당국은 현지에서 저녁 식사 후 귀가하던 A씨를 검거했다.	   경찰청 관계자는 “아직 조사가 제대로 이뤄지지 않아 A씨 직업 등 상세한 신상과 공범 유무 등은 확인되지 않았다”고 전했다.	 경찰은 A씨를 국내로 송환하는 대로 범행 동기 등을 조사할 계획으로 알려졌다.	   특히 경찰은 A씨를 상대로 디지털교도소를 함께 운영한 조력자나 다른 운영진이 더 있는지 등을 조사한다는 방침이다.	 A씨로부터 디지털교도소를 승계한 이른바 ‘2기 운영진’ 역시 공범으로 보고 수사를 진행 중이다.	   장우성 경찰청 외사수사과장은 “해외로 도피한 피의자를 추적 20일 만에 인터폴과 국제공조수사 네트워크를 활용해 신속히 검거한 사례”라며 “국외도피사범의 추적 및 검거에 최선을 다해 ‘범죄자는 결국 처벌받는다’는 국민적 공감대를 형성해 나가겠다”고 밝혔다."
"현재 클럽 상황은?…50분 춤추면 방송·자막으로 ""10분 쉬세요”"," 서울시가 사회적 거리두기 1단계 완화 이후 내놓은 방역대책이 잘 지켜지고 있는지 클럽, 단란주점, 음식점 등 180곳에 대한 단속에 나섰다.	   오늘 서울시에 따르면 전날 자치구, 경찰 등과 함께 180여개소 업소를 점검한 결과 방역수칙이 잘 지켜지지 않고 있는 5곳을 적발했다.	 단란주점 1곳, 음식점 4곳이다.	 이들 업소는 종업원의 마스크 착용, 탁자간 거리두기 등이 잘 지켜지지 않았다.	 시는 5곳에 대해 관할 구청에 집합금지명령을 의뢰했다.	   점검한 클럽 2곳은 방역 수칙을 잘 지키고 있었다.	 앞서 서울시는 클럽, 감성주점 등 춤추는 유흥시설의 위험도를 고려해 1시간당 10분 또는 3시간당 30분의 휴식시간제를 운영하기로 했다.	   서울시 관계자는“""클럽은 영업 형태가 목·금·토, 금·토 이런 식으로 하다 보니 문 닫은 곳이 많아 2곳만 단속했다”며 “가보니 50분 춤추고 나면 방송과 자막으로 10분간 휴식을 안내하고 쉬는 시간 동안 소독을 하는 등 방역수칙을 지키고 있었다”고 전했다.	   서울시는 많은 사람들이 모이는 클럽, 단란주점, 대형 음식점 등에 대한 방역수칙 위반 여부 단속을 이어나갈 계획이다."
신천지에 ‘14억원·청산가리’ 협박 편지 50대 검찰 송치," 신천지 측에 독극물과 함께 거액의 돈을 요구하는 협박 편지를 보낸 남성이 검찰에 넘겨졌다.	   오늘 대전지방경찰청 광역수사대는 공갈미수 혐의로 구속된 50대 A씨를 검찰에 송치했다고 밝혔다.	   앞서 A씨는 지난달 중순 이만희 총회장이 머무는 곳으로 알려진 경기도 가평 신천지 연수원과 서울지역 신천지 교회에 각각 협박 편지와 USB 메모리, 청산가리 20ｇ이 든 우편물을 보낸 혐의를 받고 있다.	   A씨가 보낸 편지에는 14억4천만원을 가상화폐로 송금하라며 “돈을 보내지 않으면 국민과 신천지 신도에게 해를 끼치겠다”는 내용이 적혀 있었다.	   경찰은 USB를 디지털 포렌식해 A씨의 흔적을 찾아 그를 검거했다.	 하지만 경찰 조사 과정에서 A씨는 범행 사실을 계속 부인했다.	   A씨는 2015년 한 대기업에 “15억3천700만원을 보내지 않으면 제품에 독극물을 넣겠다”는 편지를 보내 협박한 죄로 징역 2년을 선고받은 바 있다.	   한편 경찰 관계자는 “검찰에 송치했지만, 범행 동기 등 더 자세한 경위를 확인하기 위해 추가로 A씨 행적 등을 조사하고 있다”고 말했다."
"‘사이코’의 주역들, 종영 인사 전했다"," ‘사이코’의 주역들이 종영 인사를 전했다.	    tvN 토일드라마 '사이코지만 괜찮아’가 9일 밤 최종회만을 남겨두고 있는 가운데 드라마를 이끌었던 김수현, 서예지, 오정세, 박규영이 종영 소감을 밝혔다.	    하루하루 살아가기 바빠 자신을 돌아볼 줄 몰랐지만 고문영을 만난 후, 가면을 깨고 진짜 자신을 드러낸 문강태 그 자체였던 김수현은 “그동안 ‘사이코지만 괜찮아’를 시청해주셔서 감사드린다.	 감독님, 작가님, 스태프, 배우들 정말 고생 많으셨다”며, “‘사이코지만 괜찮아’는 휴먼 힐링 드라마라고 말씀드렸었는데 제가 가장 많이 힐링 받았다.	 여러분들도 힐링 받으셨기를 바란다.	 ‘안 괜찮아도 괜찮아요”라고 소감을 전했다.	   강렬했던 첫 등장부터 문강태, 문상태 형제로 인해 점점 성장해가는 모습까지 고문영이란 인물을 다채롭게 빛냈던 서예지는 “겉보기엔 차갑고 화려해 보이지만 너무나도 외로웠던 문영이의 상처가 드러났을 땐 가슴이 아팠고, 강태, 상태와 가족이 되면서 치유되는 과정은 감동적이었다.	 고문영으로 많은 사랑을 받게 돼 행복했다.	 ‘사이코지만 괜찮아’의 모든 분들과 시청자 여러분들에게 감사드린다”며 작품과 캐릭터에 대한 애정을 드러냈다.	     좋아하는 것은 만화 아기공룡 둘리와 고길동, 줄무늬 셔츠, 싫어하는 것은 거짓말, 소음, 터치.	 이처럼 자신만의 세계가 확고했지만 동생 문강태와 고문영을 통해 어른으로 성장하며 시청자들을 문상태 매력에 빠뜨린 오정세는 “특별한 상태를 만나 세상을 바라보는 시각을 조금 더 넓힐 수 있었다.	 상태는 제가 연기한 인물 중에 가장 순수하고 인간미 넘치는 캐릭터여서 스스로를 돌아보게 만들었다”며, “그런 상태가 진짜 어른으로 성장하는 과정을 함께 울고 웃으며 응원해주신 모든 시청자 여러분들에게 감사드린다”고 덧붙였다.	   마지막으로 반전 매력과 매번 강한 한 방을 선사하며 시청자들에게 남주리를 각인시켰던 박규영은 “따뜻한 봄과 여름을 주리로 지낼 수 있어서 너무 좋았다.	 드라마 안에서 성장하는 주리의 모습들을 보고 연기할 수 있어서 행복했다.	 좋은 현장에서 감독님, 스태프, 선배님들께 많은 에너지를 얻고 배울 수 있어서 저에게는 정말 소중한 드라마였다.	 다시 한 번 ‘사이코지만 괜찮아’를 사랑해주신 시청자 분들에게 감사드린다”고 전했다.	   작품을 향한 애정이 가득 담겨 있는 배우들의 인사에서 종영의 아쉬움이 엿보이듯 보는 이들의 아쉬움도 커지고 있다.	 달콤살벌한 로맨스를 비롯해 시청자들의 마음을 위로하는 힐링 메시지로 주말 밤을 책임졌던 ‘사이코지만 괜찮아’ 마지막 회에서는 과연 문강태, 문상태 형제와 고문영이 동화 같은 결말을 맞이하게 될지 기대가 모아진다.	   한편, 지난 8일 방송에서는 도희재가 과거 문강태, 문상태의 엄마를 살해한 것으로도 모자라 문상태를 납치해 문강태, 고문영을 다시 분노에 빠뜨렸다.	 세 사람의 노력 끝에 도희재는 경찰에 체포되었지만 고문영은 죄책감을 이기지 못하고 문강태, 문상태 형제를 일부러 밀어냈다.	 홀로 고립되려는 고문영을 위해 형제는 물론 남주리, 이상인, 조재수, 강순덕, 유승재가 합심, 그녀를 다시 세상 밖으로 이끌며 가슴 먹먹해지는 감동을 선사했다.	    tvN 토일드라마 ‘사이코지만 괜찮아’는 버거운 삶의 무게로 사랑을 거부하는 정신병동 보호사 문강태와 태생적 결함으로 사랑을 모르는 동화작가 고문영이 서로의 상처를 보듬고 치유해가는 한 편의 판타지 동화 같은 사랑에 관한 조금 이상한 로맨틱 코미디로 9일 밤 9시에 최종회가 방송된다."
“중학생한테 다 털렸죠?”…언론사 전광판 해킹한 10대 검거," 지난해 부산 시내 한 언론사 전광판을 해킹해 조롱성 문구를 게시한 범인은 중학생의 소행인 것으로 확인됐다.	   부산경찰청은 13일 정보통신망법 위반 혐의로 중학생 A 군을 붙잡아 조사하고 있다고 밝혔다.	   A 군은 지난해 12월 14일 오후 1시 28분 부산 부산진구 부전동 한 건물에 설치된 디지털조선일보 전광판에 ‘조선일보 전광판 중학생한테 다 털렸죠?	 ㅋㅋㅋㅋ’라는 문구를 띄운 혐의를 받고 있다.	   경찰은 사건 발생 직후 내사에 착수, 인터폴 등과 국제 공조 수사까지 벌여 A 군 신원을 특정했고, A 군을 검거했다.	   경찰에 따르면 당시 전광판 운영 업체가 원격 제어 용도로 사용하던 외국 프로그램이 자동 업데이트되면서 아이디와 비밀번호를 포함한 로그인 화면이 전광판에 노출됐고, 이를 본 A 군은 이 프로그램에 접속해 조롱성 문구를 게시한 것으로 조사됐다.	   A 군은 경찰 조사에서 “호기심 때문에 했다”고 진술한 것으로 알려졌다.	 경찰 관계자는 “A 군에게 정보통신망 위반혐의를 적용, A 군이 형사미성년자여서 가정법원으로 송치할 예정”이라고 설명했다."
"스릴러물 새 장 열까…김옥빈-이준혁, OCN ‘다크홀’ 출연 확정"," 배우 김옥빈과 이준혁이 OCN의 드라마틱 시네마 ‘다크홀’의 출연을 확정하고 스릴러물에 새로운 장을 열겠다는 각오다.	   OCN 드라마틱 시네마 ‘다크홀’은 싱크홀에서 나온 의문의 검은 연기를 마신 변종인간들 사이에서 살아남은 자들의 처절한 생존기를 그린 크리처 액션 스릴러.	    먼저, 영화 ‘악녀’, 드라마 ‘아스달 연대기’ 등, 유일무이한 아우라를 뿜어내는 김옥빈은 서울지방청 광역수사대 형사 ‘이화선’ 역을 맡아, 인생 캐릭터 경신을 예고했다.	 이화선은 하나 밖에 없는 가족인 남편을 죽인 살인마에게서 전화를 받고 ‘무지시’로 내려오게 되면서 인생의 변곡점을 맞이한다.	 그곳의 사람들이 의문의 검은 연기를 들이마시더니 이내 괴물로 변해 순식간에 아비규환이 돼버린 것.	 공포로 잠식된 무지시에서 ‘사람다움’을 유지하려 고군분투하는 화선은 공포와 맞서 싸우며 남편을 죽인 살인마를 좇을 예정이다.	   이준혁은 무지시 토박이 렉카 기사 ‘유태한’ 역을 맡는다.	 평소에는 천하태평한 성격에 농담과 장난을 즐기는 ‘껄렁이’처럼 보이지만, 실은 누구보다 강한 정의감을 갖고 있다.	 오해가 얽힌 불미스러운 일로 경찰 제복을 벗기는 했지만, 언제나 그 시절에 대한 자부심을 가지고 있기 때문.	 그래서 변종인간들로 인해 아비규환에 빠진 무지시에서 우연히 만난 형사 이화선을 도와 보다 적극적으로 사람들을 구하기 위해 애쓴다고.	 최근 종영한 ‘비밀의 숲2’에서 출세를 위해 이리저리 발 벗고 뛰어다니던 ‘적폐 요정’으로 많은 사랑을 받은 이준혁의 차기작에 그만큼 높은 기대가 쏠린 바.	 ‘다크홀’에서도 또 한 번 거부할 수 없는 매력으로 예비 시청자들의 기대를 충족시킬 것으로 보인다.	 내년 상반기 방송."
"이태원·강남 유명 클럽, 핼러윈 기간 잇따라 ‘휴업’…“자체적으로”"," 서울권 클럽들이 '핼러윈데이’ 기간 동안 휴업에 나섰다.	   오늘 한 매체에 따르면 서울 용산구 이태원에 있는 유명 A클럽은 핼러윈데이 기간 자체 휴업을 결정했다고 전했다.	 A클럽 측은 “코로나19 상황을 고려해 지방자치단체 및 방역당국과 협의 끝에 핼러윈데이 주에 자체적으로 휴업하기로 했다”는 공지를 SNS 등에 올렸다.	   서울 강남구에 있는 유명 B클럽도 핼러윈데이 기간 영업을 하지 않는다.	 당초 이 기간 클럽 내 테이블 예약가이드 및 가격 안내문까지 올리면서 손님맞이에 나섰던 B클럽은 구청과 경찰의 현장단속 예고에 영업을 포기하기로 했다.	   서울 마포구 홍대입구에 자리한 C클럽도 “핼러윈기간 과도한 인원이 몰려 일어날 코로나19 재확산 우려를 최소화하기 위해 자체 휴업을 결정했다”며 “방역에 최선을 다할 것을 약속드린다”는 공지를 게재했다.	 이 클럽은 31일까지 영업을 중단하기로 했다.	   당국의 방역지침이 지켜지지 않는 것으로 확인되면 현장단속을 통해 곧바로 영업정지와 고발까지 이어질 것이라는 엄포에 마지 못해 휴업을 선택한 셈이다.	    클럽 밀집 지역인 서울 이태원·강남·홍대 유명 클럽들이 일제히 임시 휴업을 예고하면서 해당 지역 내 다른 클럽도 문을 닫을 가능성이 커졌다.	   클럽들이 자체 휴업을 결정하게 된 건 방역당국과 시민들의 우려를 감안한 것으로 보인다.	 지방자치단체의 강력 대응 예고와 메시지도 한몫한 것으로 풀이된다.	   앞서 서울시와 서울지방경찰청은 핼러윈데이 기간인 30~31일 이태원, 홍대, 강남역 등 서울 도심 클럽 일대에서 방역수칙 이행 여부 집중단속에 나서겠다고 예고한 바 있다."
"경찰 “울산 주상복합 화재, 3층 테라스에서 시작…원인은 확인 못해”"," 지난 8일 발생한 울산 남구의 주상복합 아파트 화재가 건물 3층 테라스에서 발생한 것으로 조사됐다.	   11일 울산경찰청 수사팀은 국립과학수사연구원, 경찰 과학수사팀, 소방당국과 함께 화재 현장에서 2차 합동감식을 진행한 뒤 이 같은 감식 결과를 발표했다.	   합동감식팀은 “3층 테라스 나무 바닥에서 발화된 것으로 확인됐다”며 “연소 패턴과 그을림, 시멘트 박리 등이 나타났으며, 5개 기관이 공동 의견으로 발화지점을 확인했다”고 덧붙였다.	   다만, 합동감식팀은 화재 원인에 관해선 확인하지 못해 수사가 이어질 전망이다.	 합동감식팀은 “전기적 요인에 의한 건 아니다”고 밝혔다.	 구체적 발화 원인에 대해선 울산경찰청 수사전담팀이 확인하고 있다.	   앞서 지난 8일 밤 11시 7분 울산 남구의 한 33층짜리 주상복합 고층건물에서 화재가 발생, 15시간 40분이 지난 9일 오후 2시 50분에야 불길을 완전히 잡을 수 있었다.	   옥상 등에 대피했던 77명이 구조됐고, 총 93명이 연기 흡입 등 경상을 입었다.	 사망자나 중상자는 없었다."
광주 챔피언스필드 주변 화재…프로야구 개막식 일시 중단 후 재개, 광주-	기아 챔피언스필드 주변 가죽 세탁·염색 전문 가게에서 불이 나 2020 신한은행 쏠 KBO리그 개막전 경기가 10여 분간 중단됐다 재개됐다.	   5일 오후 3시 19분께 광주 북구 신안동 2층 규모 가죽 전문 세탁·염색 가게에서 불이 나 소방당국에 의해 30분 만에 진화됐다.	   이 불로 불길이 높이 솟아오르며 화재 현장 인근 기아 챔피언스필드 방향으로 검은 연기가 날아갔다.	 이에 진행 중이던 프로야구 KIA 타이거즈 대 키움 히어로즈 개막 경기가 4회 말에 17분간 중단됐다가 불이 잦아들자 재개됐다.	   자칫 관객이 화재로 인해 매연을 들이마실 수도 있었던 상황.	 하지만 이날 경기는 무관중으로 진행된 만큼 관련 피해 상황은 보고되지 않았다.	    발화 원인은 샌드위치 패널 재질 때문이었으며 가죽 세탁·염색 가게 165㎡ 대부분이 타거나 그을린 것으로 전해졌다.	 가게에서 일하던 종업원 4명이 곧바로 대피해 인명피해는 없었다.	   경찰과 소방당국은 “세탁기 쪽에서 ‘펑’하는 소리가 난 뒤 불길이 치솟았다”는 종업원 진술로 미뤄 전기적 요인에 따른 화재를 염두에 두고 정확한 화인과 피해 규모를 조사하고 있다.
익산 아파트서 일가족 3명 숨진 채 발견…“유서와 함께”," 전북 익산의 한 아파트에서 일가족 4명 중 3명이 숨진 채 발견돼 경찰이 수사에 나섰다.	   지난 6일 익산경찰서 등에 따르면 이날 오후 5시33분께 익산시 모현동의 한 아파트에서 A씨와 그의 아내 B씨, 두 자녀가 쓰러진 채 발견됐다고 전했다.	   경찰은 A씨 가족의 친인척으로부터 “극단적 선택을 암시하는 문자를 남기고 연락이 닿지 않는다”는 신고를 받고 출동했다.	 경찰과 구급대원이 현장에 도착했을 당시 A씨와 아들은 아들 방에서, B씨와 딸은 또 다른 방안에서 각기 쓰러진 채 발견됐다.	 B씨와 중학생 아들, 초등학생 딸은 이미 숨져 있었다.	 A씨는 위독한 상태로 발견돼 인근 병원으로 옮겨져 치료를 받는 중이다.	   또한 현관문은 잠겨 있는 상태였으며 방 안에서는 유서가 발견된 것으로 전해졌다.	   경찰은 숨진 B씨 등 3명의 정확한 사망 원인을 밝히기 위해 국립과학수사연구원에 부검을 의뢰할 예정이다.	     경찰 관계자는 “현장에서 유서가 발견됐지만 극단적 선택 또는 타살 등 모든 가능성을 열어두고 현재 정확한 경위를 조사하고 있다”고 말했다."
제주 풍력발전기서 화재…헬기 동원해 3시간 만에 진화, 풍력발전기에서 화재가 나 3시간만에 진화됐다.	   오늘 오전 4시쯤 제주시 한경면 두모포구 앞 해상에 있는 풍력발전기에서 화재가 발생했다.	   제주 119와 해경은 경비함정 등을 투입해 화재 진압에 나섰지만 풍력발전기 높이가 77.8m로 높아 진압하는데 어려움을 겪었다.	   이에 따라 119는 소방헬기 한라매와 산림청 헬기를 현장에 투입해 화재 발생 3시간 여 만인 오전 7시 25분쯤 풍력발전기 화재를 모두 진압했다.	   불이 난 풍력발전기는 우리나라 최초의 상업용 해상풍력발전단지인 탐라해상풍력발전단지 내 설비 중 하나다.	   경찰은 관계자 등을 상대로 화재 원인을 조사중이다.	   한편 제주에서는 지난 2010년 제주시 구좌읍 행원풍력발전단지 화재를 시작으로 올해까지 모두 4차례 풍력발전기 화재가 났다.
"조주빈, 포토라인에서 “손석희·윤장현""언급 왜?","성착취물을 제작, 유포한 혐의로 체포된 ‘텔레그램 n번방’ 사건의 ‘박사’ 조주빈의 실제 얼굴이 드러났다.	  오늘 오전 8시 조씨는 검찰 송치를 위해 서울 종로경찰서를 나서면서 “손석희 사장님,  님, 윤장현 시장님을 비롯해 저에게 피해를 입은 모든 분들께 진심으로 사죄의 말씀을 드린다“면서 “멈출 수 없었던 악마의 삶을 멈춰주셔서 정말 감사하다”고 말했다.	   그는 다만 “혐의를 인정하느냐”, “피해자들에게 사죄하느냐” 등의 추가 질문에 대해선 답변을 피했다.	   서울지방경찰청은 아동, 청소년의 성보호에 관한 법률 위반 등 혐의로 구속된 조씨를 이날 오전 기소의견으로 검찰에 송치했다.	   조씨는 아르바이트 등을 미끼로 피해자들을 유인해 얼굴이 나오는 나체사진을 받아낸 뒤 이를 빌미로 성 착취물을 찍도록 협박하고 박사방에 유포한 혐의를 받고 있다.	 그는 또 구청과 동사무소에서 일하는 사회복무요원들을 통해 피해 여성과 박사방유료 회원들의 개인정보를 빼돌려 이를 협박과 강요의 수단으로 삼은 것으로 알려졌다.	   경찰은 조씨의 범행이 악질적, 반복적이라고 판단하고 전날 ‘신상정보 공개 심의위원회’를 열어 조씨의 이름과 나이, 얼굴 등 신상을 공개하기로 결정했다."
"경찰, 집에서 대마 재배해 흡입한 20대 모델 커플 검거"," 자신의 주거지에서 대마를 직접 재배해 흡연한 20대 모델 커플 등이 잇따라 경찰에 검거됐다.	   23일 경기북부경찰청 마약수사대는 주거지 등에서 대마를 재배해 흡연한 혐의로 A씨와 B씨 등 2명을 구속하고, C씨 등 3명을 불구속 입건했다고 밝혔다.	   연인 관계인 A씨와 B씨는 함께 서울 소재 자신들의 주거지에서 지난해부터 최근까지 대마를 재배한 혐의를 받고 있다.	   이들은 집 바깥에 폐쇄회로TV를 설치해 경찰 탐문 등 주변의 수상한 움직임을 감시했으며, 동료 모델 등 공범 3명을 집으로 불러들여 같이 대마를 피운 혐의도 있다.	   경찰 조사에서 의류 모델 등을 했던 이들은 “외국 여행을 하면서 대마를 접했고 재배 방법 등은 인터넷으로 알게 됐다”고 진술했다.	 경찰은 이들이 집에 보관 중이던 대마 170g을 압수했다.	   이 사건과 별도로 불구속 입건된 C씨는 경기 파주시 자신의 주거지 인근 야산에서 재배한 대마 4.1㎏을 건조 상태로 보관하면서 흡연하다가 검거됐다.	   C씨는 경찰 조사에서 “집 근처 야산에서 야생 대마를 가져와 피운 것”이라며 재배 혐의에 대해서는 인정하지 않았다.	   경찰은 이들이 재배한 대마를 제삼자에게 판매했을 가능성을 염두에 두고 수사를 확대하고 있다.	   경기북부경찰청 관계자는 “하반기 마약류 특별 단속 기간이 연말까지 연장됨에 따라 대대적인 마약사범 단속을 추진 중”이라며 “국민의 건강과 안전을 위협하는 마약류 범죄를 뿌리 뽑을 수 있도록 모든 역량을 집중할 계획”이라고 밝혔다."
울산 주상복합 화재 합동 감식 시작…발화지점 규명 집중," 지난 8일 밤 울산 남구에서 발생한 주상복합아파트 화재 원인과 최초 발화지점 등을 파악하기 위한 합동 감식이 시작됐다.	   11일 울산지방경찰청 수사전담팀은 “관리사무소 등으로부터 관련 자료와 폐회로 TV 영상 자료 등을 토대로 화재 원인 분석을 하고 있다”고 밝혔다.	 또 이 아파트 인근 건물 등에 설치된 폐회로텔레비전 등 영상 자료를 확보해 분석하고 있으며, 목격자와 신고자 등을 상대로 조사도 진행하고 있다.	   앞서 지난 9일 1차 감식에서 낙하물 추락 등 현장 안전에 문제가 있다고 판단해 10일 그물망과 펜스 등 안전시설물을 설치한 뒤 이날 2차 감식에 들어갔다.	   합동감식반은 아직 확인되지 않은 최초 발화지점과 화재 원인을 찾기 위해 불길이 번진 흔적, 화재와 직접 연관된 잔해물 등을 찾는 데 주력하고 있다.	 소방당국에 최초 신고 접수된 내용은 이 아파트 12층 에어컨 실외기에서 연기가 난다는 것이었는데, 3층 테라스에서 불이 시작됐다는 목격자 진술도 잇달았다.	   소방당국은 일단 3층 테라스 쪽에서 불이 시작됐을 가능성이 큰 것으로 보고 있다.	 지난 9일 진행된 1차 합동 감식과 지난 10일 소방당국이 확인한 결과 3층 테라스 외벽 쪽에서 불에 탄 흔적과 고층으로 올라가면서 불이 퍼지는 모양새를 발견했기 때문이다.	 화재 당시 강한 바람 때문에 불길이 위로 치솟았다는 것.	   경찰 관계자는 “대략 10시간 넘게 합동 감식이 진행될 것으로 예상한다.	 감식 뒤 화재 원인과 최초 발화지점 등을 분석하고, 필요하면 추가 합동 감식을 진행할 예정”이라고 덧붙였다.	   지난 8일 밤 11시 7분께 울산 남구 달동 33층짜리 주상복합아파트에서 큰불이 발생했다.	 특히 강한 바람을 타고 건물 외벽을 따라 번지며 한때 건물 전체가 화염에 휩싸이기도 했다.	   불은 화재 발생 15시간 40분여만인 지난 9일 오후 2시 50분께 완전히 진화됐다.	 불 때문에 입주민 93명이 연기 흡입 등 부상을 입었고, 피난층에 대피해 있던 77명이 구조됐다.	 다행히 사망자나 중상자는 없었다."
"조두순, 출소 후 안산 돌아오는 소식→‘나영이네’가 떠난다", 12년 전 조두순에게 피해를 당한 아동의 가족이 결국 이사를 결정했다.	 조두순이 출소 뒤 자신의 본거지인 경기도 안산시로 돌아온다는 소식에 피해자 가족이 떠나기로 한 것이다.	   조두순이 곧 출소한다는 소식에 피해자의 가족은 회의 끝에 안산을 떠나는 것이 최선이라고 결정했다.	   피해자의 부친은 “조두순이 진심으로 반성한다면 피해자 주변으로 오지 못할 것이다.	 이와 별개로 부모로서 지켜주지 못해 미안하다.	 우리가 떠날 수밖에 없다.	 너무 고통스럽고 힘들다”고 밝힌 것으로 전해졌다.	   이어 피해자측은 “하루하루 고통이었다.	 우리 가족은 너무나 괴롭고 힘들다.	 정부나 지자체에서 과연 피해자들의 아픔을 이해하는지 의문이다”고 지적했다.	   한편 안산시와 안산단원경찰서는 조두순의 출소를 앞두고 무술 유단자 청원경찰을 채용하는 등 지역 치안을 위해 애쓰겠다고 밝혔으나 정작 시민들은 불안에 떨고 있다.
"안산시, 조두순 관련 유튜브 영상물 삭제 요구…“주민 불편 해소하겠다”"," 아동성폭행범 조두순의 거주지 인근에서 벌어지고 있는 유튜버들의 무분별한 방송 시도로 인한 주민 피해를 막기 위해 안산시가 유튜브에 긴급 조치를 요청했다.	   안산시는 전날 유튜브 측에 공문을 보내 조두순 근황과 집 주변 상황 등에 조두순 관련 영상물의 삭제, 송출 금지 등을 촉구했다고 15일 밝혔다.	   지난 12일 조두순 출소 이후 거주지 일대에 다수의 1인 방송 장비를 갖춘 유튜버들이 몰리면서 주민 접촉, 고성방가, 욕설, 건물침입, 폭력, 경찰 조롱 등의 소란을 피워 주민 피해가 잇따르고 있다.	   특히 조두순 출소 이후 촬영됐던 현장 영상물들은 대부분 모자이크 처리가 되지 않아 주민 초상권 침해와 동네 주소 노출 등이 심각한 상황, 이에 조두순 거주지 일대에 경찰 병력 등이 투입돼 유튜버 등의 무단출입을 차단하고 있지만 이후에도 실시간 온라인 방송 등을 시도하는 외부인이 드나들고 있는 것으로 알려졌다.	   주민대표단 등은 전날 안산 단원경찰서에 주민 불안·불편 해소를 위한 방안 마련을 요구하는 탄원서를 제출하기도 했다.	 이들은 탄원서에 “유튜버 등 외부인이 함부로 들어오지 못하는 구역으로 지정해달라”고 호소했다.	   윤화섭 안산시장은 “유튜버의 경쟁 방송으로 주민들 고통이 심각하다”며 “주민들이 겪는 불편함을 해소하기 위해 관계기관과 최선을 다하겠다”고 말했다."
"[스타★샷] KBS 아나운서 한상헌, 국제범죄수사대 팀장과 ‘인증샷’"," KBS 아나운서 한상헌이 서울 경찰청 국제범죄수사대 김은배 팀장과 만남을 가졌다.	   지난 12일 한상헌은 자신의 인스타그램에 “더 라이브의 코너, 죄와벌 마지막 시간이라며 선물까지 준비해오셨다”라는 글과 함께 사진을 게재했다.	   이어 “어차피 인생은 물레방아라시며 다시 보자고 하셨다”고 전하며 사진 속에는 KBS1 ‘더 라이브’ MC인 방송인 최욱, 김은배 팀장과 한상헌이 선물을 들고 있다.	    한편 KBS1 ‘더 라이브’는 매주 월요일 오후 11시, 화요일부터 목요일까지 오후 10시 55분에 방송된다."
"‘팬티 세탁·성희롱 댓글’ 초등교사, 해명글 “학부모가 의견 미리 줬으면…”"," 울산의 한 초등학교 1학년 교사 A씨가 학생들의 외모를 평가하고 ‘속옷 빨래 사진 올리기’를 숙제로 내 공분을 일으키고 있는 가운데, 해당 교사가 학급 SNS에서 해명 글을 게재했다.	   오늘 A씨가 남긴 글이라는 내용의 캡처본이 게재됐다.	  A씨는 “교육청으로부터 전화를 받았다.	 제가 단 댓글들에 담임선생님이 외모로 아이들을 평가하는 사람 같다고…”라고 운을 뗐다.	 그는 “하지만 그 부분도 저에게 직접 연락주셔서 오해를 풀 수 있다고 생각한다”며 “여기 올리신 글은 소통이 아니라고 생각한다”고 밝혔다.	   이어 A씨는 “이 글을 올리신 분이 우리반 학부모님이시라면, 저에게 개인적으로 연락을 주시거나 밴드 숙제를 내줬을 때 ‘여자아이들이 팬티 빨기가 조금 쑥스러워하지 않을까요?	 양말 빨기로 하면 안 될까요?	’라고 의견을 주셨다면 제가 숙제를 수정하거나 변경할 수도 있었을 텐데 하는 아쉬움이 남는다”며 “제가 부모님들과 소통이 덜 된 상태에서 이런 과제를 내준 게 실수”라고 해명했다.	   그는 끝으로 “생각보다 사태가 심각해지고 있다.	 최대한 빨리 게시글 삭제를 간곡히 부탁드린다”고 적었다.	     앞서 최근 온라인커뮤니티에서는 ‘초등학교 1학년 선생님 정상인가요’라는 제목으로 글이 게재됐다.	 해당 글에는 A씨가 학부모들에게 밴드 단체대화방에 얼굴 사진과 간단한 자기소개 글을 올려달라고 요청했다고 전했다.	 이에 A씨는 사진과 인사 글에 성희롱성 댓글을 달고, 학생들에게 자기 속옷을 빨도록 하는 내용의 숙제를 내면서 문제가 더욱 커졌다.	    한편 울산교육청은 “ 성희롱 의심 정황을 112에 신고했다”며 A씨를 모든 업무에서 배제하고 담임교사를 바꾸도록 조치했다고 밝혔다.	 교육청 관계자는 “부적절한 인사로 주의를 받은 뒤에도 A씨가 다시 주말 과제로 속옷 세탁을 내주고 부적절한 표현을 사용해 당황스럽다”면서 “교육청 특별조사와 경찰청 수사 의뢰를 병행하고, 감사 결과에 따라 징계 처분할 것”이라고 밝혔다."
"EBS 입양다큐 출연 ‘천사엄마’의 두얼굴, 입양딸 학대 “얼굴, 배, 허벅지에 멍자국”"," 지난달 1일 방송된 EBS 입양가족 특집 다큐멘터리 ‘어느 평범한 가족’에 출연했던 엄마가 입양 딸을 학대 방임해 숨지게 한 혐의를 받고 있다.	   장모씨는 친딸이 있지만 올 초 생후 6개월된 A양을 입양했다.	 3년 전 입양단체에서 잠시 일했던 장씨는 “친딸에게 같은 성별의 동생을 만들어주고 싶다”며 충동적으로 입양을 결정한 뒤 남편에게 “입양을 너무 쉽게 생각했다”며 후회하는 말을 한 것으로 알려졌다.	   앞서 방영된 방송에서는 화기애애한 모습을 연출했던 장씨는 입양 한 달 뒤부터 아기인 A양이 “정이 붙지 않는다”며 습관적으로 방임했다.	 친딸을 데리고 외식을 나가며 입양한 딸은 지하주차장에 혼자 울게 두는 등 16차례나 방임했다.	   또한 지난 7월 아파트 엘리베이터 CCTV에는 유모차를 세게 밀어 벽에 부딪히게 하거나, 손으로 아이 목을 잡아 올리는 등 폭행을 한 장면이 찍히기도 했다.	 사나흘 간격으로 A양의 얼굴과 배, 허벅지에서 멍이 계속 발견됐다.	 사망 당시 A양의 쇄골과 뒷머리, 갈비뼈, 허벅지 등에서 모두 부러진 흔적이 발견됐고 온 몸에 멍이 들어 있는 상태였다.	 A양의 직접 사인은 장파열로 경찰은 장씨가 발 또는 무거운 물체로 A양의 등을 내리찍은 것으로 예상된다.	   장씨는 방임에 대해선 “아이가 혼자 잠을 자는 습관을 들이도록 수면교육을 한 것”이고, 폭행에 대해선 “마사지를 하다가 멍이 들거나 소파에서 떨어진 것”이라는 주장했다.	   장씨는 아이 사망 당일 “부검 결과 잘 나오게 기도 부탁해”란 메시지를 친구에게 보내고, 아이가 숨진 바로 다음날엔 동네 이웃에게 ‘물건 공동구매’를 제안하는 등 수상한 행동을 했다.	   이에 서울양천경찰서는 지난 9일 이러한 수사 결과를 담은 보고서와 함께 장씨에 대한 구속영장을 신청했다.	 남편은 방임 사건의 공범이지만 낮 시간대 주로 직장에 있었기에 폭행 가담 여부는 계속 수사 중이다.	 오늘 오전 장씨에 대한 영장 실질심사가 서울 남부지법에서 열린다."
부산서 2.5톤 트럭 후진하다 8m 추락…운전자 부상, 부산 남구에서 2.5톤 트럭이 사고났다.	   오늘 오전 8시 15분께 부산 남구의 한 아파트 이면도로에서 화물차가 높이 8m 아래 고등학교 본관 뒤 주차장으로 추락했다.	   이 사고로 운전자 A씨가 다쳐 인근 병원으로 이송됐다.	   경찰은 정확한 사고경위 등을 조사 중이다.
‘n번방’ 조주빈 후계자→1만명 회원 모집한 ‘태평양’ 고작 16살, 텔레그램에서 ‘박사방’을 운영하며 미성년자를 포함한 여성들의 성착취물을 공유한 조주빈의 공범 중 1명이 16살 청소년인 것으로 드러났다.	 경찰은 대화명 ‘태평양’을 구속 송치했다.	   서울경찰청 사이버안전과는 대화방 ‘태평양 원정대’를 운영하며 성착취 영상을 유포한 혐의를 받는 ‘태평양’ A군을 지난달 20일 구속 송치했다고 오늘 전했다.	   박사방 유료 회원이었던 A군은 지난해 10월부터 운영진으로 합류했다.	 태평양원정대라는 음란물 공유방도 지난달까지 운영하며 1만여명의 회원을 모은 것으로 추정된다.	 A군은 조주빈의 범행 사실이 알려지고 경찰이 본격 수사에 나서자 지난해 1월 회원들에게 텔레그램보다 보안이 강화된 ‘와이어’라는 메신저로 이동할 것을 공지한 것으로 전해졌다.	   폐쇄적 메신저 와이어의 경우 특정 대화방의 링크를 받는 등 초대를 받지 못하면 대화에 참여할 수 없는 게 특징이다.
[자동차보험 팩트체크 ③] 교통사고 후 정말 아픈데… “나이롱 환자라뇨”," 교통사고를 당해 몸과 마음이 지쳤는데, 이를 제대로 인정받지 못하는 환자가 적잖다.	 주로 가벼운 사고로 인해 외부적으로 드러나는 ‘사고의 흔적’이 없는 사람들은 ‘나이롱 환자’로 취급받는 경우가 빈번하다.	 이럴 경우 한의치료는 가뭄의 단비같은 존재다.	    #지난 3월, A모 씨는 차대차 교통사고를 당했다.	 뒷차가 전방 미주시로 A씨의 차 뒤를 강하게 들이박아 에어백이 터질 정도로 충격이 가해졌다.	 A씨는 교통사고 직후 작은 타박상 이외에 다른 이상을 느끼지 못했다.	 하지만 몇시간 후부터 극심한 요통이 나타나기 시작했다.	    사고 다음날 한방병원에 내원한 A씨는 이미 전신 통증을 호소했으며 심지어 고개를 돌릴 수 없을 정도로 증상이 악화됐다.	 이번 사고를 경험하면서 A씨는 20대 시절 겪은 교통사고를 떠올렸다.	 당시 단순한 접촉사고였음에도 통증이 심해 여러 병원을 찾아갔지만, 돌아오는 것은 ‘나이롱 환자’ 취급이었다.	    A씨는 “이 고통은 교통사고를 당해 본 사람들 알 수 있을 것”이라며 이번엔 한의의료기관을 선택해 한의통합치료를 받아 통증관리를 받고 일상으로 복귀할 수 있었다“고 밝혔다.	    보험사에서도 한의진료를 받겠다는 의료소비자에게 ‘대충 쉬고 오라’는 식으로 일관한다.	 보험사가 한의진료를 바라보는 시각을 알 수 있는 단면이다.	 직장인 권모 씨도 뒷차의 운전자가 권 씨가 타고 있는 차를 들이받는 교통사고를 당했다.	 당시 바로 의료기관을 찾아 검사를 받았지만 큰 이상은 없었다.	    이후에도 목에 통증이 느껴졌지만, 영상검사 결과 특별한 이상이 없었다.	 결국 한방병원을 찾은 그는 보험사 측에 ‘통증이 오래 가서 한방 치료를 일정 기간 받고 싶다’고 말했지만, 보험사 측이 ‘어차피 진료 오래 받아도 합의에는 큰 영향을 주지 않는다’는 식으로 일관해 기분이 상했다.	      교통사고는 예기치 못한 상황에서 찾아온다.	 과거에는 중상·사망을 일으키는 빈도가 높았다면, 최근에는 차량과 도로 기술이 발전하며 상대적으로 가벼운 ‘경상’을 입는 정도가 늘고 있다.	     실제로 최근 10년간 사망자·중상자는 51% 감소했다.	 반면 3주 미만 경상환자는 41% 늘었다.	  경찰청 분류에 따르면 경상환자는 5일 이상 3주 미만의 치료를 요하는 환자를 의미한다.	    경상환자는 갑작스러운 충격으로 인한 근골격계의 긴장 등으로 복합통증이 발생할 수 있다.	 그렇지만 환자가 통증을 느껴 병원을 찾아 진료를 받아도 원인을 찾지 못해 별다른 조치를 받지 못하는 경우가 있다.	 이렇다보니 혼자 통증을 참고, 진통제로 버티다 통증이 만성화되는 경우도 다수다.	     이럴 경우 한방진료가 도움이 된다.	 한의치료는 복합적인 증상을 전인적인 관점에서 바라보고 치료하는 만큼 의과에서 도울 수 없는 문제를 해소하는 데 큰 역할을 한다.	 또, 큰 사고 이후에도 통증 등이 완벽히 가시지 않았을 때 한의진료를 통해 불편한 문제를 해소해나갈 수 있다.	      손해보험사들은 매년 보험료 인상의 원인으로 ‘한의진료’를 꼽는다.	 하지만 자동차 사고 후 한의치료를 찾는 이유에 대해서도 생각해볼 필요가 있다.	 환자들이 교통사고 후 한방치료를 선호하는 것은 진료 만족도가 높기 때문이다.	     보건복지부가 실시한 ‘2017년 한방의료이용 및 한약소비 실태조사’에 따르면, 한의 외래진료에 대해 만족한다는 비율이 86.5%, 한의 입원진료에 대한 만족도는 무려 91.3%에 이르는 것으로 확인됐다.	    또 자생한방병원이 2016년 교통사고 치료로 내원한 859명을 대상으로 한의치료 만족도를 조사한 결과 99%가 만족했다.	 응답별로 살펴보면 ‘매우 만족’ 231명, ‘만족’ 474명이었다.	 ‘다소 만족’이라고 응답한 환자 140명까지 포함하면 무려 99%가 한의치료에 긍정적이다.	       이진호 대한한방병원협회 부회장은 “실제로 임상에서 만나는 교통사고로 인한 경상환자들은 영상진단만으로는 명확히 규명할 수 없는 통증을 호소하는 경우가 많다”며 “이는 갑작스러운 충격으로 인한 근골격계의 긴장이 원인이 되기 때문”이라고 설명했다.	 이어 “이 시기를 놓치고 방치하면 교통사고 후유증으로 더 많은 의료비를 지출해야 한다”고 지적했다.	    그는 한의치료는 교통사고 경상환자에게 발생할 수 있는 통증을 효과적으로 완화하고 부작용을 최소화해 후유증 관리에도 도움을 준다고 강조했다.	 이같은 이유로 경상환자들이 한의원과 한방병원을 선호한다는 것이다.	 이 부회장은 “자연스럽게 한의 의료기관을 찾는 환자가 많아지면서 진료비 또한 높아지게 된 것”이라고 했다.	    특히 한의진료의 경우 건강보험에서 낮은 보장성과 비급여 행위에 대한 실손보험 보장이 제대로 이뤄지지 않고 있기 때문에 환자 입장에서는 부담이 클 수밖에 없다.	 다만 자동차보험에서는 한의진료와 의과진료가 동일하게 보장되기 때문에 한의치료에 만족감을 느끼는 환자가 한의 의료기관을 찾고 있다는 분석이다.	    이진호 부회장은 “교통사고 환자들은 한의치료를 원하고 있지만, 오히려 손해보험 업계가 치료를 필요로 하는 환자를 이른바 ‘나이롱 환자’로 바라보는 시선이 우려스럽다”며 “자동차보험 손해율 관리를 위해 교통사고 경상환자를 치료하는 한의 의료기관에 부정적인 이미지를 씌우는 일은 없어야 할 것”이라고 강조했다     그는 장기적 관점에서 양 업계가 상생할 수 있는 방안을 모색하기 위해 노력하길 바란다는 입장을 내놨다.	 다만, 환자들이 치료받을 권리를 침해해선 안 된다는 입장이다.	    이진호 부회장은 “환자들은 의지에 따라 의료기관을 선택해 치료를 받는다”며 “2만5000여명 한의사들도 환자를 묵묵히 치료할 뿐”이라고 말했다."
"손혜원 투기 의혹 제기한 동생, 필리핀서 사망…“처지 비관한 유서 발견”"," 손혜원 전 더불어민주당 의원의 부동산 투기 의혹을 추가로 제기한 동생 손현씨가 필리핀에서 숨진 채 발견됐다.	   오늘 현지 소식통과 주필리핀 한국대사관 등에 따르면 손 씨는 지난 4일 오전 10시 30분 필리핀 북부 팜팡가주 앙헬레스시에 있는 한 호텔 객실에서 목을 매 숨진 채 발견됐고 현장에서 처지를 비관하는 내용의 유서가 나왔다고 전했다.	   호텔 측의 연락을 받은 현지 한인회가 경찰에 신고해 한국대사관에 신원확인을 요청, 지난 7일 손 씨의 신원이 확인됐다.	   현지 경찰은 타살을 의심할만한 흔적이 없고 유서가 발견된 점을 고려해 손씨가 극단적인 선택을 한 것으로 보고 사건을 종결했다.	 손 씨는 지난달 4일부터 해당 호텔에 투숙하며 코로나 19로 어려움에 처한 한인들을 돕고 지냈던 것으로 전해졌다.	   손 씨는 누나인 손 전 의원의 부동산 투기 의혹이 제기된 후인 지난해 2월 28일 서울 종로구 자유민주국 회견을 하고 손 전 의원의 투기 의혹을 추가로 제기했다.	   그는 당시 “현재까지 밝혀진  차명 부동산 24건 외에 7건이 더 있다”며 “자체 확인 결과 손 전 의원이 측근 4명을 통해 해당 근대역사문화 공간에 7개 필지를 더 보유하고 있다”고 주장했다.	   그러면서 “손혜원은 자신에게 의혹이 제기되자 부동산에 관심도 없고 투기한 사실도 없다고 주장했지만, 매형 명의의 부동산을 통해 큰 이득을 남긴 적이 있다”고 말했다.	 아울러 손 전 의원이 부친의 독립유공자 포상을 신청해 받아낸 것도 보훈처에 압력을 넣은 결과라는 기존 의혹을 다시 제기했다.	   손 전 의원은 비공개 정보를 이용하여 목포시의 부동산을 차명으로 매입하고 다른 사람에게도 매입하도록 한 혐의로 기소돼 지난 8월 1심에서 징역 1년 6개월을 선고받았으나 법정 구속을 면한 손 전 의원은 “검찰의 일방적 주장을 받아들인 유죄 판결을 납득하기 어렵다”면서 항소했다."
"권영찬 112, 실검 등극…뭐길래?"," ‘권영찬 112’가 실시간 검색어에 등극하며 화제다.	   지난 23일 한국연예인자살예방협회 상담소 소장이자 ‘미스터트롯’ TOP 수호천사를 자처 중인 개그맨 출신 백광 권영찬 교수가 ‘김호중 안티카페’의 매니저로 활동 중인 K씨의 친인척을 112에 신고했다.	 김호중과 매니지먼트 소송 분쟁을 진행 중인 K씨는 김호중과 주고받은 카카오톡 메시지를 공개하며 공방전을 펼치고 있는 인물.	   이날 권영찬에 따르면 K씨 측의 친인척으로 보이는 사람이 이날 ‘김호중 안티카페’에 장문의 욕설과 함께 ‘죽여버리겠다’는 살해 협박의 글을 게재했다.	   권영찬 교수는 “많은 구독자로부터 이러한 내용을 제보받았으며, 실제로 확인해 보니 차마 내용을 그대로 전할 수도 없는 심각한 욕설과 ‘죽여버리겠다’는 협박성 글이 있어서 모자이크 처리를 하고 방송을 할 수밖에 없었다”고 전했다.	   이어 권영찬은 “위험 수위가 극에 달해서 112에 신고를 할 수밖에 없었다”며 ‘서울시경 사이버수사대’로 연결돼 “ 정보통신망법 위반으로 협박죄, 모욕죄, 명예훼손죄에 해당한다는 사실을 확인했다”고 밝혔다.	 그는 “단순히 화가 나서 올릴 수 있는 문자로는 도가 넘어섰기에 향후 상황에 따라 검찰과 경찰에 고발장을 접수할 수도 있다”고 설명했다.	    그러면서 권영찬 교수는 “김호중과 ‘미스터트롯’ 탑7을 비롯해 어떤 연예인이든 행복할 권리가 있다.	 개인적인 소송은 당사자 간의 문제라서, 내가 어느 한쪽을 두둔할 수는 없다.	 하지만, 이러한 살인 협박에 대한 욕설이 가득한 글이 온라인에 떠돌아다녀서는 절대로 안 된다”고 강조했다."
"전동킥보드, 보행자 치면 5년 이하 징역…합의해도 ‘형사처벌’"," 도로교통법 개정으로 내달 10일부터 전동 킥보드 이용이 급증할 것으로 예상되는 가운데 경찰이 안전한 이용을 당부했다.	   24일 경찰청은 보도자료를 통해 “법 개정으로 전동 킥보드 등 개인형 이동장치 이용량이 늘어날 것으로 보인다”며 “이용자는 반드시 안전 장구를 착용하고 보도에서 주행해서는 안 된다”고 밝혔다.	   지난 5월 국회를 통과한 전동 킥보드 등 ‘개인형 이동장치’의 이용 규제를 완화하는 개정 도로교통법이 다음 달 10일부터 시행되는 가운데, 만 13세 이상부터 면허 없이 전동 킥보드를 운전할 수 있다.	   다만 인도 주행이 가능해진 것은 아니다.	 자전거도로의 통행이 허용된 것으로 자전거도로가 없으면 도로의 우측 가장자리로 통행해야 한다.	   여기에 교통사고 발생 시에는 사실상 오토바이와 동일하게 분류되어 음주운전 시 범칙금 3만원 등이 부과된다.	 인도로 통행하다 인명피해 사고를 낸다면 교통사고처리특례법이 그대로 적용된다.	   보도 침범을 비롯한 신호위반·중앙선침범·음주운전 등 12대 중과실이 이뤄졌다면 보험가입·합의 여부와 상관없이 형사처벌 대상이 된다.	   ‘특정범죄 가중처벌 등에 관한 법률’도 적용돼 도주차량 사고나 어린이보호구역 내 어린이 치사상 사고 등 규정 또한 동일하게 적용된다.	   경찰 관계자는 “주행 시 안전에 유의하고, 특히 보도 주행은 불가한 데다 보행자와 사고 발생 시 형사처벌 대상이 되는 만큼 각별히 주의해야 한다”고 말했다."
“고함에 잠도 못 자”…조두순 집 앞에서 소란 피운 유튜버들," 조두순의 출소로 인해 거주지 부근인 경기 안산시의 한 주택가 주민들의 고통이 극심한 것으로 알려졌다.	   13일 오전 조두순의 거주지 부근인 경기 안산시 한 주택가에서 주민 A 씨는 “구경거리 났나 싶어서 카메라 들고 전국에서 몰려왔다”며 “카메라를 든 외지인들이 밤새도록 욕설로 고함을 쳐대고 골목마다 담배를 피워 한잠도 못 잤다”고 말했다.	   조두순은 출소 직후 이동하는 동선마다 사람들의 이목이 쏠리면서 조두순의 거주지가 있는 골목은 전날부터 150명이 넘는 유튜버들이 드나든 것으로 추산됐다.	   한 유튜버는 조두순 집을 비추며 욕설과 함께 “죽여버린다” 등을 연거푸 외쳤고, 또 다른 유튜버는 “구독 많이 눌러주시면 조두순 집에 쳐들어가서 끌고 나오겠다”며 시청자들의 후원을 유도했다.	 이날 오전에도 유튜버를 비롯한 개인 방송 BJ 10여 명이 조두순의 거주지를 찾아가 카메라를 들고 “아침밥이 넘어가느냐” 등을 외쳤다.	   실제 조두순이 출소한 전날 오후 7시부터 이날 오전 9시까지 유튜버와 관련해 경찰에 신고된 주민 불편 신고는 70건에 달했다.	   주민들의 불편이 이어지자 경찰은 “밤새 주민 신고도 이어졌고, 사람이 몰리면 방역수칙 준수도 쉽지 않아 유튜버 등 외부인들의 주변 출입을 통제시켰다”고 전했다.	 이어 “불법행위나 주민 민원이 발생할 경우 엄중히 조사해 법규에 따라 처벌할 방침”이라고 강조했다."
“돈 벌게 해줄게”…지적장애 여성 유인해 성매매 업소에 넘긴 조폭 일당," 경찰이 지적장애 여성들을 속여 성매매 집결지인 경기 파주 용주골에 팔아넘긴 조직폭력배 일당을 검거해 수사 중이다.	   29일 경기북부지방경찰청과 법조계에 따르면 지난해 전남지역에서 활동하는 조직폭력배 일당이 지적장애 여성들을 유인해 경기 파주 ‘용주골’에 돈을 받고 넘긴 사건이 발생했다.	    수사 기관에서 확보한 지적장애가 있거나 지적장애로 의심되는 피해 여성은 3명으로 이들은 지난해 4·6·7월 세 차례에 걸쳐 용주골로 넘겨졌다.	   해당 첩보는 지난해 말 입수, 올해 초부터 본격적인 수사를 진행했으며 현재까지 피의자 10여 명이 구속되거나 불구속 입건되었으며 일부는 이미 기소되어 재판이 진행 중인 것으로 전해졌다.	   피의자들은 전남지역에서 활동하는 조직폭력배 일당으로, 성매매 업소에 여성들을 넘기기 위해 피해 여성과 사전에 교제하면서 자신들을 신뢰하게 만든 뒤 ‘돈을 많이 벌게 해주겠다’며 용주골로 유인하는 방법을 썼다.	   전남지역에 살고 있던 피해 여성들을 거짓말에 속아 약 400㎞ 떨어진 파주 용주골 업소에 넘겨져 성매매에 시달려왔다.	 피의자들은 소개비와 경비 명목 등으로 한 명당 수백만 원을 받아 챙겼지만, 피해 여성들은 이른바 ‘선불금’을 떠안은 채 강제로 성매매에 종사했다.	   피의자들에게는 인신매매 등을 처벌하는 형법 제288조의 2항 등이 적용됐다.	 해당 조항에 따르면 노동력 착취, 성매매와 성적 착취, 장기 적출을 목적으로 사람을 약취 또는 유인한 사람에게 2년 이상 15년 이하의 징역에 처할 수 있다.	   경찰은 이런 수법으로 넘겨진 피해자가 더 있을 것으로 예상하나, 피해 여성 대부분이 피의자들의 혐의를 입증하는데 소극적인 경향을 보여 경찰이 수사에 어려움이 따르고 있는 것으로 알려졌다.	   피해 여성 대부분이 지적장애가 의심되는 데다 피의자들이 과거 남자친구 또는 지인 관계였던 점 때문으로 경찰은 판단하고 있다.	   한편, 1960년대 미군 기지촌에서 출발한 파주 용주골은 한때 국내 최대 성매매 업소 집결지 중 하나였다.	 2005년 성매매방지특별법 시행 전후 대대적인 단속을 통해 많은 업소가 문을 닫았으나 현재까지도 일부 업소가 영업을 하고 있다."
이런 분노 유발 캐릭터는 없었다…‘비밀의 숲2’ 지구대원 누구?," 배우 박성일이 현실 분노를 유발하는 연기로 주목 받았다   tvN 토일 드라마 ‘비밀의 숲2’에서 지난 3-4회에 이어 5회에서도 검찰과 경찰 양측 모두에게 큰 파장을 줄 수 있는 사건인 세곡지구대 사건이 그려진 가운데, 극중 박성일은 지구대원 1 ‘이대성’ 역을 맡아 분노를 유발하는 뻔뻔함을 보여주며 극의 몰입도를 높였다.	   이대성은 동료를 시켜 송기현 경사의 손에 뜨거운 물을 쏟게 하는 등 송기현 경사를 괴롭히는 데에 한 몫 했음에도 불구하고 미안한 내색 없이 태연한 표정을 지으며 “다 알고 오셨네요”, “우리 굳이 안 숨겼는데요?	”라며 깊은 사건의 진실은 밝히지 않고 그 진실을 덮기 위해 뻔뻔한 태도로 일관, 시청자들을 분노케 만들었다.	   뿐만 아니라 접견실에서 한여진의 질문에 “근데 유혹은 사방에 깔렸지, 솔직히요, 그냥 남이 주는 거 한 달에 백만 원 씩만 챙긴다 칩시다.	 그러고 한 2, 30년 있다 은퇴하면 누군 몇 억이 기냥 생기네?	 근데 그거 안 받는다고 알아주던가요?	”라고 말하며 자신의 비리 혐의에 대해 전혀 반성의 기미를 보이지 않고 오히려 적반하장의 태도를 보여줘 시청자들의 공분을 샀다.	   박성일은 그간 쌓아 온 연기 내공을 아낌없이 보여주어 ‘이대성’의 뻔뻔하고 오만한 태도를 극대화 시켜 ‘역대급 분노유발 캐릭터’ 이대성을 완벽하게 표현했다.	 또한 평소 보여준 천연덕스러운 연기와는 상반된 희열이 섞인 악랄한 표정과 남다른 완급 조절 연기는 캐릭터의 디테일을 살려 높은 싱크로율을 보여주며 극의 재미를 더했다.	   한편, 박성일이 출연하는 tvN ‘비밀의 숲2’는 오후 9시에 방송된다."
"60대 母, 23년 ‘조현병’ 자녀 병간호에 지쳐 살해…‘비극적 선택’"," 오랜 시간 조현병을 앓던 딸을 살해한 60대 여성에게 1심 재판부가 실형을 선고했다.	 이 여성은 직장까지 그만두고 23년간이나 딸을 돌봤지만, 딸의 조현병 상태가 점점 심해지면서 결국 비극적인 선택했다.	   오늘 법원에 따르면 서울남부지법 형사합의13부는 살인 혐의를 받는 60대 A씨에게 지난 6일 징역 4년을 선고했다.	   직장생활을 하던 A씨는 딸 B씨가 중학생이던 시절 조현병 및 양극성 정동장애 등의 질병을 앓게 되자 퇴직을 하고 B씨를 병원에 입원을 시키거나 통원치료를 받게 하면서 정성껏 돌본 것으로 조사됐다.	 사건이 벌어진 지난 5월까지 무려 23년이라는 세월이었다.	   하지만 B씨는 병원에서 처방해 준 약을 먹는 것을 거부하고 심한 욕설을 하며 소란을 자주 피웠고 가출을 하는 등 병세가 나아질 기미를 보이지 않았던 것으로 전해졌다.	   이에 A씨는 지난 5월 새벽 시간대에 주거지에서 잠을 자던 B씨를 결국 살해했다.	   재판 과정에서 A씨 측 변호인은 A씨가 범행 당시 한가지 일에 집중하던 사람이 갑자기 무기력해지는 ‘번아웃 증후군’ 등 심신상실 또는 심신미약 상태에 있었다고 주장했다.	 실제로 B씨의 병원 진료기록 일부에는 B씨 부모에 관해 관련 내용이 기재돼 있었던 것으로 알려졌다.	   하지만 재판부는 A씨가 범행 당일 이뤄진 첫 경찰 조사에서 “남편이 있으면 딸을 살해할 수 없어 남편이 없을 때 살해한 것입니다”라고 하는 등 과정을 상세히 진술했다는 점을 들어 이런 주장을 인정하지 않았다.	   우발적 범행이었다는 변호인 주장에 대해서도 재판부는 A씨가 두번째 경찰 조사에서 B씨를 살해하기 전 B씨 방문 앞으로 가서 자는 모습을 바라봤다고 하면서 “같이 죽기 전에 딸 얼굴을 한번 더 보고 마음도 정리하기 위해 갔습니다”라고 진술한 점 등을 들어 범행 내심의 고의가 있었다고 판단했다.	   1심 재판부의 판단은 실형이었다.	 다만 ‘참작 동기 살인’을 적용해 혐의에 비해서는 비교적 낮은 형량을 내렸다.	   재판부는 “피고인은 그 무엇으로도 대체할 수 없는 인간의 생명을 침해하여 돌이킬 수 없는 중대한 결과를 초래했다”며 “피고인이 아무리 오랜 기간 정신질환을 앓던 피해자를 정성껏 보살펴 왔다 하더라도, 자녀의 생명에 관해 함부로 결정할 권한은 가지고 있지 않다”고 전했다.	   그러면서 “피고인과 비슷한 처지에 있는 부모 모두가 피고인과 같은 선택을 하는 것은 아니다”라고 덧붙였다.	   다만 재판부는 “피고인은 자신과 남편이 점차 나이가 들어가는 데다가, 계속된 노력에도 불구하고 피해자의 상태가 나아질 기미를 보이지 않자 차츰 심신이 쇠약해져 범행에 이른 것으로 보이기도 한다”면서 “중증 정신질환자에 대한 치료와 보호의 몫 상당 부분을 국가와 사회보다는 가정에서 감당하고 있는 현실에 비추어 볼 때, 이 사건과 같은 비극적인 결과를 오로지 피고인의 책임으로만 돌리기 어려운 측면도 있다”고 봤다.	   이어 “피해자의 유일한 유족인 피고인의 남편이 선처해 줄 것을 탄원하고 있고, 피고인 역시 잘못을 뉘우치고 있다.	 피고인은 이 사건 직후 자수했고, 앞으로 남은 생애 동안 자신의 자녀를 살해했다는 죄책감에서 벗어날 수 없을 것으로 보인다”면서 양형 이유를 밝혔다."
롯데호텔 ‘디어 히어로즈’ 캠페인 수익금 기부," 롯데호텔이 ‘디어 히어로즈’ 캠페인을 통한 패키지 판매 수익금 일부를 사랑의열매 사회복지공동모금회에 기부했다.	  ‘디어 히어로즈’ 캠페인은 국가유공자, 보훈 보상 대상자를 비롯한 군인, 경찰, 소방공무원과 코로나19 극복에 힘쓴 의료진 및 질병관리본부 임직원들을 대상으로 출시한 동명 패키지 수익금 일부를 기부하는 사회공헌 활동이다.	 해당 패키지는 지난 6월 1일부터 한 달 동안 국내 롯데호텔 17개 전 체인에서 선보였다.	 패키지 수익금으로 마련된 기부금은 코로나19 극복을 위한 의료진 지원 사업에 쓰인다.	  사랑의열매 사회복지공동모금회 지정 기탁 기부를 통해 소독 티슈, 손 세정제 등 방역 키트를 전국 52개 병원 의료진들에게 감사의 마음을 담아 전달할 예정이다.	  롯데호텔은 이번 기부 캠페인 외에도 의료진들을 위한 다양한 사회 공헌 활동을 이어나가고 있다.	 지난 3월 롯데호텔 서울과 롯데호텔 월드에서는 대구 지역 의료진을 응원하기 위해 단팥빵 2000개를 전달했다.	 롯데호텔 양곤도 지난 4월, 미얀마 지역 의료진에게 빵 1000개를 기부하며 해외까지 기부 캠페인을 이어나갔다.	 이와 더불어 지친 의료진과 시민들을 응원하기 위해 글로벌 체인 호텔을 중심으로 호텔 외관을 특정 문구 및 모양으로 점등하여 메시지를 전달하는 ‘호프 포 올’ 캠페인에도 참여한 바 있다."
보건소서 성형수술 받은 공무원들?…재판 후 징계 논의," 코로나19가 빠르게 확산했던 지난 3월 합천보건소에서 성형수술을 받은 군청 공무원 2명이 적발돼 충격을 주고 있다.	   경남 합천경찰서는 오늘 경남 합천군 보건소에서 성형수술을 받은 혐의로 군청 공무원 2명과 공중보건의를 불구속 기소 의견으로 검찰에 송치될 예정이라고 밝혔다.	   6급 계장과 9급 직원인 공무원 2명은 지난 3월 말 코로나19가 한창 확산 중이던 시기에 보건소 간의 수술실에서 공중보건의로부터 눈 밑 지방 재배치와 쌍꺼풀 수술을 받은 혐의를 받고 있으나 피의자들은 관련 혐의를 부인하는 것으로 알려졌다.	   경찰 관계자는 “코로나19가 확산세를 보일 당시 부적절한 방식으로 성형수술을 받았다고 판단했다”면서 “조만간 이들을 검찰 송치할 계획”이라고 말했다.	   징계 권한을 가진 합천군은 우선 이들에 대한 재판 결과를 지켜본 뒤 이 내용을 토대로 재조사에 돌입할 방침이다.	   군 관계자는 “전해 들은 말이라 자세한 설명은 힘들지만, 공무원들과 보건의 진술이 군 자체 조사 당시 한 진술과 일부 엇갈린다”며 “무엇이 진실인지 파악하기 어렵기 때문에 우선 재판을 지켜본 뒤 징계 여부를 다시 논의할 예정”이라고 말했다."
집주인 “조두순 사는지 몰랐다”…거주지 앞 소란에 다른 주민들도 ‘불안’," 지난 12일 출소한 아동성범죄자 조두순의 거주지에 일반인들이 몰리면서 현지 주민들이 불편을 겪는 가운데 조두순은 현재 사는 집에서 쫓겨날 위기에 놓였다.	   14일 주민 등에 따르면 조두순이 지난 12일 출소한 이후로 머물게 된 경기 안산시 주택의 집주인은 최근 세입자가 조두순 가족인 것을 알게 된 뒤 다른 세입자들도 불안해하자 조두순의 아내에게 “나가 달라”는 의사를 밝혔다.	 그러나 조두순의 아내는 “갈 곳이 없다.	 이사 못 간다”며 거부했다.	   조두순의 아내는 지난달 지인의 명의로 현재 거주지에 2~3년가량 살기로 임대차 계약을 맺고 같은 달 말 입주한 것으로 알려졌다.	   조두순은 출소 이후 외부 활동을 전혀 하지 않고 집에만 머물고 있다.	 조두순의 집 주변에는 그의 모습을 촬영하거나 보복을 하려는 유튜버?	BJ등이 계속 모여들면서 주민들이 불편함을 호소했다.	   조두순이 출소한 지난 12월부터 이날 오전까지 112에 접수된 소음 민원 등 신고는 총 98건으로 집계됐다.	 이에 경찰 관계자는 “조두순 출소에 유튜버 등이 거주지 인근에서 소란을 피워 주민들이 불편을 호소하고 있다”며 “주민들을 생각해서라도 과격한 행동은 자제해 달라”고 당부했다.	   한편 경찰에 따르면 지난 12일 이후 지금까지 조두순의 집 주변에서 공무집행방해, 주거침입 미수 등으로 입건된 일반인은 모두 8명인 것으로 알려졌다."
"강경화 장관 시아버지 별세…남편 이일병, 장례 불참"," 지난 13일 강경화 외교부 장관의 시아버지인 이기을 연세대 경영대 명예교수가 별세했다.	 유족으로는 강금봉아 여사와 1남 3녀가 있다.	   이 명예교수의 장례식은 유족의 뜻에 따라 가족장으로 치러져 외부에 알려지지 않았다.	 발인은 지난 15일 오전 8시에 진행됐다.	   장남인 이일병 연세대 명예교수는 요트 구입 등 목적으로 지난 3일 미국으로 출국한 상황이라 장례식에 참석하지 못한 것으로 전해졌다.	   이기을 교수는 일제 말기 이른바 ‘중앙고보 5인 독서회’ 사건에 가담한 것으로 알려져 있다.	 독서회는 이 교수 등 중앙고보 학생 5명이 1940년 민족정기 고취와 독립 쟁취를 목적으로 조직한 단체다.	   고인인 이기을 명예교수는 함경남도 북청 출신으로, 일제강점기 말기 이른바 ‘중앙고보 5인 독서회’ 사건에 가담한 것으로 알려졌다.	 이 과정에서 일본 경찰에 발각돼 함흥교도소에서 몇 달간 옥살이하기도 했다.	 ‘중앙고보 5인 독서회’는 1940년 이 명예교수 등 중앙고보 4학년생 5명이 민족정기 고취, 독립 쟁취를 위해 만든 조직으로, 고 최복현 선생이 이들을 지도했다.	   고인은 석방 후 1943년 연희전문학교 상과에 입학했지만, 그해 말 일본군 학병에 지원해 일본에서 해방을 맞은 것으로 전해졌다.	 해방 후 한국으로 돌아와 1947년 연희전문, 1952년 연세대 상경대를 졸업하고 1955~1989년 연세대 교수로 재직했다.	   고인 측은 독립유공자 포상을 신청했지만, 학병 이력 때문에 탈락한 것으로 알려졌다."
"‘11명 사상’ 군포 아파트 화재현장, 오늘(2일) 합동 감식"," 4명이 숨지는 등 11명의 사상자를 낸 경기 군포 아파트 화재 현장 합동 감식이 진행된다.	   2일 경기 군포경찰서는 이날 오전 10시 30분 산본동 백두한양9단지 아파트 화재 현장에서 경기소방재난본부, 국립과학수사연구원 등 관계기관과 합동 감식을 벌일 예정이라고 밝혔다.	   앞서 전날 오후 4시 37분 이 아파트 12층에서 불이 나 리모델링 공사 노동자 2명과 주민 2명 등 4명이 숨지고, 1명이 중태에 빠지는 등 7명이 다쳤다.	   사고 당시 근로자 2명은 아파트 12층에서 전기난로를 켜둔 채 노후 섀시 교체 공사를 진행하고 있던 것으로 알려졌다.	 난로 주변에서 폴리우레탄과 시너 등 가연성 물질이 발견됐다.	   근로자 2명은 화재 현장인 작업 중 불이 나자 지상으로 추락해 숨졌으며, 주민 2명은 불길을 피해 상층부로 이동하다가 옥상 계단참에서 숨진 채 발견됐다.	   목격자 진술에 따르면 폭발음이 여러 차례 들렸으며, 이와 함께 시작된 불은 곧바로 옆 라인으로 옮겨붙었다.	   경찰은 현장 내부 정밀감식을 통해 정확한 발화 지점과 원인을 조사한 뒤, 그 결과를 발표할 계획이다."
‘16개월 입양아 학대사망’ 부모 검찰 송치…수차례 학대·방임," 생후 16개월 입양아 사망 사건을 수사 중인 경찰이 학대 혐의를 받는 부모를 검찰에 기소 의견으로 송치했다.	   19일 서울 양천경찰서는 숨진 A양의 입양모 B씨에게 아동학대 치사와 방임을, B씨의 남편 C씨에게는 방임 및 방조 혐의를 적용해 검찰에 송치했다.	   앞서 B씨는 생후 16개월 된 딸 A양을 학대해 숨지게 한 혐의로 지난 11일 구속됐다.	 그는 A양을 여러 차례 신체적으로 학대하고 차에 A양을 홀로 두는 등 방임한 것으로 조사됐다.	   A양은 올해 2월 B씨와 C씨에게 입양됐다.	 A양의 부모는 지난 9월 23일 이미 아동학대 의혹 신고로 경찰의 대질조사를 받는 등, 관련 신고가 세 차례나 있었다.	   그러던 중 A양은 지난달 13일 양천구 목동의 한 병원에서 사망했다.	 병원에 실려 올 당시 복부와 뇌에 큰 상처가 있었으며, 이를 본 병원 관계자가 아동학대를 의심해 경찰에 신고했다.	   국립과학수사연구원은 정밀 부검한 결과 ‘외력에 의한 복부 손상’이 A양의 사인이라는 소견을 내놓았다.	 또한 B씨의 학대 행위는 입양 약 한 달 후부터 시작돼 여러 번 반복된 것으로 파악됐다.	    A씨는 경찰 조사에서 일부 혐의는 인정하면서도 학대 치사 혐의는 부인한 것으로 알려졌다.	   C씨는 B씨의 방임 행위를 방조하거나 일부 공모한 혐의를 받는다.	 다만 경찰은 C씨가 아내의 신체적 학대 행위에 가담하거나 방조한 정황은 발견되지 않았다고 밝혔다.	   이날 경찰은 “두 사람은 영아를 장기간에 걸쳐 방임·학대해 사망에 이르게 했다”며 “어린이집 관계자 등 참고인 조사와 CCTV 영상 및 피해 아동 진료기록 분석, 부모 휴대전화 포렌식 조사, 아동보호전문위원회 및 소아과 전문의 자문 등 다각도로 수사해 혐의를 확인했다”고 설명했다."
조두순 이사 가나…시·경찰 방범대책 수정 불가피," 내달 13일 출소를 앞둔 미성년자 성폭행범 조두순이 당초 거주하기로 했던 아파트가 아닌 안산시내 다른 아파트로 거주지를 변경할 것으로 예상된다.	 이에 경찰과 안산시는 비상에 걸렸다.	   26일 안산지역 관계자에 따르면 “조두순의 출소 소식과 함께 거주 예정지가 집중적으로 관심을 받으면서 조두순의 가족이 부담을 느낀 것으로 보인다”며 최근 조두순의 아내는 인근 다른 동 지역에 전입 신청을 했다고 전했다.	   조두순은 수감되기 전 아내와 함께 안산 관내 한 아파트에 거주했으며, 출소 후 이곳으로 돌아가겠다고 밝힌 바 있다.	   이에 따라 경찰과 안산시 등은 조두순이 거주할 것으로 예상해 조 씨 거주지 중심으로 방범 대책을 세웠다.	 주요 길목에 방범 초소 설치를 준비하고, 고성능 폐쇄회로TV를 확대 설치했으며, 순찰 인력을 집중적으로 배치한 바 있다.	   하지만 조두순의 거주지가 변경되면 이러한 대책을 향후 거주지 중심으로 변경해야 할 상황이다.	   안산시 관계자는 “조두순 부인이 다른 지역으로 전입 신청을 했는지 등을 해당 동사무소를 통해 정확히 확인한 뒤 경찰과 함께 해당 지역에 대한 별도의 치안 대책 등을 마련할 방침”이라고 말했다."
항의하러 온 이웃집 요양사 살해한 50대…“TV서 환청 들린다”, 이웃집 장애인을 돌보던 요양사를 흉기로 찔러 살해한 50대 남성에게 검찰이 중형을 구형했다.	   인천지방검찰청은 지난 9일 살인 혐의로 기소된 50대 남성 A 씨에게 징역 25년을 선고하고 전자발찌 부착 20년과 보호관찰 5년을 명령해달라고 재판부에 요청했다.	   A 씨는 올해 9월 9일 오후 3시께 인천시 서구 한 빌라 엘리베이터 앞에서 이웃집 장애인의 요양사인 70대 여성 B 씨를 흉기로 여러 차례 찔러 숨지게 한 혐의를 받고 있다.	   B 씨는 지난해 11월 말부터 남편과 오전?	오후 시간을 나눠 사건이 발생한 빌라에서 장애인을 돌봤다.	 B 씨는 자신이 돌보던 장애인으로부터 “이웃집이 빌라 1층에 있는 인터넷 선을 빼 우리 집 인터넷과 TV가 자주 끊긴다”는 말을 듣고 A 씨 집에 찾아가 항의하다가 변을 당한 것으로 알려졌다.	   경찰 조사에서 A 씨는 “TV를 켜면 환청이 들린다”고 주장하며 전 세대 TV와 이어진 인터넷 연결선을 종종 끊어 온 것으로 드러났다.	   A 씨에 대한 선고 공판은 내년 1월 22일 열릴 예정이다.
‘박사방·n번방’ 디지털 성범죄 연루 공무원 149명 적발…경찰 4명 포함," ‘박사방’·‘n번방’ 등 SNS 등을 활용한 디지털 성범죄에 연루돼 경찰에 단속된 공무원이 149명에 이르는 것으로 조사됐다.	   국회 행정안전위 국민의힘 박완수 의원이 20일 경찰청으로부터 제출받은 국정감사 자료에 따르면 디지털 성범죄 특별수사본부는 지난 3월 25일 출범한 이래 공무원 149명을 단속했다.	   직업별로 살펴보면 군인·군무원이 128명으로 가장 많았고 교사 8명, 경찰·지방자치단체 공무원 각 4명, 소방 2명, 국립대병원 직원 ·보호관찰직·공기업 직원 각 1명이다.	   이 가운데 군인·군무원 128명을 군에 이첩했고 나머지 21명을 입건했다고 경찰은 전했다.	   적발된 사례 중에서 ‘박사방’·‘n번방’ 등에서 제작된 성 착취물을 휴대전화에 소지한 경우가 가장 많은 것으로 드러났다.	 구속된 5명은 화장실 등에서 불법 촬영한 혐의를 받는 것으로 전해졌다.	   박 의원은 “n번방·박사방 등의 성범죄로 온 나라가 시끄러운 가운데 모범을 보여야 할 공직자들이 이런 비위를 저질렀다니 충격”이라며 “각 기관 책임자들이 특단의 조치를 마련해야 한다”고 주문했다."
"KBS 여자화장실 개그맨 몰카범, 기기 작동 확인하다 얼굴 찍혀 덜미"," KBS 연구동 건물 여자화장실에 몰래카메라를 설치했다가 적발된 KBS 공채 개그맨 A씨가 자신이 설치한 기기에 얼굴이 찍혀 덜미를 잡힌 것으로 알려졌다.	   4일 조선일보는 “A씨가 KBS 본사 건물 여자화장실에 불법 설치해 촬영한 영상에는 A씨 자신의 모습도 등장한다”고 보도했다.	   보도에 따르면 A씨는 몰카가 제대로 작동되는지 등을 확인하기 위해 자신의 얼굴을 비춰본 것으로 알려졌다.	   앞서 지난달 29일, KBS 연구동 내 여자화장실에서 불법촬영 기기가 발견됐다는 신고가 경찰에 접수됐다.	 경찰은 영상에서 A씨의 모습을 확인하고 신원을 추적했다.	   A씨는 지난 1일 자진 출석해 1차 조사를 마쳤다.	 특히 A씨는 KBS 32기 공채 개그맨으로 알려져 논란이 일었다.	   이후 가로세로연구소는 KBS 32기 공채 개그맨 한 명을 몰카범으로 지목했다.	 그러나 해당 개그맨은 SNS를 비공개로 전환한 상태이며, 현재까지도 별다른 해명을 하지 않고 있는 상태다.	   이번 논란과 관련해 KBS는 “연구동 건물에서 불법 촬영기기가 발견된 것과 관련해 엄중하게 받아들이며, 재발 방지와 피해 예방을 위한 대책을 마련해 시행하고 있다”고 입장을 밝혔다.	   이어 “조사에 적극적으로 협조하는 것은 물론, 구성원들의 불안감을 해소하기 위한 재발 방지 대책을 마련하고 2차 피해를 막기 위한 조치도 시행하고 있다”며 “사건 발생 직후 본사 본관과 신관, 별관, 연구동을 긴급 점검했고 문제가 없음을 확인했다.	 지역국의 여성 전용 공간도 전면 조사에 착수했다.	 CCTV 등 보안장비 보완과 출입절차 강화가 포함된 재발 방지책도 마련하고 있다”고 설명했다.	   그러면서 KBS는 “이번 사건에 책임을 통감하며 재발 방지와 2차 피해 예방에 최선을 다할 것임을 거듭 약속드린다”고 사과했다."
"대구시, 코로나19 검사 거부 신천지 교인 ‘702명’ 고발", 대구시가 코로나19 확산을 막기 위해 진단 검사를 받지 않는 신천지 대구교회 교인을 고발할 방침이다.	   오늘 시에 따르면 관리 중인 신천지 대구교회 교인은 1만719명이다.	 이 가운데 1차로 명단을 확보한 8천269명 가운데 아직 검체 검사를 받지 않은 인원은 91명이다.	 이들 중 연락이 닿지 않는 23명은 경찰에 소재 파악을 의뢰할 예정이다.	 또 나머지 68명은 하루빨리 검사를 받도록 독려하고 있다.	 대구시 관계자는 “오는 9일까지 검사를 받지 않는 신천지 교인은 전원 고발할 계획이다”고 밝혔다.	   2∼3차에 걸쳐 확보한 명단에 든 2천450명 가운데는 시스템상으로 611명이 검사를 받지 않은 것으로 나타났다.	 그러나 시는 정밀 분석을 하면 이 가운데 상당수가 이미 검사를 받았을 수도 있다고 본다.	 지난달 18일 코로나19 지역 내 첫 환자가 발생한 뒤 지금까지 검체 검사를 받은 신천지 대구교회 교인은 95％ 정도다.	   이날 오전 7시 기준으로 검체 검사 결과가 나온 교인 9천229명 가운데 48.3％인 4천46명이 확진 판정을 받았다.
족발 안에 살아있는 쥐가?…프랜차이즈 “경찰에 수사 의뢰”," 야식으로 배달 주문한 족발에서 살아있는 생쥐가 나와 충격을 주고 있다.	   1일 MBC ‘뉴스데스크’는 서울 모처에서 직장인들이 야식으로 배달시킨 프랜차이즈 족발집 반찬 용기에서 살아있는 쥐가 튀어나왔다고 보도했다.	   보도에 따르면 제보자는 지난 25일 밤 10시쯤 동료 직원들과 함께 야근하던 중 평소 자주 배달을 시켰던 프랜차이즈 족발집에서 야식을 주문했다.	 그런데 음식이 도착한 후 부추를 비비려고 뒤집자 생쥐 한 마리가 그대로 나왔다는 것.	   문제는 당시 반찬은 플라스틱 용기에 비닐로 밀봉된 채 배달됐다.	 즉, 배달 과정에서 쥐가 들어갈 가능성은 거의 없는 상황.	   제보자는 즉시 가게에 항의했지만 가게 사장은 처음엔 배달원만 보내 음식을 회수해 가려고 했다.	 제보자와 동료 직원들이 화를 내자 가게 그제야 사장은 직접 사무실로 찾아와서 회식비 100만원과 병원비를 보상하겠다고 밝혔다.	   하지만 직원들은 심각한 사안이라고 생각해 제의를 거절하고 본사에 조치를 요구했다.	 그러나 본사 측은 “할 수 있는 게 없다”며 가맹점과 해결하라는 반응만 보였다.	   MBC 취재진은 직접 해당 매장을 찾아 외부와 연결된 주방 CCTV 등을 확인했다.	 이때 종업원과 이야기를 하던 중 주방에서 쥐 한 마리가 재빠르게 지나가기도 했다.	   제보자와 직원들은 정식으로 식약처에 신고했고, 식약처의 의뢰에 따라 관할 구청이 지난 30일 현장 조사를 벌였다.	 구청은 “가게에서 인정했다면서, 위생 관리 책임을 물어 가게 측에 과태료 50만원을 부과했다”고 밝혔다.	 쥐가 음식물에 들어가게 된 과정은 밝혀지지 않았다.	   프랜차이즈 본사 측은 “정확한 경위 파악과 원인 분석이 필요하다”며 “경찰에 수사를 의뢰하겠다”고 전했다."
"‘신생아 두개골 골절’ 아영이 사건, 1년 만에 검찰 송치"," 부산의 한 산부인과 신생아실에서 생후 닷새 된 신생아의 두개골을 골절시켜 의식 불명에 빠지게 한 일명 ‘아영이 사건’이 1년 만에 검찰로 송치됐다.	   5일 부산 동래경찰서는 지난달 25일 당시 신생아실 간호사였던 A씨를 업무상 과실치상·학대, 아동복지법 위반 혐의로, 간호조무사 B씨를 아동복지법, 의료법 위반 혐의로 검찰에 기소 의견으로 송치했다고 밝혔다.	   또 경찰은 직원의 위법행위에 대해 병원 대표를 함께 처벌하도록 한 양벌규정에 따라 병원장 C씨도 아동복지법·의료법 위반 혐의로 검찰에 넘겼다.	   ‘아영이 사건’은 지난해 10월 부산 동래구 한 산부인과 병원 신생아실에서 태어난 지 닷새 된 아영이가 두개골 골절과 뇌출혈 진단을 받고 의식 불명에 빠진 사건으로, 아영이의 부모는 신생아실 안에서의 학대가 의심된다며 경찰에 고소장을 제출했다.	   경찰 조사에서 A씨가 아영이의 발을 잡고 거꾸로 들거나 아기 바구니에 집어 던지는 등, 학대 정황이 폐쇄회로TV에 포착됐다.	 해당 병원은 사건이 커지자 지난해 11월 폐원했다.	   A씨와 B씨는 경찰에서 “임신·업무와 관련된 스트레스 등으로 신생아를 학대했다”고 진술했다.	 이후 경찰은 수사에 착수한 지 11개월 만에 사건을 검찰로 송치했다.	   경찰 관계자는 “간호사의 학대로 아영이가 두개골 골절을 입게 됐다는 연관성을 증명하기가 상당히 어려웠다”며 “의료분쟁 절차와 검찰의 수사 보완 지시 등으로 인해 수사가 길어졌다”고 설명했다.	   피해 당사자인 아영이는 사건 발생 1년이 지난 현재까지 의식을 찾지 못하는 상태로 알려졌다.	 병원에서 치료조차 어려울 정도로 상태가 좋지 않다는 게 경찰의 설명이다.	   한편, 아영이의 아버지는 지난해 10월 청와대 국민청원을 올렸고, 이는 누리꾼을 공분케 하며 21만 5000여명의 동의를 받았다.	 또한 부산시도 신생아실 CCTV 설치를 의무화하는 법 개정을 정부에 건의하기도 했다."
만취해 태워줬더니…얻어탄 차 훔쳐 달아난 30대 입건," 만취한 상태로 다른 사람의 차를 얻어 탔다가, 주인이 자리를 비운 틈을 타 차를 훔쳐 시내를 질주한 30대 여성이 경찰에 붙잡혔다.	   18일 서울 서초경찰서는 A씨를 절도와 도로교통법 위반 등 혐의로 입건해 조사하고 있다고 밝혔다.	   A씨는 지난 14일 오후 11시 30분경 서울 시내 한 거리에서 B씨 차를 얻어 탔다가 B씨가 잠시 차에서 내린 틈을 타 직접 운전한 것으로 조사됐다.	 A씨와 B씨는 일면식 없던 사이였다.	   A씨는 차가 도난당했다는 B씨 신고를 받고 출동한 경찰에 의해 현행범으로 체포됐다.	 당시 A씨의 혈중알코올농도는 면허 취소 수치인 0.187%로 알려졌다.	   더불어 A씨는 체포 과정에서 경찰관의 얼굴을 팔꿈치로 가격해 공무집행방해 혐의도 받는다.	 경찰 조사에서는 “당시 상황이 전혀 기억나지 않는다”는 입장으로 일관한 것으로 전해졌다.	   경찰은 현장 CCTV와 목격자 진술 등을 토대로 정확한 사건 경위를 조사하고 있다."
