[편집실에서]바뀌어야 한다," 대부분 ‘DVD’라고 하면 보통 영상 저장매체인 ‘디지털비디오디스크’를 떠올릴 겁니다.	 지금은 이것도 한물갔지만 VTR 시대가 저문 뒤 등장해 한동안 인기를 끌었죠.	하지만 DVD라는 말은 아주 고약한 뜻의 속어로 쓰일 때가 있습니다.	 영국인들이 아시아계 사람들을 비하할 때 쓰는 인종차별 용어입니다.	 아시아계 이민자들이 길거리에서 불법 복제 DVD를 판다는 의미에서 나온 모욕적 표현입니다.	 얼마 전 잉글랜드 프리미어리그에서 뛰고 있는 손흥민 선수가 교체되면서 벤치로 들어가자 상대편의 한 팬이 “DVD 나간다”라고 했다가 논란이 일었습니다.	 하필이면 1골 1도움을 올리며 프로 데뷔 후 처음이자 아시아 선수 최초로 ‘10골-10도움’이라는 대기록을 달성한 날에 말입니다.	손흥민 선수뿐만이 아닙니다.	 EPL에서는 ‘검둥이’·‘원숭이’와 같은 인종차별적 표현은 물론이고, 양쪽 눈을 옆으로 찢는 제스처나 흑인 선수를 향해 바나나를 던지는 저급한 행위가 심심치 않게 일어나고 있습니다.	 ‘신사의 나라’가 아닌 ‘훌리건의 본고장’이란 말이 딱 들어맞는 셈입니다.	지난 7월 15일자 〈경향신문〉 국제면에 실린 아주 의미 있는 기사 하나가 눈길을 끌었습니다.	 네덜란드의 고교 졸업반 학생 3명이 정부 사이트에 ‘학교에서 인종차별 교육을 해야 한다’는 내용의 온라인 청원을 올렸고, 사회관계망서비스를 통해 퍼지면서 시민의 공감을 얻어 결국 관련 법안이 하원을 통과했다는 내용이었습니다.	 아프리카계·아시아 출신인 이들 세 학생은 “인종에 대한 고정관념을 바꾸기 위해서는 학교 커리큘럼이 변해야 한다.	 학교부터 바뀌어야 한다”고 청원 배경을 설명했습니다.	 이들의 청원이 성과를 올리면서 네덜란드에서는 식민주의 역사를 반성하자는 여론도 높아졌다고 합니다.	미국 프로스포츠계에서 인종차별적 구단명으로 유명한 미국프로풋볼의 워싱턴 레드스킨스가 87년 만에 팀 이름을 변경하기로 했다는 소식도 나왔습니다.	 피부색이 빨갛다는 뜻의 ‘레드스킨스’는 아메리카 원주민을 비하하는 의미를 담고 있다는 비판을 받아왔습니다.	 구단 측은 그동안 팀명 고수 입장을 유지해왔지만 페덱스와 나이키, 아마존 등 굵직한 스폰서 기업들이 “팀 이름을 바꾸지 않으면 스폰서 계약을 철회하겠다”고 통보하자 무릎을 꿇었습니다.	 이들 역시 ‘인종차별 기업’으로 낙인찍힐 경우, 매출에 엄청난 타격을 입을 것이란 이유에서 구단에 압력을 행사한 걸로 보입니다.	지난 5월 미국 미네소타주 미니애폴리스에서 경찰의 과잉진압으로 사망한 흑인 남성 조지 플로이드 사건은 이처럼 전 세계적으로 인종차별 문제를 환기시켰습니다.	 물론 차별 행위가 완전히 뿌리뽑힌 것은 아닙니다.	 하지만 이 문제는 이제 미국의 ‘흑-	백 간의 갈등’을 넘어 점차 글로벌 이슈가 되어가고 있는 양상입니다.	 인종차별은 비단 서구의 문제로 치부할 수만은 없습니다.	 다문화사회가 된 지금 우리 사회 역시 이 문제에서 자유로울 수 없습니다.	 잘못된 관습과 통념을 하나둘 바꾸자는 움직임이 전 세계적으로 꿈틀대기 시작한 것 같습니다.	 이제는 바뀌어가고 있습니다.	조홍민 에디터 겸 편집장   ©   , 무단전재 및 재배포 금지〈경향신문은 한국온라인신문협회의 디지털뉴스이용규칙에 따른 저작권을 행사합니다."
"[골목 내시경]노량진 골목-공시족에 의한, 공시족을 위한, 공시족 터전"," 서울 노량진역을 나서면 학원이 보인다.	 대입재수학원부터 공무원 시험학원까지 학원의 수와 종류는 셀 수 없을 정도다.	 마치 젊은 시절의 대부분은 시험으로 보내야 한다는 듯 학원은 그렇게 노량진을 점령하고 있다.	 정면에 우뚝 선 동작경찰서를 에워싸고 경찰직 공무원 학원이 있는 것도 이채롭다.	 공무원 시험 경쟁률이 보통 수백 대 1을 넘어서고 있고, 공무원이 되기를 바라는 젊은이들이 점점 많아지면서 노량진으로 향하는 이들도 줄어들 기미가 보이지 않는다.	 그만큼 세상은 먹고살기가 어려워졌고, 미래는 불확실해졌다는 방증일 것이다.	사법시험이 폐지되면서 신림동 고시촌을 전전하던 이들도 노량진으로 몰렸다.	 입시시장에서 성공한 학원들이 공무원 시험시장에 눈독을 들여 노량진에 뿌리를 내렸고, 잘나가는 1타 강사들도 줄을 바꿔 섰다.	 불황에 대한 두려움이 길어질수록 공무원이 되려는 이들이 늘어간다.	 학원도 점차 세분화되어 영어·일어·중국어·공기업·임용고시·7급·9급·경찰공무원·경찰승진·군무원·부사관·법원·검찰직·교정직·소방공무원·기술직공무원·사회복지직·노무사·법무사·세무직·감정평가사 등 거의 모든 직군의 공무원 시험과 자격증에 덧붙여 승진시험 전문 학원까지 꼽을 손가락이 부족할 정도다.	 노량진 일대를 걷다 보면 우리나라에 취업 관련 시험과 자격이 얼마나 많은지 실감할 수 있다.	학원들은 저마다 최고의 합격률, 최선의 선택을 주장했다.	 학원을 잘 고르는 일도 원하는 시험을 통과하는 일의 첫걸음인 만큼 중요하다.	 수요가 있으니 학원들은 점점 몸집을 불려 지금 유명학원 유명강사의 매출과 수입은 상상을 뛰어넘는다.	 순위권에 들어선 모 업체는 2018년 매출액이 4000억 원 이상으로 알려졌다.	 노량진 빌딩에 간판을 단 거대 학원들의 매출은 쉽게 수백억원을 넘어선 지 오래다.	 시장은 점점 커지고 학원들의 경쟁도 점차 치열해져 노량진 뒷골목 곳곳에도 광고판이 빽빽하게 붙었다.	 사회에서 밀려나지 않고 안정된 직업의 자리를 차지하려는 젊은이들만큼 학원들의 경쟁도 치열하다.	학원의 강의 모습과 내용도 달라졌다.	 강의실에 앉아 강사의 설명을 열심히 듣고 필기하던 옛 모습에서 벗어나 인터넷 강의도 제공하고 다양한 콘텐츠를 개발한다.	 맞춤형 공부 과정을 제시하는 곳도 있다.	 강의를 들으면 연관 자료를 함께 제공한다.	 아예 독학용 콘텐츠와 독학 공간을 제공하는 곳도 있다.	 강사 쟁탈전도 치열하고 광고 홍보에 쓰는 비용도 늘었다.	 이 바닥도 학생 빼오기와 평판 조작 등으로 시끄럽다.	 인터넷상에서 댓글 조작으로 여론몰이를 하던 학원과 강사들이 벌인 꽤나 유명하고 시끄러운 송사도 있었다.	 생존은 공시생들만큼 학원들도 절박한 상황이다.	지방에 집이 있어서, 또는 시험에만 집중하고 싶다는 등의 이유로 학원가를 둘러싼 주택가는 온통 고시원과 원룸, 공부방과 하숙집이 가득하다.	 노량진 역전부터 상도동으로 올라가는 장승배기 어귀의 골목길에는 칸을 나누고 만들 수 있을 만큼 최대치로 방을 들인 고시촌이 됐다.	 골목을 오가는 이들도 한눈에 고시생임을 알아볼 수 있을 만했다.	 여름엔 검은색 계열의 반소매 티셔츠와 반바지가 이 골목의 유니폼이다.	 요즘엔 부사관과 경찰직 공무원 수험생을 대상으로 한 체육학원이 성업하고 있어 몸집 좋고 건장한 수험생들도 골목을 메우고 있다.	노량진 골목은 한마디로 공시족에 의한, 공시족을 위한, 공시족의 터전이다.	 컴퓨터 가게는 ‘독서실용 소음 적은 컴퓨터’를 내놓고 있고 구둣가게 주인도 수학전문 일 대 일 지도교사를 소개한다.	 문방구는 수십 종의 독서대를 갖춰놓고 있다.	 “법전을 올려놓으려면 크고 무거운 책을 버텨야 한다.	 독서대만 20종이 넘는데, 시험 분야에 따라 미세하게 다르다”는 것이 문구점 주인의 이야기다.	 암기를 위해 수없이 필기해야 하는 수험생의 필요에 따라 볼펜도 종류가 다양했다.	 그는 “예전엔 일본제 볼펜이 잘 나갔는데, 요즘엔 국산 볼펜 중에서 특히 유행하는 제품이 있다”고 했다.	 공시생들에게 인정받고 입소문을 타면 히트 상품이 되기는 시간문제라는 것이다.	공시생에 특화된 것은 문구점뿐 아니라 동네 구멍가게와 마트 또한 마찬가지다.	 그들 사이에서 확인되고 인정받은 상품만이 매대를 장악하고 있다.	 슬리퍼와 실내화 하나까지도 같은 물건을 선호한다.	 “나름대로 공부에 최적화된 물건들이라 보면 된다.	 오래 신어도 편하고 실내에서 소음이 안 나고 튼튼한데 더해서 가격이 싸야 사서 쓴다”고 말한다.	 그렇게 공시생들의 까다로운 선택에서 살아남은 물건들은 노량진 일대 어느 골목 어느 가게에서도 볼 수 있었다.	 그런 샴푸와 과자 따위들이 묶음 단위로 진열대를 채운다.	 시험 외 일상의 작은 일 하나도 신경 쓰지 않겠다는 의지의 표현인지, 아니면 같은 길을 가는 이들의 선택을 믿고 무작정 따라가는 것인지는 모를 일이다.	서울에서 노인들의 동네만큼 물가가 싼 곳이 노량진이다.	 노량진의 골목골목에 있는 식당들은 1990년대의 어느 한 시점에 가격대가 묶여 있다.	 국밥이 4000원에서 5000원대, 아메리카노 커피는 800원에서 1000원.	 찌개백반은 싼 곳은 3500원, 보통은 5000원이다.	 컵에 퍼주는 수제 아이스크림은 2000원.	 가장 ‘사치스러운’ 생선구이 정식은 7000원이다.	 거기에 식권을 묶음으로 사면 가격은 더 내려간다.	 분식 카페 주인은 “100원만 올려도 싸늘해진다.	 뭔 짓을 하든 값을 맞춰야 버틸 수 있다”고 했다.	 과거 노량진을 대표하던 컵밥은 노점상 철거 이후 보기 힘들어졌다.	대부분의 고시원은 밥과 반찬을 제공하고 있다.	 뷔페식으로 내놓는 곳도 있고, 기본 반찬에 별식을 따로 주는 곳도 있다.	 고시원 또한 포화상태라 양에서 질의 경쟁으로 넘어갔다.	 자식이 공부할 방을 알아보러 나선 부모가 업자에게 꼼꼼히 따져 묻는 모습도 볼 수 있었다.	 고시원 주인은 “25만원은 아주 싼 가격이다.	 창문 있고 공부하기 조용한 곳은 흔치 않다”고 목청을 높였다.	 고시원도 극과 극이라 싼값을 무기로 한 곳도 있고 그야말로 럭셔리한 분위기를 제공하는 만만치 않은 곳도 있다.	 오래된 연립주택을 고시원으로 개조한 곳도 있고, 아예 통짜로 건물을 지어 올린 곳도 보인다.	 고시원 말고도 공부방이란 간판이 붙은 집들도 볼 수 있다.	 처지에 따라 숙식의 공간은 다양한 곳이 노량진 일대다.	낮에는 대부분 수업을 듣거나 공부를 하느라 노량진 골목은 대체로 고요하다.	 간혹 오래도록 골목을 지켜온 토박이 노인이 문밖에 앉아 파리채를 휘두르는 모습 말고는 돌아다니는 이들도 별로 없었다.	 골목을 걷다 보면 유독 사람이 모인 곳도 있었다.	 고시원이나 학원 후미진 한쪽에서 긴장의 시간을 내려놓으려는 듯 필사적으로 담배를 피워대는 공시생 무리도 보인다.	 동시에 하늘로 오르는 연기와 붉은 불꽃이 공시생들의 타는 속내인가 싶다.	 벽에는 ‘이곳은 내일을 위해 열심히 공부하는 사람들의 공간입니다.	 담배와 잡담을 금해주세요’란 벽보가 붙었지만 한 모금 피우지 않으면 시름의 무게를 내려놓을 수 없는 것을 어찌하겠는가.	 골목마다 노루목처럼 포인트가 있는 듯 담배 연기가 피어오르는 곳은 정해져 있었다.	골목골목 있는 술집과 노래방도 해가 지면 번성하는 곳이다.	 공시생이라고 공부만 하진 않을 것이고, 그들을 상대로 장사하는 업소도 다양하다.	 그러나 가벼운 호주머니를 반영한 듯 술값·안줏값이며 노래방 이용료도 헐값이다.	 동전노래방 5곡에 1000원, 1인실은 6곡 1000원.	 PC방은 한 시간 이용료가 500원이다.	 정말 싸다.	 홀로 내일을 향해 앞만 보고 간다는 것은 외로운 일이다.	 그러니 외로운 이들끼리 눈맞는 일도 많고 더러 사고도 친다는 소문이 있다.	 혼성스터디가 연애싸움에 풍비박산 났다는 뒷얘기도 흔한 곳이 노량진이다.	 고독과 싸우다가 고독에 져버리는 일이야 세상사에 흔한 일이다.	공부를 하는 곳이니 골목마다 책방·헌책방이 있는 것은 당연한 일이고, 그 주변으로 복사와 제본집들이 줄줄이 있다.	 밑줄 하나 없는 새책 같은 헌책을 헐값에 내어놓는 일도 있다.	 고시원 주변을 살펴보면 분철한 교재가 버려진 모습도 볼 수 있었다.	 그 교재를 버린 주인은 시험에 붙은 것일까 아니면 포기한 것일까.	 합격 발표철은 아니니 아마도 그는 다른 길을 선택한 것이리라.	간혹 트렁크에 책과 옷가지를 싸들고 골목길로 접어드는 젊은이도 볼 수 있고, 더러 살짝 무너져 내린 어깨 짓을 하고 커다란 트렁크를 끌고 돌아가는 모습도 보인다.	 늘 새롭게 꿈을 세운 이들이 들어오고 한편에선 야망을 접고 무겁게 돌아가는 이도 있다.	 희망과 절망 사이에 그어진 선 하나를 흔들리며 오가야 하는 곳이 노량진 골목이다.	노량진엔 공무원 학원뿐 아니라 사육신의 묘역도 있다.	 단종의 복위를 꾀한 죄로 목숨을 잃었던 성삼문 등이 묻힌 곳이다.	 본디 버려지고 그 무덤에 묻힌 시신조차 온전하지 않았다 하지만 반역의 죄를 입기 전 그들은 가장 잘나가던 당대의 출세객들이었다.	 노량진을 오가는 젊은이들이 꿈꿨을 공무원 시험에 최고 점수로 합격하고 공직에서 승승장구했으나 줄을 잘못 선 대가로 명과 집안마저 박살이 났다.	 출세란 빛도 있지만, 그 무거운 어둠도 함께 짊어져야 하는 것임을 배울 수 있다.	노량진 뒷골목엔 아직 고시원으로 고치지 않은 고요한 주택가가 남아 있다.	 가파른 비탈이기도 하고 아직 그 집을 애착하는 주인들이 살아 있기도 하여 살림집 골목은 지워지지 않고 있다.	 담을 넘은 꽃나무들을 살펴보니 꽃이 다 져버렸다.	 분명 꽃으로 화려했을 텐데 나무는 시침을 떼고 계절의 옷을 바꿔 입었다.	 이 앞 골목을 오가는 젊은이들.	 인생의 봄날 청춘을 지나고 있을 것이나 어느 사이 꽃도 보지 못하는 시간을 살고 있는 것은 아닐까.	 노량진 골목을 오가는 젊은이들이 모두 꿈을 이루었으면 좋겠다.	김천 자유기고가   ©   , 무단전재 및 재배포 금지〈경향신문은 한국온라인신문협회의 디지털뉴스이용규칙에 따른 저작권을 행사합니다."
"[윤동호의 눈]소년, 함부로 하지 말자"," “개XX들아!	 여기가 너희 집 안방인 줄 알아.	 담배 피우고 지랄이야.	”어두워질 무렵 귀갓길에 건물의 으슥한 부분에서 들리는 고성에 놀라 쳐다보았다.	 고교생으로 보이는 아이들 몇 명이 슬그머니 도로를 지나쳐서 건너편 길로 쫓기듯이 갔다.	 어찌나 처량하게 보이던지.	 흡연지역에서 떳떳하게 담배를 피우기 곤란한 아이들의 반복되는 행동에 화나고 지쳐 있는 듯한 짜증 섞인 목소리였지만, 그 어른에게 한마디 하고 싶은 걸 참았다.	 꼭, 이렇게 막말을 해야만 했냐고.	‘범죄로 나아갈 우려가 있는 소년’을 의미하는 우범소년이라는 단어는 1958년에 소년법을 제정할 때부터 있었다.	 범죄로 나아간 것이 아니라 ‘나아갈 우려’가 있다는 사정만으로도 소년이라는 이유로 소년원에 가둘 수 있고, 민간보호시설에 보낼 수 있도록 소년법이 규정하고 있다.	 우범성인이라는 말은 없다.	 우범성인이라는 이유로 인권을 제한하는 처분을 했더라면 어른들은 가만히 있지 않을 것이다.	학교폭력 가해학생에게 우범소년을 덧씌워서 피해학생과 격리하자는 주장이 국무총리가 주재하는 학교폭력대책위원회의 심의·의결을 거쳐서 교육부가 올해 초 마련한 학교폭력 예방 및 대책 기본계획에 담겼다니 할 말이 없다.	 소년을 보호하는 처분이라고 소년법은 말하지만, 실제로는 소년을 격리해 사회를 보호하는 처분이라고 봐야 한다.	보호자를 대신해서 소년을 보호하는 민간보호시설도 우범소년을 소년법정에 세울 수 있다.	 민간보호시설에서 복종하지 않는 아이들에게 보호처분을 받게 할 수 있는 것이다.	 그런데 얼마 전 알았다.	 소년원이나 민간보호시설에서 약물복용이 생각보다 많다는 걸.	 우리 어른들도 조심하는 약물에 아이들을 너무 쉽게 노출하는 것은 아닌지 미안하다.	교실에서 아이들이 장난치며 놀다가 그중 한 명이 다친 사건을 처리하는 소년법정을 볼 기회가 있었다.	 우범소년 개념에 기대 과실치상죄가 되는지 명확히 가리지 않은 채 과도한 업무부담 때문인지 사건의 처리가 지연되었다.	 무려 3일간의 형식적인 조사와 교육 후 그 이듬해 말쯤 보호처분이 선고되었다.	 경찰의 송치부터 선고까지 1년을 훌쩍 넘겼다.	 마음고생이 컸을 그 소년은 그사이에 같은 행위로 학교 선생님의 조사도 받고 학교폭력심의위원회에 가서 눈물도 흘려야 했다.	소년범죄가 저연령화·흉포화되고 있으니 강력하게 대응하자는 목소리가 끊임없이 제기되고 있는데, 1963년에 소년법을 개정할 때도 그런 목소리가 있었다.	 그런 소년들이 성장해 어른이 된 것인데, 같은 말을 우리의 아이들에게 하고 있는 것이다.	 아이들이 문제인가 아니면 우리 어른이 문제인가 따져보지 않고 힘없는 아이들만 겁주고 야단치고 비난한다.	 “라떼는 말이야~” 정도는 봐줄 만하다.	우리 어른들이 아이들을 너무 함부로 하고 있는 것 같다.	윤동호 국민대 법과대학 교수 ©   , 무단전재 및 재배포 금지〈경향신문은 한국온라인신문협회의 디지털뉴스이용규칙에 따른 저작권을 행사합니다."
"[법률 프리즘]휴대폰 명의 빌려주면 요금 폭탄, 벌금 폭탄","지인이 대학생 동생 문제로 상담을 요청했다.	 동생이 친구를 통해 알게 된 형의 꾐에 빠져 휴대폰을 개통해서 넘겨주었는데, 휴대폰 요금이 미납돼 곤경에 처했다는 것이다.	 아는 형은 “3개월 뒤엔 해지할 거고, 요금은 내가 책임진다”고 했지만, 소액결제까지 포함해 미납요금이 600만원이 되도록 그 형은 아무런 책임을 지지 않았다.	 혼자 속을 끓이다가 감당할 수 없는 지경에 이르렀고, 그 사정을 뒤늦게 알게 된 부모님이 아들이 신용불량자가 될까봐 요금을 대신 갚아주셨다고 한다.	대학생인데 그런 무모한 행동을 했을까 처음에는 의아했지만, 생각해보면 대학교수도 보이스피싱 사기를 당하는 세상에서 사회 경험이 전무한 20대 청년에게 일어날 수 있는 일이다 싶었다.	 취업이나 아르바이트의 기회가 많지 않은 발달장애인들이 많이 당하는 피해이기도 하다.	 인터넷에서 ‘휴대폰 가개통 사기’를 검색해보면 유혹의 글과 피해 사례가 너무 많다.	휴대폰 가개통은 통신사 본사에서 대리점에 공급한 기기를 미리 개통시켜 일정 기간 통화량을 발생시킨 뒤 해지를 해 기계를 다시 파는 유통방식이다.	 대리점은 실적을 채울 수 있고, 소비자들은 기기를 저렴하게 살 수 있으니 이러한 기형적인 유통방식이 암암리에 확산되었다.	해지되기 전까지 내 명의의 휴대폰이 어떻게 사용되는지에 따라 나에게 돌아오는 피해의 규모는 상상할 수 없을 정도로 커진다.	 내 휴대폰을 가지고 있는 사람이 휴대폰 소액결제 서비스로 물건을 구입할 수도 있고, 소액결제한 돈에서 수수료를 떼고 현금을 받는 ‘소액결제 깡’을 이용할 수도 있다.	 어느 경우든 휴대폰 명의자가 그 돈을 부담해야 한다.	 기기값과 휴대폰 요금 외에 소액결제 금액까지 더하여 매달 수백만원의 요금 폭탄이 명의자에게 청구될 수 있다.	휴대폰에 꽂혀 있는 유심카드를 넘기는 행위는 전기통신사업법 위반에 해당하고, 만약 그 휴대폰이 보이스피싱에 이용된다면 휴대폰 명의자는 보이스피싱 사기단의 공범이 되어 처벌될 수 있다.	 요금 폭탄의 피해자가 될 뿐 아니라 전과자까지 될 수 있다.	 실제로 휴대폰을 넘겨주었다가 벌금 100만원을 선고받은 사례도 있다.	또 다른 사람이 피해를 당하지 않도록 고소도 하고 민사소송도 하고 싶지만, 내가 처벌될 수도 있는 상황에서 고소는 쉬운 결정이 아니다.	실제로 지인의 동생은 경찰을 찾아갔다가 “민사로 해결하라”는 소리만 듣고 돌아왔다고 한다.	 그 동생의 아는 형도 이런 점을 노렸을 것이고, 피해자는 더 생길 수밖에 없다.	요즘은 은행에서 이체할 때 보이스피싱에 대한 경고가 여러 차례 나와 조심하게 된다.	 휴대폰을 개통할 때, 내 휴대폰과 유심카드를 넘기는 행동이 어떤 결과를 초래하는지 명확하게 정보를 제공해줄 필요가 있다.	 개개인이 조심하는 것도 중요하지만, 기형적인 유통방식을 개선하는 통신사와 정부 차원의 대책도 마련되어야 한다.	이주언 사단법인 두루 변호사©   , 무단전재 및 재배포 금지〈경향신문은 한국온라인신문협회의 디지털뉴스이용규칙에 따른 저작권을 행사합니다."
[우리가 모르는 인도](3)인도 OTT 시장 2024년 한국 능가한다," 지난 11월 24일, 마디아프라데시주 경찰청에 넷플릭스 두 임원을 상대로 고소장이 접수됐습니다.	 이 신고서를 제출한 인도국민당의 청년단 지도자 가우라브 티와리는 넷플릭스와 제작자의 사과 및 프로그램에서 불쾌감을 주는 장면의 삭제를 요구했습니다.	문제가 된 프로그램은 넷플릭스에서 상영 중인 〈수터블 보이〉입니다.	 ‘내가 고른 짝’이라는 의미를 담은 이 드라마는 인도의 동명 소설을 각색한 시리즈물로 영국 BBC One이 제작했습니다.	 드라마는 프로듀서 소유주인 BBC 스튜디오와 넷플릭스의 계약에 따라 넷플릭스가 북미와 중국을 제외한 전 세계 독점 상영권을 갖게 됐고, 10월 23일부터 전 세계 스트리밍 서비스를 제공하고 있습니다.	이 작품은 1951년 북인도에서 성년을 맞이한 열정적인 대학생 라따를 중심으로 인도의 독립 및 파키스탄과 분할 직후 몇년간을 배경으로 이야기가 펼쳐집니다.	 힌두교인 여주인공이 무슬림 남자친구와 힌두교 사원을 배경으로 키스하는 장면을 문제 삼았는데 이는 종교적 감성과 신념을 모욕하는 악의적 행위라는 주장입니다.	이 논란은 마디아프라데시주나 우타르프라데시주와 같이 힌두 민족주의를 강하게 주장하는 정치인들이 다수인 지역에서 제기된 점, 최근에 보석 브랜드 타니시크 광고에서 힌두 여성이 무슬림 집안과 결혼하는 장면이 ‘러브 지하드’를 부추긴다고 논란이 된 점, 우타르프라데시주에서 불법종교 개종금지 법안이 시행된 점 등을 고려하면 실제 국민 정서라기보다는 정치적으로 이용됐다는 지적이 많습니다.	일반 TV광고는 대중성이 강하기 때문에 논란으로 삼을 수 있는데, 왜 OTT 플랫폼을 통해서만 시청 가능한 이 드라마를 문제 삼은 걸까요?	 최근 다국적 회계컨설팅기업 프라이스워터하우스쿠퍼스는 글로벌 엔터테인먼트 및 미디어 시장 전망 보고서에서 인도의 E&M 시장이 2018년 약 5억달러에서 2022년까지 약 50억달러로 연평균 11.6% 성장할 것으로 예상했습니다.	 실제 팬데믹으로 봉쇄령이 내려진 기간인 4월부터 7월 사이에 OTT 서비스 유료 가입자 수는 2220만명에서 2900만명으로 30% 증가했습니다.	가장 큰 변화는 OTT 시장 점유율의 변화입니다.	 인도에 약 55개의 OTT 기업이 있습니다.	 2017년 비디오 스트리밍 시장점유율은 핫스타 69%, 소니 13%, Voot 11%, 아마존 프라임 5%, 넷플릭스 1%였으나 2019년 핫스타의 비중이 29%로 급격히 줄어든 대신 Jio TV가 23%, 아마존 프라임 10%, 소니 8%, 넷플릭스 5% 등으로 변했습니다.2020년 2분기를 기준으로 보면 넷플릭스 20%, 아마존 프라임 20%, 디즈니+핫스타 17% 등 글로벌 3사 중심으로 구도가 재편됐습니다.	 이어 Zees 9%, Jio 시네마 7%, ALT Balaj가 4%, 소니 LIV 4%, 기타 19% 등입니다.	팬데믹 이후 기존의 TV 및 극장 위주의 콘텐츠 시청이 급격히 줄어들면서 OTT 시장으로 대체됐습니다.	 넷플릭스라는 글로벌 플랫폼 기업의 시장 점유율이 급격하게 확대되면서 예전에는 극장가의 흥행 영화에서나 볼 수 있었던 사회적 파급력이 OTT 플랫폼으로 옮겨간 것을〈수터블 보이〉 사건이 반증하고 있습니다.	이렇게 넷플릭스의 시장 장악력이 커질 수 있었던 것은 아마존과 디즈니에 비해 훨씬 더 많은 콘텐츠를 보유하고 있었기 때문으로 보입니다.	 실제로 넷플릭스는 1600개의 콘텐츠를 보유하고 있는 반면 아마존 450개, 디즈니+핫스타는 약 380개를 보유해 콘텐츠 면에서 압도적 우위를 차지합니다.	또한 넷플릭스는 미국, 영국, 일본, 한국, 프랑스, 호주, 스페인, 독일, 캐나다를 비롯한 다양한 국가의 콘텐츠를 볼 수 있다는 점이 장점으로 작용한 듯합니다.	 미국, 영국, 일본, 독일, 프랑스, 캐나다에 국한된 아마존 프라임에 비해 훨씬 글로벌한 콘텐츠를 제공해 소비자에게 폭넓은 선택권을 줍니다.	 디즈니+핫스타의 경우는 HBO의 국제적 콘텐츠와 크리켓 프리미엄 리그와 같은 스포츠 콘텐츠가 강점입니다.2020년 9월 NDTV 계열사인 가젯360에서 3대 플랫폼의 베스트 콘텐츠를 선정했는데, 넷플릭스는 ‘넷플릭스 오리지널’ 48개를 비롯해 한국의 〈킹덤〉과 〈SKY 캐슬〉 등 13개국 콘텐츠 96개가 선정됐습니다.	 아마존 프라임 비디오는 58개가 선정됐는데, 콘텐츠의 3분의 1 이상이 아마존 오리지널 또는 독점공급이며 넷플릭스에 비해 프로그램이 글로벌하지 않은 것이 특징입니다.	 디즈니+핫스타는 인기 작품으로 선정된 79개 중 44개가 HBO 콘텐츠로 HBO가 제공하는 작품이 아마존에 비해 많은 것으로 보입니다.	PwC는 2024년에는 인도 OTT 시장이 한국, 독일, 호주를 능가해 세계 6위가 될 것이라고 전망했습니다.	 그도 그럴 것이 현재 인도에서는 광케이블 유선인프라 및 무선인프라 확대가 빠르게 진행되고 있습니다.	 또 스마트폰 보급률이 증가해 2025년 인도의 인터넷 사용자가 약 9억7500만명이 될 것으로 예상됩니다.	 특히 Tier 1, Tier 2 지역을 포함한 도시 외 지역의 스마트폰을 통한 인터넷 사용자 수 비중 증가가 도드라질 것으로 전망됩니다.	 자녀 교육열이 높은 인도에서 우리의 〈SKY 캐슬〉이 인기 콘텐츠가 된 것을 보면, 다양한 틈새시장에 대한 가능성이 있다고 기대해 봅니다.	은 화학산업 컨설턴트로 일하다 삶의 전환점을 인도에서 찾게 된 것을 계기로 2009년부터 인도 뭄바이에서 살고 있다.	 인도의 문화와 산업을 비즈니스와 통합하는 큐레이팅 스타트업 회사를 운영하고 있다.	한유진 스타라진 대표 ©   , 무단전재 및 재배포 금지〈경향신문은 한국온라인신문협회의 디지털뉴스이용규칙에 따른 저작권을 행사합니다."
"[법률 프리즘]뒤늦은 음주측정, 거부해도 되나"," 얼마 전 필자가 담당하는 사건 중 흥미로운 사건이 있었다.	 A라는 사람이 술을 마시지 않은 상태로 운전을 해 목적지에 갔다.	 목적지에서 일을 보던 중 공황 증세가 와서 대리기사를 불러 집으로 돌아가 술을 마셨다.	 그런데 한두 시간 뒤 경찰이 와서 “대리기사가 신고를 했다.	 아까 혹시 술 마시고 운전해서 목적지로 가지 않았냐”면서 음주측정을 요구했다.	 A는 “운전한 게 언젠데 왜 내가 측정을 합니까”라고 이야기했고, 경찰은 이에 대해 음주측정불응죄 혐의로 조사를 했다.	 A는 음주측정불응죄로 처벌받게 될까.	도로교통법 제148조의2에 따르면, “술에 취한 상태에 있다고 인정할 만한 상당한 이유가 있는 사람으로서 제44조 제2항에 따른 경찰공무원의 측정에 응하지 않은 사람”은 1년 이하 3년 이하의 징역이나 500만원 이상 1천만원 이하의 벌금에 처해진다.	 이는 주취운전 3회 이상, 혈중알코올농도 0.2% 이상의 주취운전자와 동일한 수준의 높은 처벌이다.	그런데 생각해보면 좀 이상하다.	 헌법 제12조에 따라 모든 국민은 신체의 자유를 가지고 체포, 구속, 압수, 수색을 할 때는 법률과 영장이 있어야 한다.	 따라서 임의검문에 응하지 않는다 해도 그 자체로 처벌의 대상이 되지 않는다.	 그런데 어째서 정도는 낮다 해도 신체의 자유를 제한하는 음주측정은 거부할 경우 중하게 처벌하는 것일까?	 법원은 이에 대해 “이 법의 목적은 음주측정을 강제하여 음주운전에 대한 입증과 처벌을 하기 위한 것이지, 측정불응행위 자체의 불법성을 처벌하기 위한 것은 아니다”라고 판시한다.	 즉 음주운전이라는 위험한 행위를 단속하기 위해 신체의 자유를 일부 제한하는 것이지 단속불응 자체가 잘못은 아니라는 것이다.	실제 미국의 일부 주에서는 음주운전을 했다고 볼 만한 근거 없이 길을 지나가는 모든 운전자를 음주측정하는 것이 법률에 어긋난다고 보기도 한다.	 미국에서 일반인에 대한 불심검문이 사회적으로 문제가 되는 것과 동일한 맥락이다.	 신체의 자유는 국가안전보장 등을 위해 제한될 수 있지만, 그 범위는 최소한이어야 한다는 것이다.	한국에서도 ‘술에 취한 상태에 있다고 인정할 만한 상당한 이유가 있는 경우’가 아닌데 무작정 음주측정을 요구하는 경우라면 음주측정에 불응해도 음주측정불응죄가 성립하지 않는다.	 그리고 법원은 ‘상당한 이유’가 있는지를 엄격히 판단한다.	 예컨대 호흡측정기 이전에 사용하는 음주감지기 시험에서 음주 반응이 나왔다는 점만으로는 상당한 이유가 있다고 볼 수 없다고 판시하고, 운전을 하고 식당에 간 상태라면 상당한 이유가 없다고 보기도 한다.	 그러므로 A에 대한 측정요구 또한 상당한 이유가 없는 상태의 측정요구가 될 가능성이 높다.	음주운전은 모두를 위험하게 하는 큰 잘못이다.	 그러나 이를 단속하려고 신체의 자유를 과도하게 침해한다면, 음주운전은 줄일 수 있을지언정 민주공화국의 가장 중요한 가치인 ‘개인의 자유’가 훼손될 수 있다.	 그런 사회가 더 안전하고 좋은 사회였는지는, ‘사회질서 확립’이라는 이름으로 개인의 자유를 과도하게 침해하고 헌법상의 원칙을 훼손했던 우리의 과거만 돌이켜 보아도 쉽게 판단할 수 있을 것이다.	박기태 법무법인 한중 소속 변호사 ©   , 무단전재 및 재배포 금지〈경향신문은 한국온라인신문협회의 디지털뉴스이용규칙에 따른 저작권을 행사합니다."
‘스토킹처벌법’ 뜸만 들이다 설익힐라," 법무부가 2018년 5월에 입법예고한 스토킹처벌법이 일부 수정을 거쳐 지난 11월 27일 다시 입법예고됐다.	 무엇이 달라졌고, 왜 2년 반이라는 시간이 걸렸을까.2년 전 입법예고안과 크게 달라진 점은 경찰 권한 확대다.	 스토킹처벌법에서 피해자 보호조치는 응급조치와 잠정조치로 나뉜다.	 응급조치는 현장에서 경찰이 할 수 있는 조치다.	 잠정조치는 검사와 판사를 거쳐야 할 수 있는 조치다.	 검사가 직권 혹은 경찰의 신청에 의해 법원에 청구하면 판사가 조치를 결정하는 과정으로 이뤄진다.	 영장 발부 절차와 같다고 생각하면 쉽다.	수정된 입법예고안은 바로 이 잠정조치에 있던 일부를 응급조치로 이동했다.	 ▲피해자나 그 주거 등에서 100m 이내 접근금지와 ▲전기통신을 이용한 접근금지 등이다.	 이때 경찰서장은 검사를 거치지 않고 판사의 승인을 받아서 조치를 취할 수 있다.	 판사의 승인을 받을 수 없을 때는 직권으로 응급조치를 취할 수 있다.	대신 잠정조치에는 스토킹 범죄가 재발할 우려가 있을 때는 행위자를 유치장 또는 구치소에 유치할 수 있도록 하는 내용이 추가됐다.	 검찰 권한 일부가 경찰로 넘어가고 대신에 검사가 권한을 가지는 잠정조치 부분에 구치소 유치 부분이 추가된 것이다.	 이에 대해 법무부 관계자는 “적절하게 권한이 분배됐다고 본다”고 평가했다.	입법예고안에서 수정된 부분은 지난 2년 반 동안 스토킹처벌법이 왜 통과되지 않았는지를 보여주는 것이기도 하다.	 실제 2018년 당시 스토킹처벌법은 스토킹 행위에 규정과 더불어 ‘부처 간 이견’을 이유로 국무회의를 통과하지 못했는데 ‘부처 간 이견’이 검찰과 경찰의 권한 문제였던 것이다.	당시 상황을 잘 아는 국회 관계자는 “법무부가 강행하려 하면 경찰 쪽에서 발목을 잡았다.	 경찰은 스토킹법을 시작으로 가정폭력처벌법, 아동학대처벌법에서의 임시조치도 바꾸고 싶어하는 마음이 있었던 것 같다”며 “동시에 법무부도 영장주의는 포기할 수 없다는 입장이었다”고 말했다.21대 국회에서 발의된 법안 일부가 경찰 권한 확대에 중점을 두고 있는 것도 같은 맥락이다.	 2020년 12월 기준 발의된 스토킹처벌법은 총 7건이고, 이중 3건이 경찰 공무원 출신 의원에 의해 대표 발의됐다.	 서범수 국민의힘 의원, 황운하·임호선 민주당 의원이다.	이중에서도 황운하 의원 안은 잠정조치에 대해 판사가 아닌 경찰서장이 ▲서면 경고 ▲100m 이내 접근금지 ▲전기통신 이용 접근금지 등을 결정할 수 있게 했다.	 긴급 잠정조치 시에도 사법경찰 직권 또는 피해자가 신청하면 서장이 보호조치 여부를 결정하게 했다.	황운하 의원실 관계자는 “스토킹은 그 순간순간이 위험한 범죄다.	 절차가 간소화되면 현장에서 더 적극적이고 빠른 대응이 가능하다”며 “절차가 진행되는 동안 더 큰 사고가 발생하는 일이 잦다.	 경찰 권한의 확대라기보다는 피해자 입장에서 신속한 보호조치가 필요하다”고 말했다.	이 부분에 대해 현장에서는 긍정적인 반응이다.	 스토킹 범죄는 초기 개입이 중요한데, 경찰이 현장에서 취할 수 있는 조치가 늘어났기 때문이다.	 하지만 2년 반이라는 시간이 소요된 것에 대해서는 비판의 목소리가 높다.	남인순 민주당 의원실 관계자는 “2018년 입법예고안이 통과됐더라면 상당한 범죄를 예방하거나 처벌할 수 있었을 것이다.	 안타까운 마음이 크지만 지금이라도 빨리 통과되어야 한다”고 말했다.	 실제 2018년 하반기부터 올해 7월까지 경찰에 신고된 스토킹 범죄는 1만996건이다.	 하루 14.9건이 발생한 셈이다.	승재현 형사정책연구원 연구위원은 “법을 촘촘하게 만들어야 하지만, 피해자 입장에서는 응급조치·잠정조치 권한을 어디가 주도적으로 가져갈 것인가, 문제로 2년 넘는 시간이 소요됐다고 생각하면 절망감을 느낄 수밖에 없다”고 지적했다.	지난 2년 반 동안 스토킹 범죄에 대한 인식이 변했지만, 진전된 내용이 없다는 것도 한계로 지적됐다.	 스토킹에 대한 정의가 대표적이다.	 2018년과 올해 입법예고안은 모두 스토킹을 ‘피해자의 의사에 반하여 정당한 이유 없이 지속적 또는 반복적으로’ 발생하는 ▲접근하거나 따라다니거나 진로를 막아서는 행위 ▲일상적으로 생활하는 장소 또는 그 부근에서 기다리거나 지켜보는 행위 ▲정보통신망을 이용해 연락을 취하는 행위 ▲물건을 도달하게 하거나 물건 등을 두는 행위로 한정한다.	정춘숙 민주당 의원 관계자는 “피해자의 의사에 반하여, 라는 부분은 반의사불벌죄로 간주되기 쉽다”며 “스토킹 범죄는 행위자가 피해자에게 고소를 취하하라고 협박하는 경우가 많고, 피해자는 보복이 두려워 고소를 취하할 수 있다.	 이럴 경우에는 처벌하지 않을 것인가”라고 지적했다.	 송란희 한국여성의전화 사무처장도 “반의사불벌죄 부분은 법의 취지와 맞지 않는다.	 반드시 삭제돼야 한다”고 말했다.	한국여성변호사회는 행위를 열거한 것에 대해 “형사처벌되는 행위를 명확히 정의함으로써 명확성 원칙을 충족시킬 필요는 있다”면서도 “그러나 스토킹 행위 유형을 구체적으로 열거하는 방식으로 규정하는 경우, 열거되지 않은 행위를 처벌할 수 없는 한계가 있기 때문에 피해자 보호의 사각지대가 생길 수 있다”고 지적했다.	이에 따라 스토킹처벌법이 다시 입법예고 되긴 했지만 논의되어야 할 부분은 적지 않아 보인다.	 스토킹의 정의는 물론 피해자 보호도 더 얘기되어야 한다.	 발의된 법안 중 남인순·정춘숙 의원 법안만 피해자 보호명령, 신변 안전조치, 피해자 지원 등 피해자 보호 내용을 담고 있다.	승재현 연구위원은 “스토킹처벌법은 가해자 처벌도 중요하지만 피해자 보호가 함께 가야 하는데 지금은 피해자 보호와 관련된 내용은 거의 보이지 않는다”며 “스토킹은 재범의 우려가 높고 범행 수위도 점점 높아진다.	 이를 법적으로 어떻게 방지할 것인가에 대한 논의가 필요하다”고 말했다.	남인순 의원실 관계자도 “피해자가 힘들어하는 것 중의 하나가 신고해봤자 크게 달라지는 게 없다는 것”이라며 “피해자가 느끼는 것과 수사기관이 느끼는 게 다르기 때문에 피해자가 직접 사법기관에 신변보호 등을 청구할 수 있도록 하는 내용이 담겨야 한다”고 말했다.	송란희 사무처장은 “2년이 지나 다시 정부안이 나왔지만 스토킹의 정의 및 피해자 범위가 협소하며, 제대로 피해자 지원이 될 것인지 우려된다”며 “이후 국회에서라도 이런 부분이 제대로 논의돼야 한다”고 말했다.	    ©   , 무단전재 및 재배포 금지〈경향신문은 한국온라인신문협회의 디지털뉴스이용규칙에 따른 저작권을 행사합니다."
[장르물 전성시대]경찰의 불신과 싸우는 초창기 프로파일러," 프로파일러란 직업이 더 이상 생소하지 않은 요즘이다.	 범죄를 추적하는 시사프로그램의 간판 자문으로 얼굴을 알린 이도 여럿에, 심지어 프로파일러 출신 국회의원까지 있었으니 그럴 만도 하다.	 프로파일러는 주로 일반 수사 기법으로는 해결하기 힘든 연쇄살인이나 이상범죄 등을 해결하기 위해 사건 현장에 남아 있는 흔적과 범인의 행동 특징을 분석하여 용의자의 범위를 한정하는 ‘프로파일링’을 수행하는 것으로 알려져 있다.	 단지 현장의 몇몇 정보만으로 용의자의 성별, 나이, 직업은 물론 생활 및 성장 환경까지 압축하는 프로파일링은 일종의 마술처럼 보일 법하다.	 마치 셜록 홈스가 상대를 쓱 한번 훑어본 다음 그의 이력을 줄줄 읽는 것과 비견할 만한.	그러나 프로파일링은 마법 같은 게 아니다.	 “충분히 발달한 과학 기술은 마법과 구분할 수 없다”고 했던 SF소설가 아서 C.	 클라크의 말을 되새겨보자.	 그리고 본디 원리를 이해할 수 없는 ‘마법’은 덮어놓고 괄시받게 마련이다.	범죄 스릴러 장르에서 일선 경찰들은 대부분 프로파일러를 신뢰하지 않는다.	 그도 그럴 것이 경찰에게 있어 정통적인 수사란 모든 가능성을 하나하나 빠짐없이 추적해 선택지를 지워나가는 행동이다.	 반면 프로파일러는 그 여러 가능성을 단번에 제거부터 한다.	 그러니 경찰이 보기엔 책상물림이 지어낸 탁상공론일 뿐 아니라 오히려 수사를 방해하는 행위처럼 보이는 것이다.	 그럼에도 오늘날 프로파일링은 피해자와의 연고나 일반적인 범행의 목적과도 무관히 대상을 무작위로 선별한다는 점에서 더더욱 중요해지는 추세다.	 그로 인해 점차 픽션에서도 크게 활약하지만 주위의 반대 세력과 모종의 알력 다툼을 벌이는 광경만큼은 완전히 사라지지 않았다.1995년 발표한 발 맥더미드의 〈인어의 노래〉는 프로파일러 토니 힐 시리즈의 첫 번째 작품으로 초창기 프로파일러의 위상을 잘 보여준다.	 영국 브래드필드에서 고문 흔적이 남은 사체가 발견되지만 경찰은 연쇄살인의 가능성을 부정한다.	 이윽고 네 번째 피해자가 나타난 다음에서야 경찰은 내무부 소속의 범죄 프로파일링 태스크포스 설립을 주도하고 있는 토니 힐 박사를 초빙한다.	 물론 토니 힐은 마법사가 아니다.	 경찰의 불신과 싸우며 유일하게 자신을 보조하는 캐롤 조던 형사와 함께 고군분투하는 그는 늘 명철한 과학자의 선을 지킨다.	 더욱이 직접 고문 기구를 제작해 피해자를 납치, 고문, 살해하는 범인의 일지가 수사 과정과 약간의 시간차를 두고 교차하며 자아내는 심리적 압박감은 그대로 토니 힐의 위기와 맞물린다.	토니 힐은 뛰어난 프로파일러이긴 하지만 동시에 유약한 속내를 감추기 위해 전전긍긍하고 어둠에 심취한 인물이기도 한 탓에 그 공포감은 작품 전반을 지배하는 잔인한 범행 묘사에 결코 뒤지지 않는다.	 특히 매력적인 외모에도 성적인 능력에 문제가 있어 일부러 조던과 거리를 두는 힐의 태도는 그의 프로파일링 능력 이상으로 특별하게 다가온다.	 무자비한 연쇄살인범과 맞닥뜨린 ‘약자’ 토니 힐의 기개가 곧 멋진 클라이맥스를 이루는 이유이기도 하고.	저자 발 맥더미드는 영국 범죄 스릴러계의 대모라 불린다.	 오랫동안 저널리스트로 일했으며, 전업 소설가로 활동하면서 앤서니상·배리상 등을 수상하며 작품성을 공히 인정받았다.	 〈인어의 노래〉는 영국범죄소설가협회가 그해 최고의 범죄소설에 수여하는 골드 대거상을 수상했다.	 토니 힐은 너무나도 흔해진 연쇄살인범을 재해석한 훌륭한 대항마로 여전히 활약 중이다.	강상준 대중문화 칼럼니스트 ©   , 무단전재 및 재배포 금지〈경향신문은 한국온라인신문협회의 디지털뉴스이용규칙에 따른 저작권을 행사합니다."
[윤동호의 눈]촉법소년을 위한 변호,"‘친구를 숨지게 한 촉법소년, 렌터카 훔쳐 사망사고 낸 촉법소년.	’촉법소년이란 말은 소년법의 전문용어지만 언론에 종종 등장해 낯설지 않다.	 범죄의 길에 들어선 10세 이상 14세 미만 소년을 가리킨다.	 소년법이 규정한 ‘형벌 법령에 저촉되는 행위를 한 소년’을 줄여서 표현한 말이다.	 형법이 규정한 형사미성년자에 해당해 형벌을 받을 수 없고, 보호처분만 받을 수 있다.	 그래서 촉법소년이라고 부르는 것이다.	죄를 범한 14세 이상 19세 미만 소년은 범죄소년이라고 한다.	 범죄소년은 형벌은 물론 보호처분을 받을 수도 있다.	 형벌은 9가지밖에 없다.	 소년법의 보호처분에는 보호자감호위탁·수강명령·사회봉사명령·보호관찰·보호시설감호위탁·소년원송치 등이 있다.	형사법원이 주는 형벌은 전과기록으로 남지만 소년법원이 내리는 보호처분은 소년의 장래 신상에 어떠한 영향도 미치지 않는다.	 그러나 촉법소년도 소년원에 구금될 수 있고, 범죄소년과 달리 소년법정에 서야만 한다.	 이로 인한 절차적 고통과 낙인효과는 피할 수 없다.	촉법소년은 범죄소년과 달리 범죄혐의가 명확하지 않거나 지극히 경미해도 경찰이 자체 종결하거나 즉결심판청구를 할 수 없다.	 촉법소년은 검사의 조사와 기소유예나 불기소처분을 받을 수 있는 기회가 차단돼 있다.	 촉법소년은 경찰만 조사할 수 있고, 소년법이 경찰서장의 소년법원 송치의무를 강제하고 있기 때문이다.	 범죄소년은 검사가 직접 조사할 수 있고, 소년법원에 송치하거나 형사법원에 기소할 수 있으며, 기소유예나 불기소처분을 통해 자체 종결할 수도 있다.	촉법소년의 연령을 내리자는 목소리가 끊이지 않는다.	 형사미성년자의 연령도 내리자는 것이다.	 촉법소년도 범죄소년으로 편입시켜 검사의 개입을 통해 형벌을 받을 수 있는 기회를 갖도록 하자는 것이다.	 아예 소년법을 폐지하자는 소리도 들린다.	 청와대의 국민청원에도 올라와 있다.	 소년범죄는 흉포해지고 잔인해지는데 촉법소년은 보호처분을 두려워하지 않으니 강경한 형벌정책을 펴자는 것이다.	소년의 범행은 어른의 범행과 다르지 않을 수 있으나 소년은 어른과 다르다.	 소년은 어른이 설계한 환경에 종속되어 있다.	 소년의 범행에 대해서 혼자 온전히 책임지도록 하는 것은 어른답지 않다.	 소년에게 의미 있고 합리적인 환경을 제공하지 못한 어른의 책임이 더 클 수 있다.	 나이 어린 촉법소년에게는 더욱 그렇다.	 소년법이 있는 이유이고, 촉법소년과 범죄소년을 구별하는 이유다.	범죄소년의 신상공개는 소년법의 보도금지원칙에 어긋난다.	 소년과 그 소년이 처한 상황과 환경을 떠나서 행위만 놓고 이를 본보기로 삼아 엄벌만을 주장하기에 앞서 소년범죄의 원인 분석과 이에 맞춘 정책이 우선이다.	 촉법소년이 범죄소년으로 가지 않도록 어른이 더 정성을 다해 보살펴야 한다.	 소년에게 과거는 미래의 걸림돌이 아니라 버팀목이어야 한다.	윤동호 국민대 법과대학 교수©   , 무단전재 및 재배포 금지〈경향신문은 한국온라인신문협회의 디지털뉴스이용규칙에 따른 저작권을 행사합니다."
"[시네프리뷰]사회성보다는 심리묘사, 좁혀진 앵글이 아쉽다"," 리메이크작은 원작보다 여주인공 내면의 심리적 변화에 더 초점을 맞추는데, 그러다 보니 편재하는 권력 관계를 조망하는 시야도 좁혀진다.	 라비드 2019 캐나다 107분 공포, 액션 젠 소스카, 실비아 소스카 로라 밴더부트, 벤 홀링스워스, 테드 아세튼, CM 펑크 외 2020년 6월 11일 청소년 관람 불가 라온아이㈜정말 그렇다.	 제대로 비건을 실천하는 사람들의 얼굴엔 특유의 퍽퍽함이 있다.	 영화의 주인공이자 내성적인 처녀 로즈의 첫 모습이 딱 그랬다.	 그런 생각을 떠올리고 있는데 아니나 다를까, 그녀는 채식주의자였다는 설정이 나온다.	 그녀의 직업은 패션 디자이너.	 지각한 그녀를 귄터는 갈군다.	 귄터가 갑이다.	 사진작가 브래드는 로즈에게 데이트 신청을 한다.	 한껏 꾸며 입고 간 파티장 화장실에서 로즈는 친구들이 자신에 대해 험담을 하는 것을 엿듣는다.	 숙맥인 로즈를 위해서 절친 첼시가 브래드에게 부탁해 억지로 데이트 신청을 하게 했다는 것이다.	 모멸감에 파티장을 뛰쳐나온 그는 오토바이를 타고 돌아가다 교통사고를 당한다.	 그녀의 얼굴 절반과 장기의 상당 부분이 훼손됐다.	일주일 만에 깨어났지만, 재건 성형수술 비용은 감당하기 어렵다.	 그러던 그녀에게 한 병원이 매력적인 제안을 한다.	 아직 보건당국의 승인을 받지 않은 줄기세포치료의 임상시험을 조건으로 무료로 수술을 해주겠다는 것이다.	 수술은 대성공이었다.	 그녀의 얼굴은 감쪽같이 돌아왔을 뿐 아니라 영화 첫 장면에 보이던 비건 특유의 거친 얼굴이 아니다.	어느 날, 냉장고를 연 그녀는 피가 뚝뚝 떨어지는 고깃덩어리를 입에 넣는다.	 큰 사고로 식성까지 바뀌게 된 걸까.	 수술의 부작용으로 “현실과 거의 분간되지 않는 악몽을 꾸게 될 수 있다”고 담당 의사는 말했는데, 거의 매일 밤 그녀는 ‘남자사냥’에 나선다.	 욕정보다 식욕에 가까운.	 이건 그녀의 무의식적 욕망이 반영된 ‘환각’일까.	영화의 원작은 데이비드 크로넨버그 감독의 작품 〈열외인간〉이다.	 원작에서 모호하게 처리한 여주인공 안의 ‘괴물’의 실체를 리메이크에서는 줄기세포치료 때문으로 그럴듯하게 이야기를 꾸몄다.	 원작에서 남자들을 덮치는 괴물은 겨드랑이의 흉터 속에 자리 잡은 알 수 없는 촉수인데, 이 흉터의 모양은 여성 성기의 모양을 닮았다.	 말하자면, 중세 이래 전 세계 각국에서 전해 내려오는 ‘이빨 달린 질’ 우화의 현대판 버전이다.	그런데 리메이크판에서는 처음으로 당하는 남자는 그녀와 키스를 했고, 입에서 피를 쏟는다.	 겨드랑이가 아니라 입안에 있는 건가?	 원작에 대한 비평들을 보면 영화에서 퍼지는 괴질―전염력이 높은 변종 광견병이다―을 치료법 없는 성병에 대한 은유로 해석하는 경우가 많다.	 주인공 여성은 밤마다 피를 빨 남자를 구하기 위해 밍크코트를 걸치고 나가는데, 이건 영락없는 ‘밤거리 여자’를 염두에 둔 묘사다.	 거의 비슷한 구도의 이야기를 다루고 있는 영화는 나스타샤 킨스키 주연의 〈캣 피플〉이지만 “목구멍에 괴물이 있는 건가”라는 설정에서 떠오르는 건 1970년대 만들어진 황당한 포르노 판타지 〈목구멍 깊숙이〉다.	 그런데 조금 더 보고 있으니 이 리메이크판 괴물은 무슨 긴 호스마냥 그녀의 겨드랑이에서도 나온다.	 그런데 이 괴물의 모양은 명백히 남성 성기를 염두에 두고 제작한 것으로 보인다.	 1983년생 쌍둥이 자매 감독들도 원작에 대해 성적 메타포로 해석하는 시각을 수용한 듯싶다.	앞서 ‘이빨 달린 질’ 이야기는 보통 전치된 거세공포가 투사된 것으로 설명한다.	 밤마다 남자의 피를 욕망하며 거리를 헤매는 로즈의 ‘환각’이 심해지면 심해질수록, ‘갑’인 귄터는 그의 작품을 치켜세운다.	 파국의 무대는 팬데믹 국면에서 열리는 프레타 포르테, 패션 로드쇼다.	 하이라이트를 차지할, 로즈가 만든 작품을 입은 절친은 전염병 환자에게 손을 물려 감염되어 있었는데, 워킹을 하다말고 귄터에게 달려든다.	 권력의 갑을 관계가 전복되는 순간이다.	 아쉬운 것은 오리지널 작품이 팬데믹을 통해 묘사하고 있는 사회성이다.	원작에서 백화점에서 아이와 함께 기념사진을 찍어주고 있는 산타 복장 알바는 폭주하는 경찰이 난사한 총을 맞고 죽는다.	 리메이크에서도 이 원작의 산타알바는 인용되지만, 백화점이 아니라 병원에 치료를 받으러 오는 산타클로스 분장남자를 경찰이 쏴 죽이는 식으로 사회적 공간이 축소된다.	 원작에서 감염은 주로 다양한 권력의 편재에서 ‘약자’들로부터 시작된다.	 부랑자·농부·트럭 운전기사 등.	 감염된 노동자들은 감염병 대책을 논하고 있는 시장의 차를 드릴로 공격한다.	 권력의 전복 내지는 계급적 복수 메타포를 담고 있다.	 리메이크작은 원작보다 여주인공 내면의 심리적 변화에 더 초점을 맞추는데, 그러다 보니 편재하는 권력 관계를 조망하는 시야도 좁혀진다.	 크로넨버그 감독의 팬이라면 그리 환영할 만한 재해석은 아닐 듯싶다."
[취재 후]수용자 자녀도 우리 모두의 아이입니다," “기자님 가족이 전과자 자녀와 사귄다고 하면 어떨 거 같나요?	 기자님은 전과자 자녀와 사귈 수 있나요?	” 이경림 아동복지실천회 세움 대표와 인터뷰를 하던 중 받은 질문입니다.	 저는 그 질문에 답하지 못했습니다.	 대충 얼버무리고 인터뷰를 진행했습니다.	 편견이 사라져야 한다는 기사를 쓰는 저도 편견에 사로잡혀 있었습니다.	‘수용자 자녀’라는 개념은 한국에서 낯섭니다.	 연간 5만4000명에 불과해 규모 자체가 적을 뿐만 아니라 ‘뭐 잘했다고?	’ 하는 인식 때문에 당사자들은 목소리를 내지 못합니다.	 그러다 보니 사각지대 중에서도 사각지대에 놓일 수밖에 없었습니다.	 그래서 꼭 기사를 써야겠다고 생각했습니다.	 세상에 알려지지 않는 일은 마치 없는 일처럼 되어버리기도 하니까요.	국가인권위원회 실태조사에 따르면 부모의 체포장면을 목격하는 아이는 6.3% 정도라고 합니다.	 경찰이 체포하는 수많은 사람 중에 아주 일부겠죠.	 일단 중요한 건 범인을 잡는 것이니까, 그래서 아이에게까지 신경을 쓰지 못한다는 사실을 알고 있고, 어느 정도는 이해도 갑니다.	 하지만 아이에게 그 장면은 평생 트라우마로 남습니다.	주민센터 방문도 아이들에게는 어려운 일이라고 합니다.	 용기를 내 부모의 수감 사실을 알리고 지원을 요청했는데, 주민센터 직원이 큰 소리로 “뭐라고요?	”라고 한마디만 해도 아이들은 크게 위축됩니다.	 주민센터에서 뛰어나오지 않으면 다행이죠.	 어른들이 무심하게, 그냥 해온 대로 하는 일들이 아이들에게는 상처가 됩니다.	자녀가 ‘아동 폭력’과 같은 범죄의 직접적인 피해자일 때는 더 복잡합니다.	 자신은 피해자인데 부모가 수감돼 있다는 사실 때문에, 다른 피해자들과는 달리 쉽게 도움을 요청하지 못합니다.	 자신 때문에 부모가 감옥에 갔다고 생각하는 아이도 있습니다.	 이런 아이에게는 심리치료와 같은 지원이 절실합니다.	그래서 수용자 자녀는 ‘잊힌 피해자’라고 불립니다.	 범죄, 그리고 부모의 수감으로 인해 경제적·정서적으로 방치되는 피해를 보지만, 누구도 기억하지 않으니까요.	 문재인 대통령은 2017년 교육정책을 발표하면서 “모든 아이는 우리 모두의 아이입니다”라고 말했습니다.	 수용자 자녀도 다르지 않습니다.	 수용자 자녀는 범죄자가 아닙니다.	 대통령의 말처럼 우리 모두의 아이일 뿐입니다.	    ©   , 무단전재 및 재배포 금지〈경향신문은 한국온라인신문협회의 디지털뉴스이용규칙에 따른 저작권을 행사합니다."
[시네프리뷰]조조 래빗-동심으로 바라본 2차 세계대전의 비극,"조조 래빗  2019 독일, 미국 108분 코미디, 드라마, 전쟁 타이카 와이티티 스칼렛 요한슨, 로먼 그리핀 데이비스, 토마신 맥켄지 2020년 2월 5일 1 2세 이상 관람가포스터만 보면 뻔한 아동 코미디물로 보일 만도 하다.	 어느 정도는 맞다.	 일단 아동이 주인공이고, 보는 이에 따라서는 순수하다고 느끼거나 아니면 유치하다는 소리를 들을 만한 장면들이 요소요소에 포진하고 있으니 말이다.	 하지만 2차 세계대전 말기라는 시대적 배경 속에 아직 때 묻지 않은 소년의 눈에 비친 세상은 그리 녹록한 것이 아니다.	 그리고 결코 가볍지 않은 무게감의 희로애락은 관객들에게 고스란히 전달된다.	아직은 매사가 수줍고 여린 심성을 지닌 10살 소년 조조는 열혈 나치 소년당원이자 히틀러를 상상 속의 친구로 생각할 만큼 그의 열렬한 팬이다.	 긍정적이고 적극적인 성품의 어머니의 사랑을 듬뿍 받으며 그럭저럭 무난하고 평화로웠던 조조의 일상은 어느 날 다락에 숨어있던 유대인 소녀 엘사와 마주치면서 산산이 조각나고 만다.	 빨리 사무소에 신고해서 칭찬을 받아야 하는데, 어찌어찌하다 보니 되레 신고하면 가만두지 않겠다는 위협을 받는 처지가 되어버렸으니 상황은 만만치 않다.	 더 큰 문제는 시간이 지날수록 조조의 마음속에 한참은 연상인 이 소녀를 향한 야릇한 감정이 커지고 있다는 사실이다.	감독이 유년시절 읽고 인상적으로 기억하고 있었던 크리스틴 뢰넨스의 소설 〈갇힌 하늘〉을 각색해 만들었다는 〈조조 래빗〉은 로베르토 베니니 감독의 〈인생은 아름다워〉를 되새기게 만든다.	 2차 세계대전의 가장 깊은 생채기라 할 수 있는 홀로코스트의 비극적 역사를 코미디라는 장르 안에서 녹여낸다는 다소 위험할 수도 있는 발상과 시도가 그렇고, 다행히도 큰 부작용없는 결과물을 도출해냈다는 점에서 그렇다.	 비극적인 현실을 순수한 아동 시점의 판타지로 풀어내고 있다는 점에서는 〈판의 미로:	 오필리아와 세 개의 열쇠〉가 떠오르기도 한다.	하지만 〈조조 래빗〉은 코미디라는 영역 안에서 훨씬 더 경쾌하고 유연하게 장르적 쾌감을 고수해낸다.	 인물들의 설정부터 고정화된 선과 악의 위치가 역전되어 있어 흥미롭다.	 주인공 소년 조조는 나치광이고 다락방에 숨어 지내는 유대인 소녀는 생존을 위해 협박과 거짓까지 서슴지 않는다.	 그럼에도 분명한 것은 거시적으로 10살 소년의 눈에 비친 전쟁이란 단편적이고 일상적인 상황 그 이상도이하도 아니란 것이다.	 그러나 늘 그렇듯 비극은 찾아오고 역경은 소년을 성장시키고 진실에 눈뜨게 한다.	 〈조조 래빗〉은 오는 2월 9일 열리는 아카데미 시상식에 작품상·각색상·여우조연상·편집상·의상상·미술상 등 총 6개 부문 후보로 지명됐다.	 조조의 어머니 역을 맡아 여우조연상 후보에 오른 스칼렛 요한슨이 〈결혼 이야기〉란 작품으로 여우주연상 후보까지 후보 2관왕에 올라 화제를 낳고 있다.	러시아계 유대인 어머니와 뉴질랜드 원주민인 마오리족 아버지 사이에서 태어나 뉴질랜드 국적을 가진 ‘타이카 와이티티’의 이름은 쉽게 입에 붙지 않는다.	 지금도 그의 이름을 떠올릴 때면 한 번 가본 적도 없는 ‘와이키키’ 해변의 아름다운 풍광이 연상되곤 한다.	다수의 단편 작업 TV 연출과 출연으로 다년간 내공을 쌓은 그는 2007년 장편 데뷔작인 〈이글 대 샤크〉 한 편으로 단번에 세계적 주목받게 된다.	 경쟁 사회의 관점에서 낙오자로 분류될 만한 두 남녀의 힘겨운 연애담은 잔인한 유머와 소박한 판타지가 뒤범벅된 난장소극으로 완성됐다.	 이 작품에서 보인 사회 약자인 소외계층 주인공, 어디로 튈지 모르는 전개, 감각적인 영상미, 위기를 극복해 다다르는 따뜻한 결말 등의 특징은 후속작인 〈보이〉, 〈내 인생 특별한 숲속 여행〉 등에서도 변함없이 이어진다.	 관객들의 마음에 자연스럽게 스며들어 마음을 움직이게 만드는 이런 긍정적 요소들은 마치 그의 작품의 인장처럼 부각된다.2017년 본격적인 할리우드 진출작이라 할 수 있는 〈토르:	 라그나로크〉의 성공은 그가 단순히 소규모 희극에만 능한 인물이 아님을 증명했는데, 공교롭게도 국내에서는 이 작품 외엔 그의 다른 이전 작품들을 공식적으로 소개되지 않아 〈조조 래빗〉의 개봉은 더욱 반갑다.	 전문 연기자이기도 한 그는 이번 작품에서 히틀러를 연기한다.	소규모 드라마에서 할리우드 블록버스터까지 자신의 색을 잃지 않으며 거뜬히 감당해내는 그의 독특한 이름은 한동안은 계속 언급될 것이다.	최원균 무비가이더©   , 무단전재 및 재배포 금지〈경향신문은 한국온라인신문협회의 디지털뉴스이용규칙에 따른 저작권을 행사합니다."
독자의 소리 1367호를 읽고,"‘노력’ 외치지만 말고 정당한 대우도 해줘야 하고, 젊어서 고생은 사서도 한다는 헛소리도 없어져야 합니다.	 너무 안타깝네요.	 모든 곳에서 노동자가 정당하게 대우받아야 합니다.	_정미경세상의 부당함과 비리를 고발하는 방송국에서 일어난 인권유린이네요.	 너무 억울했겠어요.	 방송국에서 아직도 열악한 처우 속에 일하는 다른 모든 분에게 고용안정과 처우 향상이 있기를 바라요.	_goget****누구에게나 나의 이야기가 될 수 있는 일이지요.	 그래서 우리는 제대로 알고, 각자의 자리에서 공정하고 합리적인 사회를 만들기 위해 해야 할 일들을 외면하지 말아야 합니다.	 명복을 빕니다.	_네이버 mi65****선량한 99% 시민은 전혀 관계없다.	 범죄자, 위험한 자들이 걱정이지.	_네이버 chan****문재인 정부 정보경찰 폐지할 생각이 없는데 뭘.	 문통이 경찰개혁을 말하면서도 정보경찰 폐지 언급조차 하지 않고 있다.	_네이버 dude****없앤다고 더 좋은 것이 아니다.	 문제의 본질을 해소하고 운용을 잘하면 되는 거다.	 정치적 목적으로 정권 잡은 놈들이 부려먹다 부작용 생긴 거다.	 수사도, 정보도 국민의 안녕을 위한다는 목적대로라면 무슨 문제가 있나.	_네이버 napo****1형 당뇨는 뭔가 잘못해서 걸린 게 아닙니다.	 교통사고처럼 누구에게나 닥칠 수 있는 일입니다.	 모든 일은 역지사지.	 조금만 배려하면 우리 사회가 더 성숙해질 수 있습니다.	_네이버 khj0****한참 어린 친구들이 얼마나 스트레스가 심할지 마음이 아프네요.	 해외와 한국의 당뇨병 인식은 정말 차이가 많이 나요.	 당뇨병에 1형, 2형 차이가 뭔지는 아실까요?	 좀 더 많은 교육이 필요하다고 생각됩니다.	_네이버 ohyu****아직 법적 근거가 없어서 할 수 없다고 하시는 공무원분들, 그렇게만 말하지 마시고 법적 근거를 만들어주셨으면 합니다.	 언제 내 일, 내 가족의 일이 될지 모릅니다.	 다 같이 행복한 사회를 만들어주세요.	_다음 어이 없다독자 여러분의 소중한 글을 기다립니다.	 〈 〉을 읽은 후 느낀 점이나 의견이 있으면 자유롭게 적어서 보내주십시오.	e메일 투고  ©   , 무단전재 및 재배포 금지〈경향신문은 한국온라인신문협회의 디지털뉴스이용규칙에 따른 저작권을 행사합니다."
"경험한 적 없는 세상, 무엇을 물을 것인가?","“미래가 갑작스럽게 왔습니다.	 어떻게 보면 항상 오는 것이지만, 지금처럼 빠르고 강력하게, 전방위적으로 온 것은 처음 경험하는 일일 겁니다.	” 마이크를 잡은 송인한 연세대 청년문화원장은 이렇게 말했다.	코로나19가 바꾼 세상은 어떤 모습일까.	 지난 1월 한국에서 첫 확진자가 나온 이래 우리는 미지의 길로 들어섰다.	 대비할 틈도 없이 갑작스레 현실에 내던져진 것이다.	 시간이 흘러 서치라이트 빛 너머 어둠에 묻혀 있던 세상이 이제야 조금씩 눈에 들어온다.	 행사 전 기자와 통화에서 송 원장은 “질문이 제일 중요하다”고 강조했다.	 아직까지 경험한 적 없는 세상에 대해 ‘제대로 묻는 것’이 가장 필요한 시점이라는 것이다.	‘대학사회는 Covid19 위기 국면에 어떤 질문을 던져야 하나.	’오는 6월 24일까지 온·오프라인에서 진행되는 ‘슬기로운 미래교육 시즌1’ 웨비나가 앞으로 던질 화두다.	 ‘웨비나’란 인터넷 웹사이트에서 진행되는 회의, 세미나, 실시간 정보교환을 뜻하는 신조어다.	 웹세미나 정도로 보면 될 듯싶다.	 5월 13일 시즌1 오프닝을 시작으로 글로벌/무크, 진화/공학, 예술교육, 의학교육, 교육/문화 등을 주제로 7주 동안 분야별 질문을 내놓을 계획이다.	“2020년 신종 코로나바이러스 감염증의 창궐로 비상이 걸렸다.	 스스로 거리 두기를 하며 자가 격리를 시작하자 야생 동물들이 도심에 나타나기 시작했다고 한다.	 짙어지는 죽임·죽음의 시간을 살림·생명의 시간으로 전환해내는 것은 가능할까.	”이날 오프닝에서 기조발제를 한 조한혜정 연세대 명예교수가 내놓은 물음이다.	 질문은 계속된다.	 “〈자본론〉과 〈종의 기원〉만 아니라 아나키스트로 분류되어온 크로폿킨의 〈만물은 서로 돕는다〉도 우리가 열심히 읽었다면 달라졌을까.	 ‘생존투쟁’보다 ‘상호 부조’의 법칙이 종의 진화에 더 중요한 법칙이었음을 인정했다면 지금 우리는 어떤 모습으로 지구상에 존재하고 있을까.	 늦은 것 같지만 함께 물어야 할 질문들이 있다.	 국가는 무엇이며 가족은 또 무엇인가.	 모든 관계가 깨져 나가는 지금, 공생의 기쁨을 경험하는 새로운 삶의 시작은 가능할까?	 AI의 지시를 따르며 인류는 멸종할까, 아니면 AI의 지원을 받으며 신인류가 다시 괜찮은 시대를 만들어낼까.	”어떻게 보면 코로나 사태를 넘어선 근본적인 ‘질문들’이다.	 ‘코로나19’ 창궐 이전인 2018년 조한혜정 교수는 〈선망국의 시간〉이라는 제목의 책을 내놓았다.	 여기서 선망국이란 내리막길에 들어선 근대문명 국가 중 대한민국이 먼저 망한 나라가 될 것이라는 비관적 전망이다.	“한국은 압축적 근대화로 선진국을 따라가는 나라였는데, 전 세계가 망하는 상황에서 한국이 먼저 망한 나라가 될 것이라는 것이었다.	 그런데 코로나19로 이게 달라졌다.	 먼저 망할 줄 알았는데 가장 늦게 망하는 나라, 후망국이 될 것이라는 것이다.	” 이날 조한 교수가 내놓은 ‘코로나 이후 이야기’다.	 “책을 낸 뒤 많은 사람에게 들은 이야기가 먼저 망한 나라가 아니라 다른 나라들의 부러움을 받는 나라라는 의미의 선망국이 되었으면 좋겠다는 바람이었다.	 코로나 이후 ‘자격지심’에서 ‘자화자찬’으로 국민이 스스로에 대한 생각이 달라지는 것도 보게 된다.	”송인한 교수는 이날 발제에서 이런 질문을 내놓았다.	 “어쩌면 우리는 모든 사회 변화나 변화방향에 대해 ‘코로나19’ 핑계를 대는 것일지도 모른다.	 정말 코로나19 때문일까.	 이 사태가 잦아들면 우리는 정말 과거로 돌아갈 수 있을까.	 과거와 마찬가지로 여행하고 외부와 교류하는 상황이 될 수 있을까.	 둘째로, 짧은 시간이지만 익숙한 적응을 해낸 지금, 우리는 정말로 과거로 돌아가고 싶은 걸까.	 셋째로, 의미적인 차원에서 과거로 돌아가는 것은 맞는 것일까.	 과거 우리 사회의 많은 모순, 코로나 감염증 확산으로 열악한 근로 환경, 사회안전망의 부재가 드러났다.	 그러면 정말 과거로 돌아가는 것이 옳은 것일까.	”그는 이 세미나의 다음 주제 ‘진화/공학’에서 발표할 장대익 서울대 교수의 언급을 인용하며 이런 질문도 보탰다.	 “아직 코로나 사태는 끝난 것이 아니다.	 최근 이태원발 발병에서도 드러나듯 아직도 방역과정 중에 있는데 벌써부터 샴페인을 터뜨리고 있는지 아닌지 물어볼 필요가 있다.	 왜 영국과 미국의 시스템이 무너지는 것을 보면서 과거의 ‘선진국 줄 세우기’와 비슷한 것을 하는지에 대한 반성도 필요하다.	 매일 확진자와 사망자 숫자에 국가순위를 매겨 올림픽 메달 경쟁하듯 바라보는 우리 사회 문화도 되돌아보아야 하지 않을까.	”조한혜정 교수는 이날 발제에서 로버트 라이시 미국 캘리포니아대 공공정책대학원 교수가 지난 4월 말 언론기고를 통해 밝힌 ‘코로나 4계급’을 예시했다.	 라이시 교수가 내놓은 코로나 시대의 계급은 다음의 넷으로 나뉜다.	 첫째, 약 35%를 차지하는 원격근무가 가능한 노동자.	 이 계급이 코로나19 확산으로 받는 타격은 상대적으로 작다.	 둘째, 의사·간호사, 재택 간호·육아 노동자, 농장 노동자, 음식 배달자, 트럭 운전기사, 창고·운수 노동자, 약국 직원, 위생 관련 노동자, 경찰관·소방관·군인 등 약 30%의 필수적인 일을 하는 노동자.	 중요한 것은 셋째와 넷째, 즉 코로나19 사태로 임금을 받지 못하는 노동자와 잊힌 노동자다.	 조한혜정 교수는 “코로나 사태에 대한 논의와 해법이 35%를 차지하는 원격근무 노동자를 중심으로 가게 된다면 변화는 일어나지 않고 사회가 굴러가지 않을, 즉 급격하게 망할 가능성이 많다.	 코로나 사태 이전이나 이후에도 우리 사회 청년문제는 심각했다.	 열심히 일해도 ‘노오력의 배신’ 상황은 달라지지 않았고, 그건 현재도 마찬가지다.	”질문에 정해진 답은 없다.	 6월 24일까지 매주 수요일 오후 5시부터 6시 30분에 온·오프로 진행하는 이 행사는 관심을 가진 일반인 참가도 가능하다.	 행사 포스터의 QR코드를 스캔하거나 연세대학교 청년문화원이 개설한 구글독스를 통한 신청으로도 참여할 수 있다.	   ©   , 무단전재 및 재배포 금지〈경향신문은 한국온라인신문협회의 디지털뉴스이용규칙에 따른 저작권을 행사합니다."
"[어른이 된다는 것](23)사람 사이, 경계는 지키되 벽은 쌓지 말자"," 지난달 며칠 동안 상담실 밖에서 유별난 새소리가 들려왔다.	 귀엽고 작은 소리가 아니라 꽥꽥거리는 신경을 거스르는 소리.	 속으로 불평을 하게 되었다.	 그러다 어느 날 갑자기 소리가 나지 않았다.	 마음이 참 간사하게도 새가 어디로 갔을까, 어떤 종류의 새였을까 궁금해졌다.	 며칠 전 한 기사를 읽고 그때의 새소리가 생각났다.	 프랑스 남부에서 소음으로 소송에 휘말렸던 모리스라는 이름의 닭이 병으로 죽었다는 기사였다.	 몇 년 전에 새벽마다 울어서 소음 공해를 일으킨다고 새로 이사 온 노부부에게 소송을 당했는데, 그 일이 알려지면서 세계 곳곳에서 사람들이 모리스를 응원했다고 한다.	재판은 “수탉으로서 시골에서 울 권리가 있다”는 판결로 모리스가 승리했다.	 모리스 측 변호인 변론이 인상적이다.	 “그는 시골 마을의 자연 속에서 그저 자신답게 행동한 것이다.	” 지난달 상담실 주변에서 울어대던 새도 그저 자신답게 행동한 것이었을까.	 같은 소송이 걸린다면 시골이 아니라 도시 한복판이라 패소하게 되려나.	프랑스의 재판 결과는 ‘민폐’를 생각해보게 한다.	 최근 들어 사람들이 많이 하는 말 중 하나가 ‘민폐를 끼치지 말아야 한다’, ‘민폐가 되고 싶지 않다’이다.	 상담을 진행해야 하는 필자에게 새소리는 소음이고, 그렇다면 새가 민폐를 끼치지 않았다고 할 수는 없다.	 하지만 도시에서도 새가 날아다니거나 살 수 있다면, 울음을 우는 것도 새로서는 권리가 될 수 있다.	 양쪽의 권익에 충돌이 생기고, 갈등이 불거질 수 있는 일이다.	이런 일들은 사람과 새, 사람과 닭 사이보다는 사람들 사이에서 훨씬 자주 일어난다.	 한쪽에는 권리이거나 필요한 일이 또 다른 쪽에는 손해나 번거로운 일이 되는 경우다.	 그런 경우를 잘 처리하기 위해 법과 규칙이 있고, 예의범절이 있는 것이며 사회적인 존재로 사람들과 함께 살아나가기 위해서는 당연히 그것들을 서로 지키며 살아가야 한다.	그런데 최근 ‘민폐 끼치지 않기’에는 조금 더 극단적인 면모가 엿보이는 경우들이 있다.	 필자의 성인 상담자나 아동 청소년을 동반한 부모 중에도 있었다.	 행동이 조심스럽고 신중하며 예의가 바르다.	 자신이 다른 사람에게 폐를 끼치는 일은 없어야 한다는 의지가 강하다.	 단지 남에게 피해를 주지 않겠다가 아니라 남에게 신세를 지거나 빚을 지지 않겠다는 다짐을 한 사람들.	 그래서 타인에게 무언가를 부탁하는 일도 거의 없다.	 스스로 원하거나 필요한 일을 중심에 두기보다 타인을 배려하는 일에 초점이 맞추어져 있어 보인다.	 행여나 민폐가 될까 늘 조심하고, 혹시라도 그럴 기미가 보이면 차라리 자기가 손해를 입는 선택을 해버린다.	 이기주의가 아닌 이타주의의 삶이라고 할 수 있다.	그런 이타주의가 자신에게 보람과 기쁨을 가져다주는 대신 타인과 접촉을 전적으로 회피하게 만들기도 한다.	 타인에게 피해도 안 주고, 신세도 안 져서 빚이 없으니 갚을 것도 없다.	 남의 일에 연루되거나 말을 섞어 피곤해질 필요가 없으니 점점 관계를 피하는 방향으로 나아가게 되고, 조금이라도 불만스럽거나 갈등의 조짐이 보인다면 차단해버린다.	 대표적인 예가 경찰 신고와 고소다.	 프랑스의 수탉의 예처럼 현대사회는 동서양을 막론하고 아주 사소한 일로도 소송이 넘쳐난다.	 사람들이 대화하면서 풀 수 있는 문제까지 전부 법정으로 가버린다.	 물론 그런 대화가 다정하거나 유쾌할 리는 없을 것이다.	‘닭이 먼저냐, 달걀이 먼저냐’처럼 무엇이 이런 경향의 원인이 되었는지 분명치 않지만, 과도한 ‘민폐 끼치지 않기’의 태도와 무관하다고도 할 수 없다.	 그것이 그저 남에게 빚지지 않기만은 아니기 때문이다.	 남에게 피해를 주지 않고, 빚지지 않으려는 태도와 행동은 나의 바람이나 권리를 쉽게 포기하게 만든다.	 ‘민폐 끼치지 않기’가 내게 아무 영향도 안 준 게 아니라 결국 손해를 끼치게 되는 것이다.	 그런 상황에서 더 손해를 입고자 하는 사람은 별로 없을 것이다.	 사람들과의 접촉이 귀찮고, 피곤하고, 무용하게 느껴지는 것이 이 때문이다.	 손해에 손해를 더하고 싶지 않은 것이다.	규칙과 예의를 지키면서도 때로는 당당하게 자신의 바람을 표현하고, 권리를 주장하고, 행동할 줄 아는 용기가 필요하다.	 그래야 손해 나는 삶을 살지 않을 수 있고, 그 타인과의 관계를 피하거나 차단하지 않고 너그럽게 포용할 수 있게 된다.	 나와 타인의 경계를 지키는 삶, 하지만 그 경계를 지키기 위해 가끔은 불평도 터져 나오고, 갈등도 생기고, 그것을 조정하는 수고도 하게 될 수밖에 없다.	 대신 나는 나의 권리를, 타인은 타인의 권리를 주장하면서 함께 살아갈 수 있게 된다.	 반면 깍듯이 예의를 지키고 갈등도 없어 평화로워 보이지만, 누군가가 혹은 누구도 권리를 주장하지 못하게 되거나 문제가 생겼을 때 소통 없이 곧바로 법적인 분쟁으로 향하게 된다면, 사람 사이에 경계를 지키는 데 그치지 않고 벽을 쌓아버리게 된다.	 바르지만 냉정한 사회, 더 나아가 교류하지 않는 사회가 될 수 있다.	프랑스 소설가 아멜리 노통브의 〈오후 네 시〉에는 이웃집 남자 베르나르댕이 매일 오후 4시에 주인공 부부의 ‘우리 집’을 찾아온다.	 민폐가 아닐 수 없다.	 비정상적인 방문으로 괴로워하던 주인공은 급기야 베르나르댕을 살해한다.	 어쩌면 당연한 결과처럼 보인다.	 속세를 벗어나 단둘이 ‘우리 집’에 살기를 바라던 부부는 처음부터 한 번도 베르나르댕을 진심으로 반가운 이웃으로 맞아준 적이 없었다.	“그가 거실로 들어오자 나는 쥘리에트를 찾으러 갔다.	 그녀는 겁에 질려 있었다.	 나는 미소를 지어 보였다.	 ‘이건 그저 예의상의 방문일 뿐이야’.	” 예의상의 방문이라고 규정한 첫 만남부터 부부는 베르나르댕과의 만남을 매우 예의 바르지만 냉정하게 치른다.	 그들의 ‘우리 집’은 벽이 높은 집이었다.	 이후 베르나르댕은 강박적인 방문으로 매우 고집스럽게 권리를 주장했는지도 모르겠다.	 “나는 당신들의 이웃이다.	” 소설 속 주인공 부부가 조금 다르게 응답했다면 어땠을까?	 시골 마을에 살았던 수탉 모리스가 ‘자신답게 행동할 권리’로 울었을 때 이웃 노부부가 소송을 걸지 않았다면 어땠을까?	 교양 있고 예의 바른 사람들이 피해가 생기지 않게 항상 조심하고 노력하는데, 소송 사건은 갈수록 많아지고, 법이 그렇게 부지런히 사건들을 처리하는데도 세상은 더 불안하고 흉흉해지는 것 같은 이 시대에 다시 한 번 고민해 볼 만한 일이다.	 ‘민폐 끼치지 않기’가 과연 최선인지 말이다.	이수련 정신분석학 박사 ©   , 무단전재 및 재배포 금지〈경향신문은 한국온라인신문협회의 디지털뉴스이용규칙에 따른 저작권을 행사합니다."
상무식 K리그 확장 모델 지속 가능한가?," 프로축구 상주 상무가 시민프로축구단 전환 계획을 백지화하기로 했다.	 이로써 2011년 국군체육부대가 시민구단 창단을 전제로 뿌리를 내리면서 시작된 10년의 인연도 물거품으로 돌아가게 됐다.	 강영석 상주시장은 6월 22일 기자회견을 열고 상주 상무의 시민구단 전환 불가 방침을 발표했다.	 강 시장은 “상주 상무는 올해 말을 끝으로 막을 내린다”고 밝혔다.	경북 상주시가 시민구단 전환을 포기한 것은 재정 부담이 가장 큰 원인으로 보인다.	 상주시는 2011년 국가대표 선수들이 즐비한 군팀 상무를 유치해 K리그에 뛰어들면서 적잖은 이득을 취했다.	 인구 10만 명이 안 되는 작은 도시에 연간 방문객이 평균 2만여 명 늘었다.	 또 45억원가량의 경제적 파급효과와 TV 중계와 언론 보도 등의 노출로 867억원 상당의 인지도 향상 효과를 누렸다.	 이를 위해 상주시가 투자한 금액은 2019년 기준 연간 13억원에 불과했으니 엄청나게 남는 장사였다.2021년부터는 상황이 크게 달라지게 됐다.	 상주시와 프로축구연맹, 상무 3자의 합의에 따라 창단한 상주 상무의 연고협약이 2020년으로 만료되는 터.	 상주시는 유치 당시 ‘시민구단 창단을 검토한다’고 약속했다.	 상주시는 그 약속대로 2부리그에서 시민구단으로 전환해 새롭게 출발한다면 기존에 누렸던 효과는 떨어지는 대신 비용은 20억원이 늘어난 33억원을 지원해야 한다고 예상했다.	 강 시장이 시민구단 전환 불가를 선언한 것과 관련해 “상주시의 미래를 위해 불가피한 결정”이라고 강조한 배경이다.	 강 시장은 상주시의 인구가 10만 명 미만으로 줄어든 상황에서 재정 부담이 늘어나는 것을 꺼린 것으로 알려졌다.	 시정을 책임지는 입장에서 고려할 수 있는 대목인 것은 분명하다.	문제는 상주시가 불과 2개월 전까지만 해도 시민구단 전환에 긍정적인 태도를 유지했다는 사실이다.	 실제로 상주시는 시민구단 전환을 위해 타당성 조사와 공청회 개최 등의 단계를 밟았다.	 상주시민 1800여 명을 대상으로 진행된 설문조사에서 프로축구단 잔류와 시민구단 전환 여부를 묻는 질문에 찬성 의견이 각각 66.7%와 53.7%가 나오기도 했다.	 그러나 황천모 전 시장의 당선무효형 확정으로 4·15 보궐선거에서 강 시장이 당선되면서 기류가 바뀌었다.	 전임자가 해왔던 치적을 의도적으로 무시한 것이 아니냐는 의견이 나올 수밖에 없다.	익명을 요구한 상주 상무의 한 관계자는 “공청회가 끝난 뒤 강 시장에게 시민구단 전환과 관련해 명확한 입장을 요구했지만, ‘고민한다’는 반응만 나온 뒤 아무런 언급이 없다가 이런 발표가 나왔다”고 한숨을 내쉬었다.	강 시장은 일방적 백지화 결정을 내리면서 모든 책임은 남에게 떠넘겼기에 더욱 황당하다.	 강 시장은 “시민구단 전환이 2011년 상주 상무의 유치 조건이라는 사실을 많은 시민이 알지 못했고, 시민구단으로의 전환이 조건이었다면 지난 10년간 충분히 준비해야 했다”고 말했다.	 이에 대해 프로축구연맹 측은 “상주시와 연고 계약을 연장하면서 상무가 언젠가 다른 지역으로 떠날 것이고, 상주는 시민구단으로 전환해야 한다는 공감대를 형성했다.	 또 지난해 6월 상주시 측에서 시민구단 전환을 추진하겠다는 공문을 보냈다”고 반박했다.	상주시의 시민구단 포기는 상주를 알리는 데 최선을 다했던 구단 직원들과 산하 유소년클럽 선수들의 미래도 불투명하게 만들었다.	 당장 구단 직원들은 올해를 끝으로 실직자가 된다.	 또 현재 12세 이하부터 15세 이하, 18세 이하 유소년팀까지 3개 팀의 선수들은 전학을 가야 할 처지다.	 시민구단이 창단된다면 자연스럽게 프로 무대로 진출할 수 있었지만, 이젠 새로운 길을 알아봐야 할 처지다.	 강 시장은 “유소년클럽에 대한 책임은 현재의 제도와 비정상적인 운영이 될 수밖에 없도록 만든 한국프로축구연맹·국군체육부대·상주시민프로축구단 3자 모두에게 공동으로 있다”며 “이들 3자가 사과하고 대책을 마련해야 한다.	 협의와 대책이 수립되지 않는다면 감사원이나 법원에 제도의 타당성에 대한 판단을 묻겠다”고 주장했다.	 프로축구연맹 관계자는 “K리그 유소년팀에 대한 이해가 부족할 뿐만 아니라 책임을 전가하는 표현은 유감스럽다”고 지적했다.	상주시의 결정으로 축구계가 10년간 공들였던 탑이 무너지면서 K리그의 확장 모델에 대한 의구심도 제기된다.	 K리그를 주관하는 프로축구연맹은 2002 한·일월드컵 이후 신생팀 창단을 유도하는 촉매제로 군팀인 상무를 선택했다.	 실업축구에 머무르던 상무를 프로에 끌어들이면서 축구 선수들이 병역의 의무를 해결할 수 있는 기회를 주는 동시에 창단을 유도할 수 있다는 계산이었다.	광주 상무가 2003년 창단한 뒤 2010년 광주FC로 거듭나면서 이 모델은 성공 사례로 자리매김할 수 있었다.	 경찰청 축구팀이 이를 벤치마킹해 안산 무궁화가 안산 그리너스로, 아산 경찰청이 충남 아산으로 뿌리를 내렸다.	 그러나 상주의 사례에서 이 같은 모델은 얼마든지 실패할 수 있다는 사실도 드러났다.	 프로축구연맹은 상무의 새 연고지로 경북 김천시를 지목해 협상을 진행하고 있지만, 연고 계약이 끝난 뒤 똑같은 결과가 나오지 말라는 법이 없다.	 실제로 프로축구연맹 관계자는 “김천시와 연고협약 추진에서도 시민구단 전환을 강제하는 문구는 고려하지 않고 있다”고 설명했다.	 김천시 또한 “아직 시민구단 전환까지 고려하지는 않고 있다”고 확인했다.	상무식 확장 모델의 한계는 시민구단 창단만 바라보는 것이 원인이라는 목소리도 있다.	 프로야구 KBO리그가 8개 구단에서 제9·10구단을 창단할 당시 기업들이 줄을 서서 기다렸던 길을 벤치마킹해야 한다는 이야기다.	 마침 K리그도 지난해 시민구단이었던 대전 시티즌이 하나은행에 인수돼 대전 하나시티즌으로 새출발하면서 가치를 인정받았다.	 박경훈 전 성남 감독은 “K리그가 더 성장하려면 산업적인 측면에서 더 매력적으로 바뀔 수 있는 방법을 찾으면서 기업들의 관심을 유도해야 한다”며 “그게 우리 K리그가 더 건강해지는 길”이라고 말했다.	황민국     ©   , 무단전재 및 재배포 금지〈경향신문은 한국온라인신문협회의 디지털뉴스이용규칙에 따른 저작권을 행사합니다."
[주목! 이 사람]최정규 원곡법률사무소 변호사 “보험·의료 분야 피해자 돕고 싶어”," 최정규 원곡법률사무소 변호사는 최근 검·경과 연이어 다툰다.	 모두 검·경의 가혹행위 내지는 강압수사를 둘러싼 사건이다.	조직 내 가혹행위에 시달리다 스스로 목숨을 끊은 고 김홍영 검사 사건에서는 전·현직 검사를 상대한다.	 경찰의 강압수사 의혹이 인 고양저유소 화재사건에서 피의자를 변호하다 언론에 수사받는 영상을 제보했다는 이유로 고소를 당했다.	 피의자는 이주노동자였다.	 경찰은 최 변호사를 기소 의견으로 검찰에 송치했다.	 대한변호사협회는 지난 9월 8일 “경찰의 보복성 기소 의견 송치에 강한 분노를 표출한다”고 했다.	최 변호사는 “학교 다닐 때부터 공익소송에 뜻이 있었던 건 아니었다”고 했다.	 대학을 다니며 7학기는 공부만 했다.	 마지막 남은 한 학기, 수화동아리 활동을 했다.	 그는 “화·목은 수화를 배웠고, 월·수·금에는 지역 복지관에서 수화 강사를 했다.	 장애인 사건 법률 지원하는 데 동기가 됐다”고 말했다.	공익법무관 시절 경험도 공익소송에 뛰어든 계기가 됐다.	 최 변호사는 공익법무관 2년차 때부터 법률구조공단에서 일했다.	 민원인 상담이 주된 업무였다.	 그는 “세상에 억울하다고 하는 사람은 그때 다 만난 것 같다.	 답답함을 호소하는 분들이 줄을 섰다.	 하루는 2시간 이야기를 들어드렸더니 자료를 놔두고 가셨다.	 ‘이야기 들어줘서 이 사건을 버릴 수 있다’고 하더라”라고 말했다.	최 변호사는 공익법무관을 마친 뒤 로펌에 가지 않았다.	 대신 공익법무관을 했던 법률구조공단에 입사했다.	 6년을 일했는데 이중 3년을 경기도 안산에서 보냈다.	 이주노동자나 장애인이 피해를 입은 사건이 많았다.	 최 변호사는 “공단에 있을 때는 소송에 들어간 뒤부터 사건에 개입했다.	 소송 이전 단계에서 권리 구제를 받지 못하는 이주노동자나 장애인들이 많았다.	 예를 들어 이주노동자에게 비자 신청 접수조차 안 받아주는 출입국사무소도 있었다.	 이런 상황을 보면서 재판에 들어가기 전, 현장에서 일어난 사건 단계부터 챙기고 싶었다”고 말했다.	원곡법률사무소는 2012년 변호사 3명으로 안산에서 문을 열었다.	 사무보조 직원 한명 없었다.	 사정이 나아진 2018년에는 변호사 두명을 채용했고 사무보조 직원도 뽑았다.	 최근에는 한 독지가가 장애사건 전담 변호사를 채용하면 2년치 임금과 4대 보험을 지급하겠다고 밝혀 변호사 한명을 추가 채용했다.	 최 변호사는 “아직 사무실에 사무장은 없지만 지속가능하게 유지하고 있다”고 했다.	최 변호사는 “앞으로 여력이 되면 보험이나 의료 분야에서 피해를 본 소비자를 대리하는 데 역량을 기르고 싶다”고 했다.	 그는 “의료와 보험은 대표적으로 기업과 소비자 사이 정보비대칭만이 아니라 법률 조력의 비대칭이 큰 분야다.	 이 분야에서 대형 로펌은 일종의 도매업체다.	 대형로펌은 보험사나 의료기관에서 사건 하나가 아니라 20~30개씩 동시에 수임을 한다.	당연히 소비자는 불리한 입장이다.	 이 틀을 깨보고 싶다”고 말했다.	    ©   , 무단전재 및 재배포 금지〈경향신문은 한국온라인신문협회의 디지털뉴스이용규칙에 따른 저작권을 행사합니다."
[법률 프리즘]껍데기만 바뀐 집시법 개정 유감," “누구든지 다음 각 호의 어느 하나에 해당하는 청사 또는 저택의 경계 지점으로부터 100미터 이내의 장소에서는 옥외집회 또는 시위를 하여서는 아니 된다.	 1.	 국회의사당, 각급 법원 … 3.	 국무총리 공관….	” 옥외집회와 시위의 금지 장소를 규정한 ‘집회 및 시위에 관한 법률’ 제11조의 일부다.2018년 헌법재판소는 국회의사당과 각급 법원, 국무총리 공관 100m 이내에서 집회를 전면 금지하고 있던 집시법 제11조가 헌법에 위반된다며 ‘헌법불합치’ 결정을 내렸다.	 아무런 예외조항 없이 일정 거리 내의 집회를 일률적으로 금지하는 규정은 헌법이 보장한 집회의 자유를 침해한다는 판단이었다.	 헌재는 2020년 1월 1일 이전까지 국회가 개정안을 만드는 조건을 달아 현행 법령을 유지했다.	집회의 자유란 ‘집회 시간, 장소, 방법과 목적을 스스로 결정하는 것을 보장하는 것’을 뜻한다.	 집회의 장소는 특히 보호의 대상이다.	 헌재는 “집회는 특별한 상징적 의미 또는 집회와 특별한 연관성을 가지는 장소, 예를 들면, 집회를 통해 반대하고자 하는 대상물이 위치하거나 집회의 계기를 제공한 사건이 발생한 장소 등에서 행해져야 이를 통해 다수의 의견표명이 효과적으로 이루어질 수 있으므로, 집회의 장소에 대한 선택은 집회의 성과를 결정짓는 주요 요인”이라고 봐 왔다.	입법 시한을 넘긴 지난 5월, 20대 국회는 부랴부랴 마지막 본회의에 집시법 개정안을 들고 왔다.	 통과된 법안은 ‘국회의사당, 각급 법원, 제3호 국무총리 공관 100m 이내에서 집회를 금지’하는 내용을 그대로 뒀다.	 단지 ‘집회와 시위를 할 때 각 기관의 기능과 안녕을 침해할 우려가 없는 경우, 대규모 집회나 시위로 확산될 우려가 없는 경우’에만 예외적으로 집회를 허용하도록 했을 뿐이다.	특정한 장소의 집회 자체는 원칙적으로 허용하되 예외적인 금지 조항을 두라는 취지의 헌재 결정과는 거꾸로 기존의 ‘특정 지역 집회 원칙적 금지’ 방식을 유지한 셈이다.	 집회의 금지는 공공의 안녕질서에 대한 직접적인 위협이 명백하게 존재하는 경우에 한해서만 허용되는 종국적 수단이란 점에서, 개정안은 헌법불합치 결정의 취지를 제대로 반영하지 못했다.	게다가 이 법안은 국민이 법령 자체로는 그 의미를 알기 어렵단 문제도 있다.	 각 기관의 기능과 안녕을 침해할 수 있는 시위가 무엇인지, 대규모 집회 또는 시위로 확산될 우려가 있는 집회라면 몇 명이 모여야 ‘대규모’ 집회가 되는지, 집시법을 적용하는 경찰이 개정안 관련 기준을 마련해 공개하지 않는 이상 짐작조차 할 수 없다.	나아가 개정안의 모호한 조항은 경찰권의 자의적 결정에 대한 근거가 될 수 있다.	 법의 합헌적 해석·적용이 원칙적으로 법집행기관에 맡겨진 사명이란 점을 감안해도 개정 집시법 조항은 사실상 국회·법원·총리공관 100m 이내의 정부 반대 집회를 제한하는 내용으로 전용될 가능성을 배제하기 어렵다.	 집회 현장에서 요건에 들어맞는지 아닌지 여부를 판단하는 주체가 행정권이란 점에서다.	 법률은 늘 최악의 권력을 상정해야 한다.	 껍데기만 바뀐 법률이 과연 집회의 자유를 제대로 보장해줄 수 있을까.	백인성 변호사 ©   , 무단전재 및 재배포 금지〈경향신문은 한국온라인신문협회의 디지털뉴스이용규칙에 따른 저작권을 행사합니다."
[영화 속 경제]<미쓰백> 아동학대를 감추기 위한 ‘레드헤링’," 불편하지만 봐야 하는 영화가 있다.	 외면한다고 외면되지 않는 현실이 존재하는 경우다.	 아동학대를 정면으로 마주하는 이지원 감독의 <미쓰백>이 그런 영화다.	 이 감독은 <미쓰백>의 시나리오를 쓰게 된 것에 대해 “고통받던 옆집 아이를 외면한 비겁한 자신에 대한 참회록”이라고 말했다.	 아동폭력을 당하는 것이 틀림없는 옆집 아이를 보면서도 아무런 도움을 주지 못했던 자책이 담겨 있다고 한다.	 영화의 모티브는 ‘원영이 사건’으로 알려져 있다.	 의붓어머니가 베란다와 욕실에서 원영이를 상습폭행하고, 추운 겨울 락스 원액을 아이 몸에 뿌린 뒤 방치해 죽인 사건이다.	겨울밤 차가운 거리에 누더기 내복 한 장 입고 쪼그려 앉아 있는 아이가 있다.	 누가 봐도 아동학대를 당하는 것 같은 아이 ‘지은’이다.	 대부분의 어른이 그냥 지나치는데 지나치지 못하는 한 명이 있다.	 그의 이름은 상아.	 그냥 ‘미쓰백’으로 불러달란다.	 살인미수로 전과가 있는 그는 세차장·마사지숍을 전전긍긍하며 어렵게 살고 있다.	 자신도 힘든데 지은에게 자꾸만 마음이 간다.	 그 역시 어린 시절 같은 고통을 겪었기 때문이다.	 그는 주저하다가 말을 건넨다.	 “이런 나라도 같이 갈래?	” 미쓰백은 2층 배관 파이프를 타고 탈출한 지은을 안고 사라진다.	 그제야 자신의 아동학대 사실이 알려질까봐 두려워진 의붓어머니는 친부에게 말한다.	 “그 여자는 전과자야.	 유괴됐다고 해.	”주의를 다른 곳으로 돌리거나 혼란을 유도해 상대방을 속이는 것을 경제학에서는 ‘레드헤링’이라고 부른다.	 레드헤링은 오래 보관하기 위해 훈제한 붉은색 청어를 말한다.	 레드헤링은 냄새가 독했다.	 잘 훈련된 사냥개도 레드헤링의 냄새에 후각을 잃을 정도다.	 이를 이용해 18~19세기 레드헤링은 여우 사냥개의 후각을 단련시키는 데 사용됐다고 한다.	 또 1800년대 영국의 죄수들은 탈옥 전에 레드헤링을 온몸에 비벼댔다.	 감시견들의 추격을 피하기 위해서다.	레드헤링은 훗날 논점을 흐리고 엉뚱한 곳으로 상대방의 관심을 돌리는 것을 뜻하는 말로 의미가 확장됐다.	 예컨대 논쟁 중에 대뜸 “너, 몇 살이야”라고 말하며 말머리를 돌려버리는 경우다.	 장유유서가 여전히 영향을 미치는 한국에서 자주 볼 수 있는 ‘주의전환의 오류’다.	경제학에서 레드헤링은 ‘판단을 흐리게 하는 거짓신호’로 본다.	 대공황 이전의 미국 투자은행들은 새로 생겨난 기업들이 내놓은 초기사업계획서를 레드헤링이라고 불렀다.	 초기사업계획서는 겉으로는 그럴듯한 내용이지만, 자세히 들여다보면 허점도 많았기 때문에 속지 말라는 경고의 의미가 담겨 있다.	코로나19 확산 초기에 주가가 큰 폭으로 떨어지자 ‘블랙스완’이냐, ‘레드헤링’이냐는 논란이 제기됐다.	 만약 코로나19가 전 세계로 확산된다면 발생 가능성이 거의 없지만 일단 발생하면 엄청난 충격을 주는 블랙스완이 될 것이고, 코로나19가 기존 독감과 별 차이가 없다면 주식시장의 관심을 엉뚱한 데로 돌리는 ‘레드헤딩’이 될 수 있다는 것이다.	경찰은 이 사건을 처음 유괴사건으로 봤다.	 하지만 아이가 창밖을 통해 배관을 밟고 빠져나오는 장면을 자동차 블랙박스에서 확인하면서 수사는 아동학대로 방향을 튼다.	 수사에 혼선을 준 레드헤링도 기록된 증거 앞에서는 더 이상 냄새를 풍기지 못했다.	 <박병률    > ©   , 무단전재 및 재배포 금지〈경향신문은 한국온라인신문협회의 디지털뉴스이용규칙에 따른 저작권을 행사합니다."
"[특집]코로나 생존기- 아랍에미리트, 일자리 잃은 외국인들 고국으로"," 지난 2월까지만 해도 여덟 살 딸은 방과 후 동네친구들과 저녁 7시까지 노는 게 일상이었다.	 그러나 반년이 지난 지금 집 안에서 혼자 책을 읽거나 만화를 본다.	 친구들이 모두 동네를 떠났기 때문이다.	 각 가정사의 속내는 잘 모르겠으나 그중 반은 일자리를 잃어 본국으로 돌아갔고, 반은 더 싼 집으로 이사를 간 것으로 보인다.	두바이 인구의 80% 이상이 외국인이다.	 코로나19 사태로 인해 수많은 외국인이 일자리를 잃고 조국으로 돌아갔다.	 이에 따라 두바이의 주택 공실률이 높아지고 집 렌트비용이 급락하자 지난 6개월간 대이동이 있었다.	 더 싼 곳으로, 아니면 같은 가격의 더 나은 곳으로 거처를 옮긴 것이다.	 나는 매일 저녁 아내와 동네 산책을 하는데 이전과 다르게 빈 집과 빈 주차 공간이 눈에 띈다.	 씁쓸한 기분이 든다.	한편 두바이는 2020년 10월 엑스포가 열릴 예정이었다.	 2500만명의 관광객 유치를 위해 최근 몇 년간 두바이의 각지에서는 각종 건물을 올리며 활기찬 모습을 보여왔다.	 코로나19로 인해 엑스포는 2021년 10월로 연기되었고, 많은 건축 사업이 중단되거나 취소되었다.	 두바이 정부는 관광 산업의 회복을 위해 하늘문을 열고 여행 규제를 완화하고 있지만, 아직 코로나 감염에 대한 우려와 까다로운 출입국 규정이 이를 가로막고 있다.	 대신 국내 여행에 관심을 돌리는 스테이케이션 여행객이 증가하고 있다.	 위험을 무릎쓴 유럽 여행보다는 안전한 국내 사막 여행이 더 낫다는 것이다.	지난 4월 4일, 두바이 정부가 2주간 24시간 통행 금지령을 내리자 온라인 플랫폼이 급속도로 발달하기 시작했다.	 그때부터 아내는 밤만 되면 열심히 휴대폰을 두드리며 무엇인가를 주문했다.	 하루에 배달원이 누르는 초인종 수만 서너 번이다.	코로나19 사태가 발생한 지 약 반년이 되었다.	 다행히 조금씩 새로운 질서가 잡혀감을 느낀다.	 두바이의 많은 학교는 9월 학기부터 오프라인 수업을 재개했다.	 지난 학기 온라인 교육을 하느라 지칠 대로 지쳐버린 부모들 대부분은 아이들을 학교에 보내고 있다.	 물론 최근 코로나19 확진 학생이 늘고 있지만 같은 반 아이들만 2주간 온라인 수업으로 전환하고 나머지 아이들은 정상 등교한다.	초기에 몸을 사리던 사람들도 코로나 블루를 극복하기 위해 이제는 주말만 되면 집 밖에 나선다.	 두바이 정부는 철저히 방역에 힘쓰고 있다.	 9월 둘째 주 주말에는 두바이 경찰이 쇼핑몰 4곳에 불시 점검을 나와 마스크 미착용, 불법 단체 모임 등을 단속했다.	 이틀 동안 221건의 벌금을 부과하고, 3300건의 경고문을 발급했다.	 자유롭게 돌아다니되 지킬 건 지키라는 강력한 메시지다.22개 아랍 국가에서의 하루 신규 확진자만 1만명이 넘었다.	 내가 사는 아랍에미리트에서는 9월 이후 하루 평균 700명을 넘어서고 있다.	 그럼에도 불구하고 두바이의 많은 사람은 소소한 일상에서 작은 행복을 찾으며 살아간다.	 코로나19가 잦아들어 정상화가 되기까지 사람들이 이 작은 행복을 계속 이어갔으면 좋겠다.	아랍에미리트 두바이/ 손원호 한국석유공사 근무·이슬람 역사 박사과정 ©   , 무단전재 및 재배포 금지〈경향신문은 한국온라인신문협회의 디지털뉴스이용규칙에 따른 저작권을 행사합니다."
[취재 후]‘기억의 책임’," ‘기억’을 공격하는 쪽의 논리는 일견 솔깃하게 들릴 때도 있습니다.	 오랜 시간이 흘러 기억이 흐려졌으므로 정확하지도 않을 뿐더러 평범한 개인이 겪은 일이기에 ‘관’에서 공식적으로 추진한 정책이나 사업과는 무관하게 진행됐다는 주장이 대표적입니다.	 나치 독일이 점령한 국가에서 자행된 홀로코스트를 히틀러가 지시했다는 문건이 있느냐는 반박은 일제가 일본군 ‘위안부’를 모집했다는 점을 입증할 공식 문서가 발견된 적 없다는 주장과 일맥상통합니다.	 5·18 당시 전두환씨가 발포를 지시하지 않았다고 주장하는 것도 마찬가지입니다.	 피해를 당한 사람은 있지만, 그들은 죽어서 더 이상 증언하지 못하고, 남은 기억을 가진 유족들이 흐릿하거나 전해 들은 기억을 바탕으로 역사를 조각조각 이어붙여야 하는 사건에서 이런 공격이 흔하지요.	희생자와 피해자, 유족들이 각기 파편처럼 지니고 있는 기억들을 이어붙이는 작업은 결코 무의미하지 않습니다.	 죽은 이들은 이미 사라졌지만, 기억이 사라지지 않는 한 엄연히 존재했던 학살과 폭력의 고통을 지금 세대가 되풀이하지 않을 의무는 여전히 존재하기 때문입니다.	미국 미네소타주에서 경찰관이 평범한 시민 조지 플로이드의 목숨을 빼앗은 사건만 해도 이전까지 숱하게 벌어진 비슷한 사건에서 교훈을 얻었다면 다시 일어나지 않았을 것입니다.	 거리로 뛰쳐나온 일부 시위대가 도를 넘는 약탈과 폭력을 자행하는 모습과 그 반대편의 진압부대가 역시 과잉진압을 반복하는 모습만 보고 특정 인종·계층·집단을 ‘공공의 적’으로 몰아가는 움직임도 그렇습니다.	 사람들을 여러 무리로 단순하게 구분 짓는 기준만을 따라서 피해와 가해의 경계를 예리하게 구분할 수 없다는 점만 기억했어도 서로를 향한 적개심이 이렇게 커지진 않았을 테니까요.	그러니 임지현 교수가 말한 대로 ‘기억의 책임’이 무겁게 다가옵니다.	 이미 벌어진 과거의 사건과 그 배경이 된 사회적 편견, 구조적 갈등 모두를 시민 각자가 책임질 수는 없다 해도 적어도 현재까지 남아 있어서 우리 삶에 영향을 미치는 문제들은 해결하고 넘어가야 할 책임은 있습니다.	 그 책임을 외면하지 못해 거대한 폭력에 희생된 선조들이 있었듯 그들의 후손인 우리에게도 역시 다음에 나타날 더 후대의 세대를 위해 짊어져야 할 책임이 있습니다.	    ©   , 무단전재 및 재배포 금지〈경향신문은 한국온라인신문협회의 디지털뉴스이용규칙에 따른 저작권을 행사합니다."
[편집실에서]“숨을 쉴 수 없어요”," 컴퓨터 화면을 보는 순간 숨이 턱 막혔습니다.	 백인 경찰이 우악스러운 무릎으로 한 흑인 남성의 목을 짓누르고 있는 장면이었습니다.	 밑에 깔린 남성은 미동조차 할 수 없었습니다.	 겁에 질린 그의 눈은 살려달라고 애원하는 것 같았습니다.	 “제발, 제발… 숨을 쉴 수 없어요.	”몰려든 행인들이 ‘목을 누르지 말라’고 소리쳤지만, 경관은 이에 아랑곳하지 않습니다.	 흑인 남성이 의식을 잃자 그때야 구급차가 도착했습니다.	 들것에 실려 병원으로 옮겨지기 전까지 이 남성은 10분 가까이 옴짝달싹도 못 한 채 목이 눌려 엎드려 있어야만 했습니다.	 결국 그는 숨을 거뒀습니다.	 얼마나 괴롭고 무서웠을까요.	지난 5월 25일 미국에서 백인 경찰 데릭 쇼빈의 가혹행위로 흑인 남성 조지 플로이드가 숨진 사건의 후폭풍이 심상치 않습니다.	 사인은 질식사.	 그는 식료품 가게에서 위조지폐로 담배를 산 혐의로 붙잡혔다고 합니다.	 플로이드가 숨진 이후 미국 전역에서 시위가 확산되고, 세계 곳곳에서도 인종 및 소수자 차별, 인권 탄압에 항의하는 연대의 메시지가 이어지고 있습니다.	 독일 베를린과 영국 런던 등 유럽 주요 도시에서는 코로나19에 따른 단체모임 금지 규정에도 불구하고 인종차별에 항의하는 집회를 열었습니다.	 시위 참여자는 물론 스포츠 선수들까지 나서 ‘무릎꿇기’ 제스처를 통해 인종차별에 항의했습니다.	이런 유의 사건이 미국에서 벌어진 건 어제오늘 일이 아닙니다.	 백인 경찰에 의한 흑인 살해는 끊임없이 되풀이되고 있습니다.	 시민 사이에서 ‘흑인들의 목숨도 중요하다’는 외침이 터져나오지만 그때뿐입니다.	 여전히 변하지 않는 미국 흑인의 현실을 적나라하게 보여준 단면인 셈이죠.	 빌 드블라지오 뉴욕시장은 사건 후 연설을 통해 이런 현실을 ‘미국 백인들의 인종주의’, ‘구조적 모순’이라고 질타하며 “이런 상황이 계속되게 할 수는 없다”고도 했습니다.	 하지만 그의 말처럼 이런 상황이 몇 년 안에 멈춰질 수 있을까요.	 아마도 어려울 겁니다.	 아니 거의 불가능하다고 봅니다.	 바로 ‘인종주의’가 미국의 법과 제도 속에 뿌리 깊게 자리 잡고 있기 때문입니다.	 흑인에 대한 경찰의 과잉대응·가혹행위는 물론이고, 사법제도의 불평등, 갈수록 심화되는 경제적 격차 등 구조적인 문제는 심각한 수준입니다.	이번 사건을 보면서 우리 사회의 모습이 묘하게 투영됐습니다.	 꼼짝할 수 없는 플로이드의 상황이 마치 우리 사회의 비정규직 노동자와 외국인 노동자·성소수자 등 사회적 약자를 보는 것 같았습니다.	 불평등과 차별, 편견에 희생되는 그들의 처지가 목이 짓눌린 흑인 남성과 그리 다를 바 없다는 생각이 들었습니다.	 플로이드가 겪은 것과 같은 직접적이고 물리적인 폭력을 당하는 것은 아니지만, 숨 막히는 현실 속에서 하루하루를 견뎌나가는 이들이 주변엔 수없이 많습니다.	 그들은 사회를 향해 “숨을 쉴 수 없어요”라고 외칩니다.	 하지만 그들의 목소리는 공허한 메아리로 돌아옵니다.	 동등한 사회구성원으로서 그들의 처지를 존중하고 배려하는 마음이 필요합니다.	 자신도 모르는 사이에 사회적 약자들에게 상처를 주는 행동을 하는 건 아닌지 스스로를 되돌아봐야 할 때입니다.	조홍민 에디터 겸 편집장   ©   , 무단전재 및 재배포 금지〈경향신문은 한국온라인신문협회의 디지털뉴스이용규칙에 따른 저작권을 행사합니다."
[장르물 전성시대]연쇄 살인마 개구리 남자,"입주민이 적은 한적한 맨션에서 여자의 시체가 발견된다.	 갈고리에 입이 꿴 참혹한 형상으로 복도에 매달린 알몸의 시체 곁엔 삐뚤빼뚤 어린아이가 쓴 듯한 쪽지가 붙어 있다.	 “오늘 개구리를 잡았다.	… 입에 바늘을 꿰어 아주아주 높은 곳에 매달아 보자.	” 이런 흉악 범죄가 일어나면 으레 공권력의 관리 태만이나 범죄물의 악영향을 비롯해 몰인정한 사회 분위기를 힐난하기 일쑤였던 언론마저 공손한 태도로 조속한 해결을 바라고 있어 역설적으로 사건의 흉흉함은 갈수록 배가되고 있는 상황.	 이윽고 첫 챕터명인 ‘매달다’에 이어 ‘으깨다’, ‘해부하다’, ‘태우다’에 정확히 부합하는 연속 살인이 벌어지면서 한노시 지역사회는 패닉에 빠진다.2009년 ‘이 미스터리가 대단하다’ 대상작으로 〈안녕, 드뷔시〉가 선정되며 데뷔한 작가 나카야마 시치리의 데뷔작은 사실 이 〈연쇄 살인마 개구리 남자〉가 될 수도 있었다.	 최종 심사까지 두 작품이 경쟁을 벌였다는 유명한 일화에서도 알 수 있듯이, 이 작품 역시 〈안녕, 드뷔시〉 못지않은 수작이자 신인 작가 특유의 야심이 가득 담긴 또 하나의 데뷔작이라 할 만하다.	 이야기는 무자비하게 훼손된 시체와 어린아이의 순진무구한 잔인함을 직조하며 우선 정신이상자의 살인으로 문을 연다.	 하지만 곧 실정법의 함정에 메스를 들이대는가 하면, 연쇄살인만으로 일순간 폭동에 이르고 마는 일본 사회의 위태로운 기저에까지 다다른다.	 게다가 이 모두는 신인의 분방한 야심에 그치지 않고, 작품의 주제는 물론 최후의 순간 아귀가 맞아떨어지는 미스터리의 재미와 작중 연쇄살인의 입체적 함의까지 정확히 관통한다.	세 번째 피해자가 발견된 시점, 그 전까지는 아무 연관도 없어 보이던 피해자들의 연결고리가 드러나면서 사건은 새로운 국면을 맞이한다.	 설마 하던 그 연결고리란 살인범이 일본어의 50음순, 즉 ‘아이우에오’ 이름순으로 범행 대상을 고른다는 것.	 고작 이름에 따라 다음 차례는 자신이나 가족이 될 수도 있다는 사실이 공표되면서 한노시에 적을 둔 시민 사이엔 곧 공포가 팽배한다.	 곧이어 무능한 경찰을 비난하는 목소리가 점차 커지더니 마침내 경찰이 비밀리에 작성했다고 알려진 심신상실자 명단을 공개하길 바라는 시민이 경찰서에 강제로 침입한다.	그렇다고 잔인한 연쇄살인과 일본 형법 제39조, 즉 “심신상실자에게는 책임능력이 없어 범죄가 성립되지 않는다”를 엮어내며 ‘사회파 미스터리’의 면면에만 집중한 것도 아니다.	 정의감 넘치는 신참 형사 고테가와와 베테랑 형사 와타세가 사건의 진상을 쫓는 한편, 친부에게 성적으로 학대당하는 아이 나쓰오가 또래를 살인하게 되는 과정을 치밀하게 묘사하며 심신상실을 이유로 다시금 사회로 나왔을 나쓰오의 정체를 교묘하게 병치한다.	 아버지로 인해 망가진 살인범의 마음속을 헤집는 동시에 진범의 정체를 서서히 소환함으로써 마침내 스산한 전율마저 일으키는 것이다.	 심지어 작품 중반 일찌감치 진범의 정체를 드러내는 전략은 신인의 작품이라고 하기엔 너무나 노회하기까지 하다.	나카야마 시치리는 살인사건에 마침표를 찍은 다음에도 몇 번의 반전을 더하며 인간의 나약한 마음과 극단까지 다다른 인간의 악마성을 그야말로 처절하게 대비시킨다.	 어린아이에 대한 성적 학대를 비롯해 경찰서 폭동, 살인범과 육탄전을 벌이는 고테가와 형사의 액션 역시도 생생한 묘사 덕에 절망적인 기운이 피부에 에일 듯 느껴진다.	 무엇보다 단 아홉 글자로 이루어진 작품의 마지막 한 줄이 주는 충격은 오래도록 기억될 만하다.	 과연 거대한 야심을 모두 그러모은 결정체, 걸작이다.	강상준 대중문화 칼럼니스트©   , 무단전재 및 재배포 금지〈경향신문은 한국온라인신문협회의 디지털뉴스이용규칙에 따른 저작권을 행사합니다."
[편집실에서]인간애와 용기," 미국 프로야구 메이저리그에서 ‘42’란 숫자는 매우 특별합니다.	 메이저리그 최초의 흑인 선수로, 갖은 수모와 냉대를 딛고 인종차별의 장벽을 허문 재키 로빈슨의 등번호이기 때문입니다.	 42번은 1997년에 메이저리그 30개 전 구단의 영구결번으로 지정됐습니다.	 메이저리그에서는 로빈슨이 빅리거로 데뷔한 날인 매년 4월 15일에 모든 선수가 42번을 단 유니폼을 입고 경기에 나섭니다.	 그는 6차례나 메이저리그 올스타에 뽑혔고, 신인왕과 내셔널리그 MVP를 수상하는 등 실력면에서도 정상급이었습니다.	로빈슨이 역사에 이름을 남기기까지 겪은 어려움은 이루 말할 수 없습니다.	 관중의 야유와 욕설을 기본이고, 상대 선수의 거친 플레이, 심판의 편파 판정이 그를 괴롭혔습니다.	 타석에 서면 투수의 공이 머리 쪽으로 날아오기 일쑤였습니다.	 그러던 어느 날, 놀랄 만한 사건이 일어납니다.	 1947년 5월 14일 다저스는 신시내티 레즈와 원정경기를 치릅니다.	 경기가 열리기 전부터 다저스 구단과 재키 로빈슨에게 “그라운드에 나타나면 죽여버리겠다”는 협박편지가 수없이 날아듭니다.	 경기 당일 로빈슨이 필드에 모습을 드러내자 예상대로 욕설이 터져나옵니다.	 그런데 소란스러운 와중에 갑자기 다저스의 한 백인 선수가 로빈슨에게 다가와 어깨에 손을 올리며 다정하게 어깨동무를 합니다.	 그는 팀 동료인 유격수 피 위 리즈.	 경기장은 일순 정적에 휩싸입니다.	 그 사건은 그때까지 백인 일색이던 메이저리그에서 당당한 선수이자 진정한 동료로서 로빈슨을 인정하는 계기가 됩니다.	 이 이야기는 영화로도 제작됐습니다.	 2013년 미국에서 개봉한 영화 〈42〉의 포스터에는 어깨동무를 하고 있는 리즈와 로빈슨의 뒷모습이 그려져 있습니다.	로빈슨의 이야기를 장황하게 늘어놓은 건 지난주에 마주한 한 장의 사진 때문입니다.	 지난 6월 14일 영국 런던에서 개인 트레이너로 일하는 흑인 패트릭 허치슨은 부상을 입은 한 백인 남성을 들쳐메고 안전한 곳으로 옮기는 사진을 올려 잔잔한 감동을 선사했습니다.	 그는 전날 인종차별에 항의하는 ‘흑인 생명도 소중하다’ 시위 도중 극우주의자로 보이는 한 백인 남성이 머리에 피를 흘리고 쓰러지자 그를 메고 경찰이 있는 곳까지 안전하게 옮겼습니다.	 그는 언론 인터뷰에서 “내가 구한 그 사람에 대해서는 아무것도 알지 못한다.	 해야 할 일을 한 것뿐이다”라고 말했습니다.	그렇습니다.	 허치슨이 백인 남성을 어깨에 들쳐멨을 때 사람들은 ‘모든 생명이 소중하다’는 사실을 확인했습니다.	 바로 인간애입니다.	 그리고 주변의 시선과 편견을 뚫고 올바르다고 믿는 신념을 관철하는 용기를 그에게서 발견할 수 있었습니다.	 조지 플로이드 사망사건을 계기로 촉발된 인종차별 문제 논란이 아직도 가라앉지 않고 있습니다.	 하지만 허치슨이 보여준 행동은 희망의 메시지를 던져줬습니다.	 리즈가 어깨동무를 하는 순간 로빈슨이 메이저리그 선수로 인정받은 것처럼, 어쩌면 허치슨이 피부색을 따지지 않고 다친 사람을 구했을 때 이미 인종차별의 벽이 허물어지기 시작했는지도 모릅니다.	조홍민 에디터 겸 편집장   ©   , 무단전재 및 재배포 금지〈경향신문은 한국온라인신문협회의 디지털뉴스이용규칙에 따른 저작권을 행사합니다."
[방구석 극장전]미드 「설국열차」 시즌2를 기다리며," 절묘한 타이밍에 설국열차가 돌아온다.	 하필 드라마 속 〈설국열차〉의 시간대가 2021년이다.	 지난해 5월 소개된 드라마 시즌1에 이어 시즌2는 미국 현지에서 1월 25일 공개되며 국내에서도 곧 방영이 예상된다.	 2021년 벽두를 온 세상이 얼어붙은 드라마 속 가상현실과 함께 맞이하는 셈이다.	 이렇게 기이한 만남이라니.	이 매력적인 종말 이후의 세계는 만화에서 영화, 그리고 미국 케이블 채널 TNT의 드라마로 확장돼왔다.	 1984년 프랑스의 만화가 자크 로브와 장 마르크 로셰트의 만화 원작은 1984년 1권 〈탈주자〉를 시작으로 1999년 2권 〈선발대〉, 2000년 3권 〈횡단〉으로 이어졌고, 2004년 불어권 외 최초 번역으로 국내에 소개됐다.	 원작 세계관에 매료된 봉준호 감독은 2013년 〈설국열차〉를 완성했고, 영화 개봉 1년여 후 원작자들에 의해 4권 〈종착역〉이 출간됐다.	드라마 〈설국열차〉는 설국열차 출발 7년 후 시간을 다룬다.	 영화에서는 시간과 예산의 제약으로 미처 구현하지 못했던 1001량의 열차가 멸망한 세계를 달리는 가상세계 속 풍경이 구체적으로 묘사돼 눈요기와 볼거리를 선사한다.	 끝없이 세로로 길게 늘어진 열차를 한칸씩 전진하는 등장인물들 앞에 펼쳐진 ‘최후의 세계’는 코로나19로 집안에 갇힌 이들의 상상력을 자극하기에 충분했다.	흥미롭게도 길게 늘어진 설국열차를 수직으로 세우면 마치 초고층 빌딩의 펜트하우스와 지하실 사이 격차처럼 계급사회가 형상화된다.	 열차의 세계는 1등-2등-3등-	꼬리 칸 객실 승차권으로 계급이 나뉜다.	 객실 간 이동은 거의 불가능하며 격차는 절대적이다.	 대신 승차권을 구입할 능력만 된다면 인종이나 성차별은 거의 사라진 사회다.	설국열차의 세계는 ‘맬서스 트랩’이 지배한다.	 자원이 제한적이기 때문에 모두에게 공평한 분배는 불가능하다는 논리가 성립하는 폐쇄 생태계다.	 1등 칸 열차 투자자 귀족, 2등 칸 공무원과 군인, 기술자 관료, 3등 칸 생산 노동자, 꼬리 칸 예비 노동자 간에는 끊임없는 이전투구가 일어난다.	 누군가에겐 인류 보전을 위한 고육지책이 반대편에선 착취와 차별로 받아들여진다.	 영화와는 차별화된 복잡한 셈법의 정치적 우화다.	생존을 위한 질서와 통제의 정당화가 어디까지 허용 가능한지가 드라마 판 〈설국열차〉의 주제다.	 자원이 제한되기에 산아제한은 철저하고, ‘제동수’와 ‘군화’의 제재는 정당화된다.	 닫힌 공간인 열차 안에서 전염병은 인류의 종말로 이어지기에 다들 극도로 두려워한다.	 누군가 재채기만 해도 민방위 훈련처럼 마스크를 즉시 착용하는 드라마 속 아이들 풍경은 코로나19가 지배하는 세상에서 우리가 겪는 일상과 고스란히 겹쳐진다.	김상목 대구사회복지영화제 프로그래머 ©   , 무단전재 및 재배포 금지〈경향신문은 한국온라인신문협회의 디지털뉴스이용규칙에 따른 저작권을 행사합니다."
[해외문화 산책]문화 유물 반환 촉구 ‘절도 퍼포먼스’," 프랑스 파리 루브르박물관이 전시 작품을 아프리카 출신 사회운동가에게 도난당할 뻔했다.	 프랑스 일간 르피가로 등은 루브르박물관 전시 작품을 가져가려다 경찰에 체포됐던 콩고민주공화국 출신 활동가 에므리 음와줄루 디야반자가 10월 26일 석방됐다고 보도했다.	 단순 절도라기보다는 과거 유럽의 식민주의에 대한 저항의 의미가 강해 재판 결과가 주목된다.	디야반자는 유럽 식민주의로부터 아프리카의 해방과 유산환수를 위해 노력하는 범아프리카 단체 ‘유니테 디그니테 커리지’의 대변인을 맡고 있다.	 그는 이번 사건 전부터 단체 소속 활동가들과 함께 유럽 박물관을 돌며 아프라카에서 넘어온 것으로 추정되는 작품들을 가져가려다 미수에 그쳤다.	 그는 지난 6월에도 파리 케브랑리박물관에 전시된 작품을 가져가려 한 혐의로 기소돼 최근 1000유로의 벌금을 부과받았다.	 범행에 동행한 다른 활동가들도 250~1000유로의 벌금형에 처해졌지만 모두 항소하겠다는 뜻을 밝혔다.	 디야반자는 이에 굴하지 않고 지난 7월에는 마르세유박물관에 전시된 상아를, 9월에는 네덜란드박물관에서 조각상을 가져가려고 했다.	루브르박물관에 따르면 디야반자가 가져가려 한 작품은 프랑스가 18세기 인도네시아에서 들여온 조각상이다.	 박물관은 직원이 도난을 막았고 작품에는 어떤 손상도 가해지지 않았다고 설명했다.	 사건 직후 고소장도 바로 접수했다고 밝혔는데 그 행위가 명백한 절도행위라는 점을 강조하려는 의도로 보인다.	디야반자는 전시 작품 탈취가 개인적인 이득을 취하려는 의도가 아니라는 점을 분명히 했다.	 디야반자는 페이스북에 사건 동영상을 올리면서 유물을 훔치게 된 동기를 자세히 설명했다.	 그는 “루브르는 몇몇 사람이 그들에게 부여한 훔칠 권리와 사적인 이익을 취할 권리를 이용해 어마어마한 부를 쌓았다”면서 “우리의  미션이 실패했을 때에야 우리는 비로소 도둑들에게 우리 것을 돌려달라고 허락을 구하게 된다”고 말했다.	 디야반자 측은 이번에 아프리카가 아닌 인도네시아 미술품을 가져가려 한 것도 미술품 환수 문제가 비단 프랑스와 아프리카 사이에 국한된 것이 아님을 보여주기 위해서였다고 설명했다.	프랑스 박물관에 전시된 작품으로만 따져도 최소 9만점이 사하라사막 이남 아프리카에서 건너온 것으로 추정된다.	 특히 케브랑리박물관 홀로 약 7만점을 소유하고 있는 것으로 추산된다.	디야반자가 속한 유니테 디그니테 커리지는 프랑스 정부가 아프리카 미술품을 본국에 송환하도록 압력을 넣는 데 집중해왔다.	 디야반자 측은 이번 루브르박물관의 즉각적인 사법처리 요구 조치에는 아프리카 미술품 환수 논의가 앞으로 프랑스 전체에 어떤 영향을 미칠지 보여주려는 의도가 깔려 있다고 주장했다.	 CNN은 이번 사건이 유럽의 문화기관에 식민지 시절 탈취한 예술품을 돌려주라는 요구가 거세지는 와중에 발생했다고 지적했다.	 디야반자는 10월 26일에 이어 오는 12월 3일 다시 법정에 서게 된다.	박효재     ©   , 무단전재 및 재배포 금지〈경향신문은 한국온라인신문협회의 디지털뉴스이용규칙에 따른 저작권을 행사합니다."
[렌즈로 본 세상]“그린벨트를 길이 보존하세~”," “무궁화 삼천리 화려 강산~”.	 애국가와 달리 하늘에서 바라본 대한민국은 황막해 보였다.	 지난해 한가위, 귀성길 교통상황을 취재하기 위해 경찰 헬기를 탔다.	 서울 난지도를 이륙한 헬기는 남쪽으로 비행했다.	 회색빛 아파트와 고층 빌딩 그리고 공장들….	 관악산과 청계산, 우면산 사이에는 비닐하우스와 축사, 가건물들이 지뢰처럼 박혀 있었다.	 ‘그린벨트’는 어디지?	 누군가의 말처럼 ‘그레이벨트’일 뿐인가?	 지난 7월 21일 청와대 앞에서 시민단체 회원들이 손팻말을 하늘 높이 들고 있다.	 1971년 도입된 개발제한구역 그린벨트는 1998년부터 조금씩 풀려나갔다.	 애국가 가사를 고쳐 불러야 할까?	 “대한 사람 대한으로 ‘그린벨트를’ 길이 보존하세~”사진·글     ©   , 무단전재 및 재배포 금지〈경향신문은 한국온라인신문협회의 디지털뉴스이용규칙에 따른 저작권을 행사합니다."
[톡톡TV]<비밀의 숲2> 장수 시즌제 성공할까," 3년을 기다린 〈비밀의 숲〉 시즌2가 온다.	 앞선 시즌이 높은 완성도를 자랑하며 2018 백상예술대상을 휩쓸 정도로 큰 사랑을 받았던 만큼 돌아올 새 시즌에도 이목이 쏠린다.2017년 첫 방송됐던 〈비밀의 숲〉은 감정을 느끼지 못하는 외톨이 검사 황시목이, 정의롭고 따뜻한 형사 한여진과 함께 검찰 스폰서 살인사건과 그 이면에 숨겨진 진실을 파헤치는 내용을 담았다.	 다음 달 방영될 이번 시즌2에서 다시 한 번 황시목과 한여진이 검경수사권 조정 최전선의 대척점에서 다시 뭉친다.3년이라는 짧지 않은 시간이 지났지만, 지난 시즌 함께했던 주연 배우와 제작진이 다시 합류했다.	 또 한 번 센세이션을 일으킬지 기대를 모으는 지점이다.	 극의 중심이 되는 조승우와 배두나는 물론 윤세아, 이준혁, 박성근 등 극 전개를 쫄깃하게 만들었던 주요 인물들도 돌아온다.	대본 집필 역시 시즌1에 이어 이수연 작가가 맡았다.	 이 작가는 전 시즌을 통해 탄탄하고 짜임새 있는 스토리로 장르물의 재미를 극대화한 것은 물론, 캐릭터마다 제대로 개성을 살리며 재미를 더했다.	 이번 시즌 역시 이 작가의 필력으로 또 한 번 그려질 황시목과 한여진을 가로막은 거대한 비밀의 숲과 개성 강한 인물 간 촘촘하게 얽히고설킨 이야기가 흥미를 돋울 예정이다.	아울러 검찰 개혁이라는 화두를 던지며 막을 내려 화제를 모은 시즌1에 이어 시즌2에서는 지금도 뜨거운 사회적 이슈인 검경수사권 조정을 중심 소재로 한다는 점에서 재미와 의미 모두 잡는 작품이 될 것으로 기대를 모은다.	물론 모든 것이 그대로는 아니다.	 새로운 캐스트로 기대감을 더한다.	 연기파 배우 전혜진과 최무성이 각각 여성 최초 경찰청 정보부장과 검찰 내 최고 엘리트 역으로 출연한다.	 두 사람 모두 스크린과 안방극장을 오가며 강렬한 연기로 사랑받았던 배우로서 〈비밀의 숲2〉에서도 깊은 연기 내공으로 극의 중심을 잡아줄 전망이다.	메인 캐릭터인 황시목과 한여진의 변화도 작품을 기다리게 하는 요인이다.	 황시목은 지난 시즌 한여진과 공조 수사를 하며 감정 없는 외톨이에서 인간적인 면모를 드러내는 인물로 변화를 겪기 시작했다.	 때문에 새로운 환경과 인물들을 마주할 황시목이 어떤 반응을 보일지 궁금증을 자아낸다.	 한여진 또한 지난 시즌 일 계급 특진의 영광을 누린 뒤 2년 후의 이야기를 담아낼 예정으로 시선을 모은다.	연출은 〈땐뽀걸즈〉의 박현석 PD가 맡는다.	 〈땐뽀걸즈〉는 신예 배우들의 출연과 저조했던 시청률에도 신선한 매력과 따뜻한 연출로 ‘웰메이드’라는 호평을 받았다.	 이에 박 PD가 메가폰을 잡을 〈비밀의 숲2〉도 웰메이드로 다시 명성을 떨칠지 주목된다.	 더 이상 시즌제가 어색하지 않아진 국내 드라마계다.	 그러나 시즌 모두 성공을 거둔 작품은 SBS 〈낭만닥터 김사부〉 시리즈 정도다.	 〈비밀의 숲2〉가 성공을 거두며 또 한 번 다음 시즌을 기약할 수 있을지 주목된다.	김원희     ©   , 무단전재 및 재배포 금지〈경향신문은 한국온라인신문협회의 디지털뉴스이용규칙에 따른 저작권을 행사합니다."
