코로나19 위기에 응급실에서는 날마다...,"하얀 머리카락은 흐트러졌다, 가슴에 부착한 자동심장압박기의 움직임에 따라 들썩일 뿐.	 환자의 팔과 다리는 힘없이 늘어졌다.	 환자의 몸에서 생명의 힘이 급속히 빠져나가고 있었다.	  급히 N95마스크와 페이스실드를 착용하고 두 겹의 수술 장갑에 손가락이 둔탁한 것을 느끼면서 후두경을 들고 환자의 머리맡에 섰다.	 무릎을 꿇어 높이를 맞추고는 후두경을 환자의 입에 밀어 넣었다.	 혀를 들어 올리고 후두개를 젖히자 성대 사이에 기관이 나타났다.	 심장압박을 멈추지 않아 조금씩 흔들리는 기관에 긴 플라스틱 관을 밀어 넣었다.	 그리고 입 주변에 기관내관을 고정하자 간호사가 암부백을 이용하여 인공호흡을 시작했다.	  기관내관을 삽입할 때부터 많은 양의 가래를 확인했다.	 흡인기를 사용해서 제거해도 곧 기관내관에 누렇고 뻑뻑한 액체가 고였다.	  구급대의 연락에는 단순히 '요양기관에서 심정지가 발생했다'는 정보만 있을 뿐, 발열이나 호흡곤란 같은 내용은 없었다.	 신종코로나감염증은 아니어야 할 텐데….	  다행히 우리는 처음부터 N95 마스크와 페이스실드, 두 겹의 수술 장갑 같은 기본적인 보호구를 착용했다.	 폐렴은 요양기관에서 흔히 발생하는 질환이기 때문에 그곳에서 심정지가 발생하면 폐렴으로 인한 호흡부전 또는 패혈증을 고려해야 한다.	 그리고 요즘 폐렴이 생기면 코로나19 탓일 수도 있으니.	.	.	  안타깝게도 환자는 30분에 걸친 심폐소생술에도 불구하고 회복하지 못했다.	 그리고 예상대로 흉부 엑스레이에서 심한 폐렴을 확인했다.	  평소라면 고인의 가족에게 ""심폐소생술에도 불구하고 안타깝게도 사망하셨습니다,"" ""사망의 원인은 폐렴으로 인한 병사로 추정합니다"" 같은 말을 건네고 영안실로 옮기는 절차를 밟을 것이다.	  그러나 코로나19의 대유행은 응급실의 절차를 완전히 바꾸었다.	 환자가 오기 전 '요양기관에서 발생한 심정지 환자를 이송한다'는 연락이 와서, 예방차원에서 다른 응급실 환자를 피신시켰고, 의료진은 4종 보호구를 착용했지만 만약 폐렴의 원인이 코로나19라면 응급실 내부 공간이 오염된 것이기 때문에 별도 조치에 들어가야 한다.	  안타깝게도 코로나19로 사망한 환자는 영안실을 거쳐 장례식장으로 향하는 일반적인 절차를 밟을 수 없다.	 아울러 환자가 코로나19에 걸렸다면 최근 거주한 요양기관이나 거쳐 간 병원도 집단감염의 가능성이 있어 비상조치에 들어가야 한다.	  그래서 응급실을 폐쇄하고 고인을 격리실로 옮긴 다음 코로나19 검사 결과를 기다렸다.	 불행 중 다행으로 음성임이 확인돼 가슴을 쓸어내렸지만 결과를 기다리는 6시간 동안 최악의 경우가 머릿속에 계속 맴돌았다.	 한편으로는 환자가 숨졌는데도 안도의 한숨을 쉬어야 하는 스스로를 발견하면서 의사로서 부끄럽고 참담했다.	  며칠 전 우리 응급실에서 실제로 발생한 일이다.	 코로나19 대유행이 악화하면서 모든 응급실이 비슷한 상황일 것이다.	 전국 병원의 응급실에서는 이런 일이 되풀이되고 있다.	 그래서 의사와 간호사를 비롯한 의료진 뿐 아니라 병원의 지원부서에서 일하는 분들도 지쳐가고 있다.	 또 원내감염이 발생하지 않는지, 진료 중에 노출돼 감염되면 어떡하나 같은 걱정에도 시달린다.	  하지만 의료진과 병원만 힘들고 고통스러운 것은 아니다.	 사회적 거리두기 중에도 우리 사회를 유지하기 위해 위험을 무릅쓰고 일할 수밖에 없는 택배노동자, 청소노동자, 경찰 같은 분들이 있으며 식당, 카페, 실내운동시설, 학원 같은 업종에서 일하는 많은 노동자와 자영업자가 생계의 위험을 마주하고 있다.	 또 그런 직종이 아니어도 대유행의 시대를 살아가는 모두가 힘들고 고통스럽다.	  그러니 잠깐이라도 주장과 이념을 내려 두고, 각자 입장을 떠나 함께 위로하고 연대할 수는 없을까?	 상대가 나와 다른 주장을 펼치고 용납할 수 없는 가치관을 지녔더라도 이번 대유행이 끝날 때까지는 서로 따뜻한 손을 내밀 수는 없을까?	 우리 모두가 이 암울한 시대의 아픈 환자들 아닌가?	  에디터      저작권ⓒ  '건강을 위한 정직한 지식'   / 무단전재-"
왜 사람은 선동가의 목소리에 끌릴까?,"미국 경찰이 DNA 증거를 수사에 활용한 것은 1980년대부터이며 1990년대에야 보편화했다.	 그전까지는 목격자 진술, 용의자 자백, 지문, 혈액형에 크게 의존했다.	 그래서 1990년대부터 DNA를 사용하여 많은 장기미제사건을 해결할 수 있었지만, 동시에 이전에 무고한 사람이 억울하게 유죄를 선고받았던 사건도 적지 않게 드러났다.	  그런 이유로 1992년 뉴욕의 변호사 두 명이 억울하게 유죄를 선고받은 사람들을 DNA 증거를 통해 구제하는 '무죄 프로젝트'란 단체를 설립했다.	 단체의 인터넷 사이트에만 접속해도 억울하게 유죄를 선고받은 사례를 쉽게 살펴볼 수 있다.	  예를 들어 최근에 무죄가 밝혀진 제이슨 켄드릭은 1994년 70세 노인을 강도 살인한 죄목으로 유죄를 선고받고 25년 동안 복역했다.	 그러나 30미터가 넘는 거리의 아파트 3층에서 범행을 목격한 10세 아동의 진술이 유일한 증거였다.	 그럼에도 경찰과 검찰은 제이슨 켄드릭의 인종, 나이, 성별, 직업이 그들이 작성한 용의자 신상과 유사하다는 이유로 이른바 짜 맞추기 수사를 진행했다.	 그러니까 이미 답을 정해두고, 거기에 과정을 끼워 맞춘 셈이다.	  이런 문제는 수사에만 국한하지 않는다.	 응급실에서 환자를 진료할 때도 마찬가지다.	 응급실에서 흔히 마주하는 고열 환자만 해도 그 원인은 다양하다.	 흔히 '몸살'이라 부르는 가벼운 바이러스 감염부터 폐렴, 요로감염, 간담도계 질환, 뇌수막염, 연조직염, 인후염, 지역과 계절에 따라 말라리아와 쓰쓰가무시병까지 매우 많은 질환이 고열을 일으킨다.	 그래서 응급실에서는 환자의 증상, 과거력, 이학적 검사를 종합하여 고열의 원인을 좁힌 다음 적절한 진단 검사와 치료를 진행한다.	  그런데 이 과정에서 미리 답을 정해두고 거기에 끼워 맞추려 하면 어떻게 될까?	 예를 들어 폭염경보가 발령한 여름, 50대 남자가 그늘이 없는 야외에서 쓰러진 상태로 발견되었다고 가정하자.	 체온이 40도가 넘고 의식이 없으며 환자가 평소 비교적 건강했다면 열사병이라고 짐작할 수도 있다.	 그러나 단순한 열사병이 아니라 지주막하 출혈 혹은 심한 급성 뇌경색으로 의식을 잃고 쓰러졌고 뇌에서 체온을 조절하는 부분까지 손상하여 고열이 발생했을 수도 있다.	 또 간농양 같은 질환은 패혈증 쇼크를 일으켜서 의식을 잃고 쓰러지기 전까지 환자 자신은 그저 '감기 기운이 있다'고만 생각할 수도 있다.	 따라서 그런 다양한 원인을 염두에 두고 신속하게 검사를 진행하여 하나씩 배제하는 것이 합리적이다.	 섣불리 답을 확신하여 그에 맞추어 검사와 치료를 진행하는 것은 매우 위험하다.	  수사와 진료뿐만 아니라 사회의 다른 문제도 마찬가지일 것이다.	 특히 복잡하고 해결하기 힘든 문제를 마주할 때마다 우리는 무의식적으로 누군가 멋지게 명쾌한 해결책을 제시하길 기대한다.	 물론 시간이 흐르고 그동안 조심스레 쏟은 노력으로 사건에 대한 정보가 쌓이면 그런 명쾌한 해결책을 제시할 수 있는 시기가 다가온다.	 그러나 그 시기에 다다르기 전에는 조심스럽게 다양한 가능성을 제시하면서 그 가운데 하나일 것이라 말하고, 다양한 결과 가운데 최악을 맞이하지 않으려면 어떤 노력을 기울여야 하는지 이야기할 수 있을 뿐이다.	  물론, 앞서 말했듯 우리는 모두 무의식적으로 명쾌한 해결책에 끌린다.	 그래서 합리적인 판단에 실망한 사이, 몇몇 사람이 달콤한 독약 같은 말로 유혹한다.	 그들은 복잡하고 해결하기 힘든 문제에도 처음부터 아주 간단하고 명쾌한 해결책을 제시한다.	 거기에 많은 사람이 열광하면 '왜 나의 제안을 받아들이지 않느냐?'	라며 격정적인 선동을 시작한다.	  때때로 그런 주장이 어느 정도 들어맞을 때도 있다.	 폭염경보가 발령한 여름에 50대 남자가 야외에서 쓰러졌고 고열과 함께 의식 없이 응급실에 도착했다면 정말 열사병일 가능성도 있기 때문이다.	 그러나 처음부터 무조건 열사병이라며 뇌출혈, 뇌경색, 패혈증 쇼크 같은 문제는 아예 가능성이 없다고 단언하고 그런 가능성을 제기하는 사람을 비난하는 태도는 매우 위험하다.	 그런 태도로 일을 진행하여 환자가 열사병으로 밝혀져도 어디까지나 억세게 운이 좋았을 뿐이다.	 만약 뇌출혈, 뇌경색, 패혈증 쇼크 같은 문제가 원인이었다면 그런 태도로는 환자의 생명을 살리지 못할 위험이 크기 때문이다.	  코로나19 대유행을 비롯하여 요즘 우리 사회가 마주하는 많은 문제 역시 마찬가지다.	 처음부터 멋지게 명쾌한 해결책을 제시하는 것은 그럴싸하지만, 현실에서는 난제에 대한 단순명쾌한 답은 대체로 가능하지 않다.	 실행과 결과를 염두에 두는 사람은 조심스럽게 다양한 가능성 가운데 하나일 것이니 함께 노력하자는 미적지근한 말을 할 수 있을 뿐이다.	 그러므로 만병통치약 같은 선동에 휩쓸리기 전에 한 번은 이런 부분도 생각했으면 좋겠다.	 하지만, 이런 이야기는 선동가의 목소리보다 덜 매력적이니….	  에디터      저작권ⓒ  '건강을 위한 정직한 지식'   / 무단전재-"
"정신과 의사, 또 환자가 휘두른 흉기에 희생",정신건강의학과 의사가 병원에서 환자가 휘두른 흉기에 찔려 사망하는 사고가 또 발생했다.	  부산 북부경찰서는 흉기를 휘둘러 정신과 전문의를 사망에 이르게 한 혐의로 60세 남성 A씨를 붙잡아 조사하고 있다고 5일 밝혔다.	  지난 2018년 12월 진료 중 환자가 휘두른 흉기에 찔려 숨진 고 임세원 강북삼성병원 교수 사건 이후 또 다시 비슷한 사건이 의료현장에서 발생한 것이다.	  경찰에 따르면 A씨는 이날 오전 9시 25분쯤 부산 북구의 한 정신건강의학과 의사 B씨의 퇴원 요구에 불만을 품고 범행했다고 진술했다.	 의사 B씨는 환자인 A씨가 병원에서 흡연을 하고 의료진의 지시에 따르지 않자 퇴원 요구를 한 것으로 알려졌다.	 B씨는 사고 직후 양산부산대병원으로 옮겨졌으나 결국 숨졌다.	 해당 병원은 정신과 전문의 B씨 1명으로 운영하던 소규모 병원이었다.	  범행 직후 A씨는 몸에 휘발유 등을 뿌리고 병원 10층 창문의 안쪽에 매달려 출동한 경찰과 대치하다 검거됐다.	 경찰조사 결과 A씨는 지난 6월부터 입원중이었다.	 경찰은 A씨를 상대로 정신질환 여부와 구체적인 범행동기 등을 수사하고 있다.	  고 임세원 교수 사건 이후 20개월여 만에 다시 의료인이 병원에서 폭력상황에 무방비로 노출되는 상황이 재현되자 의료계는 당혹감을 감추지 못하고 있다.	 2019년 4월 의사와 간호사 등 의료인과 환자의 안전을 위해 병원에 보안 인력 배치와 관련 장비 설치를 의무화하는 이른바 '임세원법'이 제정됐다.	     저작권ⓒ  '건강을 위한 정직한 지식'   / 무단전재-
이틀 연속 300명대... 처음으로 17개 시도 확진자 발생,"코로나19 신규 확진이 이틀 연속 300명대를 기록했다.	 지난 1월 국내에서 첫 코로나19 확진자가 나온 이후 처음으로 전국 17개 시도에서 확진자가 발생, '전국 대유행'이 현실화하는 게 아니냐는 우려가 높아지고 있다.	  중앙방역대책본부는 22일 0시 기준 국내 코로나19 신규 확진자가 332명 추가돼 누적 인원은 총 1만7002명이라고 밝혔다.	 전날 324명에 이어 다시 300명대를 기록했다.	  서울 127명, 경기 91명, 인천 21명 등 여전히 수도권에서 확진자가 쏟아지고 있다.	  강원 16명, 대구·광주 각 9명, 경남 8명, 전남 7명, 충남 6명, 대전·전북·경북 각 4명, 부산 3명, 충북·제주 각 2명, 울산·세종 각 1명 등이다.	  서울 성북구 사랑제일교회에서 신규 확진이 계속 발생하고 있는 가운데 광복절 광화문 집회 관련 확진자도 71명으로 증가하고 있다.	  또 공연·예술계, 휴가 모임, 경찰청, 법원, 지하철역 등으로도 확산하고 있다.	  정세균 국무총리는 22일 정부서울청사에서 신종 코로나바이러스 감염증 중앙재난안전대책본부 회의를 열고 ""수도권의 코로나19 확산세가 진정되지 않는 가운데 전국 각지로 빠르게 퍼지고 있다""며 ""경로를 알 수 없는 감염 사례도 증가하고 있어, 확진자가 얼마나 더 늘어날지 예측하기도 쉽지 않다""고 말했다.	     저작권ⓒ  '건강을 위한 정직한 지식'   / 무단전재-"
마스크 착용을 거부하는 심리는 무엇?,"백신도 완벽한 치료제도 아직 없는 코로나19는 방역 차원에서의 마스크 착용이 중요하다.	 그런데 마스크 착용을 거부하는 사건들이 지속적으로 발생하고 있다.	 이 같은 거부 심리의 기전은 무엇일까?	  한적한 거리에서는 마스크를 착용하지 않아도 되지만 대중교통을 이용할 때는 마스크를 써야 한다.	 그런데 이를 거부하며 난동을 부리는 사람들이 있다.	 소수를 제외한 대부분의 시민들은 마스크 착용 지침을 잘 따르고 있지만, 일부 외국인들은 단체로 이 같은 수칙을 무시하기도 한다.	 지난 주말 해운대 해수욕장 인근에 모인 많은 외국인들이 마스크 착용 없이 불꽃놀이를 해 경찰이 출동하는 일까지 벌어졌다.	  이 같은 태도는 미국 사회에서 더욱 노골적으로 드러난다.	 최근 마스크 착용과 관련한 공청회에서 분노에 찬 시민들이 마스크 착용을 반대하는 입장을 밝혔다.	  마스크 착용에 동의하는 사람들은 누구나 '잠재적인 코로나19 무증상 감염자'일 가능성이 있다는 점, 감염자의 비말로부터 스스로를 보호하는 기능을 할 수 있다는 점 등에서 마스크 착용을 찬성하고 있다.	  그렇다면 반대하는 사람들의 입장은 무엇일까?	 이들은 '개인의 자유', '마스크를 착용하지 않을 권리' 등을 내세운다.	 공중 보건이 위협 받는 상황에서 개인의 자유보다 공동체 이익을 우선으로 두는 한국인에게는 매우 낯설고 이해하기 어려운 태도다.	  미국 브라이언트대학교 심리학과 조셉 J.	 트런조 교수는 미국 언론과의 인터뷰에서 ""마스크를 착용할지의 여부처럼 단순한 행동에도 인간은 정치적 믿음, 이데올로기, 사회적 요인, 교육 수준 등 여러 가지 영향을 받는다""고 말했다.	  코로나19 바이러스의 등장과 대유행이라는 맥락 안에 여러 복잡한 요인들이 어우러져 마스크 착용 거부라는 선택을 한다는 것인데, 주로 다음과 같은 주장을 내세우는 사람들이 많다.	   코로나19가 확산되기 시작할 무렵에는 보건용 마스크는 효과가 있으나, 덴탈 마스크는 효과가 없다는 의견이 주를 이뤘다.	 날이 더워지면서 얇은 마스크에 대한 수요가 늘자 이제는 덴탈 마스크 혹은 비말차단용 마스크 착용이 권장되고 있다.	 이로 인해 국민들이 다소 혼란을 느끼긴 했으나, 대다수의 사람들이 보건용 마스크에서 덴탈 혹은 비말차단용 마스크로 유연하게 교체해 착용하고 있다.	  반면 미국에서는 정부가 건강한 사람들은 마스크 착용이 오히려 위험할 수 있다는 입장을 전달했다가, 현재 마스크 착용을 권장하고 있어 우리보다 더 큰 혼란이 벌어졌다.	 이처럼 정보가 뒤죽박죽 혼선을 빚으면서 마스크 착용에 대한 정부의 권고를 불신하는 사람들이 많다.	   마스크를 사는데 드는 비용과 그를 통해 얻어지는 편익을 고려했을 때 이번 팬데믹이 마스크 착용을 의무화해야 할 만큼의 근거가 있는 것인지 의문을 제기하는 사람들이 있다.	 듀크대학교 마케팅 심리학과 가반 J.	 피츠시몬스 교수에 의하면 마스크 착용을 거부하는 사람들은 자신의 주변에서 확진자를 본 적이 없고, 바이러스의 영향력이 기존의 감기나 독감보다 강하다는 근거가 확인되지 않는다는 나름의 판단을 기초로 마스크 착용을 유난스러운 일이라거나 반드시 착용해야 할 만큼 위급한 일로 느끼지 않는 경향을 보이고 있다.	   ""나한테 무엇을 하라 혹은 하지 말라 강요할 수 없다""는 저항심리의 표현이다.	 정부는 물론 의사와 같은 건강전문가의 의견조차 믿지 않으며, 코로나 바이러스는 심각한 바이러스가 아니라는 믿음을 바탕으로 개인의 자유를 우선시하는 입장이다.	 개인의 자유를 침해해선 안 된다는 점을 최우선으로 두는 사람들이 많은 미국사회에서는 논쟁, 토론, 제안, 투표, 승인, 법률 실행 등의 관례적 절차 없이 마스크 쓰기를 강요하는 것에 동조하지 못하는 심리를 보이는 사람들이 많다는 것.	   미국 사회는 '남성성'을 중시하는 나라다.	 도널드 트럼프 대통령이 현재 그 대명사라고 볼 수 있다.	 부드럽고 유연한 카리스마보다는 완고하고 억지스러울 정도의 고집 있는 태도를 강인함으로 생각하는 경향이 있다는 것인데, 이는 트럼프만의 특징은 아니다.	 코로나19와 마스크 착용에 관한 미국 버클리 수리과학연구소와 영국 미들섹스대학교의 공동 연구에 의하면 이러한 사고를 가진 사람들은 마스크 착용을 '부끄러운 일' 혹은 '연약함의 상징'이라고 생각하며 마스크 착용을 거부하는 경향을 보이고 있다.	     저작권ⓒ  '건강을 위한 정직한 지식'   / 무단전재-"
당신이 중년이라는 징후 10가지,"중년은 사람의 일생에서 중기에 해당하는 시기를 말한다.	 예전에는 중년은 주로 마흔 살 안팎의 나이를 말하며 때로 50대까지 포함하는 경우도 있었다.	 이런 중년에 대한 개념은 신체적 건강이 점점 향상되고 평균수명이 길어지면서 크게 바뀌고 있다.	  지난 2015년 유엔은 평생 연령기준을 대폭 높인 파격적인 제안을 내놓은 바 있다.	 이에 따르면, 18~65세를 청년, 66~79세를 중년, 80~99세를 노년, 100세 이상은 장수노인으로 분류를 했다.	  영국의 '베네든 헬스'라는 연구기관에서 영국인 2000명을 대상으로 조사한 결과에 의하면 중년의 기점이 41세에서 53세로 늦춰진 것으로 나타났다.	 연구팀은 ""활동적인 생활방식 등으로 인해 노화에 대한 태도가 바뀌고 있다""면서 ""조사 대상자의 절반이 넘는 사람들은 중년이라는 것이 있는지조차 느끼지 못한다고 답했다""고 밝혔다.	  연구팀은 ""응답자의 10명 중 8명은 중년을 제대로 정의하기가 어렵다고 답했고, 비슷한 비율로 중년은 나이나 신체적 상태의 문제가 아닌 마음의 문제라는 태도를 보였다""고 덧붙였다.	 '텔레그래프'가 보도한 이 조사결과에서 제시된 중년의 신호 10가지를 알아본다.	  △일상적으로 쓰이는 전자기기들의 작동 방법을 잘 모르게 된다  △젊은이들이 얘기하는 화제에 대해 잘 모른다  △몸이 뻣뻣해졌다는 것을 느낀다  △오후에 낮잠을 자야 한다  △몸을 굽힐 때 신음소리가 나온다  △최신 음악 그룹의 이름을 모른다  △관절염이나 병에 대해 많이 얘기한다  △시끄러운 술집을 싫어한다  △털이 많아진다  △경찰관이나 선생님, 의사가 젊다고 생각     저작권ⓒ  '건강을 위한 정직한 지식'   / 무단전재-"
"""창녕 아동학대"" 친모도 앓아…조현병의 원인과 증상은?","경상남도 창녕에서 초등학생 여아가 계부와 친모로부터 학대를 당한 사건이 발생한 가운데 친모가 평소 조현병을 앓고 있었다는 사실이 알려졌다.	 과거에 정신분열증으로 불렸던 조현병은 망상, 환청, 와해된 언어, 정서적 둔감 등의 증상을 보이며 정확한 원인은 밝혀지지 않았으나 신경전달 물질 이상, 스트레스 등 복합적인 요인에 의해 발생한다.	 조현병의 치료는 약물치료와 정신치료 두 가지 방법이 있다.	 약물치료는 항정신병 약물을 이용해 신경전달 물질의 불균형을 잡는다.	 단순 수면제나 안정제는 치료 효과가 없어 반드시 항정신병약물을 복용해야 한다.	 그 외에는 인지행동치료, 가족 교육, 직업 재활 등 치료를 병행한다.	 한편, 창녕경찰서는 지난 8일, 2018년부터 최근까지 초등학교 4학년생 딸 A양을 상습적으로 학대한 혐의로 계부 B씨와 친모 C씨를 불구속 입건해 조사하고 있다고 밝혔다.	 경찰에 따르면 이들 부부는 2년 전 재혼한 뒤 올해 1월 경남 거제시에서 창녕군으로 이사했다.	 친모 C씨는 수년 전부터 조현병을 앓아왔으며 지난해부터 치료를 받지 않아 증세가 심해진 것으로 알려졌다.	 A양은 지난달 29일 오후 6시20분께 잠옷 차림에 성인용 슬리퍼를 신고 창녕의 한 도로에서 도망치듯 뛰어가다가 주민에게 발견돼 구조됐다.	 발견 당시 A양은 눈과 몸에 멍 자국이 있었고, 손가락에 심한 화상을 입은 상태였으며, 머리는 찢어져 피를 흘린 흔적이 있었다.	 A양은 경찰에 B씨가 손가락을 프라이팬에 지졌다고 증언한 것으로 알려졌다.	 경찰은 B씨가 알루미늄 막대와 프라이팬 등으로 학대를 일삼은 것으로 판단해 수사 결과가 나오는 대로 부부에 대해 구속 영장을 신청할 방침이다.	 A양은 현재 아동보호전문기관에 맡겨졌으며, 병원에 입원해서 치료를 받고 있다.	     저작권ⓒ  '건강을 위한 정직한 지식'   / 무단전재-"
의사와 무죄추정의 원칙,"2017년 12월 16일, 서울에 한 대학병원 중환자실에 입원하고 있던 인큐베이터 내의 미숙아 4명이 밤 9시부터 연이어 심정지가 발생했다.	 응급처치를 시행했지만 결국 4명 모두 사망했다.	 국립과학수사연구원은 사망원인이 시트로박터 푸룬디에 의한 패혈증이라고 발표했다.	 경찰은 간호사가 주사제를 준비하는 과정에서 위생관리 지침을 위반해 균오염이 발생했다고 밝혔다.	 특히 미숙아들이 숨지기 전 이들을 치료하는 과정에서 주사제 1병을 나눠 쓴 뒤 1인당 1병을 투여한 것처럼 꾸며 건강보험 진료비를 허위청구한 것으로 드러나면서 이 병원 의료진들은 건강보험비를 거짓으로 청구한 파렴치범으로 몰리기까지 했다.	 이 사건에 대해 환자단체연합회는 병원과 의료진을 일벌백계해 전국의 의료인들에게 경각심을 주고 재발방지에 더욱 힘쓰도록 해야 한다고 주장했다.	 국회 보건복지위원회 전체회의에서 민주당 모의원은 병원이 이전에도 사회적 파장을 일으키는 사건이 많았음에도 불구하고 대통령표창을 받았다며 비난했고, 정의당 모의원은 병원의 초기대응이 부적절하고 심각한 문제가 있었다고 지적했다.	 해당 병원은 결국 이 사건 이후 상급종합병원에서 종합병원으로 '강등'되었다.	  하지만 의료진이 모두 기소되어 재판에 넘겨진 후인 2018년 보건복지부는 '주사제를 분할하여 투여하는 것은 의료진의 판단이 필요한 상황이며 분할사용이 금지되는 것은 아니'라며 뒤늦은 유권해석을 내놨다.	 2019년 2월 서울남부지법도 기본적으로 의료진의 주의의무 과실은 인정되지만 검찰이 환아 사망과의 인과관계를 명확히 입증하지 못했다며 위 사건과 관련이 있는 의료진에 대해 모두 '무죄'를 선고했다.	   여기서 우리가 볼 것은 형사사건에서 헌법이 규정하고 있는 무죄추정의 원칙이다.	 헌법 제27조제4항에서 '형사피고인은 유죄의 판결이 확정될 때까지는 무죄로 추정된다'라는 간단한 조항이다.	 이에 따르면 피고인은 유죄판결이 확정되기 전까지 원칙적으로 죄가 없는 자에 준하여 취급해야 함은 물론 유죄임을 전제로 하여 해당 피고인에게 유형·무형의 불이익을 가하지 못하도록 되어 있다.	  이 사건으로 돌아가 보자.	 위 사례에서 병원에서 신생아들이 사망하였을 때 정치권과 환자단체는 흥분했다.	 무엇을 근거로 흥분했을까?	 정치권과 환자단체를 비난하기 위해 한 말이 아니다.	 우리 모두 쉽게 그럴 수 있다.	 미디어에 날이면 날마다 보도되는 사건들은 더하다.	 최근 크게 보도되는 사건들은 거의 모두 이제 막 수사가 시작된 사건들이다.	  주목할 만한 사실은 어쩌면 우리들 마음속에 좋은 사람은 무죄추정의 원칙을 철저히 지켜줘야 하지만 나쁜 사람은 그 원칙을 굳이 지켜줄 필요가 없다는 편리한 생각이 잠재되어 있는지 모른다는 것이다.	 헌법 정신은 황당하고 억울한 결과를 미연에 방지하기 위해 마음대로 예단해 판단하지 말고 오직 판결에 의해서만 좋은 사람인지 나쁜 사람인지를 판단하라는 것인데 현실에서는 지켜지지 않을 때가 많다.	 그렇다면 환자단체와 정치인들은 왜 그렇게 가혹한 예단을 했을까?	 아마 병원 의료진들이 자신들의 마음에 들지 않는 '나쁜 의료인들'이라고 생각했기 때문이고 그래서 이런 나쁜 의료진을 혼을 내줌으로써 자신들의 선명성을 과시하고 차제에 발생할 수 있는 사건을 미연에 방지하고자 하는 성급한 마음이 있었는지도 모르겠다.	  이때쯤 가장 뜨거운 이슈가 되는 것은 그들을 '구속하라'는 것이다.	 사람들은 '나쁜 의료인'들이 구속되는 것을 보고 싶어한다.	 또 구속이 되면 마치 유죄판결을 받은 것처럼 기뻐한다.	  물론 무죄추정의 원칙이 예외적으로 매우 잘 지켜지는 경우도 있다.	 예를 들어 최근에 정의기억연대의 윤미향의원 사건의 경우 많은 의혹이 언론을 통해 공개되었지만 민주당에서는 사실관계를 우선 확인이 필요하다고 하면서 수사기관이나 제3의 기관에서 사실 검증이 확인되어 내용이 낱낱이 밝혀지면 대응을 하겠다고 발표했다.	  우리는 형사사법 절차가 인권을 보호하기 바란다.	 또 한편으로 마음속에서 예단한 좋은 약자를 위해 원칙이 지켜지길 바라면서도 나쁜 강자를 위해서는 그런 원칙이 무척 불편하게 생각되는 딜레마를 겪는다.	  이런 이중기준이 지배한다면 우리는 결국 법치주의의 진화가 아닌 퇴행을 겪을 수 밖에 없다.	 다행히 최근 정부는 최근의 문제점들을 인식하고 '피의사실공표'라던지, '구속수사'를 최소한으로 줄이겠다고 약속했다.	 앞으로 위와 같은 사건들이 발생했을 때 모든 사람들이 평등하게 무죄추정의 원칙에 입각해 조사 받을 수 있기를 바란다.	       저작권ⓒ  '건강을 위한 정직한 지식'   / 무단전재-"
“이태원 클럽 관련 확진자 전국 75명…방문자 상당 수 연락 안 돼”,"박원순 서울시장이 서울 용산구 이태원 소재 클럽과 관련한 신종 코로나바이러스 감염증 확진자가 관내에서만 49명 발생했다고 밝혔다.	 전국적으로는 현재까지 75명이다.	  박 시장은 11일 KBS라디오 '김경래의 최강시사'와의 인터뷰에서 ""방문자 중 중복을 제외하고 5517명의 명단을 확보했다""며 ""전날 오후 기준 2405명과 연락이 닿아 안내를 했고 나머지는 허위 기재다.	 경찰과 협력해 추가로 파악 중""이라고 전했다.	  이어 ""명단에 있는 외국인 28명과는 모두 연락했다""며 ""이태원 클럽을 방문한 무자격 외국인 체류자가 있을 수도 있는데, 검사나 치료를 받으면  신고 의무가 면제된다""고 말했다.	  현재 이태원 클럽 관련 확진자는 빠르게 증가하고 있다.	 지난 6일 용인시 66번째 확진자 발생 이후 5일만에 75명까지 늘어 난 것.	 또한 접촉자 검사가 진행됨에 따라 전국 각 지역에서 추가 감염자가 발생할 가능성이 높다.	  한편, 박 시장은 유흥시설 집합금지 명령 때문에 유흥시설에 가려던 사람들이 일반 술집으로 모여드는 상황에 대해서는 ""일종의 '풍선효과'가 있을 수 있기 때문에 젊은 층이 주로 가는 강남, 홍대의 실내 포차나 주류를 판매하는 일반음식점도 예의주시하고 있다""면서 ""강제 명령은 검토할 것""이라고 덧붙였다.	     저작권ⓒ  '건강을 위한 정직한 지식'   / 무단전재-"
‘신종 코로나’ 국내 24번째 확진자 발생…아산 격리된 우한 교민,"신종 코로나바이러스 감염증 국내 확진자가 1명 추가 발생했다.	 이로 인해 국내 확진자는 현재까지 총 24명이다.	  7일 행정안전부 정부합동지원단에 따르면, 전날 오후 9시께 충남 아산의 경찰인재개발원에서 생활하던 우한 교민 1명이 확진자로 판정돼 국립중앙의료원으로 이송됐다.	  이번 확진자는 지난달 31일 귀국한 28세 남성으로, 지난 2일 아산 임시생활시설에서 나온 우한 교민 확진자의 직장 동료로 알려졌다.	  정부 관계자는 ""추가 확진된 교민은 시설에 입소한 이후에는 1인실에서 격리 생활을 해와 전염 가능성이 크지 않을 것""이라며 ""다만 같은 버스로 이동한 교민들에 대해서는 추가 검사가 이뤄질 것으로 보인다""고 설명했다.	  한편, 전날 충북 진천의 국가공무원인재개발원에서도 의심 증상을 보이는 교민 1명이 발생해 검사를 실시했으나 음성으로 판정됐다고 이 관계자는 덧붙였다.	     저작권ⓒ  '건강을 위한 정직한 지식'   / 무단전재-"
[오늘의 건강] 사이토카인 폭풍이 면역력 강해 생긴다고?,"남쪽부터 개나리 꽃망울 톡톡 터뜨리겠다.	 전국이 아침 최저 2~10도, 낮 최고 15~23도로 포근하다.	 서울은 아침 최저 7도로 완연한 봄 날씨 보이겠다.	 낮 최고 19도.	 미세먼지는 수도권 오전, 호남은 오후에 한때 '나쁨' 수준이고 나머지는 '보통' 수준이겠다.	  주말에 창문 활짝 열고 청소하기 좋은 날씨.	 사람 많이 부대끼지 않는 곳으로 등산이나 산책 가기에도 좋겠다.	 주위에 사람 드문 곳에선 마스크 벗고 봄기운 만끽하는 것도 괜찮겠다.	  ☞=대구에서 20대 환자가 '사이토카인 폭풍' 탓에 위독해졌다고 해서, 젊은 사람은 면역력이 강할수록 코로나19에 더 위험하다는 기사들이 있던데, 그럴까?	  세균이나 바이러스 등 적군이 인체에 침입하면 우리 몸의 면역시스템은 군대와 경찰에 해당하는 면역세포들을 동원해서 전투를 벌인다.	 이때 아군끼리 서로 정보를 주고받는 교통, 통신 역할을 하는 물질이 사이토카인이다.	  이 물질이 너무 많이 생산되면 정상적 작전이 불가능해지고, 아군이 아군을 공격하는 상황이 생겨 인체가 위험해질 수 있다.	 이를 '사이토카인 폭풍'이라고 한다.	 알레르기 반응이나 자가면역질환도 사이토카인이 아군을 공격하는 신호를 보내서 생긴다.	  이 경우는 면역력이 강해서라기보다는, 면역시스템에 이상이 생겼다고 해야 할 것이다.	 군대가 강하다는 것이 정보부대의 정확한 활동도 포함하는 것처럼, 강한 면역력에는 정상적 사이토카인 활동도 포함하기 때문이다.	  '사이토카인 폭풍'은 얼핏 건강해 보이는 사람도 바이러스에 안전하다고 장담할 수는 없다는 점을 알려준다.	 그렇다고 체력이나 면역력이 강하다고 더 위험하다고 단정 지을 수 없으며 자신이 건강하다고 걱정할 필요도 없다.	 대구의 환자도 기존 병이 있었다고 한다.	  아직 과학은 인체의 면역에 대해서 모르는 것이 훨씬 많지만, 건강수칙을 잘 지키고 마음을 편하게 하면 면역력이 정상적으로 활동할 가능성이 높다.	  코로나19 위기 속에서도 엉금엉금 찾아온 봄, 물리칠 필요는 없다.	 마스크 준비해서 봄맞으러 나가서 사람이 많아지면 쓰고, 자주 손 깨끗이 씻고, 손으로 얼굴 안 만지면 된다.	 봄날 자연의 기운 흡수해서 몸과 마음이 조금이라도 건강해지면 코로나19 예방과의 고단한 싸움에서도 유리하지 않을까?	     저작권ⓒ  '건강을 위한 정직한 지식'   / 무단전재-"
마스크 착용자 혐오범죄까지...지하철서 마스크 벗어야 할까?,"마스크 매점매석으로 인한 품귀 현상에 마스크 재사용 여부를 두고 엇갈리는 건강 정보까지, 요즘처럼 마스크를 두고 떠들썩한 적도 드물다.	  미국처럼 신종 코로나 바이러스 진원지와 멀리 떨어진 나라에서도 마스크로 소란스럽다.	 지난 일요일 뉴욕 차이나타운 인근 지하철역에서 마스크를 착용하고 있던 한 여성이 '병에 걸린 X'라는 욕설과 함께 한 흑인 남성에게 공격 받는 모습이 포착됐다.	  미국 경찰은 이를 신종 코로나 바이러스에 대한 공포감에서 비롯된 '증오 범죄'라고 판단하고 있다.	  뉴욕시 경찰청이 공유한 해당 영상의 피해자는 롱 패딩을 입은 상태에서 패딩 코트에 달린 모자를 쓰고 안경과 마스크까지 착용하고 있었다.	 이 같은 의상 착의가 공격 대상의 원인이 됐을 것으로 추정되고 있다.	  향후 보고된 바에 의하면 이 여성은 앞이마에 약간의 상처를 입었고, 입술에서도 피가 난 것으로 전해진다.	 이에 현재 뉴욕에서는 마스크를 착용한 사람은 공격 타깃이 될 수 있다는 우려의 목소리들이 나오고 있다.	  그런데 이번 증오 범죄가 일어난 지하철역이라는 공간은 사실상 마스크 착용이 꼭 필요한 공간 중 하나다.	 고려대구로병원 감염내과 김우주 교수는 ""사람이 없는 한적한 곳에서는 굳이 마스크를 쓸 필요가 없다""며 ""하지만 지하철, 쇼핑몰, 극장 등 사람들이 많이 모이는 곳에선 착용해야 한다""고 말했다.	  한산한 길거리에서 마스크를 착용하고 다니다가 지하철이나 버스를 탈 때 마스크를 벗는 사람들이 있는데, 사실은 그 반대가 돼야 한다는 것이다.	 인적이 드문 곳, 특히 실내가 아닌 바깥 환경처럼 코로나 바이러스가 생존하기 힘든 공간에서는 오히려 마스크를 강박적으로 착용할 필요가 없다.	 하지만 폐쇄적인 실내 공간인데다 사람들과 밀접 접촉까지 하게 되는 지하철이나 버스 안에서는 마스크 착용이 필요하다.	  마스크를 재사용해도 된다는 주장에 대해서는 여러 의학 전문가들이 매일 사용하고 버리기 아깝더라도 한 번 사용한 마스크는 재사용하지 않는 편이 안전하다는 의견을 내놓고 있다.	 마스크를 빨아 쓰면 필터 기능이 떨어져 그 효과가 감소하고, 빨지 않고 그대로 사용할 땐 위생적인 측면에서 안심하기 어렵다.	 따라서 마스크가 소모되는 것이 아깝다면 차라리 인적이 드문 곳에선 착용하지 않고, 사람이 많이 모이는 곳에 갈 땐 착용하는 방식으로 아끼는 것이 보다 안전하다.	     저작권ⓒ  '건강을 위한 정직한 지식'   / 무단전재-"
"팔 골절 여성, 가정 폭력 피해 의심해야 (연구)","팔의 특정 부위에 골절상을 입은 성인 여성의 상당수는 가정 폭력의 피해자일 수 있다는 연구 결과가 나왔다.	 문제가 되는 골절 부위는 자뼈.	 팔꿈치 아래쪽 두 갈래 뼈 가운데 새끼손가락 쪽인데, 얼굴에 타격이 가해지는 순간 자신도 모르게 손을 올려 막으면 상해를 입을 수 있는 부위다.	 그래서 서구에서는 자뼈 골절을 경찰이 봉으로 범죄자를 내리칠 때 생기는 골절이라 하여 '야경봉 골절'이라 일컫는다.	 이번 연구를 주도한 미국 보스턴 브리검 여성 병원 영상의학과 바르티 쿠라나 박사는 ""자뼈 골절은 대부분 남성이 입는 부상이어서 여성 환자는 드물다""면서 ""최근에 와서야 여성들의 자뼈 골절이 배우자 등 친밀한 파트너의 폭력과 관계가 있다는 걸 깨달았다""고 말했다.	 쿠라나 박사는 6개 병원에서 수집한 18~50세 사이 여성 자뼈 골절 환자 62명의 의료 기록을 분석했다.	 그중 12명은 친밀한 파트너의 폭력 때문에 입은 골절상임이 확인됐고, 8명은 같은 상황으로 추정됐다.	 분석 대상의 거의 1/3에 이른다.	 연구진은 X선 사진 등을 토대로 골절의 위치와 양상을 살핀 결과, 뼈가 부러졌음에도 제자리에서 벗어난 정도가 매우 미약한 비전위 골절은 막대기 등 물체를 휘두른 폭력 때문에 생겼을 가능성이 크다고 진단했다.	 쿠라나 박사는 ""가정 폭력 신고를 꺼리는 일부 여성들은 자뼈 골절상을 넘어진 탓이라고 둘러대겠지만, 그 경우 자뼈보다는 엄지 쪽 노뼈가 부러지는 경우가 대부분""이라 말했다.	 그는 ""자뼈가 부러졌는데 넘어져서 그렇다고 답하는 여성은 가정 폭력 피해자일 가능성이 매우 높다""고 강조했다.	 가정폭력과 무관한 나머지 여성 환자들은 자동차 사고이거나, 스키를 타다가 나무에 부딪힌 경우 등이었다.	 연구진은 ""영상의학으로 가정폭력의 단서를 조기에 찾아내는 것은 암을 조기에 진단하는 것 못지않게 중요하다""면서 ""일찍 발견할수록 폭력의 악순환을 끊어낼 더 좋은 기회를 찾을 수 있다""고 강조했다.	 이번 연구는 29일 열린 북미 영상의학회 연차 회의에서 발표됐다.	     저작권ⓒ  '건강을 위한 정직한 지식'   / 무단전재-"
"""니 마스크 어딨어?"" 한국여성 ""턱관절 탈구"" 피해 입어","한국인 여성 한 명이 뉴욕 중심가에서 마스크를 쓰지 않았다는 이유로 공격을 당했다.	  23살 한국인 여성인 피해자는 10일 오전 10시 뉴욕 맨해튼 34번가의 한 빌딩을 들어서려다 얼굴을 가격 당해 다치는 사고를 당했다.	  폭행을 저지른 가해자는 흑인 무리 가운데 한 여성으로, 이 가해여성은 피해여성의 어깨를 밀치고 주먹으로 턱 부위를 친 것으로 전해진다.	  폭행과 더불어 언어적인 모욕도 가했다.	 가해여성은 피해여성에게 ""네 마스크는 어디 있냐""며 ""아시아인, 너는 코로나바이러스를 가지고 있잖아""라고 말한 것으로 전해진다.	  피해 여성은 미국 벨뷰 병원에서 턱 관절이 탈구됐다는 진단을 받았고, 뉴욕경찰 혐오범죄 팀은 현재 해당 사건에 대한 수사에 나섰다.	  이와 관련 앤드루 쿠오모 뉴욕주지사는 ""아시아인은 신종 코로나바이러스를 가지고 있거나 전파시키는 경향이 있다는 편견이 공격의 동기가 된 것으로 보인다""며 ""아시아인이 코로나바이러스 전파에 책임이 있다는 근거는 전혀 없다""고 지적했다.	  한편 앞서 한 아시아 여성은 뉴욕에서 마스크를 착용했다는 이유로 흑인 남성의 공격을 받아 NYDP가 수사에 나선 바 있다.	 마스크를 착용해도 벗어도 공격 대상이 될 수 있다는 점에서, 현지에 거주하는 아시아인이나 유학생, 여행객 등의 각별한 주의가 당부된다.	     저작권ⓒ  '건강을 위한 정직한 지식'   / 무단전재-"
"코로나처럼 번지는 ""아시아 포비아""...중국인 아녀도 공격 대상","코로나19가 확산되면서 아시아인을 대상으로 한 화풀이 폭행 사건도 늘고 있다.	  전 세계 80개국에서 9만 명이 넘는 코로나19 확진자가 발생했다.	 국내 확진자는 5000명을 넘어섰고, 이탈리아와 이란도 각각 2000명이 넘는 감염자가 생겼다.	  신종코로나바이러스의 이 같은 확산은 아시아인을 혐오하는 '아시아 포비아'의 확산을 낳고 있다.	 아시아인을 대상으로 분노를 표출하는 사건이 늘고 있는 것.	  미국 LA에서 태어나고 자란 한 태국계 미국인은 최근 CNN과의 인터뷰에서 ""미국 내 아시아계 지역 사회가 공격을 받고 있다""고 말했다.	 이 여성은 중국인이 아님에도 불구하고 지하철 역에서 ""모든 병은 중국에서 시작된다.	 중국인은 매우 역겹다""는 모욕적인 말을 듣기도 했다고 전했다.	  아시아인이라는 이유로 물리적인 폭행을 당하는 사례들도 발생하고 있다.	 영국에 거주 중인 싱가포르 출신 조나단 목은 3일 자신의 페이스북에 다친 얼굴 사진과 함께 자신에게 벌어진 사건을 설명했다.	  그는 지난 월요일 런던 옥스퍼드 거리를 걷다가 한 무리의 젊은 남성들에게 '코로나바이러스'라는 말과 함께 얼굴을 가격 당했다.	 조나단은 대도시의 번화한 거리에서도 이 같은 사건이 벌어질 수 있다는 점에 주의를 당부했다.	 그는 ""최근 몇 주간 인종차별주의자들의 폭행 사건이 증가하고 있다""며 ""아시아인은 언어적 혹은 물리적 공격 타깃이 되고 있다""고 말했다.	  이어 ""인종차별은 '어리석음'에서 오는 것이 아니라 '혐오'에서 생기는 것""이라며 코로나바이러스는 인종차별주의자가 혐오 대상을 공격할 수 있는 명분이라고 덧붙였다.	  물리적 폭행뿐 아니라 호텔 투숙을 거절당하는 등 시설 사용을 허용하지 않는 등의 혐오 사건도 잇달아 벌어지고 있다.	  이로 인해 아시아인들 사이에 '나는 바이러스가 아니다'라는 해시태그를 소셜미디어에 올리는 캠페인까지 벌이고 있다.	  미국 퀘이커 봉사 위원회는 인종차별로 곤경에 처한 사람을 돕는 대응 방법에 대한 가이드라인도 제시했다.	 중재에 나설 땐 이에 동참해줄 사람들이 주변에 충분히 있는지 먼저 확인하고, 조롱이나 공격을 하는 가해자와 안전거리를 유지한 상태에서 증거물 확보를 위한 영상을 촬영하라는 조언이다.	 더불어 경찰 신고도 당부했다.	 하지만 '착한 사마리아인'의 행동을 섣불리 실천해선 안 된다는 점도 당부했다.	 가해자의 규모가 크거나 생각보다 상황이 위험하다고 판단될 땐 직접 개입하지 않아야 한다는 것이다.	     저작권ⓒ  '건강을 위한 정직한 지식'   / 무단전재-"
"[오늘의 건강] 코로나19 예방, 운동이 도움 될까?","일교차 큰 날씨에 컨디션 잘 유지해야겠다.	 아침 최저 영하4도~영상6도로 어제보다 조금 쌀쌀하지만 낮 최고 9~14도로 어제보다 포근하겠다.	 경기 남부와 세종, 충북은 미세먼지도 '나쁨.'	  ☞=코로나19 확진환자가 급증하면서 면역력이 키워드로 부각되고 있다.	 많은 사람들이 면역력에 대해서 이야기하지만, 면역력이 무엇인지 정확히 대답하는 사람은 드물다.	  '표준국어대사전'에는 면역력이 '외부에서 들어온 병원균에 저항하는 힘'이라고 풀이해놓았는데, 그렇다면 면역세포가 암세포를 파괴하는 것은 면역력과 관계가 없을까?	 의학적으로 관계가 있다는 것이 정답이므로 국어사전이 정확치 않은 셈이다.	 면역력은 인체의 군대와 경찰이 적군이나 간첩 모두를 제거하는 것을 가리키지만, 정확한 메커니즘에 대해서는 알려지지 않은 것이 훨씬 많고, 하나하나씩 새로운 것들이 밝혀지고 있다.	  최근 운동을 하는 것이 면역력 가운데 '바이러스가 침투했을 때 대항하는 능력'을 강화한다는 동물실험 결과가 《감염질환지》에 발표됐다.	 미국 아이오와 주립대의 연구에서 운동을 시킨 쥐와 그렇지 않은 쥐에게 독감 바이러스를 투여했더니, 운동을 한 쥐는 경미한 증세를 보이고 폐 염증 수치도 낮은 것으로 나타난 것.	 운동이 독감 바이러스뿐 아니라 코로나19 바이러스에 대한 저항력도 키워줄 것으로 추정되는 연구결과였다.	  코로나19 공포 때문에 집에서 움츠리고 있으면 면역력의 상당 부분이 약해질 수 있다.	 따라서 집에 있더라도 틈틈이 창문을 열고 환기시키고, '홈트'를 하는 것이 좋다.	 당장 팔굽혀 펴기, 앉았다 일어나기, 플랭크 등을 할 수 있고, 장비를 구입한다면 실내자전거타기는 아파트 실내에서도 할 수 있는 최적의 운동.	 바깥으로 나서 마스크를 쓰고 산책하는 것도 좋고, 사람과 부딪히지 않는 곳에서라면 마스크 없이 운동하는 것도 괜찮겠다.	     저작권ⓒ  '건강을 위한 정직한 지식'   / 무단전재-"
"서울대병원, 경북서 코로나19 경증 환자 격리시설 운영","서울대병원이 경증 및 무증상 코로나19 환자를 위한 격리시설을 마련했다.	  경북 문경에 위치한 '서울대병원 인재원' 100인실을 환자들에게 제공하고, 병원 밖 격리시설에서 치료를 하는 새로운 관리 모델을 4일부터 제시할 예정이다.	  코로나19 확진자가 급격히 늘면서 전국적으로 음압병상이 부족한 상태다.	 현재 전국의 음압병상 수는 1077개로, 지금까지는 코로나19 중증도와 관계없이 무조건 음압병실을 사용했다.	  중증과 경증 구별 없이 입원하면 치료가 시급한 환자들이 음압병실을 사용하기 어려워진다.	 이로 인해 사망자가 늘어날 가능성도 높아진다.	 현재 중증환자로 파악되는 20%의 환자들에게 음압병실을 우선적으로 배정해야 한다는 것.	 병실 부족으로 이들이 자택격리를 하게 되면 가족들에 대한 2차 감염도 우려된다.	  이번 서울대병원 격리시설은 상태가 악화될 가능성이 낮은 경증환자들이 머물게 된다.	 서울대병원은 CT 등의 검사로 관리 가능 여부를 판단한 뒤 환자의 입소를 결정한다.	 입소 후에는 산소 포화도, 혈압, 맥박 등을 측정해 그 결과를 서울대병원에 전송하고 의료진이 상태를 모니터링하게 된다.	 이를 위해 서울대병원은 화상진료를 기반으로 한 중앙모니터링센터를 설치·운영할 계획이다.	 센터에는 감염내과와 영상의학과, 입소자의 불안감·우울감 해소를 위한 정신건강의학과 전문의 등의 배치가 고려되고 있다.	  실시간 유전자 증폭검사와 흉부촬영검사를 시행할 수 있도록 의료진과 행정직원을 현장에 파견해 각종 검사 장비도 배치한다.	  조비룡 공공진료센터장은 ""병원과 다름없이 서울대병원의 높은 의학적 전문성을 바탕으로 한 양질의 진료를 제공할 수 있을 것""이라며 ""격리시설에는 의료적 지원 외에 식사 및 생활용품 등 다양한 물품이 필요해 기업 및 단체의 관심을 바란다.	 또한 자치단체의 행정, 경찰, 소방 등 다양한 지원이 있어야 원활하게 운영될 것""이라며 지원을 요청했다.	 더불어 서울대병원은 이번 격리시설이 다른 국립대병원과 기관 등이 보유한 시설들의 성공적인 모델이 되길 바란다고 전했다.	     저작권ⓒ  '건강을 위한 정직한 지식'   / 무단전재-"
[오늘의 건강] 주말 교회 예배보다 진정한 기도를!,"마을에 홍수가 몰아쳐서 목사가 기도를 올리기 시작할 때, 교회 신도가 목사에게 말했다.	  ""목사님, 빨리 높은 곳으로 피하시지요.""	  ""간절히 기도하면 주님이 구해주실 것이오.""	  잠시 후 경찰관이 달려와 다급한 목소리로 재촉했다.	  ""빨리 이 보트로 대피하시오.""	  ""주님이 기도에 응답하실 겁니다.""	  그 순간, 목사는 거대한 물살에 휩쓸려 결국 하늘나라로 갔다.	  하나님 앞에 선 그는 원망을 담아서 말했다.	  ""주님, 어찌 제 기도를 외면하셨습니까?""	  그러자 하나님이 목사를 꾸짖으며 말했다.	  ""내가 네 기도를 듣고 교인, 경찰, 보트까지 보냈거늘 너는 어찌 모두 거부하고 이 곳에 왔단 말이냐?""	  너무나 유명한 '목사와 홍수' 또는 '목사와 급류' 유머입니다.	 천주교, 불교, 원불교와 상당수 개신교 교회가 미사와 법회, 예배를 중단했지만 일부 교회는 이번 주말에도 예배를 강행하겠다고 합니다.	 개신교가 코로나-19 때 펼쳐왔던 주장이 옳다면, 하나님이 신천지와 대남병원 등을 통해서 가르침을 줬지만, 일부 교회가 계시를 무시하고 '급류의 목사'가 되기를 고집하는 것이 아닐까요?	  토요일 대체로 흐리다가 낮부터 차차 맑아집니다.	 수도권과 충남은 토요일 오전 한때 미세먼지 '나쁨'이지만 이후 좋아지고, 나머지 지역은 주말 내내 공기 맑습니다.	 날씨는 포근합니다.	 주말에 사람 많은 곳 가급적 피하고, 창문 활짝 열고 가족이 함께 청소하기 바랍니다.	  종교 신도들은 깨끗하게 청소된 집에서 온라인으로 예배를 보거나 기도하시기를!	 우리 함께 코로나-19 위기를 이길 수 있게끔 힘을 달라고, 지금 고통 받고 있는 가련한 환자와 허무하게 삶을 마감한 사람들을 위해서도….	     저작권ⓒ  '건강을 위한 정직한 지식'   / 무단전재-"
"부천서 ""코로나19"" 확진자 추가 발생…괴안동 거주 50대 여성","경기도 부천시 괴안동에서 코로나19 확진자 1명이 추가 발생했다.	 이로써 부천의 확진자수는 총 9명이다 25일 부천시에 따르면 확진자는 괴안동에 거주하는 50대 여성으로 최근 외국이나 대구 방문은 하지 않았다.	 확진자는 복통으로 부천성모병원 응급실을 찾았다 폐렴 소견으로 코로나19 검사를 시행했으며 응급실 등의 방역소독을 마쳤고 함께 사는 가족들은 음성 판정을 받았으나 격리 조치됐다.	 추가 확진자에 대한 이동 동선 등은 역학조사에 따라 바로 공개할 방침이다.	 앞서 코로나19 확진 판정을 받은 부천 거주 12·14번 확진자는 중국인 부부로 현재 완치돼 퇴원했으며 이들과 접촉한 사람들도 모두 감시 해제됐다.	 지난 22일에는 신천지 집회를 참석한 38세 여성 A씨와 25세 남성 B씨가 추가 확진 판정을 받았다.	 지난 23일에는 A씨의 남편과 어머니, B씨의 어머니가 연이어 확진 판정을, 지난 24일에는 부천에 거주하는 시흥경찰서 소속 경찰관이 확진 판정을 받아 부천지역 확진자는 모두 9명으로 늘어났다.	     저작권ⓒ  '건강을 위한 정직한 지식'   / 무단전재-"
환자 정성 쏟으려 TV 안 나오는 명의,"경희대병원 정형외과 윤경호 교수는 자신을 내세우는 것을 꺼리는 의사다.	 웬만하면 TV에 도 출연하지 않는다.	 의학적 성과에 대해서 학회나 병원 차원에서 홍보가 필요해도 가급적 자신의 이름보단 '경희대병원 정형외과'를 내세운다.	  전국에서 자신에게 환자들이 몰려오면, 다른 병원 의사들이 보내는 중증 무릎 환자들 진료에 지장이 생길 수 있기 때문이다.	 윤 교수의 환자 가운데 70~80%는 전국의 정형외과 전문의들이 의뢰한 환자다.	 매년 100여 명은 다른 곳에서 몇 번 씩 수술한 환자를 다시 수술한다.	 겉으로 내색을 하지는 않지만, 환자들의 얘기를 좀 더 오래 들어주지 못하는 것에 늘 미안해하기에, 다른 의사들이 충분히 치료할 수 있는 환자들이 몰려오는 것은….	  윤 교수의 경력에는 대한민국 무릎 치료와 정형스포츠의학의 역사가 녹아있다.	  그는 서울대학교 의대를 '성적이 뛰어난 학생'이 아니라 '잘 노는 의대생'으로 지냈기에 모교 병원에 인턴으로 남을 수 있을지 자신이 없었다.	 병원 부근 식당에서 의대 동기와 함께 진로에 대해서 고민을 나누다 소주잔 너머 의대 동기의 목소리에 눈이 번쩍 뜨였다.	  ""경찰병원이 왕십리에서 가락동 최신 건물로 옮긴다는데, 우리 함께 하권익 박사 밑으로 갈까?""	  고 하권익 박사는 대한민국 스포츠의학의 태두로 삼성서울병원장, 을지대의료원장, 중앙대의료원장 등을 역임한 명의다.	 하 박사의 장남은 현재 삼성서울병원에서 역시 무릎 관절을 치료하는 하철원 교수.	  윤 교수는 어릴 적부터 스포츠 광이었던 데다가, 당시는 '88올림픽'의 열기가 식지 않았을 때였다.	 스포츠의학, 이름만 들어도 가슴이 뛰었다.	 윤 교수는 친구 이승림 현 경찰병원장과 함께 가락동에 인턴 지원서를 냈다.	 윤 교수는 경찰병원 이삿짐을 옮기고 하 박사 밑에서 경찰뿐 아니라 전국의 스포츠 선수들과 일반 환자들을 진료하면서 인턴, 레지던트 생활을 했다.	  1995년 삼성서울병원이 개원하면서 경찰병원 진료 부장이었던 하 박사를 스카우트했다.	 윤 교수는 바늘 따라 실이 가듯, 스승을 따라 새 병원으로 옮겼다.	 무릎 치료가 주전공이 됐고, 관절경 수술 솜씨가 시나브로 소문이 났다.	  그런데, 하권익 교수가 삼성서울병원 원장을 맡아 경영에 주력하면서 1998년 정형외과의 빈곳을 메우고 성장시키기 위해 경희대병원의 안진환 교수를 정형외과 과장으로 스카우트했다.	 윤 교수에게는 또 다시 진로에 고민이 생겼다.	 당시 전국에서 무릎질환 환자만 관절경으로 수술하는 의사는 안 교수와 윤 교수 두 명뿐이었는데, 두 명 모두 한 병원에 있는다는 것은….	  이런 사정은 정형외과 학계에서 자연스럽게 알려지게 마련이었고, 경희대병원에서 교수직 제안이 왔다.	 경희대병원은 예나지금이나 '관절치료의 메카'로 불리는 병원.	 1975년 김영롱 교수가 인공관절 치료법을 도입한 이래 유명철, 이석현, 배대경, 안진환, 임홍철 등 수많은 스타 의사들을 배출했다.	 윤 교수는 이직을 결정했지만, 헉~, 'IMF 경제위기'가 발생해 경희대 교수 정원이 묶이는 바람에 2년을 '광야'에서 떠돌아야 했다.	  마침내 2000년 교수 자리가 나서, 윤 교수는 배대경 교수와 함께 '무릎 치료의 성지'를 구축했다.	 배 교수는 대한정형외과학회 이사장, 아시아태평양슬관절학회 회장 등을 역임한 무릎 치료분야의 대가.	 배 교수는 주로 노인 환자를 보면서 인공관절수술 및 절골술을 했고, 윤 교수는 스포츠 손상과 관절경 수술 등에 집중했다.	  윤 교수에게는 전국에서 무릎 인대와 관절연골, 반월상연골판 등을 다친 환자들이 몰려왔다.	 그의 치료일지에는 환자 2만 여명의 기록이 남아있다.	 인대 손상환자 5000여명, 관절연골과 반월상연골판 손상환자 5000여명을 수술했다.	 다른 곳에서 5, 6번 수술하고 윤 교수에게 와서 희망을 찾은 환자도 적지 않다.	  윤 교수는 2002년 미국 하버드대 브리검 앤드 위민스 병원으로 연수 가서 연골 분야 연구의 세계적 대가 톰 미나스 교수에게 자가연골세포이식술을 배워와 국내외 제약회사 및 바이오 기업과 새 치료법의 임상연구를 진행하고 있다.	  최근엔 국내 바이오벤처회사의 자가연골세포 치료제 개발과정에 참여, 치료법의 효과를 입증해서 《미국스포츠의학저널》에 발표하기도 했다.	  자가 연골세포 이식 치료법은 처음 시행되던 2000년대 초기에만 하더라도 용액 속에서 둥둥 떠다니는 세포를 관절 안에 넣어야 했다.	 무릎 부위를 많이 찢고 억지로 넣다시피 한 뒤 골막을 꿰매야 했으므로 3~5시간 수술해야 했고 회복 시간이 길었으며 부작용 걱정을 떨칠 수 없었다.	 그러나 윤 교수와 국내 바이오벤처기업이 함께 개발한 새 치료법은 배양한 연골세포를 '구슬 아이스크림' 모양으로 만들어 관절경으로 넣는 것으로 1시간 이내에 수술하고 회복기간은 짧고 적용대상도 넓어서 학계의 주목을 받고 있다.	  윤 교수의 또 다른 큰 기쁨은 스포츠 선수들이 수술을 받고 회복해 뛰고 나는 것을 지켜보는 것이다.	 남자배구 삼성화재의 석진욱은 양쪽 무릎을 번갈아가며 5, 6번 수술하고도 37세까지 '불굴의 의지'를 보여줬다.	 여자농구 신한은행의 최윤아가 무릎 수술을 받고 복귀해서 펄펄 나는 것을 봤을 때엔 코끝이 찡했다.	 두 사람은 명예롭게 선수생활에서 은퇴했지만, 현재 배구, 농구, 핸드볼, 축구 등 수많은 종목의 숱한 선수들이 윤 교수의 손길을 거쳐서 스포츠팬들을 위해서 땀 흘리고 있다.	     저작권ⓒ  '건강을 위한 정직한 지식'   / 무단전재-"
"부산 확진 환자, ‘음성’ 퇴소했던 우한 교민 아들","지금까지 신종 코로나 바이러스 감염증 확진 환자가 없었던 부산에서 환자 2명이 동시에 나왔다.	 이 가운데 한 명은 아버지가 최근 중국 우한에서 귀국, 2주 동안 격리시설에서 수용됐다가 '음성' 판정을 받고 나온 것으로 밝혀져 '무증상 감염 우려'가 불거지고 있다.	  부산광역시와 질병관리본부는 21일 부산에 사는 19세 남성 A씨와 57세 여성 B씨가 코로나19 검사에서 '확진' 판정을 받았다고 밝혔다.	 두 사람 모두 최근 해외여행을 하지 않았던 것으로 알려졌다.	  A씨는 이날 오전 두통, 기침, 콧물 일반적 감기 증세가 나타나 곧바로 부산 동래구 대동병원 선별진료소를 방문했다.	 A씨는 검체 채취 후 자가 격리를 당부 받고 귀가했다가 오후 6시 반경 양성 판정을 받았다.	 A씨의 아버지는 중국 우한 교민으로 최근 우한에서 입국한 뒤 충남 아산 경찰인재개발원에 2주간 격리 수용됐다 나온 것으로 확인됐다.	 A씨 부친은 코로나 19와 관련된 별다른 증상이 없었고 검사에서도 음성 판정을 받은 것으로 알려졌다.	  질병관리본부는 지금까지 무증상 상태에서 감염될 확률을 낮으며, 위험군을 2주 격리하면 충분하다고 보고 있었지만, 만약 A씨가 아버지로부터 감염됐다면 방역 정책의 재검토가 필요할 것으로 보인다.	  한편, 50대 여성 B씨는 이날 오전 폐렴 증세로 부산 해운대백병원을 방문해 검사한 결과 1·2차 조사 모두에서 양성 판정을 받았다.	  이 여성은 서울을 방문했으며 이틀 전부터 기침, 가래 근육통 증상을 보여 거주지 주변 병원에서 독감 검사를 받았지만 음성 판정이 나와 항생제와 해열제를 처방 받고 귀가했다.	 그러나 열이 계속 나자 오전 11시 20분쯤 해운대백병원에 갔다.	 지하 1층 가정의학과를 방문했지만 열이 높아 격리시설로 옮겨져 검체 채취 후 귀가해 자가 격리됐고, 이날 오후 6시 반경 양성 결과를 통보받았다.	 병원 측은 B씨가 건물 내부로 들어왔던 만큼 외래 진료는 방역 기간에 잠정폐쇄하기로 했지만, 환자가 방문하지 않은 응급실은 정상 운영하기로 했다.	  보건당국은 두 환자 모두 국가지정 음압격리 병실이 있는 의료기관으로 긴급 후송해 집중 치료할 예정이다.	  질병관리본부와 부산시는 역학 조사관을 병원으로 급파해 확진자들의 동선을 조사할 계획이다.	 동선 파악은 처음 증상이 나타난 시점을 기준으로 24시간 전까지 조사한다.	 아울러 신천지 대구교회 예배나 청도 대남병원 장례식장 방문 여부도 확인할 계획이다.	     저작권ⓒ  '건강을 위한 정직한 지식'   / 무단전재-"
코로나19 증오범죄에 몰카범죄까지...관련 범죄 기승,"신종 코로나바이러스 감염증인 코로나19가 혐오범죄에 크리에이터들의 몰래카메라 장난으로까지 이용되고 있다.	  지난주 일요일에는 뉴욕에서 마스크를 착용한 여성이 지하철역에서 한 남성의 공격을 받는 사건이 벌어졌다.	 예방 차원에서 마스크를 착용한다는 인식이 제대로 정립돼 있지 않은 미국에서 코로나19 이슈가 맞물리며 벌어진 사건이다.	 뉴욕시 경찰청은 이를 코로나19에서 기인한 '증오범죄'라고 분석했다.	  그 다음날인 월요일에는 3만여 명의 팔로워를 가진 인스타그램 스타인 제임스 포토크가 토론토발 자메이카행 비행기 안에서 마스크와 장갑을 착용한 상태에서 ""나는 코로나 바이러스를 가지고 있다""며 소란을 피웠다.	 이는 사람들의 반응을 보기 위한 일종의 몰카 형태의 콘텐츠를 제작하기 위한 의도였던 것으로 전해진다.	 언론과의 인터뷰에서도 ""단순한 장난이었다""고 밝혔다.	  하지만 이로 인해 승무원들은 비행기를 다시 공항으로 되돌리는 결정을 내렸고, 비행기에 탑승했던 243명의 승객은 각자의 스케줄에 차질을 빚는 상황이 벌어졌다.	 이후 출발 예정이었던 비행기 역시 취소됐다.	 자극적인 콘텐츠를 만들어보겠다는 28살 SNS 스타의 어리석은 행동이 큰 피해를 입히면서, 제임스는 구속영장을 발부 받았고, 다음달 9일 법정에 설 예정이다.	  국내에서도 비슷한 사건이 있었다.	 20대 유튜버가 지하철 내에서 코로나19 환자 행세를 한 동영상을 찍어 올려 부산 북부경찰서가 사전구속영장을 신청했다.	 해당 유튜버는 지하철 안에서 기침을 하며 ""나는 우한에서 왔다""며 승객들에게 겁을 줬다.	 하지만 11일 구속영장은 기각됐고 해당 유튜버는 ""정의가 승리했다""는 영상을 또 다시 올리며 논란을 가중시켰다.	  유명인들도 뭇매를 피해가지 못했다.	 영국 축구선수 델레 알리는 아시아 남성을 조롱하는 영상을 스냅챗에 올렸다가 질타를 받았다.	 델레는 아시아 남성의 얼굴을 모자이크 한 상태로 클로즈업 촬영을 한 뒤 영상에 '코로나 어쩌고저쩌고'라는 캡션을 달았다.	 이후 논란이 되자 그는 중국 소셜미디어인 웨이보에 사과 영상을 올렸다.	  최근 중국 사천성 지역에서 촬영된 것으로 추정되는 폭행 영상도 공개됐다.	 코로나19 검사의 하나인 체온 체크를 거부한 중국 여성과 의료 담당자간의 물리적인 폭력이 오가는 장면이 찍힌 영상이다.	 전해진 바로는 이 여성이 체온 재기를 거부하자 의료 담당자가 주먹을 휘둘렀고 이 여성이 이에 반격해 의료 담당자를 때린 것으로 전해진다.	  아직도 동영상 공유 채널 등을 통해 코로나19와 관련된 몰카 형태 등의 영상들이 버젓이 유통되고 있다.	 이와 유사한 콘텐츠들이 새롭게 생성되고 있다는 점도 문제다.	 전염병 확산이 자극적인 콘텐츠 확산으로 이어지는 양상이다.	     저작권ⓒ  '건강을 위한 정직한 지식'   / 무단전재-"
진료 중 알게 된 환자의 범죄 사실…신고해도 될까?,"의사는 직업의 특성상 환자의 매우 내밀한 사생활을 알게 되는 경우가 많다.	 의사가 환자의 비밀을 지켜야 한다는 '비밀보장의 의무'는 의료윤리의 신성한 의무이다.	 하지만 진료과정에서 과거에 살인을 청부 받아 살인한 적이 있다거나 청소년을 성폭행한 적이 있다는 사실을 알았을 때 이 환자를 경찰에 신고해야 할까?	 이와 달리 진료과정에서 환자가 살인이나 성폭행을 할 계획이 있다는 것을 알았을 때 경찰에 신고해야 할까?	 이런 상황은 비밀유지의무에 대한 도덕적 딜레마를 잘 보여주고 있다.	  비밀유지의무는 형법 제317조에서 '의사가 직무를 처리하는데 얻은 타인의 비밀을 누설한 때에는 3년 이하의 징역이나 금고, 10년 이하의 자격정지 또는 700만원 이하의 벌금에 처한다.'	고 규정하고 있다.	 또 의료법 제19조에서는 '의료인이나 의료기관 종사자는 업무를 하면서 알게 된 다른 사람의 정보를 누설하거나 발표하지 못한다'고 규정하고 있고 제67조에서는 '이를 위반하는 경우 3년이하의 징역이나 1000만원 이하의 벌금에 처한다'고 되어 있다.	  실제로 의사의 비밀유지의무가 논란이 된 사건이 국내와 외국에서 있었는데 당시 법원판결을 보면 다음과 같다.	  개그우먼 L씨는 방송에서 운동과 식이요법만으로 30kg이상의 체중을 감량하는데 성공했다고 밝혀 화제가 됐다.	 L씨는 다이어트 비결이라면서 비디오 등을 만들어 판매했다.	 이에 강남의 성형외과 의사인 K씨가 사실 L씨는 다이어트를 통한 것이 아니라 전신지방흡입 수술을 여러 번 받아 체중감량에 성공한 것이라고 언론에 폭로한 것.	 개그우먼 L씨는 성형외과 의사 K씨를 상대로 손해배상소송을 제기했다.	 성형외과 의사 K는 개그우먼 L씨가 수술 사실을 숨기고 다이어트 비디오를 3만장이나 판 것은 소비자를 우롱한 일종의 사기행각이라 주장했다.	 또 자신의 행위는 유명인사의 언동이 부도덕적인 행위임을 알려 시민의 알권리를 충족시키고 사기를 당하지 않게 하는 공익적인 측면이 있다면서 이는 의사의 비밀유지위반의 예외에 해당한다고 주장했다.	 하지만 법원은 K가 주장한 공익은 의사가 관여할 바가 아니고, 개개의 구체적 환자에 대한 비밀을 지키는 게 의사의 의무라는 취지에서, ""의사는 환자를 치료하는 과정에서 알게 된 비밀을 누설할 수 없음에도 피고들은 이를 공개, 환자의 비밀을 보호해야 할 책임을 다하지 않았다""며 L씨의 손을 들어주었다.	  가수 S씨는 복강경으로 위장관 유착박리수술을 받은 후 복통을 심한 호소했다.	 장기 복막 전체에 염증이 퍼진 범발성 복막염이었다.	 그러나 수술을 집도한 의사는 이를 진단하지 못했다.	 결국 S씨는 합병증인 심낭압전과 이에 따른 허혈성 뇌손상으로 사망했다.	 집도의는 자신에 대한 책임론이 뒤따르자 국내 의사들이 회원으로 가입되어 있는 한 커뮤니티 사이트 게시판에 '의료계 해명자료'라는 제목으로 이 사건과 관련된 수술과 과거수술이력, 관련사진과 같은 망인의 개인정보를 임의로 게시했다.	 유족들은 이 의사를 법원에 고소하였고 법원은 당사자가 사망하였다고 하더라도 의료인은 망인의 의료정보와 같은 비밀스러운 생활영역이 보호되어야 한다는 이유로 유죄를 인정했다.	  1976년 미국의 '테라소프 판결'은 의료인의 비밀유지의무가 갖는 딜레마를 더욱 명백하게 보여준다.	 캘리포니아 대학병원의 한 임상병리사는 병원에서 치료 중이던 한 남학생으로부터 ""변심한 애인 테라소프를 죽이겠다.""	 는 말을 듣고 이를 병원에 보고했다.	 병원은 이 보고를 묵살하고 아무런 조치를 취하지 않은 채 남학생을 퇴원시켰고 결국 테라소프는 이 남성에 의해 살해되었다.	 가족들은 병원을 상대로 손해배상소송을 제기했다.	 법원은 '어떤 사람에게 사망과 같은 중대한 신체적 손상을 가져올 수 있는 경우와 같이 중요한 공익상의 이유가 있다면 의사는 환자의 비밀을 공개하고 적절한 조치를 취할 의무가 있다'고 하며 병원에 배상을 명령했다.	 이 판결은 '특정한 타인에게 위험이 발생할 합리적 예견 가능성이 명백한 경우'에 한하여 의료인의 환자에 대한 비밀유지의무의 예외를 인정받을 수 있다는 것을 보여주는 것이라 할 수 있다.	  현재 환자의 동의없이 비밀을 공개할 수 있는 경우는 법원의 명령이나 에이즈와 같은 법정전염병 환자 그리고 최근 신종코로나 바이러스 감염증 같은 전염병처럼 법률상 신고의무가 부가된 때에 한정하고 있다.	 하지만 이 경우에도 당국에만 신고의무가 있고 이를 다른 사람에게 알리는 것은 허용되지 않는다.	 이 외에도 제3자의 건강과 안전에 직접적으로 피해가 갈 것이 명확한 경우와 같이 공익적 경우에 한하여만 비밀유지의무 위반의 예외를 인정받을 수 있다.	 위의 사례는 의료인의 경우 진료 중 알게 된 과거의 사실에 대하여는 엄격한 비밀유지의무가 중요하다는 것을 시사한다.	  요컨대 진료과정에서 환자가 살인이나 성폭행을 할 계획이 있다는 것을 알고 신고를 했다면 이는 3자의 건강과 안전에 직접적으로 피해가 갈 것이 명백한 공익상의 이유'로 인정받을 가능성이 크다.	 하지만 진료과정에서 과거에 살인을 청부받아 살인한 적이 있다거나 청소년을 성폭행한 적이 있다는 사실을 알았다면 이는 과거의 사실로서 제3자의 건강과 안전에 직접적으로 피해가 갈 가능성이 낮기 때문에 비밀유지의무를 지켜야 할 것이다.	 의사는 노숙자든, 전직 대통령이든, 대기업오너 등 그 사회적 지위에 상관없이 진료상 비밀인 환자의 개인의료정보를 지켜주어야 한다.	 의료인은 국민의 알권리를 보호하는 의무가 우선이 아닌 개개인의 구체적 환자에 대한 비밀보호라는 의무를 지니고 있다는 사실을 명심해야 한다.	       저작권ⓒ  '건강을 위한 정직한 지식'   / 무단전재-"
"한림대춘천성심병원 이재준 병원장, 춘천지방경찰청 의료자문위원회 부위원장 위촉","한림대학교춘천성심병원 이재준 병원장이 춘천지방경찰청 의료자문위원회 부위원장으로 위촉됐다.	 임기는 2020년 11월 26일부터 2023년 11월 25일까지 3년이다.	  26일 춘천지방검찰청에서 열린 의료자문위원 위촉식에서 이재준 병원장은 의료자문위원회 부위원장으로 위촉됐다.	 의료자문위원은 지방검찰청이 의료사건을 정확하게 처리할 수 있도록 전문 의료지식 제공하는 역할을 맡는다.	  이재준 병원장은 ""춘천지방검찰청 의료자문위원회 부위원장으로서 책임감을 느낀다.	 정확하고 공정한 의료자문이 이뤄질 수 있도록 최선을 다하겠다""고 포부를 밝혔다.	     저작권ⓒ  '건강을 위한 정직한 지식'   / 무단전재-"
"“n번방 한국 성폭력, 남성 성교육 제대로 못받은 탓”","이달 초부터 경찰이 'n번방'과 '박사방'의 무료회원으로 추정되는 1000여명에 대한 추가 수사를 진행하고 있는 가운데 지난 8일 대한성학회는 서울 강남구 SC컨벤션센터에서 '디지털 성착취 현상으로 본 한국사회'라는 주제로 추계학술대회를 개최했다.	  발표자로 나선 김지학 한국다양성연구소장은 최근 심각하게 대두된 온라인 성범죄와 관련, ""10대부터 30대 사이의 한국 남성들의 성폭력이 심해지고 있다""며 ""아동과 청소년에 대한 성범죄자 처벌을 강화해야 한다""고 말했다.	  김 소장은 프랑스의 경우 지난 7월부터 아동 성학대 관련한 온라인 콘텐츠 신고 후 1시간내에 지우지 않는 온라인 회사에도 막대한 벌금이 부과된다며, 범죄자와 함께 음란물을 유통하는 회사 역시 그 책임에서 벗어날 수 없다고 강조했다.	  '디지털 성폭력과 현실'이란 주제를 가져온 천정아 변호사는 n번방 등 정보통신기술이 발전하면서 온오프라인 상에서 새롭게 발생하는 성폭력 범죄 사례와 관련법률에 관한 발표를 했다.	  ""성교육을 제대로 받아보지 못한 남성들이 자연스럽게 성차별과 성폭력에 무감각한 사회가 만들어 지고있다"" 며 성교육, 캠페인을 진행할 것을 제안한 변혜정 섹스앤스테이크 연구소장은 '성시민성'을 언급했다.	 변 소장은 ""성폭력으로부터의 안전만큼이나 건강한 성문화가 성숙될 때 은밀하게 거래되는 성범죄 종식된다""며 성인지 감수성훈련과 남녀의 정체성, 성적자기결정권 등 성시민성에 대한 교육을 강조했다.	  이와 관련, 김지학 소장은 ""20, 30대만의 문제가 아니며 가부장제, 자본주의, 군사주의가 근간이 된 사회에서 모든 세대안에 만들어 지고 있는 문화와 구조에 대한 통찰이 필요하다""며 ""이를 정확히 볼 수 있도록 하는 성교육이 필요하다""고 말했다.	  코로나19로 올해 처음 열린 이번 학술대회는 사전에 신청한 50여명의 참석자와 패널 10여명이 참석해 열띤 토론을 벌였다.	 대한성학회는 2003년부터 700여명의 각 분야의 성전문가들이 모여 성에 대한 연구와 건강한 성문화 조성을 위해 활동하고 있다.	     저작권ⓒ  '건강을 위한 정직한 지식'   / 무단전재-"
“조명에도 괴로워해”…故 박지선이 앓던 ‘햇빛 알레르기’란?,"개그우먼 박지선의 갑작스러운 죽음이 큰 충격을 안긴 가운데 고인이 생전 햇빛 알레르기에 시달렸다는 사실이 전해졌다.	  햇빛 알레르기는 태양광선의 영향에 유전적인 대사이상, 일부 항생제나 진통제 성분, 소독약, 자외선 차단제에 포함된 화학물질, 기존의 피부염 등이 작용해 가려움, 두드러기 등이 일어나는 것을 말한다.	  심할 경우 일광화상처럼 광독성 반응이 생기기도 하며, 진물이 나는 습진이 나타나기도 한다.	 가려움에 긁다가 출혈이 일어나기도 하는데, 2차적인 상처가 생기면 감염이 일어날 수 있으니 주의해야 한다.	  고인은 학창시절부터 햇빛 알레르기를 포함한 피부질환으로 고통 받았다고 전해졌다.	 방송에 화장기 없는 모습으로 출연한 것도 화장품에 민감한 피부 때문이었다.	 야외 촬영은 물론 무대에서 비추는 조명에도 상당히 괴로워했던 고인은 최근에도 치료에 매진하고 있던 것으로 알려졌다.	  한편, 박지선은 지난 2일 오후 1시44분께 서울시 마포구 자택에서 모친과 숨진 채 발견됐다.	 박지선의 부친이 아내와 딸이 연락이 되지 않는 것을 이상하게 여겨 신고했고, 경찰이 출동해 이들이 발견했을 땐 이미 숨을 거둔 상태였다.	  ※ 우울감 등 말하기 어려운 고민이 있거나 주변에 이런 어려움을 겪는 가족·지인이 있을 경우 자살 예방 핫라인 ☎1577-0199, 희망의 전화 ☎129, 생명의 전화 ☎1588-9191, 청소년 전화 ☎1388 등에서 24시간 전문가의 상담을 받을 수 있습니다.	     저작권ⓒ  '건강을 위한 정직한 지식'   / 무단전재-"
주사기 재사용한 의사 실형 “C형간염 집단감염 유발”,"일회용 주사기를 재사용해 C형간염 집단 감염을 일으킨 혐의로 재판에 넘겨진 의사들이 1심에서 실형 선고를 받았다.	  서울중앙지법 형사합의 22부는 15일 업무상 과실치상 혐의로 기소된 서울 동작구 모 의원 전 원장에게 금고 2년6개월을 선고했다.	 같은 혐의로 기소된 또 다른 의사에게는 금고 1년에 집행유예 2년형이 내려졌다.	 금고형은 징역형처럼 강제노동을 부과하지 않고 교도소에 수감하는 형이다.	 다만 해당 의원 원장에게는 피해자들의 피해를 회복할 기회를 주기 위해 법정구속은 하지 않았다.	  재판부는 C형간염에 걸린 의원 방문 환자들의 염기서열 분석 결과 99.9% 일치하고 C형간염 바이러스의 주요 감염원은 혈액이나 기구인 점, 병원 관계자들이 오염된 주사액을 환자들에게 재사용했다고 진술한 점을 근거로 이같이 판결했다.	  재판부는 ""피고인들은 의료인의 직업윤리와 전문성을 믿은 환자들의 신뢰를 져버리고 업무상 주의 의무를 소홀히 했을 뿐 아니라 실제 다수의 피해자들이 C형간염에 감염되는 중대한 결과를 초래했다""면서 ""C형간염에 감염된 피해자들은 상당 기간에 걸쳐 신체적·정신적 고통을 겪어온 것으로 보인다""고 판시했다.	  앞서 질병관리본부는 2011-2012년 해당 의원의 내원자 7303명을 대상으로  C형간염 검사를 비롯한 역학조사를 시행한 결과, 과거 C형 간염에 걸렸거나 현재 걸렸음을 알 수 있는 항체 양성자는 335명으로 확인됐다고 발표한 바 있다.	  경찰조사 결과, 해당 의원에서는 일회용 주사기를 재사용한 정황과 함께 같은 생리식염수 수액백에 주사액을 미리 만들어 놓고 여러 환자들에게 반복해 사용한 것으로 드러났다.	 이후 이들 의사들은 내원자 77명이 C형간염에 걸리게 한 혐의로 재판에 넘겨졌다.	  그러나 해당 의원 의사들의 변호인은 재판과정에서 혐의를 전면 부인했다.	 변호인은 ""만일 업무상 과실이 있다고 하더라도 피해자들이 감염된 C형간염은 생리식염수를 사용해 주사액을 만드는 신경차단술 등과 연관성이 없다고 밝혀졌다""면서 ""업무상 과실과 피해자들이 입은 상해와는 인과관계가 없다""고 주장했다.	  C형 간염은 B형 간염과 달리 백신이 개발되어 있지 않고 면역글로불린도 없어 치료에 어려움이 많다.	 급성 C형 간염은 감기 몸살 증세, 전신 권태감, 메스꺼움, 구역질, 식욕부진 등이  발생하며 급성 환자의 80-90%가 만성화되며 만성 C형 간염의 20%가 간경화증으로 진행된다.	     저작권ⓒ  '건강을 위한 정직한 지식'   / 무단전재-"
"의대 교수들 “전공의 고발 철회, 정책 원점으로”","의대 정원 확대와 공공의대 설립 등을 두고 정부와 의료계의 갈등이 극한대결로 치닫는 가운데, 정부가 전공의 10명을 고발하고 278명에게 업무개시명령을 내리자 의대 교수들이 강력 반발하고 있다.	  전국의 의대 교수들은 28~29일 속속 성명을 내고 정부가 강공책을 계속하면 집단행동에 나서겠다고 경고하고 있어, 정부와 의료계의 '끝장대결'이 환자를 볼모로 '의료대란'으로 이어질 가능성이 커졌다.	 현재 상당수 대학병원에서는 진료·수술 연기가 속출하고 있으며, 서울대병원에서는 진료 축소를 공식 선언했다.	 정부의 강공에 의료계 전체가 맞불을 놓으면 코로나 19사태까지 겹쳐 최악의 의료대란이 이어질 수밖에 없다.	  서울대병원 내과는 28일 ""오는 31일부터 1주일 동안 연기가 가능한 외래와 시술 등의 진료를 축소하고 입원환자 진료에 집중할 예정""이라며 ""이후에도 상황이 바뀌지 않으면 외래 진료를 중단할 수밖에 없다""고 밝혔다.	  서울대병원 측에서는 전공의, 전임의 등의 집단휴진에 따라 입원환자에 집중할 수밖에 없어 피치 못한 조치라고 설명했지만, 전날 회의에서 상당수 교수들은 정부의 방침에 거부감을 보인 것으로 알려져, 의료계에서는 교수들의 파업 동참으로 보는 시각이 크다.	  전국의 의대 교수들은 28~29일 정부를 비판하는 성명서를 발표하고 있다.	 가천대, 가톨릭대, 가톨릭관동대, 건양대, 경북대, 경희대, 고려대, 대구가톨릭대, 부산대, 서울대, 성균관대, 순천향대, 아주대, 연세대, 영남대, 울산대, 이화여대, 전남대, 중앙대, 충북대, 한림대, 한양대 의대와 강원대 의학전문대학원 등 20여 개 의대·의전원 교수들은 성명서를 내고 정부의 전공의 고발 철회와 정부에서 최근 발표한 의료정책의 원점 재검토를 촉구했다.	  정부 정책에 비판적으로 관망하던 교수들을 들고 일어서게 한 계기는 28일 보건복지부가 전공의 10명을 고발한 것.	  한양대의대교수협의회는 28일 ""한양대병원 전공의가 중증코로나 응급환자 진료과정에서 확진자에 노출돼 자가 격리 후 복귀하자마자 고발됐다""면서 ""우리 제자들인 의대생, 전공의, 전임의 단 한 명이라도 부당한 조치가 가해질 경우 교수들은 가능한 모든 수단을 동원해 집단행동에 나설 것""이라고 경고했다.	  연세대 의대 유대현 학장은 이날 교수들에게 보낸 '세브란스병원 전공의 고발 조치에 따른 긴급 서신'을 통해 ""세브란스병원 전공의 1명을 포함해 복지부가 경찰에 고발했다.	 교수들이 신중하고 절제된 최소한의 요구도 무시한 채 그릇된 정책을 밀어붙이겠다는 정부의 의지를 표명한 것""이라며 ""교수들의 의견을 물어 응급실, 중환자실, 코로나19 관련 진료를 제외한 모든 진료의 축소, 단계적 파업, 교수 사직서 제출 등 강력한 대응을 준비하겠다""고 밝혔다.	  의대 교수들은 제자인 의대생들의 의사고시 불참 및 연기 주장에 대해서도 힘을 보탰다.	  전국의과대학교수협의회는 28일 성명서를 내고 ""현재 전국적으로 코로나19 재확산 상황과 각 대학병원에서 진료공백을 메우고 있는 임상교수들의 채점교수 파견 어려움이 겹쳐있다""며 의사국가시험 실기시험을 최소 2주 이상 연기할 것을 제안했다.	  전의교협은 ""이번 사태로 제자들의 불이익 방지를 위한 행정적 조치를 요구하며, 불이익을 받는다면 전국 의과대학 교수들의 단체행동도 마다하지 않을 것""이라고 경고했다.	  한국의과대학·의학전문대학원협회도 이날 성명서를 통해 ""현재 전국적으로 코로나19 재확산 상황과 각 대학병원에서 진료공백을 메우고 있는 임상교수들의 채점교수 파견 어려움이 겹쳐있다""면서 의사국가시험 실기시험을 최소 2주 이상 연기하라고 주장했다.	  동국대 의대는 28일 한국보건의료인국가시험원장 앞으로 공문을 보내 9월1일부터 실시되는 의사고시 실기시험 채점위원에 교수들이 참석하지 않겠다고 통보했다.	  일부 의대 교수들은 복지부가 태도 변화를 보이는 듯하다가 강공책으로 나온 데 대해서 발끈하고 있다.	 복지부는 최근 의료계 원로들의 의견을 들으며 대화 움직임을 보였지만, 대통령이 26~27일 ""원칙적 법 집행을 통해 의료 파업에 강력 대처하라""고 주문한 데 이어 의사들을 강력 비판하자, 전공의 고발과 업무개시명령 등을 실행했다.	 법무부와 경찰청도 의사 집단휴진에 대해 엄정 대응 방침을 발표했다.	     저작권ⓒ  '건강을 위한 정직한 지식'   / 무단전재-"
"법무부·경찰청, ""의사 파업"" 대응 예고...""블랙아웃""도 처벌 가능","보건복지부가 28일 업무개시명령 불응 전공의 10명을 고발조치한다고 밝힌데 이어, 업무개시명령 범위를 수도권에서 전국으로 확대했다.	  이와 더불어 법무부와 경찰청도 복지부에 협조해, 의사 집단휴진에 대한 엄정 대응을 하겠다고 예고했다.	  그동안 전공의들은 병원에 사직서를 제출한 만큼 정부가 요구하는 업무 개시에 응할 당위성은 부족하다는 입장을 고수했다.	  하지만 이에 대해 법무부는 ""정부 정책 철회를 위한 단체행동의 일환으로 집단 사직서를 제출하더라도 적법하게 업무개시명령을 할 수 있다""며 ""업무개시명령을 정당한 사유 없이 거부하는 경우 의료법에 따라 처벌될 수 있다""고 밝혔다.	  더불어 대한전공의협의회는 외부 연락을 일절 받지 않는 '블랙아웃'을 진행할 예정인 가운데, 법무부는 이 역시도 형사처벌 대상이 될 수 있음을 밝혔다.	  법무부는 ""대한전공의협의회가 '블랙아웃 행동지침'을 내려 적법한 업무개시명령의 송달을 조직적으로 방해한다는 보도""가 있다며 ""업무개시명령을 직접 교부받지 않는 방법으로 회피하려 하더라도 행정절차법 등 관련 법률에 따라 적법하게 송달할 수 있으며, 업무개시명령의 송달을 방해하는 것은 사실관계에 따라서는 업무개시명령 거부행위를 적극적으로 교사 또는 방조하는 행위로서 형사처벌 대상이 될 수 있다""고 전했다.	  또한 경찰청은 업무개시명령을 위반하고, 동료 의사의 업무복귀를 방해하거나 제지하는 등의 행위를 '불법행위'로 간주하고, 단호하게 대응할 것이라고 밝혔다.	  경찰청은 ""보건당국으로부터 관련 고발장이 접수되면, 최대한 신속하게 수사해 엄정하게 사법처리할 것""이라고 밝혔다.	  한편, 대한의사협회는 정부의 강경 조치에 무기한 3차 파업을 진행할 수도 있을 것이라고 밝혀 의사 파업이 장기화될 가능성이 우려되고 있다.	 현재 정부와 의료계는 협의의 타협점을 찾지 못한 채 서로의 입장을 강고하게 고수하고 있는 상황이다.	 최근 공공의대 신설 문제와 관련, 학생 선발 기준 등이 논란이 되면서 의료계를 지지하는 목소리가 커지고 있으나, 코로나19 국면에서 벌어지는 의사 파업을 비난하는 목소리도 여전히 양립하는 상황이다.	     저작권ⓒ  '건강을 위한 정직한 지식'   / 무단전재-"
"복지부, 업무개시명령 불응 전공의 10명 고발...추가 고발조치 예정","보건복지부는 28일 10시 30분, 업무개시명령을 이행하지 않은 3개 병원 응급실 미복귀 전공의 10명을 대상으로 서울지방경찰청에 고발조치한다고 밝혔다.	  또한 지속적인 현장조사를 통해 추가 고발조치를 취할 예정이다.	  앞서 지난 26일 복지부는 의료법 59조에 근거, 수도권 전공의와 전임의를 대상으로 병원 업무 복귀를 명령하는 업무개시명령을 내렸다.	 의료법 59조는 보건복지부장관이 업무개시명령을 내릴 수 있다는 내용을 골자로 하며, 의료법 88조에는 업무개시명령 미이행 시 징역이나 벌금형을 내릴 수 있다는 내용이 담겨 있다.	  수도권 수련병원 응급실, 중환자실을 시작으로 현장조사를 시작해 전공의와 전임의 근무여부를 확인하고, 이를 어길 시 형사처벌, 행정처분 등의 조치를 취하겠다는 것이다.	  이에 대해 대한의사협회 최대집 회장은 업무개시명령 등의 정부 조치를 '악법'으로 규정, 정부의 강압적 행정에 더욱 적극적으로 대응할 것이라고 밝혔다.	 최대집 회장은 ""감옥은 내가 가겠다""며 ""의사 면허 취소와 3년 징역형 등은 야만적 협박""이라고 비판했다.	  의협은 한 명의 전공의, 전임의, 개원의라도 피해를 입을 시에는 △13만 전 의사 무기한 총파업 돌입 △행정처분, 형사고발 당한 회원 전폭적 법률 지원 △경찰 또는 검찰 조사 시 회장 동행 등을 진행하겠다고 밝혔다.	     저작권ⓒ  '건강을 위한 정직한 지식'   / 무단전재-"
