"""다이어트약 3개월 이상 못 먹는다""…오남용하면 경찰조사까지","새해에는 단순 다이어트 목적의 식욕억제제 처방·투약이 훨씬 까다로워질 전망이다.	식품의약품안전처는 '의료용 오남용 사전알리미 제도' 본격 시행에 따라 한 번에 4주 이상 분량의 식욕억제제 처방을 요구하거나 여러 종류의 식욕억제제 복용을 시도할 경우, 강도높은 경찰조사를 받게될 수 있다고 경고했다.	마약류로 분류될 만큼 중독성과 부작용이 심각한 향정신성 식욕억제제이지만 최근 2년간 해당 약제를 처방받은 사람은 330만명이 넘는다.	 김성주 의원실이 공개한 자료에 따르면, 2018년 5월부터 2020년 6월까지 향정신성 식욕억제제의 대표격인 펜터민, 펜디메트라진, 디에틸프로피온, 로카세린, 마진돌 성분 제제는 332만여명에게 약 5억2300만정이 투여됐다.1인 평균 157정을 복용할 정도로 다이어트를 위해 쉽게 복용되는 식욕억제제이지만 부작용은 결코 가볍지 않다.	 식욕억제제의 흔한 부작용으로는 입마름, 불면증, 어지러움, 두근거림, 불안감, 신경과민 등이 있다.	 장기 복용할 경우 심각한 우울증, 성격변화, 환청, 환각 같은 정신신경계 부작용은 물론 폐동맥 고혈압, 빈맥같은 심혈관계 부작용까지 발생할 수 있다.	식약처는 국민 건강과 안전 차원에서 '오남용 사전알리미 제도'를 도입하고 식욕억제제를 처방단계에서부터 관리한다는 계획이다.	 처음에는 단순히 오남용 처방이 이루어지고 있다는 정보가 제공되지만 추적관찰을 통해 문제가 개선되지 않으면 '경고' 조치가 이루어진다.	 이후 처방사유 등을 확인한 후 오남용 문제가 심각한 것으로 파악되면 현장조사를 통해 수사의뢰 절차를 밟게 된다.	 이 때 처방한 의사는 물론 식욕억제제를 복용한 환자도 경찰 수사 대상이 된다.	식욕억제제의 경우 ▲1회 처방기간 4주 이내 ▲최대 3개월 이내 사용 ▲다른 식욕억제제와 병용금기 ▲청소년·어린이에게 사용 금지 등의 원칙에 따라 이를 위반하면 처방의사에게 경고를 발송한다는 설명이다.	 오는 프로포폴과 졸피뎀도 각각 2, 3월부터 오남용 사전알리미 제도 대상에 포함된다.	식품의약품안전처 마약관리과 권대근 사무관은 ""향정신성의약품으로 분류되는 식욕억제제는 비급여로 처방을 받더라도 중복, 장기처방이 이루어지고 있는지 확인할 수 있는 시스템이 마련되어 있다""고 밝혔다.	 이미 1755명의 식욕억제제 안전사용기준을 위반, 사전알리미 대상이 되는 처방사례가 확인됐다고 밝힌 그는 ""의사가 환자진료를 거부할 수는 없으나 마약류의약품은 법개정을 통해 환자의 부당한 처방은 거부할 수 있으니 소비자들도 식욕억제제 장기 처방 등을 강력히 요구해도 처방받을 수 없음을 명심할 필요가 있다""고 덧붙였다.	전문가들은 식욕억제제를 복용하기 전 부작용을 인지하고 전문가들의 지시를 따를 것을 강조한다.	 향정의약품인 식욕억제제는 각종 부작용이 빈번하기에 반드시 의사, 약사 등 전문가의 복약지도를 따르고, 장기복용하지 않도록 주의를 기울여야만 살을 빼려다 건강을 잃지 않는단 것이다.	대한약사회 신성주 홍보이사는 ""향정신성 식욕억제제 복용자는 대부분은 심한 목마름, 두근거림 등의 부작용을 겪고, 밤 늦은 시간 복용하는 경우에는 혈압상승, 불면증 등 부작용을 호소하는 경우가 많다""고 식욕억제제 부작용을 경고하면서 복용 시 전문가의 지시를 반드시 따라야 한다고 말했다.	 신성주 이사는 또 ""식욕억제제 장기복용자들은 심혈관계 질환, 우울증 신경질환 등 다양한 부작용을 겪기에 3개월 이상 약을 복용하거나 다른 식욕억제제와 함께 먹지 않도록 주의를 기울여야 한다""고 당부했다."
동부구치소 70대 남성 확진자 1명 추가 사망,"코로나19 집단감염이 발생하고 있는 서울동부구치소에서 코로나19 확진자 1명이 사망했다.7일 법조계와 방역당국에 따르면 이날 오전 동부구치소에서 확진 판정을 받은 70대 남성 수용자 A씨가 사망했다.	 A씨는 지난달 25일 양성 판정을 받고 격리 중이었다.	A씨는 이날 오전 6시께 호흡곤란을 겪었으며, 119구급차를 타고 인근에 있는 경찰병원으로 이송됐으나 사망했다.	 A씨는 무증상자였으나 평소 협심증과 고혈압 등 기저질환이 있었던 것으로 알려졌다.	이에 따라 전국 교정시설에서 코로나19로 사망한 수용자는 A씨를 포함해 모두 3명으로 늘었다.	 앞서 동부구치소에 수감 중이던 `굿모닝시티 분양 사기' 주범 윤창열씨가 코로나19 확진 판정을 받은 뒤 외부 시설로 옮겨져 치료를 받던 중 지난달 27일 사망했다.	지난달 31일에는 서울구치소에서 확진 판정을 받은 30대 남성이 이송될 병원을 찾던 중 구급차 안에서 사망하기도 했다.	 이날 오전 9시까지 전국 교정시설의 코로나19 누적 확진자는 1천205명이며 이 중 출소자를 포함한 수용자는 1163명이다."
경남서 독감백신 사망자 추가 발생… 창원 70대 남성,경상남도 창원에서 독감백신을 맞은 70대 남성이 숨진 채 발견됐다.	 이로써 경남에서만 이틀 사이에 독감백신 접종 추정 사망자가 2명 발생했다.	경찰에 따르면 22일 오전 10시 18분께 창원시 진해구 한 주택에서 79세 A씨가 숨진 채 발견됐다.	 유족들은 A씨가 20일 오후 집 근처 병원에서 독감백신을 접종했다고 진술했다.	 보건당국은 병원을 상대로 A씨 접종 사실을 확인했다.	앞서 창원에서는 70대 남성 B씨가 지난 19일 오전 10시께 한 요양병원에서 독감 백신을 접종한 뒤 숨졌다.	 B씨는 21일 오후 6시께 목욕탕에서 사망한 상태로 발견됐다.	 B씨는 당뇨와 경증 치매 등 기저 질환이 있었던 것으로 확인됐다.	B씨가 접종받은 백신은 SK바이오사이언스의 스카이셀플루 4가다.	 해당 백신이 상온 노출로 효능 저하 우려가 제기되거나 백색 입자가 검출된 제품인지는 확인되지 않았다.
"독감백신 접종 70대 숨진 채 발견… ""인과관계 확인 중""","전북 고창에서 독감 백신을 접종한 70대가 숨진 채 발견돼 보건당국이 조사를 진행하고 있다.20일 전북도 등에 따르면 이날 오전 7시 35분께 고창군 상하면 한 주택에서 A씨가 숨진 채 쓰러져 있는 것을 이웃 주민이 발견해 경찰에 신고했다.	 A씨는 전날 오전 8시 30분께 동네 한 의원에서 독감 백신을 접종했다.	 A씨가 맞은 백신은 보령바이오파마 보령플루인 것으로 파악됐다.	A씨는 생전 고혈압, 당뇨병 등 기저질환은 있었지만, 독감 접종 당시 특이 증상은 없었던 것으로 확인됐다.	전북도 보건당국은 ""A씨 사망과 백신 접종과의 연관성은 명확하게 규명되지 않았다""고 밝혔고, 전북도 관계자 역시 ""현재까지 독감 백신이 직접적 사망원인이라고 단정할 단계는 아니다""라고 했다.	하지만 보건당국은 구체적인 경위를 파악하기 위해 조사를 진행하고 있으며, 도 관계자는 해당 사안을 질병관리청에 보고하고 다른 백신접종자에 대한 이상 유무를 확인하는 중인 것으로 알려졌다."
코로나 때문에 TV 속 베드·액션신 사라진다,"미국 CBS방송의 인기 경찰 드라마 '스와트'는 긴박한 액션신과 베드신으로 잘 알려져 있다.	 하지만 최근 방송에선 이런 장면이 대폭 줄었다.	 신종 코로나바이러스 감염증 관련 방역 차원에서 촬영 당시 배우들 간 접촉을 최소화했기 때문이다.13일 미국 일간 월스트리트저널은 코로나19가 드라마나 게임쇼 등 TV 프로그램의 내용에도 영향을 미치고 있다고 소개했다.	신문은 ""팬데믹 속에서 할리우드가 제작을 재개하는 가운데, 코로나19에 대한 공포가 TV 프로그램의 제작 방식을 바꾸고 있다""며 ""제작자들은 군중이 나오거나 인물들이 밀접하게 있는 장면 촬영을 피하고 특별 출연자를 등장시키려 하지도 않는다""고 설명했다.	제작진이 프로그램 내용을 수정하면서까지 방역에 신경 쓰는 건 그만큼 촬영장에서 바이러스 전파가 쉽기 때문이다.	실내 세트장의 경우 좁은 공간에서 여러 사람이 장기간 밀접하게 있을 때가 많다.	 배우와 감독, 촬영ㆍ조명ㆍ오디오팀뿐 아니라 배우의 매니저, 스타일리스트까지 한 공간에 몰려 있다.	 특히 배우는 마스크를 착용하지 않아 바이러스에 '무방비'로 노출된다.	시시각각 촬영 장소가 바뀌어 출연진이 자주 이동해야 한다는 점도 감염 위험을 높인다.	촬영 현장에서 감염자가 나오면 제작진은 당분간 촬영을 일시 중단할 수밖에 없다.	 실제로 최근 NBC 드라마 '우리 생애 나날들'과 HBO의 차기 역사 드라마 '더 길디드 에이지'는 일부 제작진이 코로나19에 걸려 촬영을 멈춘 상태다.	스와트 촬영장에선 배우ㆍ감독ㆍ오디오팀과 작가ㆍ제작자들이 머무르는 공간을 엄격히 구분 짓고, 각자 자신의 '구역'을 나타내는 팔찌를 차도록 했다.	스와트책임 프로듀서인 숀 라이언은 보통 250명씩 두던 엑스트라를 30명으로 줄였으며, 식사시간에는 기존의 뷔페식 회식과 달리 모두가 개인용 식탁에서 도시락을 먹는다고 전했다.	 특별 출연자가 나올 경우 따로 돈을 주고 촬영 전 5일간 다른 방송 촬영을 하지 않도록 한다.	배우들과 밀접 접촉자들은 최소 주 3회 코로나19 검사를 받고 촬영 현장에는 거리두기 준수 여부를 판별하는 방역 전문가를 두기도 했다.	WSJ은 ""코로나19 검사 및 예방 조치가 할리우드에서 확산하며 촬영 비용도 늘고 있다""며 ""보통 1시간짜리 드라마를 찍는 데 30만 달러가 넘는 추가 비용이 발생하고, 코미디의 경우 약 15만 달러가 더 들게 됐다""고 전했다."
"병원 40곳 돌며 프로포폴 236회… 식약처, ""관리""는 하나?","한 사람이 1년 남짓한 기간에 수십 개 병원을 돌면서 프로포폴을 200회 이상 투여한다?	 이런 일이 벌어질 수 있을까?	 최근 국내에서 실제 일어난 일이다.	지난 2018년 5월 식품의약품안전처가 ‘마약류 통합관리시스템’을 시행하기 시작했지만, 의료용 마약 과다 처방 사례는 끊이지 않는 것으로 나타났다.	 ‘프로포폴 200회 투여’도 국민의힘 전봉민 의원이 13일 공개한 식약처 국정감사 자료에 언급된 사례다.	 전 의원이 공개한 자료에는 시스템의 존재 자체를 의심하게 하는 황당한 사례들이 있다.	경찰 수사를 받고 있는 20대 여성 A씨는 2019년 1월부터 2020년 3월까지 15개월 동안 프로포폴을 총 236회 투약한 혐의를 받는다.	 해당 기간 동안 A씨에게 프로포폴을 처방한 병·의원만 40개에 달한다.	의사들이 투약 사실을 숨기거나 거짓 보고했으나 마약류 통합관리시스템에 의해 적발되지 않은 사실도 드러났다.	의사 B씨는 마약류 통합관리시스템에 10대 남성 환자에게 주의력결핍과잉행동장애 치료제 메칠페니데이트를 처방·투약했다고 보고했으나 실제로는 환자에게 투약하지 않은 것으로 확인됐다.	의사 C씨의 경우 40대 여성 환자에게 프로포폴을 투약했지만 진료기록부에는 투약 사실을 기재하지 않았다.	 하지만 이 역시 적발되지 않았다.	전봉민 의원은 “대검찰청 마약백서에 따르면 2019년 마약사범 재범률은 36%에 이른다.	 재활교육이 중요하지만 유명무실하게 운영되고 있기 때문”이라며 “교육의 실효성을 높여야 한다”고 말했다.	한편 이번 자료에 따르면 오남용 사례를 신속 적발하기 위한 ‘의료용 마약 오남용 기준’의 마련율은 13% 수준에 그친 것으로 나타났다.	 기준 마련이 필요한 의료용 마약류는 총 47개지만, 이 중 ▲졸피뎀 ▲프로포폴 ▲식욕억제제4종 등 6개만 마련된 실정이다.	식약처 계획에 따르면 2022년에 나머지 41개 기준이 마련되기 때문에 향후 2년 동안 41개 의료용 마약류가 오남용 기준 없이 운영될 것으로 예상된다."
뇌전증 환자의 뺑소니는 무죄? 신경외과 전문의에게 물었다,"교통사고를 낸 후 도주한 A씨가 뇌전증으로 인해 '기억을 하지 못한다'는 이유로 무죄를 선고받았다.	 이에 A씨가 실제로 사고 당시 뇌전증 발작을 일으킨 게 맞는지, 그렇다고 하더라도 사고를 일으킨 사람에게 무죄를 선고한 것이 맞는지에 대한 논란이 이어지고 있다.	 뇌전증은 과거 '간질'로 불리기도 했는데, 발작을 일으킨다는 것 외에 '일시적 기억상실' 등을 일으킬 수 있다는 것도 일반인들에겐 생소하다.	 이번 사건에 대해 전문가의 의견을 들어봤다.	지난 2018년 9월, A씨는 차선 변경 과정에서 B씨의 차량을 들이받고 도주했다.	 이어 방향을 틀다 다른 차량을 연이어 들이받았다.	 이 사고로 피해자 2명이 전치 2주의 상해 진단을 받았다.	 그러나 A씨는 사고 현장에서 도주했다.	 서울중앙지법은 ▲A씨가 2016년 뇌전증을 진단받은 점 ▲당시 현장에 출동한 경찰관이 A씨의 표정에서 거짓말이라는 느낌을 받지 못했다고 증언한 점 ▲사고 직후 A씨 남편이 경찰관과 통화할 때 A씨에게 기억상실 증상이 있다고 진술한 점 등을 근거로 무죄 선고를 내렸다.	A씨의 경우처럼, 실제 뇌전증 환자는 '일시적 기억상실'을 겪을 수 있는 걸까.	 길병원 신경외과 박광우 교수는 ""뇌전증 환자가 일시적으로 기억을 잃는 것은 흔한 증상""이라며 ""그러나 뇌전증 발작 후에는 대개 의식을 잃는 경우가 많은데, A씨의 경우처럼 운전까지 지속하는 경우는 극히 드물다""고 말했다.	 이어 박광우 교수는 ""극히 드물긴 해도 가능성이 아예 없는 것은 아니다""라며 ""사실을 정확히 밝히려면 사고 당시 A씨의 뇌파를 살펴봐야 하는데, CCTV 영상만으로는 판단에 한계가 있다""고 말했다.	현재 법적으로 뇌전증 환자는 면허를 취득하는 게 불가능하다.	 그러나 면허 취득 당시 뇌전증 발병 사실을 숨긴다면 사실상 취득이 가능해진다.	 이미 면허를 취득한 뇌전증 환자가 운전해선 안 된다는 규제도 없다.	 특히 잦은 발작을 일으키거나 제대로 치료를 받지 않는 뇌전증 환자, 혹은 치료를 받더라도 조절되지 않는 뇌전증 환자의 경우 큰 사고로 이어질 위험성이 높으므로 이런 환자의 운전에 관한 정확한 가이드라인이 만들어져야 할 필요성이 보인다.	다만, 꾸준한 치료로 발작이 거의 발생하지 않는 환자에게 무조건 운전을 금지하기도 어렵다.	 뇌전증 환자도 꾸준히 약을 복용하고, 잘 관리하면 일반인과 다름없이 생활할 수 있다.	 실제 뇌전증 환자의 교통사고 발생률이 일반인에 비해 크게 높지 않다는 연구 결과가 나오기도 했다.	 박광우 교수는 ""뇌전증 환자들에게 사회적 낙인을 찍지 않는 선에서 적절한 가이드라인이 필요하다""며 ""뇌전증 전조증상을 느끼는 환자는 최대한 운전을 하지 말아야 하고, 대중교통 등을 이용할 때도 위험한 상황에 처할 수 있으니 안전한 곳에서 안정을 취하는 게 좋다""고 말했다."
"자살 고민 전화, 한밤에 몰리는데… 상담원은 낮의 ""반토막""","극단적 선택을 고민하는 사람이 전화를 거는 보건복지부'1393 자살예방 상담전화'가 한밤에 몰리는데, 근무인원은 정작 낮에 집중돼있는 것으로 조사됐다.	 최근 '코로나 블루'를 호소하는 사람이 늘면서 이에 대한 대비책이 필요하다는 지적이다.	국회 보건복지위원회 소속 강선우 더불어민주당 의원이 22일 보건복지부로부터 제출받은 이와 같은 자료를 23일 공개했다.	자료에 따르면 지난 1~8월 하루 중 가장 많은 상담전화가 걸려온 시점이 오후 11시부터 새벽 1시다.	 오후 11시부터 자정까지가 7103건으로 가장 많았고, 0~1시 사이가 7089건으로 뒤를 이었다.	 하지만 쏟아지는 전화에도 불구하고, 근무 상담원은 낮의 절반 수준이었다.	 이에 따라 응대실패율이 오후 11시~12시 73%, 0~1시 71%에 달했다.	보건복지부 자살예방상담전화센터는 4조 3교대 근무로 돌아간다.	 겹치는 시간대인 오후 2∼4시에는 18명이 투입되는데 정작 취약시간대인 오후 10시 이후에는 9명만 근무한다.	 지난 8개월간 오후 2∼3시에 걸려온 상담전화는 3952건, 오후 3∼4시에는 4302건으로 파악됐다.	 근무자가 많다 보니 응대 실패율도 각각 31%와 55%로 크게 낮았다.	자살예방상담전화센터는 비상시 경찰과 소방에 연락해 출동할 수 있는 체제를 갖췄다.	 지난해 월평균 약 297건의 출동이 있었는데, 올해는 8개월간 월평균 약 320건으로 약 8% 늘었다.	 코로나 블루 탓에 우울증을 호소하는 사람들이 늘면서 심한 경우 극단적 선택 시도로 이어지고 있다고 분석된다.	 복지부에서는 자살예방 상담전화 자체가 격무라 상담사가 자주 바뀌는 등 고충이 적지 않다고 호소했다.	강선우 의원은 “코로나 블루로 국민 정신건강에 적신호가 켜진 만큼, 자살 예방을 위한 인력 확충과 운영체계 확대 개편 등 방향 설정부터 근본적으로 다시 세워야 할 것”이라며 “상담원에 대한 정신과 진료 및 심리 상담 역시 지원돼야 한다”고 말했다.	한편, 자살 충동이 잦을 때는 우울증을 의심하고 반드시 정신건강의학과를 찾는 게 좋다.	 평소에는 햇볕을 많이 쬐고, 운동하고, 따뜻한 물로 목욕을 하는 게 도움이 된다."
"한국, 이틀에 한 명꼴로 ""마약범죄""… 교통범죄·절도·폭행·강간 순","최근 부산 해운대에서 40대 A씨가 대마 흡입 후 환각 상태에서 7중 추돌사고를 내는 사건이 발생했다.	 그런데 이처럼 마약류를 투약 또는 흡입한 후 범죄를 저지르는 건수가 국내에 갈수록 증가하고 있는 것으로 나타났다.	국회 보건복지위원회 인재근 의원이 경찰청으로부터 제출받은 자료를 토대로 이와 같은 내용을 담은 통계를 22일 발표했다.	 자료에 따르면 최근 3년간 마약류를 투약 또는 흡입한 후 범죄를 저지른 가해자가 564명에 이르는 것으로 집계됐다.	 이틀에 한 명꼴로 마약 흡입 가해자가 발생한 셈이다.	인재근 의원에 따르면 마약 흡입 가해자는 2017년 107명에서 2018년 221명, 2019년 236명으로, 2년 새 두 배 이상 증가했다.	 이 중 남성은 476명, 여성은 88명이었다.	범죄 유형별로 살펴보면, 교통범죄가 142명으로 가장 많았고, 절도 116명, 폭행 57명, 강간 51명, 손괴 41명 순이었다.	 살인을 저지른 마약 흡입 가해자도 5명에 달했다.	정부는 마약 유통 및 흡입을 방지하기 위한 대책을 강화하고 있지만 온라인 마약거래, 신종 마약류 유입 등으로 인해 단속이 어려운 실정이다.	 실제 올해 5월 대검찰청에서 발표한 ‘2019 마약류 범죄백서’에 따르면 2019년 적발된 마약사범은 1만6044명으로 역대 최다를 기록했다.	인재근 의원은 “마약범죄는 사회를 병들게 하는 것뿐만 아니라 음주운전처럼 타인에게 직접적인 피해를 줄 수 있다는 경각심을 가져야 한다”며 ""정부는 마약범죄 근절을 위해 더 많은 지원과 관심을 기울여야 한다”고 말했다.	​ 해운대 사고 가해자가 흡입한 대마는 중독됐을 때 시간이 느리게 가는 느낌이 들고, 고용량 흡입하면 비현실감을 느낀다.	 운동기능 저하도 발생해 자동차 운전 등의 기계 조작이 위험하다.	 대량 사용하면 기립성 저혈압, 섬망, 의식장애 등이 나타날 수 있다.	 그 밖에 연기를 들이마시는 과정에서 '타르' 등의 유해물질이 흡입되며 폐암 위험이 높아진다.	 산모가 사용할 때는 기형 발생률이 커지고, 장기간 사용 시 주의력 감퇴, 무감동, 무기력 등 무욕증후군이 나타난다.	 벤조디아제핀이나 항정신병 약물 치료가 필요하다.	이 밖에 LSD 같은 환각제는 중독됐을 때 우울, 불안, 피해망상, 관계망상, 폭행 등이 발생할 수 있다.	 코카인이나 암페타민계 약물 역시 피해망상, 과대망상, 폭력 등을 유발할 수 있고, 금단 증상으로 우울, 피로, 악목, 두통, 근육통 등이 나타난다.	 코카인의 경우 약물 갈망이 더 심해진다.	 모두 반드시 치료가 필요한 중독 질환의 일종이다."
"딸 ""그림"" 때문에 편의점 돌진… 분노조절장애 진단 기준은?","경기도 평택시에서 차량을 모고 편의점에 돌진한 30대 여성이 특수상해, 특수재물손괴 등 혐의로 구속됐다.	 경찰에 따르면 A씨는 자신의 제네시스 승용차를 운전해 편의점 내부로 돌진한 후, 10분 넘게 편의점 안을 앞뒤로 반복 운전하며 B씨를 위협했다.	 A씨는 이 과정에서 날아간 유리 파편으로 B씨를 다치게한 혐의도 받고 있다.	A씨와 B씨는 평소 잘 알고 지내던 사이였으나, 지난 5월 편의점 본사에서 진행한 어린이 사생대회로 인해 갈등이 시작됐다.	 A씨의 딸이 그림을 그려 제출했는데 알 수 없는 이유로 그림이 사라져 사생대회에 출품하지 못했다.	 A씨는 B씨가 고의로 그림을 분실했다고 판단해 이번 사건을 저지른 것으로 경찰은 판단했다.	A씨는 지난 2018년 4월에도 분노조절장애 치료를 위해 병원을 가던 중, 병원 외벽을 들이받아 특수재물손괴 혐의로 징역형의 집행유예를 선고받은 바 있다.	 경찰은 집행유예 기간 중 이번 범행을 저질렀기에 사안이 중대하다고 판단해 구속영장을 신청했다고 밝혔다.	분노조절장애는 정신건강의학과에서는 '간헐적 폭발성 장애'라고 부르기도 한다.	 단순히 예민한 성격을 넘어 정신건강에 문제가 생긴 것으로, 치료가 필요한 상태를 말한다.	 분노조절장애가 생기는 가장 흔한 이유는 우울증 등으로 인해 감정 조절에 어려움이 생기는 경우다.	 오랜 우울증이 지속되거나, 상당한 스트레스를 경험하면 뇌의 전전두엽에 과부하가 생기면서 제 기능을 못 하게 된다.	 전전두엽이 기능을 상실하면 감정을 제어하지 못하다 결국 사소한 일을 계기로 폭발하게 된다.	분노조절장애 자가진단법은 다음과 같다.	 1~3개의 항목에 해당하면 어느 정도 감정 조절이 가능한 단계이다.	 4~8개에 해당한다면 감정조절 능력이 약간 부족한 단계로 본다.	 9개 이상에 해당하면 분노조절이 힘들고 공격성이 강한 것으로 볼 수 있어 전문가와 상담이 필요하다.	​​ 정신건강의학과 진료를 통해 약물치료, 인지행동치료 등으로 개선할 수 있다.1.	 성격이 급하며 금방 흥분하는 편이다.2.	 내가 한 일이 잘한 일이라면 반드시 인정받아야 하며 그러지 못하면 화가 난다.3.	 온라인 게임에서 본인의 의도대로 되지 않아 화가 난 적이 여러 번 있다.4.	 자신이 하는 일이 잘 풀리지 않으면 쉽게 포기하고 좌절감을 느낀다.5.	 타인의 잘못을 그냥 넘기지 못하고 꼭 마찰이 일어난다.6.	 다른 사람들이 나를 무시하는 것 같고 억울하다는 생각이 자주 든다.7.	 화가 나면 상대방에게 거친 말과 함께 폭력을 행사한다.8.	 화가 나면 주변의 물건을 집어 던진다.9.	 분이 쉽게 풀리지 않아 우는 경우가 종종 있다.10.	 내 잘못도 다른 사람의 탓을 하면서 화를 낸다.11.	 중요한 일을 앞두고 화가 나 그 일을 망친 적이 있다."
"해운대 7중추돌, 운전자 대마 흡입… ""대마""가 일으키는 신체 변화는?","해운대 7중추돌 사고의 원인은 포르쉐 운전자의 '환각 질주' 때문이었던 것으로 확인됐다.	부산경찰청은 마약 투약 혐의로 7중 추돌사고를 낸 운전자 A씨를 조사하고 있다고 15일 밝혔다.	A씨는 이날 경찰 조사에서 사고 직전 차 안에서 대마를 흡입한 사실을 자백한 것으로 알려졌다.	 또한 A씨는 7중 추돌 사고 전에도 두 차례 더 사고를 낸 것으로 파악됐다.	A씨가 흡입한 대마는 60개가 넘는 화학성분으로 구성돼있다.	 뇌의 기억 기능을 담당하는 '해마'와 신경세포를 손상하고 뇌 신경들을 연결하는 '시냅스'에 변화를 일으킨다.	 뇌 혈류량을 감소시켜 중추신경계에 영향을 미치면서 인지기능을 떨어뜨리기도 한다.	담배와 가장 큰 차이점은 무기력증, 환각, 망상 등 정신병 증상을 유발하는 것이다.	 또한 담배에는 발암물질을 일부 걸러내는 필터가 있는데 대마초는 불법으로 제조돼 제대로 된 필터가 없어 발암물질을 그대로 흡입하게 된다.	대마는 어린 나이에 흡입할수록 중독될 확률이 높고, 특정 유전자​를 가진 사람이 중독에 쉽게 빠진다고 전해진다.	한편, 대마를 한 번 피워도 6개월 후까지 모발에 축적돼 검출되고, 소변을 통해서는 3~4일까지 확인이 가능하다."
"질본, 오늘부터 ""질병관리청"" 승격… 뭐가 달라지나?","지난 8일 국무회의에서 질병관리청 직제 제정안이 의결되면서 질병관리본부가 오늘부터 '질병관리청'으로 확대 개편된다.	 초대 청장은 현재 중앙방역대책본부 정은경 본부장이 맡았다.	기존의 질병관리본부는 전염병을 연구하고 대응하기 위해 만들어진 보건복지부 산하 기관이다.	 2003년 사스 유행으로 감염병 관리의 필요성이 대두되며 설립됐다.	 그러나 2015년 메르스 유행 당시, 초기에 제대로 된 방역 조치를 수행하지 못했다는 평가를 받았다.	질병관리본부가 제 몫을 다하기 어려웠던 가장 큰 이유는 '권한 부족'이었다.	 질병관리본부장은 차관급 인사임에도 불구, 보건복지부 산하 소속이라는 이유로 인사권, 예산권, 결정권 등이 부족해 신속한 방역 조치를 위한 규제 설정이나 예산 확보 등이 어려웠던 것이다.	 반면 미국의 사례를 보면 '질병통제예방센터'가 감염병 상황이 발생했을 때 지방정부와 경찰을 직접 통제한다.2015년 당시에도 메르스 유행 후속 조치로 질병관리본부를 분리하고자 하는 움직임이 있었지만, 전문가들 사이에서 의견이 엇갈리며 무산된 바 있다.	 이번에는 코로나19 세계적 대유행이 장기화하면서 이를 대비하기 위한 방책으로 조직 개편을 빠르게 승인한 것으로 보인다.	 이로써 질병관리본부는 국립보건원에서 확대 개편된 이후 16년 만에 '질병관리청'으로 승격된 것이다.	앞으로 질병관리청은 어떤 변화를 겪게 될까.	 우선 독립된 중앙행정기관으로서 조직·인사·예산을 독자적으로 운영하게 된다.	 조직 규모는 1청장, 1차장, 8국, 관 16과, 총 1476명 규모로 구성된다.	 기존 대비 350명의 인력이 보충되는 것.	 복지부로부터 위임받아 사무를 집행했던 것과 달리, 감염병예방법 등 6개 법률을 소관하고 집행 권한을 보유하게 된다.	지역 대응 체계도 바뀐다.	 기존에는 중앙 전담조직이 없고, 지방 6개 시·도에서만 전담조직을 운영했다.	 개편 후에는 수도권·충남권·호남권·경북권·경남권에 5개 질병대응센터와 제주출장소를 신설하고, 전체 시·도에도 전담조직을 설치한다.	 2차 소속기관인 국립감염병연구소를 신설해 백신 및 치료제 실용화도 촉진한다.	질병관리본부 정은경 본부장은 11일 정례브리핑에서 질병관리청 승격을 앞두고 목표를 다졌다.	 그는 ""질병관리청의 첫 번째 미션은 코로나19를 극복하는 데 전력을 다하는 것""이라며 ""코로나19 이외에도 인수공통감염병을 포함한 신종감염병에 대한 진단 또는 조사·대응 역량을 미리 준비할 것""이라고 말했다."
"""제2의 정인이 안돼"" 학대아동 발견부터 지원까지 의사가 나선다","'정인이 사건'이 국민적 공분을 사고 있는 가운데 아동학대 정황을 초기에 발견할 가능성이 높은 의사들을 통해 아동학대 재발을 막기 위한 대책이 추진될 전망이다.	 의사들이 아동학대의 정황을 보다 빨리 파악할 수 있는 장치를 마련하고 피해 아동의 정보를 빠르게 파악, 치료와 지원을 받을 수 있는 환경을 만들어줄 수 있도록 국회가 나선 것이다.	더불어민주당 신현영 의원은 '정인이 사건' 재발 방지를 위해 준비중인 법안은 ▲의료기관 피해 아동 알림 시스템 구축 ▲아동학대 의학적 선별도구 활용 활성화 ▲아동학대 전담 의료지원 체계 구축이다.	의료진이 아이들을 진료할 때 과거 아동학대 신고 이력이 있는 경우 의료진들에게만 별도의 '알림' 기능을 시스템적으로 도입해, 꼼꼼하게 아동학대 정황을 살필 수 있도록 하자는 것이다.	또한 보건복지부와 대한소아응급의학회 등이 마련한 아동학대 선별도구인 FIND를 적극적으로 활용해 학대의심아동의 건강상태를 지속적으로 추적하고, 피해아동이 실질적인 치료, 지원을 받을 수 있도록 시스템을 구축하자는게 신 의원이 준비중인 법안의 핵심이다.	 아동보호기관에서 관리중인 학대 이력 아동의 정보를 지역 의료기관과 공유, 지속적으로 아동 상태를 관찰할 수 있는 시스템을 만들자는 것이다.	 신현영 의원실은 학대 피해 의심 정황이 있거나 신고된 아동이 정기적으로 의학적인 검사를 받을 수 있도록 아동학대 전담 주치의를 매칭 할 수 있는 아동학대 전담 의료지원 체계 구축방안까지도 구체적으로 검토중이라고 설명했다.	의사출신인 신현영 의원은 ""경찰과 함께 정인이 사건 조사를 맡은 아동보호전문기관에서 '학대로 인한 영양실조 의심'이라는 의료기관의 의학적 소견을 무시하는 바람에 학대 부모와 정인이가 분리되지 못했다""고 안타까움을 표했다.	 신현영 의원은 또 ""의료 전문가로서 실제 현장에서 아동학대 문제를 대응하는데 미흡한 부분이 없었는지 꼼꼼하고 철저하게 점검해 학대 사례에 대한 조기 발견과 재발방지를 위한 예방책을 마련하겠다""고 말했다."
몰카 개그맨 징역 5형 구형… 음란물 중독과 관련 있나?,"KBS 연구동 내 여자 화장실에 카메라를 설치해 불법 촬영을 한 혐의로 구속기소된 개그맨 박모씨에게 검찰이 징역 5년을 구형했다.	 더불어 신상정보 공개, 5년간 아동·청소년 관련 기관과 장애인복지시설 취업제한을 요청했다.11일 서울남부지법 류희현 판사 심리로 열린 공판에서 검찰은 ""피고인은 초소형 카메라를 구매해 설치한 뒤 장기간 불법 촬영을 했다""며 ""신뢰 관계에 있는 직장 동료를 대상으로 한 범행으로 피해자들이 엄벌을 원하고 있다""고 밝혔다.	이날 재판에 참석한 피해자 측 법률대리인은 ""피고인이 잘못을 자백한다면서도 수사기관에는 2020년 1월부터 범행을 시작했다고 말했다""며 ""그러나 자백과 달리 피고인의 범행은 장기간 이뤄졌으며 이 사실을 알게 된 피해자들은 자백하고 반성한다는 피고인에게 속았다는 기분이 들어 강력한 처벌을 원하고 있다""고 말했다.	​ 박씨는 최후 변론에서 울먹이며 ""저로 인해 고통받으신 피해자분들과 가족들에게 죄송하다""며 ""재범 방지를 위해 정신과 치료와 교육도 받겠다""고 말했다.	검찰에 따르면 박씨는 2018년 10월부터 지난 5월까지 수십차례에 걸쳐 서울 영등포구 여의도 KBS 연구동 내 여자 화장실이나 탈의실에 들어가 피해자를 몰래 촬영하거나 촬영을 시도하고, 불법 촬영 기기를 설치한 혐의를 받는다.	 박씨는 불법 촬영기기 설치 사실이 드러나자 지난 6월 경찰에 자진 출석했다.	음란물에 중독됐다고 모두 범죄를 저지르는 것은 아니다.	 하지만 도촬 범죄를 저지른 사람 중 평소 관련 영상을 많이 보던 음란물 중독자가 실제 많이 있다.	 보통 다양한 종류의 음란물을 접하다가 도촬 영상에 집착하게 되고 단순 시청을 넘어 실제 행위로 이어지는 것이다.	도촬 영상을 비롯해 음란물 중독에서 벗어나려면 바로 음란물 시청을 중단해야 한다.	 어렵다면 시청 시간을 10~30분씩이라도 서서히 줄여간다.	 특히 도촬과 같은 불법 영상은 절대 보지 않는다.	 스스로 음란물 시청을 멈추기 힘들다면 병원을 찾아 약물 치료를 받는 것도 방법이다."
"정부, 업무개시명령 불응한 전공의 10명 경찰 고발","전공의, 전임의 등 의사 집단 휴진이 8일째 계속되는 가운데, 보건복지부는 업무개시명령 미이행으로 3개 병원 응급실 미복귀 10명의 전공의를 서울지방경찰청에 고발 조치했다.	또한 전공의와 전임의를 대상으로 업무개시명령을 수도권에서 전국으로 확대하고, 즉시 환자 진료 업무에 복귀할 것을 명령했다.	정부는 코로나19 확진자가 수도권 외 지역에서도 100명을 넘어서는 등 코로나 19의 전국적인 대규모 유행이 크게 우려되는 상황에서 집단 휴진이 강행됨에 따라, 업무개시명령을 비수도권까지 확대하는 것이 불가피하다는 입장이다.	한편, 대한의사협회는 ""코로나19 확산세가 심각한 상황에서 파업여부와 상관없이 전공의, 전임의 등을 포함한 의사들이 충실히 그 업무를 수행 중이며, 현재에도 많은 의사들이 선별진료소를 지원하는 등 국민의 보건에 중대한 위해를 끼치거나 진료에 막대한 지장을 초래한 사실이 없다""며 ""정부의 업무개시명령은 부당한 공권력 행사""라는 입장이다.	보건복지부에 따르면 27일 12시 기준으로 전국 전공의 8800여명 가운데 70% 가까운 6000여명이 근무하지 않는 것으로 나타났으며, 전임의는 전체 1,900여명 가운데 540여명인 28% 정도가 휴진에 동참한 것으로 파악됐다.	 동네의원의 경우 10곳 중 1곳 정도가 휴진에 참여했다."
"면허 취소 수준, 김정렬 음주운전 적발… 혈중 알코올 농도별 증상은?","개그맨 김정렬이 음주운전으로 적발됐는데, 면허 취소 수준에 해당하는 것으로 밝혀졌다.	경기 화성서부경찰서는 31일 김정렬을 도로교통법 위반 혐의로 불구속 입건했다고 밝혔다.	 김정렬은 30일 오후 1시 30분쯤 화성의 한 도로에서 술을 마신 채 카니발을 운전한 혐의를 받고 있다.	 김정렬은 ""누군가 음주운전 하는 것 같다""는 시민의 신고를 받고 출동한 경찰의 음주 측정에 응한 것으로 알려졌다.	 당시 김정렬의 혈중알코올농도는 면허 취소 수준인 0.275%였다.	경찰 관계자는 ""당시 동승자는 없었던 것으로 파악하고 있다""며 ""정확한 경위는 조사 중""이라고 말했다.	 한편, 김정렬은 지난 2007년에도 서울 마포구에서 음주운전을 했다가 적발된 적 있다.	술을 마시면 뇌가 제 기능을 하지 못하는데, 면허 취소 수준인 0.08% 이상이면 사고력·자제력이 떨어진 상태고 김정렬처럼 혈중알코올농도가 0.275%이면 운동기능이 떨어진 상태다.	 혈중알코올농도가 0.05%에만 도달해도 사고력·자제력이 저하된다.	 혈중알코올농도가 0.10%일 땐 언어 기능이 떨어지고  0.20%일 때는 운동기능이 저하된다.	 심지어 혈중알코올농도가 0.40%가 되면 감각 기능이 완전히 사라지고 0.60% 이상으로 올라가면 호흡 및 심장 박동 기능이 망가져 사망할 수 있다.	따라서 술을 조금이라도 마셨을 경우 판단력이 흐려지기 때문에 절대 운전하면 안 된다.	 대개 소주 한 두 잔만 마셔도 알코올 농도가 0.03%에 이른다.	 한 시간에 한 병 정도를 마셨다면 8시간 이상 충분한 휴식을 취한 후 운전하는 것이 바람직하다.	  한 병 이상 과음을 했을 경우 아침에도 혈중알코올농도가 단속 기준 이상으로 측정될 수 있어서 다음날까지 운전을 자제하는 게 좋다."
"""백신 없고, 무증상 많은 C형 간염… 피어싱·문신 주의를""","C형간염은 국내 암 사망률 2위인 '간암'의 주요 원인 질환이다.	 C형간염 바이러스에 감염된 사람의 70~80%는 만성간염으로 진행하는데, 이중 약 3~40%는 오랜 기간을 거쳐 간경변증이나 간암으로 발전한다.	 증상이 있는 환자는 6%에 불과해 감염 여부도 모른 채 심각한 상태로 이어질 수 있다는 게 문제다.	 C형간염은 예방 백신은 없지만, 치료약이 개발돼 완치가 가능하다.	 개인의 완치뿐 아니라 지역 사회로의 전파를 예방하기 위해서는 조기 진단과 치료가 매우 중요하다.	 C형간염에 대해 대한간학회 학술이사인 고대구로병원 소화기내과 김지훈 교수를 만나 이야기를 들었다.	 C형간염은 'C형간염 바이러스'에 감염되며 생기는 염증성 질환을 말합니다.	 이 바이러스가 간세포에 침범하면 간에 염증을 일으켜 점차 간을 망가트립니다.	 감염 초기에는 독감과 비슷한 증상, 피로, 오심, 구토, 복부 통증 등 증상이 나타날 수도 있지만, 증상을 느끼는 사람은 6%에 불과합니다.	 대부분 무증상이기 때문에 스스로 감염을 의심하고 병원에 방문해 진단으로 이어지는 게 어렵다는 한계가 있습니다.	 C형간염 바이러스에 감염되면 50~80%는 만성간염이 되는 것으로 알려졌습니다.	 만성화되지 않는 A형간염이나, 성인이 만성화되는 경우가 적은 B형간염과 달리 만성화되는 비율이 상당히 높은 편입니다.	 처음 감염된 후 6개월 정도의 급성기가 지나면 저절로 회복되거나, 만성화되거나 둘 중 하나인데요.	 만성간염의 30~40%는 간경변이나 간암이 됩니다.	 이 정도로 악화되기 까지는 20~30년 정도의 긴 시간이 걸리는데요.	 간암은 5년 생존율이 20~30%밖에 안 되기 때문에 진행 속도가 느리다고 해도 예후가 나쁜 질환으로 볼 수 있겠습니다.	 정확한 통계가 없다는 게 C형간염의 가장 큰 문제점 중 하나입니다.	 국민건강영양조사에 따르면 국내 환자는 약 30만 명 정도인 것으로 추측됩니다.	 다만, 실제 바이러스를 몸속에 지니고 전염력을 가진 사람은 이보다 더 많을 수 있습니다.	 이들은 감염 사실을 모른 채 지역 사회에 바이러스를 전파하는 주체가 될 수 있어 문제입니다.	 대부분 환자에게서 증상이 나타나지 않고, 아주 천천히 간을 망가트린다는 C형간염의 특징 때문에 감염 사실을 인지하기 어려운 거죠.	 따라서 숨어있는 환자를 찾아내는 게 무엇보다 중요합니다.	 C형간염은 혈액 또는 체액을 매개로 전파됩니다.	 수혈을 받거나, 피어싱·문신 시술 등 과정에서 제대로 소독되지 않은 기구를 사용하면 전염될 수 있습니다.	 과거에는 수혈에 대한 C형간염 검사가 제대로 이뤄지지 않아 수혈하면서 옮겨지기도 했습니다.	 따라서 의료 시설이 아닌 곳에서 시술을 받은 경험이 있다면 검사를 받아보시는 게 좋겠습니다.	 드물게 성 접촉을 통해서 감염되기도 합니다.	 여러 명의 파트너와 관계를 가질 경우 검사해보실 것을 권합니다.	 일상생활에서는 면도기, 칫솔, 손톱깎이 등 상처로 오염될 수 있는 도구는 C형간염 환자와 함께 사용하지 말아야 합니다.	 2017년까지는 감시가 제대로 이뤄지지 않은 게 사실입니다.	 2017년부터는 법정 3급 감염병으로 지정돼 전수감시가 시작됐습니다.	 지금은 국가 차원에서 노력을 기울이고 있다고 생각합니다.	 다만, 현재는 A·B·C형 간염이 서로 다른 부서에서 각각 관리되고 있습니다.	 세 간염 모두 간에 발생하는 질환이고, B·C형의 경우 결국 간경변이나 간암으로 악화될 수 있다는 점에서 질병의 흐름이 비슷하다고 볼 수 있는데요.	 이들 질환을 통합적으로 관리해야 더욱 체계적인 조치가 가능하다고 생각합니다.	 C형간염은 코로나19 바이러스와 마찬가지로 'RNA 계열 바이러스'입니다.	 RNA 바이러스는 유전적 변이가 심해 계속 변화하기 때문에 백신 개발이 어려운 상황입니다.	 백신을 만들기 위해 많은 노력이 있었음에도, 아직은 개발되지 않았습니다.	 그렇지만, 좋은 치료약은 있습니다.	 과거에는 20년 동안 주사제로 치료를 해왔는데요.	 치료 기간이 긴 데다, 부작용도 심해 환자들이 대부분 치료를 견디지 못했습니다.	 2015년 이후부터는 2~3개월만 경구 복용해도 완치가 가능한 약제가 나왔습니다.	 조기에 발견만 한다면, 어렵지 않게 완치할 수 있습니다.	 진단은 굉장히 간단합니다.	 혈액 검사를 통해 C형간염 바이러스의 항체 유무를 확인하면 됩니다.	 항체검사에서 양성이 나왔다면, C형간염 바이러스가 몸에 존재하는지 확인하기 위해 RNA 검사를 합니다.	 이 검사에서도 양성이 나왔다면 현재 C형간염 환자가 되는 것이죠.	 일반적으로 병원에서 진행하는 종합검진에는 B·C형 간염 검사를 포함하고 있기 때문에 쉽게 확인할 수 있습니다.	 그러나 C형간염 검진은 B형간염과 달리 국가검진에 포함돼있지 않습니다.	 필수 검진이 아니라서 본인이 원해서 검사하지 않으면 확인할 수 없습니다.	 아직 국가검진에 C형간염이 포함되지 않았지만, 국가검진으로 가기 위한 방편으로 일시적으로 무료 검진 사업을 진행하고 있습니다.	 질병관리본부와 보건복지부가 주축이 되어 C형간염 유병률이 높다고 알려진 1964년을 대상으로 무료 검진을 제공하는 건데요.	 국가검진 시 추가로 C형간염 검사를 진행하는 방식으로 진행됩니다.	 따라서 아직 국가검진을 받지 않은 1964년생 분들은 꼭 국가검진을 받아서 C형간염도 함께 검사해보시길 권해드립니다.	 더 많은 분이 C형간염 검사를 받을 수 있도록 국가 정책도 이어지길 바랍니다.	 C형간염의 주요 감염 경로는 '혈액'입니다.	 따라서 오염된 혈액에 노출될 수 있는 비면허 의료시술을 피하시는 게 가장 중요합니다.	 다른 분들도 40세 이상이라면 적어도 1회 이상 C형간염 검사를 받아보시길 바랍니다.	 최근에는 일반검진에 많이 포함돼 있으니 C형간염에 대한 항목을 관심 있게 봐주시는 것도 좋겠습니다.	 C형간염 검사 비용은 크게 부담되지 않는 정도입니다.	C형간염은 말씀드린 대로 완치제가 있습니다.	 완치할 수 있는 만성질환은 흔하지 않습니다.	 간경변, 간암이 됐을 때 발생할 의료·사회비용을 생각한다면 미리 찾아내 치료하는 게 비용적으로 훨씬 유리하다고 생각합니다.	 99%의 환자를 다 치료할 수 있다면 C형간염은 더 이상 존재하지 않는 병이 될 것입니다.	 공공보건을 위해 국가가 진단 노력을 함께하길 바랍니다.	고려대 의대를 졸업하고 현재 고려대학교 구로병원 간센터 교수로 재직하고 있다.	 간암, 간경화, 만성 간질환을 전문적으로 진료한다.	 현재 대한간학회 학술이사이며, 대한간암학회 학술이사, 대한간학회 재무이사, 대한소화기학회 편집위원, 대한간학회-	국림안센터 간암 치료 가이드라인 제정 위원 등을 역임하며 왕성한 학회활동을 펼치고 있다.	 국내 활동으로는 질병관리본부 B형 간염 전문분과 위원, 심사평가원 약제급여평가 및 진료심사평가 위원, 의료분쟁조정원 비상임 심의 위원, 남부지방경찰청 형집행정지 심의 위원, 한국보건의료연구원 연구기획자문단 자문위원을 맡은 바 있다."
경기도의 실험… 마스크 착용 안 하면 ‘벌금형’ 실효성 있을까?,"지난 18일 경기도 내 거주자와 방문자는 모두 실내 및 다중이 집합한 실외에서 모두 마스크를 의무적으로 착용해야 하는 행정명령이 발효됐다.	 '감염병 예방 및 관리에 관한 법률'에 근거한 것으로, 위반 시에는 관련 법률에 따라 벌금이나 과태료가 부과된다.	 코로나 확산 방지를 위한 어쩔 수 없는 방편으로 보이지만, 정확한 지침 마련 없이 발효된 터라 시민들의 혼란이 예상된다.18일부터 경기도에 거주하거나, 방문한 사람은 모두 실내와 다중이 집합한 실외에서 반드시 마스크를 착용해야 한다.	 경기도 측은 실내의 경우 일상적 사생활이나 음식물 섭취 등 불가피한 경우는 제외하겠으며, 실외의 경우 집회 및 공연 등에서 마스크를 착용해야 한다고 명시했다.	 이를 위반할 경우 300만원 이하의 벌금이나 10만원 이하의 과태료가 부과된다.	 마스크 미착용으로 인해 감염 확산 등 피해가 발생했다면 방역 비용이 구상 청구될 수 있다.	 벌금은 즉시 적용되지만, 과태료는 계도기간을 거쳐 10월 13일부터 정식 적용되며, 이때부터 단속도 시작할 계획이다.	이번 행정명령은 급격한 코로나19 확산을 막기 위한 조치였음에도 구체적인 지침 없이 내놓아 일부에선 실효성에 대한 의문이 제기되기도 했다.	 1300만명에 이르는 경기도민과 매일 경기도를 방문하는 방문자들의 마스크 착용 여부를 확인하는 것은 사실상 불가능하기 때문이다.	 단속이나 신고 방법에 대한 구체적인 지침도 마련되지 않았다.	 경기도청 관계자는 ""과태료와 달리 벌금은 당장 현시점부터 부과되므로 충분한 강제성을 지닌다""며 ""확진자 역학조사 과정에서든, 권한을 가진 행정공무원에 의해서든, 경찰 수사 과정에서 밝혀졌든 위반 사실이 있다면 벌금을 부과할 수 있다""이라고 말했다.	그러나 어떤 상황에서 마스크를 착용하지 않았을 때 행정명령을 위반한 것인지, 과태료와 벌금 부과 기준에 대한 명확한 지침이 나오지 않아 혼란스러운 시민들이 많다.	 마스크 착용 의무에서 제외하겠다고 밝힌 '일상적 사생활이나 음식물 섭취 등 불가피한 경우'를 특정하기가 상당히 모호하기 때문이다.	 야외에서는 정확히 몇 명 이상의 다중이 집합한 실외여야 위반에 해당하는 것인지도 알 수 없다.	경기도 파주시에 거주하는 A씨는 ""잠깐이라도 마스크를 벗었다가 누군가 신고하면 과태료를 내야 하는 건지 헷갈린다""며 ""과태료가 무서워 외출하기도 꺼려진다""고 말했다.	 특히 과태료와 달리 '벌금'은 형벌의 일종이다.	 벌금 처분을 받으면 전과 기록이 남기 때문에 명확한 기준이 중요한 문제다.	 이번 행정명령의 근거가 된 '감염병 예방 및 관리에 관한 법률'에는 마스크 착용 등 방역지침 준수를 명해야 한다는 내용 외에 마스크 착용 위반 시 처벌에 관한 내용은 없었다.	 정확한 지침 마련 전까지는 경기도 측에서도 쉽게 벌금을 부여하기는 어려울 것으로 보인다.	다만, 당장 벌금이나 과태료가 부과되지 않더라도 상징적인 경고의 의미는 지닐 것으로 보인다.	 실제 경기도 소재 기업들은 직원들에게 행정명령 발효 사실을 공지하며 방역 수칙을 더욱 충실히 지켜 달라고 당부하기도 했다.	 경기도 소재 기업에 근무하는 B씨는 ""확실히 행정명령 이후 평소보다 회사 내에서 마스크를 쓰는 사람이 많아졌다""며 ""하지만 단속이 시작되기 전까지 확실한 기준 마련이 필요할 것 같다""고 말했다.	 마스크 착용 의무화 행정명령의 실효성을 담보하고, 시민들의 혼란과 마찰을 줄이기 위해서는 명확한 관련 지침 마련이 필요해 보인다."
"[속보] 파주서 ""또"" 확진자 도주, 사랑제일교회 관련 교인…",파주병원에서 격리치료를 받던 50대 경기 평택시민 A씨가 도주했다.	파주시에 따르면 병원 직원이 이날 오전 8시경 격리치료 중이던 A씨 병실에 배식을 위해 들어갔다가 A씨가 사라진 것을 확인했다.	파주병원은 이후 A씨가 이날 0시 18분 병원 정문을 나가는 모습을 CCTV에서 확인하고 경찰에 신고했다.	 경찰은 A씨의 위치추적과 함께 평택시에 사실을 알리고 추적 중이다.	A씨는 서울 성북구 소재 사랑제일교회에서 예배에 참석한 뒤 코로나19 확진 판정을 받았던 것으로 알려졌다.	 전날 경북 포항에서도 사랑제일교회 여성 신도가 확진 판정을 받은 후 도주했다 검거된 바 있다.
"전광훈 코로나 확진, 재확산 우려… 중대본이 제시한 ""지침""","전광훈 사랑제일교회 목사가 코로나 확진 판정을 받았다고 방역당국이 17일 밝혔다.	방역당국 관계자는 이날 ""전 목사가 코로나 검사를 받아 양성 판정을 받았다""며 ""15일 서울 광복절 집회에서 전 목사와 접촉한 사람들도 검사받아야 한다""고 말했다.	 이에 서울시 측은 사랑제일교회 검사 대상자 4066명 중 3437명의 소재를 확인해 검사를 진행하고 있다.	 전 목사는 지난 15일 서울 광화문에서 보수단체 등이 개최한 집회에 참석해 이를 주도해, 자가격리 지침을 어겼다는 비판이 나왔다.	 중앙사고수습본부 측은 전 목사가 지난 15일 오후 2시 서울시에서 자가격리 명령을 받고 이를 인지했지만, 같은 날 오후 3시 10분쯤 광화문집회에 참석했다고 밝혔다.	 이날 집회에는 보수단체 소속 시민 및 교인 등 5000여명이 참석한 것으로 알려졌다.	 정부와 보건복지부는 16일 전 목사를 자가격리 조치 위반, 조사대상 명단 누락·은폐 등의 혐의로 경찰에 고발했다.	 한편 전 목사는 지난 2월 공직선거법 위반으로 구속됐다가 지난 4월 20일 보석으로 석방됐다.	 국내 코로나 재확산 우려도 계속 커지고 있다.	 중앙방역대책본부는 17일 최근 2주 국내 감염경로를 보면 국내 집단발병이 65.1%로 높은 비중을 차지하며, 조사 중 비율도 11.6%라고 밝혔다.	 중대본은 지난 15일부터 서울시와 경기지역에서 ▴정규예배·미사·법회 등을 제외한 종교시설 주관의 각종 대면 모임 활동·행사 ▲정규 예배·미사·법회 시 찬송, 통성기도 등 큰 소리로 노래를 부르거나 말하는 행위를 금지했고, 정규 예배·미사·법회 등은 ▲음식 제공 및 단체 식사 금지 ▲전자출입명부 설치 및 이용 ▲출입자 증상 확인 및 유증상자 등 출입 제한 ▲방역관리자 지정 ▲마스크 착용 ▲종교행사 전·후 시설 소독 및 소독대장 작성 ▲시설 내 이용자 간 2m 간격 유지 등 핵심방역수칙을 준수해야 정상 진행할 수 있다고 밝혔다.	 더불어 서울·경기 외 지역의 모든 종교시설에서도 서울과 경기지역의 조치에 준하여 방역수칙을 철저하게 준수할 것을 당부했다.	중대본은 또 지난 16일부터 서울과 경기지역의 사회적 거리두기를 '2단계'로 격상함에 따라 서울·경기 지역 주민들이 관련 지침을 준수할 것을 당부했다.	 구체적으로 ▲의료기관 방문, 생필품 구매, 출·퇴근 외에, 불요불급한 외출·모임·행사·여행 등은 연기하거나 취소하고 ▲식사는 음식점·카페에서 방문하기 보다 포장·배달음식을 활용하고 ▲운동은 체육시설에 가기 보다 집에서 홈트레이닝으로 대체하고 ▲친구·동료모임은 대면 모임보다는 PC나 휴대폰 활용하여 각자 집에서 비대면 모임으로 대체하는 것이다.	 한편 외출하더라도 ▲실내에서는 반드시 마스크를 착용하고 ▲실외에서도 2m 거리두기가 어려운 경우 착용하고 ▲사람 간 2m이상 거리를 두고 ▲침방울이 튀는 행위, 신체접촉은 하지 말아야 한다.	 환기가 안 되고 사람이 많은 밀집·밀폐·밀접한 장소는 가지 않는다.	 특히, 발열이나 호흡기 증상 등 몸이 아프면 외출·출근·등교하지 않고, 적극적으로 콜센터  또는 관할 보건소로 문의하거나 선별진료소를 방문하여 진료받아야 한다."
"KBS 몰카 개그맨, 직접 여자화장실 촬영… 혹시 도촬물 중독자?","KBS 건물 내 몰래카메라를 설치한 개그맨 박모씨를 조사한 결과, 직접 여자화장실·탈의실 들어가 22차례 촬영했던 사실이 드러났다.14일 오전 KBS 연구동 건물에 몰래카메라를 설치한 공채 개그맨 박모씨에 대한 첫 재판이 열렸다.	 박씨는 해당 건물에 몰카를 설치했다가 적발돼 경찰이 수사에 들어가자 지난 6월 자수했다.	 조사 결과, 박씨는 단순히 몰래카메라를 설치한 것뿐만 아니라 직접 여자화장실과 탈의실 숨어 피해자를 수십 차례 촬영한 것으로 드러났다.	 현재 박씨는 성폭력범죄의 처벌 등에 관한 특례법 위반, 성적 목적 다중 이용 장소 침입 등 혐의로 재판받는 중이다.	타인의 인격권을 침해하는 도촬은 엄연한 불법 행위지만 해당 범죄는 계속 발생하고 있다.	 이는 범죄자가 평소 도촬 영상을 많이 봐서 중독됐기 때문일 수 있다.	 다양한 종류의 음란물을 접하다가 도촬 영상에 집착하게 되고 시청을 넘어 실제 다른 사람을 도촬하는 범죄 행위로 이어지는 것이다.	 한 대학병원 교수는 불법 도촬을 저지른 후 정신과에 방문한 사람 중에는 평소 도촬 영상을 많이 보던 음란물 중독자가 적지 않다고 말했다.	음란물 중독에서 벗어나려면 일단 음란물을 바로 끊어야 한다.	 이게 어렵다면 음란물 시청 시간을 10~30분씩 서서히 줄여간다.	 도촬과 같은 불법 영상은 절대 보지 않는다.	 스스로 음란물 보는 것을 통제할 수 없을 땐, 병원에 내원해 전문가의 도움을 받는다.	 음란물에 대한 갈망을 줄이기 위해 도파민 분비를 차단하는 등의 약을 처방받을 수 있다."
"안산 유치원 식중독, 냉장고 탓? 적정온도는…","경기도 안산시 유치원 집단 식중독 사태는 적정온도가 유지되지 않는 고장 난 냉장고가 원인일 수 있다는 조사 결과가 나왔다.	정부는 질병관리본부와 경찰 등으로 구성된 합동 역학조사단이 냉장고의 성능을 검사한 결과, 하부서랍칸 온도가 적정온도보다 10도 이상 높아 식자재에서 대장균이 증식했을 가능성이 크다고 12일 발표했다.	 하지만 이를 정확한 감염원인으로 단정하진 않았다.	 유치원 측이 6일간 보존해야 하는 음식 재료를 폐기한 데다가 역학조사가 시행되기 전에 내부를 이미 소독했기 때문이다.	 이에 정부는 해당 유치원 원장을 형사 고발하는 등 조치를 취하고 앞으로 유치원과 어린이집에 급식이 제대로 이뤄지는지 전수 조사할 계획이라 말했다.	그렇다면 음식 재료가 상하지 않게 보관할 수 있는 냉장고 적정온도는 몇 도일까?	 냉장실은 5도 이하 냉동실은 영하 18도가 적정온도다.	 이보다 높은 온도에서 음식물을 보관하면 냉장고 안에서 식중독을 일으키는 세균이 쉽게 번식한다.	 아일랜드의 연구 결과에 따르면 냉장실 온도가 5도보다 높은 상태에서 보관한 식품은 대장균과 황색포도상구균이 번식할 가능성이 컸다.	 식중독균이 감염된 음식을 먹으면 ▲오심 ▲구토 ▲복통 ▲설사 등이 나타나 주의가 필요하다.	냉장고가 적정온도여도 안심할 순 없다.	 국내 한 대학병원 가정의학과 교수는 냉장·냉동 상태에서도 식중독균은 증식이 억제될 뿐 아예 죽는 것은 아니기 때문에 여름철에는 되도록 적당량만을 조리한 후 곧바로 먹는 것이 좋다고 말했다.	 특히 음식이 균에 오염됐더라도 색깔이나, 맛, 향기 등이 변하지 않을 수 있어 주의해야 한다.	 따라서 신선한 상태로 적정온도에 보관되고 있는지와 유통기한을 확인해보는 습관을 갖는 것이 좋다.	 조리한 음식은 최대한 다 먹고 먹다 남은 음식은 되도록 냉장고에 넣지 않는다."
"제2의 프로포폴?… 전신마취제 ""에토미데이트""의 정체","지난 4월 가수 휘성이 에토미데이트를 투약하다 실신한 채로 발견된 데 이어 걸그룹 출신 연예인 A씨가 에토미데이트 구매를 시도한 정황이 포착돼 경찰이 수사에 나섰다.	 에토미데이트는 지난 2010년 마약류로 분류된 프로포폴과 달리 마약류로 분류된 약제는 아니다.	 환각성, 중독성이 없는 것으로 알려진 약제인데도 불구하고 오·남용 사례가 반복되는 이유는 무엇일까.'	에토미데이트'는 우유주사로 알려진 '프로포폴'과 닮은 약이다.	 백색의 전신마취 유도제로 사용될 뿐 아니라, 두 약은 작용 기전과 작용하는 수용체가 동일하다.	 둘 다 장기간 사용하더라도 ▲내성 ▲신체적 의존성 ▲중독성이 잘 생기지 않는 약제다.	 다만, 에토미데이트의 경우 프로포폴보다 심혈관계에 미치는 영향이 적은 것으로 알려졌다.	닮은 약이지만, 마약류로 지정된 것은 프로포폴뿐이다.	 에토미데이트는 현재 전문의약품으로 관리되고 있다.	 비교적 중독성이 적고 안전하다는 이유에서다.	 프로포폴보다 인지도가 낮은 것도 원인이 됐다.	 가천대 길병원 마취통증의학과 조누리 교수는 ""에토미데이트는 프로포폴보다 대중성이 낮아 약제에 대한 접근 자체가 적었다""며 ""이로 인해 오·남용 사례 보고가 적어 마약류 지정이 안 된 것으로 추측된다""고 말했다.2010년부터 프로포폴이 마약류관리법에 따라 '향정신성의약품'으로 분류되면서 에토미데이트 사용량은 급증했다.	 식품의약품안전처에 따르면 에토미데이트 수입량은 2010년 6만3000개에서 2011년에는 17만5490개로 2.8배 늘었고, 2018년에는 52만3920개로 8.3배나 증가했다.	 프로포폴과 효능·용법이 비슷해 대체 약제로 사용되고 있는 것이다.	현재까지 에토미데이트는 마약류로 지정되지 않았기 때문에 투약이나 소지만으로 처벌받지는 않는다.	 실제 가수 휘성도 외국인 B씨로부터 770만원 어치 31병의 에토미데이트를 구매한 사실이 밝혀졌지만, 별다른 처분 없이 귀가 조처 됐다.	 다만, 에토미데이트를 불법 판매한 혐의로 기소된 B씨는 약사법 위반으로 징역 1년을 선고받았다.	 의료인이 아니면서 에토미데이트를 주사하더라도 의료법 위반으로 처벌받는다.	휘성과 A씨의 사례처럼 오·남용 사례가 반복되자 식품의약품안전처는 에토미데이트를 '오·남용우려의약품'으로 지정했다.	 제품 용기, 포장 등에 '오·남용우려의약품'이라는 문구를 표시하고, 의약분업 예외지역에서도 병·의원에서만 사용할 수 있게 되는 등 유통 관리가 강화된다.	 대검찰청은 지난 2016년 ""에토미데이트를 마약류로 지정하는 방안을 검토 중""이라고 밝혔으나, 아직 마약류 지정에 관해 별다른 소식은 없다.	한편, 에토미데이트 마약류 지정에 관해 전문가 입장은 엇갈린다.	 조누리 교수는 ""프로포폴과 마찬가지로 '심리적 의존성'을 만들 수 있어 마약류 지정이 필요하다""고 말했다.	 반면 마약류로 지정하면 필요한 사람조차 쓰지 못할 수 있다는 우려도 있다.	 서울성모병원 마취통증의학과 이형묵 교수는 ""에토미데이트는 중독성이 없기 때문에 마약류로 지정하는 것은 합당치 않다""며 ""마약류로 지정되면 1차 의료기관에서는 사용을 중단하는 곳도 있을 것""이라고 말했다."
"아직도 ""훈육 위한 체벌?""... 부모의 ""정신""이 체벌 대상","16개월 입양 아동이 양부모의 학대로 숨진 '정인이 사건'으로 온 국민이 분노에 휩싸여 있다.	 충격적인 아동학대 범죄로 많은 사람들이 가슴 아파하고 있는 가운데, 주변 아이들이 학대 위험에 처한 것은 아닌지, 일상에서 훈육 목적으로 하는 체벌은 학대와 어떻게 다른지 궁금한 점이 많다.	 실제 아동학대를 한 부모는 자신의 행동이 아이 훈육을 위한 체벌이었다고 주장하는 경우가 대부분이다.	한국 사회에서 부모의 체벌은 당연한 것으로 받아들여진다.	 한국아동복지학회 논문에 실린 한 조사에 따르면, 초등학교 4학년부터 중학교 2학년의 아동 387명을 대상으로 조사한 결과, ‘지난 1년간 체벌을 1회 이상 경험했는가’란 질문에 90.3%가 ‘그렇다’고 답했다.	 체벌이 훈육 목적이라면 정당화될 수 있을까?	 전문가들은 그렇지 않다고 말한다.	 서울아산병원 어린이병원 소아정신건강의학과 김효원 교수는 ""어떤 체벌이든지 체벌은 훈육 방법으로 부적절하다""며 ""즉각적으로 문제 행동을 멈출지는 모르나 장기적으로는 그 행동이 사라지게 하는 데 도움이 안된다""고 말했다.	세브란스 어린이병원 소아정신과 신의진 교수는 ""체벌의 목적은 잘못된 행동을 고치는 것인데, 체벌을 하면 행동 교정이 잘 안된다""며 ""체벌을 했을 때 아픈 감정은 반감을 일으키고, 올바른 행동에 대한 내면화도 잘 되지 않는다""고 말했다.	특히 초등학교 입학 전 아이는 인지적인 발달이 충분치 않아 체벌을 해도 학습이 되지 않는다.	 예를 들어 신호등이 빨간 불일 때 길을 건너면 안된다는 것을 '엄마가 혼내서'가 아니라 '다칠 수 있어서'라는 것을 이해하려면 만 5~6세는 돼야 한다.	체벌은 대개 부모가 아이들 때문에 참을 수 없을 정도로 화가 났을 때 시작한다.	 부모는 아이를 때리는 것을 정당화하기 위해서 체벌을 한다고 합리화 한다.	 아이를 때리면서 아이의 행동을 가르치는 것보다는 부모 자신의 화를 풀게 되는 경우가 많다.	 그러다보니 처음에는 손바닥 한두대를 때리다가 멍이 들 정도로 심하게 때린다.	 결국 학대까지 이어지게 되는 것이다.	 신의진 교수는 “체벌로 효과를 보려면 체벌의 강도는 점점 더 세질 수밖에 없다”고 말했다.	김효원 교수는 “체벌보다는 아이의 행동을 장기적으로 바꾸기 위해서는 아이도 부모도 좀더 차분해져서 감정을 조절하고 논리적으로 생각을 할 수 있는 상태에서 찬찬히 설명하면서 타이르는 것이 더 낫다”며 “아이의 행동을 지속적으로 관찰하면서 바람직한 행동을 하거나 잘못된 행동을 줄여가려고 노력하는 것에 대해서 칭찬해주고 격려해주는 행동 수정을 시행하는 것이 좋다”고 말했다.	한편, 유아기나 아동기의 신체적, 정서적 학대는 성인기의 성격과 정신 건강에도 부정적인 영향을 준다.	 지금 내가 하는 것이 훈육인지 학대인지 고민이 될 때는, 같은 행동을 다른 사람이 우리 아이에게 해도 좋을지 생각해보자.	 김 교수는 ""다른 사람들이 우리 아이에게 하면 아이들의 마음에 상처를 입힐 것 같은 행동, 그런 행동이 아동학대""라고 말했다.	제2의 제3의 정인이를 만들지 않기 위해서, 아동학대 신고 의무화 법에 따라 아동청소년 단체의 장이나 종사자, 의료인 등은 아동학대가 의심되면 신고를 해야 한다.	 신의진 교수는 ""학대가 특히 위험한 시기는 자기 목소리를 내지 못하는 영유아기""라며 ""이 때는 주변인의 역할도 중요하다""고 말했다.	 아이가 얼굴, 뒷덜미, 등 같이 상처가 날 만한 부위가 아닌 곳에 멍이나 상처가 있을 때, 음식을 허겁지겁 주어 먹을 때, 계절에 맞지 않은 옷을 입을 때, 손을 올렸을 때 크게 당황하거나 두려워할 때 아동학대를 의심할 수 있다.	신의진 교수는 ""아동학대 가해자인 부모들은 대부분 정신적인 문제가 있다""며 ""근본적인 예방이나 개선을 위해서는 학대 가해자인 부모 역시 치료가 필요하다""고 말했다.	 학대 가해자는 인격장애의 하나인 ‘소시오패스’가 많다는 것이 신 교수의 설명.	 소시오패스는 타인에 대해 공감하는 능력이 거의 없다.	 상대를 미워하면 상대가 인간이라는 것을 잊어버린다.	신 교수는 “이들이 범죄까지 가기 전에 발견 해 치료를 통해 학대나 폭력을 멈춰야 한다”며 “시간도 오래 걸리고, 치료 과정이 복잡하지만 제대로 된 예방 효과를 거둘 수 있다""고 말했다.	 학대는 또한 대물림이 되기 때문에 제대로된 치료는 미래 세대를 위한 예방책이기도 하다.	실제 영국, 일본 등 선진국은 아동학대 예방을 위해 전문 인력을 보유해 제대로된 교육을 하고, 수사팀도 전문성을 보유한 인력으로 구성하고 있다.	 정인이 사건의 경우에도 어린이집 교사, 의사, 주변인의 신고가 있었지만, 경찰 수사가 제대로 되지 않아 결국 사망까지 이어졌다.	한편, 아동 학대 의심 신고 건수는 해마다 증가하는 추세다.	 보건복지부 자료에 따르면, 2015년 1만6651건이었던 신고 건수는 2017년 3만923건, 2019년 3만8380건으로 급증했다.	 올해의 경우 신고 건수가 오히려 줄었는데, 코로나19로 인해 집에서 머무르는 시간이 많아 아동 학대 발굴이 어려워진 탓으로 분석된다.	주변에 심각한 체벌 등으로 아동학대를 당하는 사례가 있다면 112 또는 관할 지역아동보호전문기관을 통해 신고가 가능하다.	 신고자 신분은 아동학대범죄의 처벌 등에 관한 특례법 제 10조, 제 62조에 의해 보장된다."
아이돌 A씨가 찾은 마취제 ‘에토미데이트’ 무엇?,"아이돌 그룹 출신 연예인 A씨가 전신마취유도제 에토미데이트를 구하려 한 사실이 밝혀졌다.27일 SBS 보도에 따르면, 아이돌 그룹 출신 연예인 A씨가 에토미데이트를 구하려 한 혐의로 지난달 말 경찰에 소환돼 조사받았다.	 지난 4월 가수 휘성도 에토미데이트를 구매한 사실이 밝혀져 논란이 됐다.	에토미데이트는 본래 병원에서 환자에게 검사나 수술을 시행할 때 쓰는 의약품이지만 최근 수면유도제로 불법 유통되는 사례가 늘고 있다.	에토미데이트는 수면내시경 검사 등에서 쓰는 백색의 전신마취유도제로 프로포폴과 유사한 효과가 있다.	 정맥에 주사해서 전신마취를 유도하는데 진정 효과를 내서 투약하면 잠들게 된다.	 하지만 용량을 초과해서 투약하면 부작용이 생겨 구토‧오한‧혈압저하가 나타날 수 있고 심하면 호흡이 정지될 수 있다.	반드시 의사의 처방이 필요한데, 중독성과 환각성이 확실하게 발견되지 않았다는 이유로 마약류로 지정되지 않았다.	 ​프로포폴이 마약류로 지정된 것과 달리 에토미데이트는 전문의약품으로만 관리돼 오‧남용 가능성이 있다.	한편, 지난달 15일 식품의약품안전처는 에토미데이트가 불법 유통되는 사례가 늘어, 예방하고 관리하기 위해 에토미데이트를 오‧남용우려의약품으로 지정하겠다고 말한 바 있다."
"증가하는 시니어 교통사고 환자, 과학적으로 입증된 한방치료가 도움","최근 시니어들 사이에서는 ‘운전면허 자진반납’이 뜨거운 감자다.	 신체 노화로 인해 시력 저하와 함께 외부 자극에 반응하는 시간이 길어지다 보니 교통사고를 일으킬 수 있다는 불안감이 커졌기 때문이다.	 정부 차원에서 고령 운전자들이 면허를 반납할 시 소정의 교통비를 지원해주는 등 반납을 독려하고 있지만 300만명에 달하는 고령 운전자들의 참여는 아직 미비한 실정이다.	도로교통공단과 경찰청이 2009년부터 2018년까지 집계한 통계에 따르면 서울에서 발생한 65세 이상 노인 운전자 교통사고 건수는 2009년 6254건에서 2018년 3만550건으로 약 5배 증가했다.	 전체 교통사고 중 노인 운전자 사고 비율은 같은 기간 3.2%에서 14%까지 늘어났다.	교통사고의 경우 재산 상의 피해도 크지만 사고 당사자들의 건강에 심각한 악영향을 끼칠 수 있다는 점에서 상대적으로 근육과 뼈가 약한 시니어들의 주의가 필요하다.	 교통사고가 발생하면 우리 몸은 갑작스러운 충돌로 인해 마치 채찍처럼 뒤로 젖혀졌다가 앞으로 튕겨나가며 ‘편타성 손상’을 입게 된다.	 편타성 손상은 근육과 인대를 상하게 하고 어혈과 염증을 발생시켜 목, 허리, 어깨 등 전신에 통증을 유발한다.	교통사고 상해는 엑스레이 등 영상진단에 잡히지 않는 미세한 손상이 목을 비롯한 허리, 어깨, 골반 등에 지속적인 통증을 유발하는 경우가 흔하다.	 이는 많은 교통사고 환자들이 한방의료기관을 찾는 이유다.	교통사고 환자 치료에서 한의학의 강점은 인체를 전인적인 관점으로 바라보고 한약, 추나요법, 약침, 침 등 한방통합치료를 통해 치료효과를 극대화하고 후유증을 억제한다는 것이다.	 우선 한약 처방을 통해 어혈을 제거해 통증의 원인을 근본적으로 치료하고 손상 부위를 회복을 돕는다.	 이와 함께 사고 충격으로 균형이 깨진 관절과 근육의 위치를 올바르게 교정하는 추나요법을 시행한다.	 또한 한약재 성분을 정제한 약침과 침치료로 통증을 해소함과 동시에 치유를 촉진한다.	이러한 한방치료의 우수성은 최근 연구논문을 통해 과학적으로 증명되기도 했다.	 이달 초 자생한방병원 척추관절연구소가 SCI급 국제학술지 ‘Journal of Clinical Medicine’에 게재한 논문에 따르면, 동작침법을 한방통합치료와 병행할 경우 편타성 손상으로 인한 목 통증을 단기간에 효과적으로 완화하는 결과를 보였다.	동작침법은 침을 혈자리에 자침한 상태에서 한의사 주도하에 환자의 신체를 움직이게 하는 특수침법이다.	 자생한방병원 설립자인 신준식 박사가 고안한 침술로 목뿐만 아니라 허리 등 각종 척추질환에 대한 즉각적인 통증 경감 효과가 강점이다.	 2013년에는 동작침법의 요통 완화 효과가 진통제보다 5배 이상 뛰어나다는 논문이 세계적인 권위의 학술지 ‘PAIN’에 게재된 바 있다.	한의학은 통증 제어에 적용할 수 있는 치료법들이 매우 발달해 있다.	 앞으로 더 많은 한방 치료법들이 그 효과성과 안전성을 과학적으로 인정 받아 교통사고 상해로 고생하는 환자들의 의료선택권을 넓히고 치료효과를 높여 나갔으면 하는 바람이다."
"n번방 안승진이 고백한 ""음란물 중독""… 대표 증상 6가지","성 착취물을 공유하는 텔레그램 대화방 'n번방'에서 '갓갓' 문형욱과 함께 피해자를 협박한 안승진의 얼굴이 공개됐다.	 경찰이 n번방 피의자 신상을 공개한 것은 '박사' 조주빈, '부따' 강훈, '이기야' 이원호, '갓갓' 문형욱에 이어 이번이 다섯번째다.	 안승진은 안동경찰서 유치장에서 대구지방검찰청 안동지청으로 송치되는 현장에서 취재진에게 성폭행 혐의를 인정했다.	 또한 계속 범행을 저지른 이유를 묻자 ""음란물 중독으로 인한 것 같다""고 말했다.	 음란물 중독의 기준이 있을까?	 증상은 무엇일까?	서울성모병원 정신건강의학과 김대진 교수는 ""현재까지 음란물 중독에 대한 정신과적 영역에서 합의된 진단 기준은 없다""며 ""다만, 행위 중독의 일종으로 보는 것이 타당하다""고 말했다.	 음란물에 중독되면 다른 중독 사례와 같이 '뇌의 보상회로'에 변화가 생긴다.	 음란물을 보면 도파민 호르몬 분비가 촉진되고 일시적 흥분과 쾌감을 느끼는데, 이 과정이 반복될수록 더 큰 쾌감을 원하게 된다.	음란물에 중독됐을 때 나타나는 증상은 다음과 같다.	 ▲점차 음란물에 무감각해지고 ▲새롭고 자극적인 음란물을 찾게되고 ▲뇌가 음란물 외의 자극에서는 기쁨을 느끼지 못해 대인관계, 연애, 운동, 일 등 다른 활동은 모두 지루하게 느껴지고 ▲음란물 시청을 줄이거나 중지하려고 하면 안절부절 못하거나 과민해지고 ▲음란물 시청을 줄이거나 중지하려 해도 반복적으로 실패하고 ▲음란물로 인해 중요한 인간관계나 학업, 직장생활에 지장을 입는 것이다.	 이 밖에 음란물에 중독되면 길 수 있고, 현실에서 자신의 파트너와 성적 관계가 악화될 수 있다.	 중앙대병원 정신건강의학과 김선미 교수는 ""음란물 중독 파트너를 둔 여성은 특히 정신적 트라우마가 심하다는 연구 결과가 있다""고 말했다.	김대진 교수는 ""점차 음란물을 접하는 시기가 빨라지고 있는데, 소아청소년기에 음란물에 중독되면 성인에 비해 더 큰 문제가 생길 수 있다""며 ""뇌의 신경가소성이 활발한 시기인데, 이로 인해 뇌의 보상회로 변화가 더 크게 나타날 수 있고 왜곡된 성적 취향이 더 뿌리깊게 자리잡을 수 있다""고 말했다.	하지만 대부분의 사람이 음란물 보는 것을 드러내지 않기 때문에 중독 여부에 대한 조기 발견이 어렵고, 음란물 중독에 대한 연구도 어렵다.	 이로 인해 확실한 치료법이 없는 상태다.	 다만, 다른 행위 중독과 마찬가지로 인지행동 치료, 가족치료 등을 시도해볼 수 있다.	 김대진 교수는 ""충동성을 줄이거나 불안과 금단 증상을 조절하는 약물 치료도 일부 도움이 될 수 있다""고 말했다.	개인적으로 시도할 수 있는 노력으로는 ▲​스스로 중독임을 인정하고 ▲​배우자나 가족, 전문가에게 솔직히 알리고 도움을 구하고 ▲​컴퓨터 등을 거실 등 오픈된 공간으로 옮기고 ▲​인터넷 사용 내역을 가족에게 공유하는 것 등이 있다.	김대진 교수는 ""음란물로 이미 변해버린 뇌의 보상회로를 다시 되돌리는 길은 결국 중독을 유발한 물질이나 행위를 오래 끊어내는 방법밖에 없어 주의해야 한다""며 ""자극이 조금이라도 다시 가해지면 익숙했던 중독 상태로 금방 되돌아간다""고 말했다."
"""마스크 14억 현금만 가능"" 불법 사재기 일당…거짓 품절도","“마스크 팔게요.	 14억원 준비해서 고속도로 휴게소로 와요.	 현금이어야 합니다.	”최근 신종 코로나바이러스로 보건용 마스크에 대한 수요가 급증하자, 이를 대량으로 사재기해 불법거래 하던 일당이 적발됐다.	식품의약품안전처 위해사범중앙조사단은 마스크 105만개를 매점매석한 A업체를 적발해 조사 중이라고 10일 밝혔다.	 이들은 평소 7억원 어치였던 마스크를 2배값인 14억원에 판매하려 했다.	이들은 인터넷을 통해 구매자를 찾아 고속도로 휴게소로 유인 후 보관 창고로 데려가는 수법으로 정부 단속을 피해왔다.	 이번 단속에 적발되자 업체 관계자들은 창고를 잠그고 일부 도주했다.	식약처는 “보건용 마스크에 대한 매점매석 행위 방지를 위한 정부합동단속 이후 단일 최대 불법거래 행위를 적발한 것”이라며 “제조부터 판매자에 이르는 유통과정을 조사 중”이라고 전했다.	마스크 정부합동단속반은 식약처, 공정위, 경찰청, 국세청, 관세청, 지자체 30개팀 내 180명으로 구성됐다.	 이번 적발된 A업체 외에도 온라인 마켓에서 보건용 마스크를 판매하던 B업체도 적발했다.	B업체는 지난달 31일부터 이달 6일까지 실제 창고에 39만개의 재고를 충분히 보유하고 있었음에도 ‘품절’로 표시하고, 가격이 오르기를 기다렸다.	 매점매석 행위의 기준은 지난해 월평균 판매량의 150%를 초과해 5일 이상 보관한 것으로 보는데, 이 업체는 지난해 월평균 11만개를 팔았었다.	식약처는 “국민의 불안 심리를 이용한 마스크 매점매석 등 시장교란 행위를 절대로 용납하지 않을 것”이라며 “강력한 대책과 의지가 현장에서 실효성을 나타내도록 최대한 엄정하게 대처하겠다”고 말했다.	마스크나 손소독제 등 이번 신종 코로나바이러스와 관련해 가격폭리와 매점매석 등의 행위는 신고센터 및 식약처 홈페이지으로 신고할 수 있다."
"갓갓 긴급체포… ""변태 성욕 장애"" 어떤 게 있나?","텔레그램 'n번방' 운영자인 A씨에게 구속영장이 청구됐다.	경북지방경찰청 사이버안전과는 A씨에 대해 아동청소년성보호법 위반 혐의 등으로 구속영장을 신청했다고 11일 밝혔다.	A씨는 미성년자를 포함한 다수 여성의 성착취 영상물을 제작, 텔레그램 대화방에 배포한 혐의 등을 받고 있다.	앞서 경찰은 A씨를 갓갓으로 특정해 지난 9일 소환 조사했으며, 조사 결과 A씨로부터 자신이 갓갓이라는 자백을 받고 그를 긴급체포했다.	A씨를 비롯해 n번방에 참여한 조주빈 등은 '이상 심리'에 속하는 '변태 성욕 장애'일 가능성이 크다.	변태 성욕을 가진 사람은 낮과 밤이 완전히 다른 '반대 행위'에 성적 흥분을 잘 느낀다.	 대표적인 변태 성욕 장애에 사디즘과 마조히즘이 있다.	 평소 권위를 요구하는 직업을 가진 사람이 성적으로 당하는 것을 좋아하는 마조히즘 성향을 보이거나, 남성성이 충만한 남자가 어린이의 옷을 입는 등 사디즘 성향을 보이는 식이다.	 이 밖에 공연음란행위, 노출증도 변태 성욕 장애에 속한다.	 변태 성욕 장애자 중 공격성이 심한 사람은 화학적 거세를 시도하기도 한다.	한편, 정신질환의 일종인 관음증을 겪을 가능성도 있다.	 관음증은 성도착증의 하나로, 다른 사람의 사적 활동이나 성과 연관된 행위를 몰래 관찰함으로써 비정상적으로 성적 만족을 느끼는 것이다.	 남자에게 더 흔히 발생하며 15세를 전후로 증상이 나타나고 자위 행위를 하는 경우가 많다.	 관음증은 치료 없이 낫지 않고, 남에게 피해를 줄 수 있어 문제다.	 시간이 지날수록 자신의 행동에 대한 죄책감도 사라진다.	 정신치료요법·인지행동치료 등을 통해 증상을 완화한다.	 증상이 심각하면 성욕감퇴제 같은 약물을 사용할 수 있다.	 환자가 치료에 적극적으로 임하는 게 중요하다."
"생리대 ""나트라케어"" 화학접착제를 자연성분으로 허위 광고","수입 생리대 '나트라케어'가 허위 품목신고와 거짓 광고로 적발됐다.	식품의약품안전처는 나트라케어에 사용된 접착제 성분을 허위로 품목신고한 후 거짓 광고한 의약외품 수입·판매자 A씨를 '약사법' 위반 혐의로 경찰에 송치했다고 7일 밝혔다.	 식약처는 나트라케어 패드 및 팬티라이너 전 품목에 대해 '약사법' 위반으로 행전처분 절차를 진행할 예정이다.	조사 결과, A씨는 나트라케어 총 18개 제품의 품목신고 자료에 접착제로 ‘초산전분’을 기재했지만, 실제로는 화학합성 성분인 '스티렌 블록공중합체'를 사용했다.	 더불어 2006년부터 11년 이상 국내 제약회사와 자신이 설립한 판매업체를 통해 ‘식물성분 접착제, 녹말풀 100%, 소재부터 제조공정까지 화학성분을 모두 배제한 제품’ 등으로 거짓 광고해 총 1340만팩 408억원 상당을 판매한 것으로 확인됐다.	이에 더해 일부 품목은 신고 용이성을 위해 방수층 성분을 기존 사용사례가 있는 ‘폴리에틸렌필름’으로 허위 신고하고, 접착제 제조원을 사실과 다르게 변경한 것으로 드러났다.	제품에 사용된 ‘스티렌 블록공중합체’와 ‘바이오필름’은 생리대 원료로 일반적으로 사용된다.	 하지만 화학성분을 사용하였음에도 불구하고 자연 성분 생리대인 것처럼 광고하여 소비자가 더 비싼 금액에 구매하도록 유도하고, 거짓으로 품목신고하여 관리 당국을 속인 악질적인 범죄인만큼 엄중하게 조치할 계획이라고 식약처는 밝혔다."
일본 코로나 감염 여성 무사히 출산… 아기는 음성,일본에서 코로나19에 걸린 여성이 무사히 아기를 낳았다.28일 요미우리신문의 보도에 의하면 일본 가나가와현 사가미하라시에 있는 기타사토대학병원은 코로나19에 감염된 여성이 이달 초 무사히 출산했으며 검사 결과 아기는 감염되지 않은 것으로 파악됐다고 전날 발표했다.	여성은 의사의 판단에 따라 제왕절개 수술로 아기를 낳았으며 아기의 감염 방지를 위해 분리된 병실에서 폐렴 치료를 받았다.	여성은 치료를 통해 건강을 회복 후에야 아기를 만날 수 있었으며 검사 결과 음성 판정을 받아 최근 퇴원했다.	한편 코로나19가 경제에 미치는 영향이 커지면서 생활고를 이유로 범행을 저지르는 사례도 파악되고 있다.	가나가와현 경찰본부는 여성에게 상해를 입히고 금품을 강탈한 혐의로 니시야마 유키 씨를 26일 체포했다.	교도통신 등 일본 언론에 따르면 그는 25일 오후 4시께 부동산 회사 측의 안내를 받아 방문한 요코하마시의 한 아파트에서 부동산 회사 직원을 흉기로 찌르고 현금 수천엔이 든 가방을 빼앗은 혐의 등을 받고 있다.	니시야마 씨는 지난달 말까지 오사카 유흥업소에서 일했으나 코로나19의 영향으로 일을 할 수 없게 됐으며 최근에는 노숙했다고 경찰 조사에서 진술했다.
해외 입국 자가격리자 24시간 감시...무단이탈 시 벌금 1000만원,"해외 입국 유학생이 자가격리 규범을 지키지 않고 외출을 하는 등 이탈자가 지속적으로 발생하자 정부는 자가격리 이탈자에 대한 관리 강화 방안을 시행하기로 했다.	 현재 신규 확진자 중 해외 유입 사례가 절반에 달하고 있어, 해외 입국자를 통한 코로나19 확산 예방 관리가 필수적이다.	이에 따라 해외입국자를 통한 지역사회 감염을 차단하기 위해 해외입국자의 스마트폰에 설치된 자가격리 안전보호앱과 GIS 통합상황판을 활용하여 이탈 여부를 실시간으로 모니터링한다.	중대본 및 각 시·도, 시·군·구에서는 별도의 전담조직을 운영하여 3중으로 24시간 감시체계를 유지한다.	만약 이탈 의심이 드는 경우, 전담공무원에게 즉시 연락하여 위치를 확인하고 경찰과 합동으로 현장을 확인한다.	 무단 이탈로 확인되는 경우에는 고발 조치 등이 이루어진다.	한편, 전북 군산에서 해외입국자 3명이 스마트폰을 격리장소에 두고 몰래 이탈하는 경우가 발생하기도 했다.	이 같은 경우를 막기 위해 일부 지방자치단체와 경찰서가 실시하던 불시점검을 전국으로 확대하여 주 2회 실시한다.	무단 이탈은 즉시 고발토록 하고, 이탈자에게는 방역 비용 및 손실 비용 등에 대한 손해배상도 병행하여 청구한다.	 또한, 긴급재난지원금과 생활지원비 지급 대상에서도 원천 배제된다.5일부터는 감염병예방법에 따른 자가격리 위반 시 처벌조항이 강화되어 자가격리 위반 시에는 1년 이하의 징역 또는 1천만원 이하의 벌금에 처해질 수 있다."
이부진 프로포폴 투약 의혹… 유명인이 중독 잘 되는 이유,"이부진 신라호텔 사장의 불법 프로포폴 투약 의혹 수사를 위해 경찰이 소환 조사에 나섰다는 소식이 알려지며 프로포폴 중독이 재조명되고 있다.	 최근에도 가수 휘성이 프로포폴 상습 투약 혐의로 경찰 조사를 받은 바 있다.	 프로포폴은 흰색 액체 형태의 약제를 정맥으로 투여하는 수면마취제로, 다른 마취제에 비해 쉽게 잠들고 깨 빈번하게 사용되고 있다.	 실제 2019년 식품의약품안전처 발표에 따르면 국민 12명 중 1명이 프로포폴을 한 번 이상 사용한 것으로 나타났다.	일반적인 마약류는 중추신경계에 작용해 신체적인 중독성을 유발한다.	 그러나 프로포폴은 이러한 신체적인 중독성은 유발하지 않는다.	 다만, 프로포폴 투약 후 나타나는 '깊은 잠을 잔 듯한 느낌'으로 인해 정신적인 의존성이 생길 수 있다.	 따라서 '중독'이라는 표현보다는 '의존'이라는 표현에 더 가깝다고 할 수 있다.	 이로 인해 식품의약품안전처는 2011년 프로포폴을 '향정신성의약품'으로 분류했다.	 그러나 프로포폴은 '수면제'가 아니므로 실제로 깊게 잠드는 효과를 가져다주지는 않는다.	 잠을 잔다기보다는 마치 스위치가 끊어지듯이 의식을 잃는 것에 가깝다.	서울성모병원 마취통증의학과 이형묵 교수는 ""프로포폴 약제 자체에 중독성이 있는 것은 아니다""라며 ""그러나 프로포폴을 투약하고 나면 개운하게 잠들고 일어난 듯한 느낌을 받는데, 이로 인해 정신적으로 의존할 가능성이 있고, 이것이 사회적 문제가 될 수 있어서 마약류로 지정된 것""이라고 말했다.	프로포폴은 투약 중단 시 나타나는 '금단현상'이 없어 실제 2011년 국내에서 마약류로 지정되기 전까지는 세계 어디에서도 프로포폴을 마약류로 지정한 적 없었다.	 그러나 금단현상으로 인한 신체적인 중독성이 없더라도, 심리적 의존성은 나타날 수 있다.	 프로포폴은 뇌에 수면 신호를 보내는 '감마아미노뷰티르산' 수치를 높이는데, 이때 뇌의 도파민 조절 기능이 마비되면서 도파민이 다량 분비된다.	 도파민 수치가 급격하게 높아지면 '유포리아'가 나타날 수 있다.	 일반적인 용법에 따라 프로포폴을 사용하면 즉시 잠들어 유포리아를 느낄 수 없지만, 마취되지 않을 정도로 소량만 투약하면 유포리아를 느끼며 점차 프로포폴에 의존하게 된다.	국내뿐 아니라 외국에서도 프로포폴 오·남용은 문제가 되고 있다.	 2009년 6월 팝 가수 마이클 잭슨이 불면증으로 인해 프로포폴을 투약했다가 사망한 사례가 대표적이다.	 특히 프로포폴은 수면 유도 효과로 인해 수면시간이 일정하지 않은 연예계 종사자들에게 많이 노출됐을 것으로 추측된다.	 마찬가지로 수면시간이 불규칙하며, 프로포폴에 접근하기 쉬운 의료계 종사자들도 노출 위험이 있다.	 실제 국립과학수사연구원이 발표한 자료에 따르면 프로포폴로 인해 사망한 사람 41%가 의료계 종사자였다.	프로포폴을 의사의 지시하에 적정량 투약했을 경우, 중독이나 부작용 위험성이 거의 없다.	 프로포폴의 가장 흔하고 위험한 부작용은 '무호흡증'이다.	 이형묵 교수는 ""프로포폴은 사람마다 필요한 용량이 달라 의료진이 환자의 상태를 주시하고 산소포화도를 점검하면서 투여량을 조절해야 한다""며 ""만약 조금이라도 과다 투여할 경우 환자가 숨을 쉬지 못할 수 있다""고 말했다.	 이런 이유로 의학계에서는 시술자와 이를 감시하는 사람을 각 1명씩 두도록 권고하고 있다.	프로포폴을 오·남용하다 사망하는 사건이 발생하는 이유는 이런 시술자와 감시자를 두지 않고 환자 의지대로 투약하기 때문이다.	 따라서 일반인은 프로포폴 중독이나 부작용을 크게 걱정하지 않아도 된다.	 술을 한 번 마신다고 알코올 중독이 되지 않는 것처럼, 필요할 때 프로포폴을 사용한다고 해서 프로포폴 중독이 되지는 않는다.	만약 프로포폴 의존이 의심된다면 정신건강의학과 전문의의 도움을 받아 치료받기를 권한다.	 한국마약퇴치운동본부에서도 약물 중독자를 위한 전화 상담을 제공하고 있다."
"[속보] 신종 코로나 24번째 확진자 발생, 20대 우한교민 남성","국내 신종 코로나바이러스 감염증 24번째 확진자가 발생했다.7일 정부 관계자에 따르면 전날 오후 충남 아산 경찰인재개발원에서 생활하던 교민 1명이 확진자로 판정돼 국립중앙의료원으로 이송됐다.24번째 확진자는 20대 남성으로 진원지인 중국 후베이성 우한시에서 지난달 31일 귀국해 임시 격리 생활 중인 교민이다.	 국내 귀국한 우한 교민 중 확진자가 나온 것은 이번이 두 번째다.	 그는 지난 2일 아산 임시생활시설에서 나온 우한 교민 확진자의 직장 동료로 알려졌다.	정부 관계자는 ""아산에서 교민 1명이 인후통 등 감염 증세를 보여 어제 낮에 임시생활시설에 있는 의료진이 검체를 채취해 바이러스 감염 여부를 검사한 결과 '양성'으로 판명됐다""고 말했다."
"중국, 설까지 5000만명 백신 접종해 집단면역 노려","중국 정부가 내년 2월 춘제까지 5000만명에게 코로나19 백신을 접종해 집단 면역을 시도할 예정이라고 밝혔다.	고위험군을 비롯한 집단 면역 필수 인원 5000만명은 춘제가 시작되는 내년 2월 12일까지 백신 접종을 하게 된다.	 현재 중국 정부는 전국의 병원, 학교, 경찰, 기업 등을 동원해 백신 접종 신청을 받고 있다.	 중국 정부가 갑자기 집단 면역 효과를 노린 데에는 지난 경험이 작용한 것으로 보인다.	 이번 해 춘제를 거치면서 우한에서 발생한 코로나19가 전국적으로 전파됐었다.	하지만 중국인들 사이 코로나19 백신에 대한 신뢰성은 높지 않다.	 이를 고려해 중국 정부는 각종 기관을 총동원해 실제 백신 접종 희망 신청자 수를 파악하는 데 주력하고 있다.	 중국 보건 전문가들은 중국 최고 지도부와 현지 관리들 그리고 전염병 전문가들이 먼저 중국산 코로나19 백신을 맞아 안정성 우려를 불식시켜야 한다고 제안한 것으로 알려졌다.	한편 중국은 시노백, 시노팜의 3상 임상 중인 백신을 의료진 등에 응급 접종하고 있다.	 조만간 공식 승인을 통해 일반인 대상 대규모 접종을 시작할 예정이다.	 상하이와 광둥성, 베이징 등에서 이미 적지 않은 사람들이 응급 백신을 맞은 것으로 알려졌다.	중국 보건 당국은 아직 심각한 부작용 사례는 보고되지 않았다고 밝혔다."
"수원 거주 40대 남성 사망, 코로나19 음성 판정 확인","수원에서 사망한 남성이 코로나19와 관련 있다고 알려져 화제가 됐지만, 검사 결과 음성 판정을 받은 것으로 확인됐다.	사망한 환자 A씨는 중국 칭다오를 다녀온 41세 남성으로 13일 오전 의식을 잃고 쓰러져 병원으로 이송됐지만 숨졌다.	 정은경 중앙대책방역본부장은 ""뇌졸중 사망으로 의심하고 있다""며 ""경기도 보환연에서 이날 오전 10시 반에 검체를 받아서 검사를 했고 오후 1시 반쯤 음성으로 확인했다​""고 밝혔다.	경찰과 소방 당국에 따르면 이날 오전 7시 30분쯤 경기 수원시 팔달구에 거주중인 A씨가 자택에서 의식을 잃고 쓰러졌다는 신고가 접수됐다.	 A씨는 바로 인근 병원으로 이송됐지만 오전 9시쯤 사망했다.	이 과정에서 A씨는 비자 관련 업무로 지난달 30일 중국 칭다오를 방문한 사실이 밝혀졌다.	 병원 측은 A씨가 이송 당시 발열이나 기침 등의 코로나19 증상이 나타나진 않았지만, 중국 여행 이력을 고려해 A씨에 대한 검사를 진행했다.	 이날 오후 1시 30분 나온 검사 결과에서 A씨는 ‘음성’ 판정이 나왔다.	병원 측은 응급실 출입을 통제하고, A씨를 이송한 구급차가 들어온 출입구를 폐쇄한 뒤 긴급 소독을 했다.	 또 경찰과 소방당국은 A씨를 이송한 대원들을 격리 조치했고, 검사 결과 음성으로 격리 해제 했다.	A씨는 지병으로 뇌졸중을 앓고 있었지만 최근 3개월간 약을 먹지 않은 것으로 알려졌다."
난임 50%가 남성 때문… 숨겨진 정자 찾기만 해도…,"난임·불임을 '여성 탓'으로 돌리는 풍조가 여전하다.	 하지만 '책임'의 절반은 남성에게 있다는 게 전문가들의 분석이다.	 삼성서울병원 비뇨의학과 이규성 교수는 ""유교적 분위기 때문에 여성에게 난임의 책임을 돌리는 경우가 많지만, 난임의 원인 50%는 무정자증, 역행성사정, 사정관폐쇄 등 남성 쪽 문제""라고 말했다.	◇난임 절반은 남성 책임난임 진단을 받는 남성은 2014년 4만8992명에서 2018년 6만7270명으로 5년 사이 1만8278명 증가했다.	 고려대구로병원 비뇨의학과 문두건 교수은 ""남성들은 '성기능 불구'라는 사회적인 낙인이 찍히는 걸 두려워 해 진료받기를 꺼려한다""며 ""실제로 숨겨진 남성 난임 은 더 많을 것으로 추정된다""고 말했다.	우리나라 합계출산율은 지난해 3분기 기준 0.88명으로 1명이 채 안 된다.	 여기에는 늦춰지는 결혼 나이, 취업난, 경제여건 등 사회 구조적인 원인도 있지만 '난임 문제'도 있다.	 이규성 교수는 ""일반적인 부부의 1년 내 임신 가능성은 90% 정도인데 이를 넘어서면 '난임'""이라며 ""우리나라 부부 중 난임은 약 15%로, 남성과 여성 모두 치료하면 임신 확률을 높일 수 있다""고 말했다.	◇남성 난임, 치료 시 성공률 90% 개선남성 난임의 원인은 우선 '정자'에 있다.	 정자 운동성 저하, 정자수 감소 등 정자의 질이 떨어지면 임신 확률이 낮아진다.	 문제는 갈수록 남성들의 정액 '질'이 전반적으로 낮아진다는 점이다.	 술, 담배를 즐기는 생활습관, 기름진 식단, 운동부족 등이 원인으로 추정된다.	 경찰병원 비뇨의학과 민승기 교수는 ""700여 건의 병원 정액 검사를 살펴본 결과, 약 75% 남성의 정액에 문제가 있었다""며 ""정액량, 정자 형태, 정자 농도 등 임신에 필요한 정액의 모든 요소가 매년 감소하고 있다""고 말했다.	 정액의 질은 생활습관 교정과 함께 정계정맥류 수술 등 수술적 치료로 개선할 수 있다.	정자가 없는 '무정자증'도 난임을 일으킨다.	 무정자증은 크게 ▲정액이 요도 밖으로 배출되지 않는 '역행성사정' ▲정액이 나가는 길이 막힌 '폐쇄성무정자증' ▲정자가 아예 없는 '비폐쇄성무정자증' 등 3가지가 원인이다.	 무정자증이라고 해도 고환 내에서 정자를 찾아내 자연임신을 끌어낼 수 있다.	 민승기 교수는 ""정자가 아예 없는 경우를 제외하고 치료 가능성이 있다""며 ""정자가 지나는 길이 막혔을 때도 무정자증으로 진단되는데, 이 사이를 교정해주면 임신 확률이 높아진다""고 말했다.	문두건 교수는 ""난임 남성을 대상으로 수술했을 때, 임신 성공률을 최대 90%까지 끌어올릴 수 있다""고 말했다.	◇여성 위주 난임 정책 개선해야문제는 난임과 관련된 모든 정책과 인식이 '여성'에게만 맞춰져 있다는 점이다.	 실제로 정부에서 지원하는 난임치료시술은 체외수정, 인공수정 등으로 여성 중심이다.	 남성 난임에 대한 인식 결여와 남성들의 소극적 태도가 원인이라는 분석이다.	 이규성 교수는 ""남성 난임에 대한 정보 접근성의 문제, 비대칭적 예상 편중 등 실효성을 고려한 정부 정책을 논의해야 한다""고 말했다.	결혼 나이가 늦춰지는 만큼 젊었을 때 건강한 정자를 보관해두는 '정자은행'도 필요하다는 지적이다.	 부산대병원 비뇨의학과 박남철 교수는 ""나이가 들수록 남성도 임신 확률이 낮아지는 만큼, 임신 가능성이 높은 정자를 보관해두는 시설이 필요하다""고 말했다.	문두건 교수는 ""정부가 10년 넘게 난임 치료를 위해 인공수정과 체외수정을 위주로 지원했지만, 실제로 인구가 크게 늘지는 않았다""며 ""여성뿐 아니라 남성도 난임 치료를 받을 수 있는 여건이 마련돼야 한다""고 말했다."
"상습 ""음주 운전자""가 의심해야 할 병","음주운전은 사망 사고에 대한 처벌을 강화하는 윤창호 법이 시행됐지만, 음주운전 재범률이 여전히 40%를 웃돌며 좀처럼 줄지 않고 있다.	 경찰청과 한국교통안전공단의 자료에 따르면 최근 3년간 음주운전 재범률은 43~46%에 이르는 것으로 나타났다.	 2017년 44.2%, 2018년 44.7%, 2019년 43.7%를 기록했고 특히 올해 상반기에는 46.4%까지 크게 증가했다.	 다사랑중앙병원 정신건강의학과 최강 원장은 “상습적 음주운전의 경우 단순 습관으로만 볼 것이 아니라 운전자의 알코올 문제를 치료해야 하는 질병으로 접근할 필요가 있다”고 말했다.	최강 원장은 “보통 음주운전으로 단속에 걸리거나 사고가 나면 다시는 술 마시고 운전대를 잡지 않겠다고 결심하는 것이 일반적”이라면서 “하지만 알코올 중독에 걸리면 스스로 음주를 조절하거나 통제하지 못해 결국 다시 음주운전을 할 수 있다”고 말했다.	 삼성화재 부설 삼성교통안전문화연구소에서 발표한 상습 음주운전자 실태와 대책에 따르면 음주운전 면허취소자의 음주운전 재적발률이 같은 기간 신규로 운전면허를 취득한 일반운전자의 음주운전 적발률보다 3배나 높은 것으로 드러났다.	인간의 뇌는 알코올을 소량 마셨을 때에는 혈중알코올농도를 과대평가하지만 다량 마셨을 때에는 오히려 혈중알코올 농도를 과소평가하는 경향이 있다.	 실제 외국의 한 연구에 따르면 음주운전에 처음 걸린 사람보다, 세 번째 걸린 사람이 자신의 음주 문제를 과소평가하는 경향을 보였다.	 술로 인해 발생하는 손해나 폐해, 주변인들의 상처나 피해를 부정하고 인정하지 않는다는 것이다.	 최강 원장은 “평소 술을 많이 마시는 사람들일수록 음주 후의 기능 저하를 인식하는 정도가 술을 적게 마시는 사람들에 비해 부족하다”며 “이로 인해 본인의 음주 습관이 위험한 행동으로 이어지는 경향이 높은데도 정작 스스로는 괜찮다고 여기는 역설적인 상황이 발생하는데, 가장 큰 예가 바로 음주운전”이라고 했다.	따라서 주변의 만류에도 불구하고 술에 취하지 않았다며 운전대를 잡고 있는 사람은 빨리 알코올 중독 진단을 받아보는 게 좋다.	 알코올 중독의 정확한 진단 기준은 다음 11가지 항목 중 2가지 이상에 해당되는지 여부를 확인하면 된다.	 항목은 다음과 같다.	 ▲종종 술을 의도했던 것보다 많은 양, 오랜 기간 마심 ▲술 마시는 양을 줄이거나 조절하려는 욕구가 있고 노력했지만 실패함 ▲술을 구하거나 마시기 위해 많은 시간을 보냄 ▲술에 대한 강한 욕구가 있음 ▲술을 반복적으로 마셔 직장, 학교, 가정 등에서 문제가 발생함 ▲술로 인해 대인관계 등에 문제가 생기고 악화되지만 술을 끊지 못함 ▲술로 인해 직업활동, 여가활동을 포기하거나 줄임 ▲술로 인해 건강이 나빠짐에도 끊지 못함 ▲술로 인해 신체적, 심리적 문제가 생기고 악화될 가능성을 알지만 끊지 못함 ▲갈수록 많은 양을 마셔야 만족하는 등 내성이 생김 ▲금단 증상이 나타남.	한편 경찰청에 따르면 최근 5년간 3번 이상 음주운전으로 적발되면 전문의의 진단서를 반드시 제출해야 면허 재취득이 가능하도록 하는 방안이 추진되고 있다."
"정부, 코로나 백신 4400만명분 확보… 내년 2~3월 국내 도입","정부가 ‘코백스 퍼실리티’와 영국 아스트라제네카, 미국 화이자·얀센·모더나 등 4개사를 통해 코로나19 백신 4400만명분을 선구매한다.	박능후 보건복지부 장관은 8일 코로나19 백신 도입 계획 브리핑을 통해 “백신 공동구매·배분을 위한 국제 프로젝트 ‘코백스 퍼실리티’를 통해 1000만명분, 글로벌 백신 제약사를 통해 3400만명분의 코로나19 백신을 선구매한다”고 밝혔다.	해외 제약사와 개별 계약을 통해 확보하려는 3400만명분은 총 6400만 도즈로, 아스트라제네카와 화이자·모더나 각 2000만 도즈, 존슨앤드존슨-	얀센 400만 도즈다.	 이 중 아스트라제네카와는 계약을 마쳤으며, 화이자, 존슨앤드존슨-	얀센, 모더나와는 구매 확정서, 공급 확약서 등 법적 구속력이 있는 합의를 통해 구매 물량을 확정했다.	 정부는 이달 중 정식 계약서를 체결하는 한편, 제품별로 유통조건과 유효기간, 접종 횟수 등이 다른 만큼 백신 특성을 고려해 접종 대상자와 접종 시기를 정하는 등 사전 접종계획을 수립하겠다고 밝혔다.	 초저온 보관이 필요한 화이자, 모더나 백신에 대해서는 백신 유통·보관에 필요한 설비를 구축하겠다고 밝혔다.	 또 러시아 스푸트니크나 미국 노바백스 등 후발 기업들의 백신은 이번 선구매에 포함되지 않았으나, 개발 동향을 파악해 필요시 협상에 나선다는 계획이다.	당초 정부는 백신 3000만명분 확보를 목표로 했으나 최근 목표 물량을 4400만명분으로 늘렸다.	 박능후 장관은 “백신 개발이 아직 완료되지 않았고 부작용 발생과 같은 개발 백신 실패 가능성 또한 남아 있는 만큼, 국민 건강과 안심을 위해 당초 발표한 3000만명분보다 많은 백신을 선구매하기로 했다”고 설명했다.	 백신 가격에 대해서는 “최종 계약에 영향을 미칠 수 있어 공개가 어렵다”고 밝혔다.	정부는 내년 내년 2∼3월부터 선구매 백신이 단계적으로 국내 도입될 것으로 예상했다.	 다만 어떤 제품이 먼저 들어오고, 언제부터 접종이 시작될지 등은 미정이라고 밝혔다.	 박 장관은 “백신 개발이 아직 완료되지 않았고, 안전성과 효과성에 대한 우려가 남아 있다”며 “코로나19 유행 상황과 외국 접종 동향, 부작용 여부, 국민 수요 등을 고려해 탄력적으로 접종 시기를 결정하겠다”고 설명했다.	백신 접종 시 우선 접종 대상자는 노인, 집단시설 거주자, 만성질환자 등 코로나19 취약자와 보건의료인, 경찰·소방공무원, 군인 등 사회필수서비스 인력이다.	 소아·청소년은 임상자료가 없어 현재 상황에서는 접종이 불가능하다.	 박능후 장관은 “임상 결과를 지켜보면서 접종 시기와 접종 순서 등 접종 전략을 검토하겠다”고 밝혔다."
세계 최초 코로나19 백신 허가한 영국… 우선 접종 대상자는?,"영국 정부가 지난 2일 미국 제약사 화이자와 독일 바이오엔테크의 코로나19 백신 사용을 세계 최초로 승인했다.	 대규모 3상 임상을 거친, 안전성과 효과가 입증된 백신이라는 점에서 전 세계인들의 기대가 높은 상황에서 영국이 가장 앞장서 긴급승인을 한 것이다.	 고려대구로병원 감염내과 김우주 교수는 “1796년 영국 의사 에드워드 제너가 천연두 병균을 사람에게 처음 주입해 백신의 시초가 됐다""며 ""백신의 종주국답게 코로나19 백신도 세계 최초로 허가했다""고 말했다.	 영국은 화이자 백신을 4000만 도즈를 구입했으며, 일단 80만 도즈를 다음 주부터 1차로 접종할 예정이다.	 화이자 백신은 어린이·청소년은 임상시험 결과가 나오지 않아 영국에서도 16세 이상이 접종 대상자다.	 백신의 우선 접종 대상 순위는 사망률을 낮추고, 사회 필수 기능이 유지하는 방향으로 이뤄진다.	 김우주 교수는 “코로나19에 누가 많이 걸리고 중증으로 진행되는지에 대한 분석을 바탕으로 우선 접종 대상을 정하기도 하고, 의료진 등 보건의료 시스템을 보호하기 위한 인력을 우선으로 접종해야 한다는 의견도 있다”고 말했다.	 영국에서는 1순위를 요양원 거주자와 이들을 돌보는 사람으로 정했다.	 영국의 코로나19로 인한 사망자는 1만 3000여명인데 요양원을 중심으로 사망자가 상당수 발생했다.	 화이자 백신의 경우 코로나19 발병 예방 효과가 95%로 높았지만, 동시에 사망을 막는 효과도 확인됐다.	 이런 이유로 코로나19에 걸리면 사망 위험이 큰 요양원 거주자를 백신 접종 1순위로 정했다는 분석이다.	 그다음은 연령대별로 우선 접종 대상자를 정했다.	 80세 이상부터 시작해 75세, 70세, 65세, 60세 등 5세 간격으로 내려간다.	 보건의료인력은 2순위에 배정됐다.	반면, 세계보건기구의 권고는 조금 다르다.	 백신 접종 순위는 현재의 감염병 사망률을 낮추는데 누가 얼마나 크게 기여할 것인가에 초점을 맞춘다.	 의료·안보·치안 등 국가 필수 기능을 유지할 수 있게 하는 데도 앞순위를 배정했다.	 이를 기준으로 백신이 전 국민의 10%가 확보됐을 때는 코로나 진료 현장의 의사⋅간호사 등 의료인이 1순위다.	 코로나 진료 필수 기능을 유지해 사망률 감소에 기여하기 때문이다.	 그다음은 코로나 감염으로 사망률이 높은 노약자에게 백신이 배정된다.	 백신이 전 국민의 11~20% 분량 확보됐을 때는 최우선 그룹에 이어 고령층과 만성 질환자에게 확대된다.	 장애인, 빈민, 백신 접종 요원 등이 추가된다.	 절반까지 확보됐을 때는 경찰⋅교사⋅군인 등으로 확대된다.	한편, 백신 접종을 시작하더라도 청소년과 어린이, 임신부는 당분간 백신을 맞을 수 없다.	 현재 글로벌 제약사들이 진행하는 3상 임상은 건강한 성인과 고령층을 대상으로 하기 때문이다.	 백신을 개발할 때 1~2상은 19~55세 건강한 성인을 대상으로 하고, 3상에서 고령층을 추가한 다음, 사용 승인을 받을 즈음 어린이를 대상으로 임상시험을 시작하는 것이 통상적인 순서다.	 미국 제약사 모더나는 지난 2일 12~17살 아동과 청소년을 대상으로 코로나19 백신 임상시험을 할 계획이라고 밝혔다.	 모더나에 앞서 미 제약사 화이자는 지난 9월 12~16세 아동과 청소년을 대상으로 임상시험에 착수했다."
"한양대병원 임태호 교수, ‘과학기술정보통신부 장관상’ 수상","한양대병원 응급의학과 임태호 교수가 지난 19일 서울 경찰청 문화마당에서 열린 ‘과학기술정보통신부장관 표창 수여식’에서 국민생활 연구분야 진흥에 이바지한 공로를 인정받아 ‘과학기술정보통신부 장관상’을 수상했다.	임태호 교수는 과학기술정보통신부 주관 다양한 국민생활 연구를 진행 중이다.	 특히 한국형 수동식 인공호흡기, 인공지능 비디오 후두경, 공간·표면 살균 소독기 개발 등 의학과 의공학이 적용된 여러 연구 개발을 통해 실제 보건의료현장에 필요한 연구를 진행해왔다.	 연구 결과물의 보급을 위해 실험실 창업을 진행하는 등 국민생활 연구 활성화를 위해 지속적인 노력을 기울인 점을 높게 평가 받았다.	임 교수는 “국민생활 연구분야는 국민생활 혹은 의료현장에서 실제로 발생하는 문제를 현장 사용자들과 함께 과학기술을 통해 해결하는 새로운 연구분야”라며 “국민생활 연구는 쌍방향 소통의 4차산업혁명 시대에 부합하는 연구 방식으로 이 분야에 대한 국가사회의 관심과 지원이 지속적으로 필요할 것”이라고 말했다.	한편 임태호 교수는 한양의대를 졸업하고, 동 대학원에서 석사와 박사학위를 받았다.	 대한응급기도관리연구회장, 한국의료시뮬레이션학회 회장, 아시아태평양재난의학회 재무위원장, 대한재난응급의료협회 재무이사, 대한응급의학회 재무·홍보·정책·수련이사 및 한국형응급환자분류체계 위원장 등을 역임했으며, 현재 대한쇼크연구회 기획이사, 한양대학교 학술부처장 및 산학협력단 부단장, 의과대학 임상술기센터장, 재난대응 융합기술연구센터장, 한양대학교병원 재난의료책임자를 맡고 있다."
경남·경북 독감백신 사망자 또 발생… 13명째,"독감 백신 접종 이후 사망한 사례가 잇따르는 가운데, 경북 성주와 경남 창원에서도 숨진 사례가 발생했다.22일 경상북도에 따르면 성주에 사는 70대 여성 A씨는 20일 한 의원에서 독감 백신을 접종한 뒤 21일 오후 8시 20분께 숨진 채 발견됐다.	 A씨 가족이 집 안에 쓰러져 있는 것을 발견하고 신고해 경찰이 보건 당국에 통보했다.	보건 당국은 접종 과정 등 역학관계를 조사하고 있다.	경남 창원에서도 독감 백신을 맞은 70대 남성 B씨가 숨졌다.	 22일 경남도에 따르면 창원에 사는 B씨는 19일 요양병원에서 독감 백신을 접종한 뒤 21일 오후 6시께 숨진 채 발견됐다.	이를 포함해 현재까지 백신 접종 후 13명째 사망자가 나왔다."
