"찾아보기 힘들었던 내 주변 범죄예방 시설, 이제 한눈에 확인하세요","  서울서부경찰서는 ’20.	 7.	 16.	 여성ㆍ아동을 위한 스마트폰 안전지도 앱 ‘안심해 with 서부경찰서’를 개발했다고 밝혔다.	‘안심해 with 서부경찰서’ 앱에는 사용자 주변의 각종 범죄예방 시설 안내 기능과 12신고 기능을 탑재했다.	그간 경찰은 자치단체와 협업하여 비상벨, 아동안전지킴이집ㆍ여성안심귀갓길 등 수많은 범죄예방 시설물을 설치해왔지만, 여성ㆍ아동 등 주민이 이러한 정보에 접근하기는 쉽지 않았다.	시설마다 관리 주체가 달라 주민이 시설물 위치 등 정보를 확인하려면 기관별, 부서별 자료를 하나하나 찾아야 했기 때문이다.	이에 서울서부경찰서와 정보통신 기업인 TDI는 불편사항을 해결하고자 ‘안심해 with 서부경찰서’를 함께 개발했다.	‘안심해 with 서부경찰서’ 앱은 여성ㆍ아동 등 사회적 약자를 위해 범죄예방 시설물 7종*의 정보를 하나로 통합하였다는 점이 큰 특징이다.	경찰관서, 비상벨, 폐쇄회로 텔레비전, 아동안전지킴이집, 여성안심귀갓길, 비상벨이 설치된 공원 화장실, 재개발 지역 각 시설물의 위치 정보를 시각화하여 지도상에 구현하고 있어, 앱을 실행하면 사용자 주변에 있는 모든 범죄예방 시설을 한눈에 확인할 수 있다.	범죄예방 시설별로 자세한 설명과 사용법을 안내하여 편의성을 높였고 범죄예방 시설까지의 경로를 알려주는 기능도 제공한다.	또한, 이날 서울서부경찰서는 ㈜TDI와 ‘안심해 with 서부경찰서’ 앱의 발전과 확산을 위한 업무협약을 맺었다.	 양 기관은 앞으로 각종 치안 자료와 주민 의견 등 자료를 공유하여 앱 기능을 더욱 향상하고 여성 등 사회적 약자가 범죄로부터 안심하고 생활할 수 있는 안전망을 구축할 계획이다.	이승주 TDI 대표이사는 “안심해 with 서부경찰서 앱은 경찰 데이터와 TDI의 빅데이터 기술을 결합한 것으로, 앞으로 더 다양한 자료를 공유하여 주변 위험도를 산출하는 등 향상된 기능도 선보일 예정”이라며 “앞으로도 서울서부경찰서와 함께 사회적 약자가 범죄로부터 안심하고 생활할 수 있도록 노력할 것”이라고 말했다.	연명흠 서울서부경찰서장은 “이번 협업은 치안 정보를 적극적으로 공개함으로써 지역주민의 불안 해소에도 큰 도움이 될 것이라는 점에서 의미가 깊다.	”라며, “앞으로도 긴밀한 협업으로 더욱 공고한 지역사회 안전망을 구축하겠다.	”라고 밝혔다.	한편, ‘안심해 with 서부경찰서’ 앱은 현재 구글플레이스토어를 통해 공개되어 있으며, 안드로이드 운영체제를 기반으로 시범 운영한 이후 여타 운영체제로도 확대될 예정이다.	 ▶    ⓒ  and JTBC Content Hub Co.	, Ltd."
"롯데월드 어드벤처에서 ""신규 할로윈 콘텐트""와 함께해요","   청명한 하늘을 만끽할 수 있는 가을, 롯데월드 어드벤처가 가족, 친구, 연인 등 다양한 방문객들을 만족시킬 즐길거리를 준비했다.	 심쿵 큐티부터 짜릿함까지 다채로운 할로윈 신규 콘텐트와 함께 코로나로 지친 마음을 신나게 힐링 해보는 건 어떨까.	    할로윈을 앞두고 실내 어드벤처 전역이 남녀노소 누구나 심쿵하게 만드는 신비한 할로윈 콘셉트로 변신했다.	 실내 어드벤처에 입장하자마자 만나볼 수 있는 호박유령 포토존과 만남의 광장에 위치한 ‘할로윈 빅로티’ 포토존은 크고 작은 호박과 귀여운 캐릭터들로 화려하게 꾸며져 할로윈 분위기를 물씬 풍긴다.	      해저 왕국 테마를 입힌 새로운 어트랙션도 만나볼 수 있다.	 스릴 어트랙션이 많은 야외 매직아일랜드에 '머킹의 회전목마'가 오픈했다.	 말을 타는 일반적인 회전목마와 달리 돌고래, 해마, 물고기 등 귀여운 바다 생물로 꾸며져 있어 이색적인 재미를 선사할 예정이다.	   실내 어드벤처에서 진행되는 할로윈 공연도 빼놓을 수 없는 볼거리다.	      할로윈 호박, 유령, 드라큐라 등 로티, 로리와 큐티 할로윈 캐릭터들이 총 출동하는 '로티스 할로윈 파티 퍼레이드'는 시즌 별로 색다른 콘셉트로 진행되는 퍼레이드 중 가장 인기가 높다.	 다양한 할로윈 캐릭터들과 함께 율동을 즐기다 보면 어느새 행복한 기분에 빠져든다.	 저녁 6시 30분엔 메인 무대인 가든 스테이지에서 오랜 잠에서 깨어난 할로윈 고스트를 주인공으로 한 뮤지컬 쇼 '드라큐라의 사랑'도 진행된다.	    롯데월드를 찾은 방문객들의 수많은 인생샷을 책임진 셀프 포토 스튜디오  ‘그럴싸진관‘ 역시 가을을 맞아 새단장을 마치고 16일부터 재오픈했다.	 할로윈 분위기를 반영한 ‘할로윈 마녀의 숲 부스’,  캠핑장에 온 듯한 분위기를 연출하는 ‘가을 캠핑 부스’ 등 가을 시즌에 걸맞는 컬러와 트렌드를 반영한 부스들을 새로 추가했다.	      매직 아일랜드에도 오감을 자극하는 할로윈 콘텐트들이 가득 차 있다.	 올해는 ‘언택트’ 트렌드에 맞춰 관객과 직접 접촉하는 콘텐트를 줄이고 멋진 인증샷을 남길 수 있는 포토존과 공연 등 볼거리를 강화했다.	 먼저, 실내 어드벤처에서 매직아일랜드로 이어지는 메인브릿지부터 좀비에게 습격받은 경찰차, 좀비가 거꾸로 매달린 호러 공중전화박스 등 할로윈 분위기를 물씬 풍기는 포토존들이 있으니 그냥 지나치지 말자.	 해가 진 뒤부터는 매직아일랜드에서 본격적인 공연과 퍼포먼스가 진행된다.	 마치 해외 테마파크에 온 듯한 이색적인 분위기와 화려한 연출을 경험할 수 있다.	 ‘빅 대디’와 좀비들이 매직캐슬을 점령하며 화려한 불기둥과 함께 퍼포먼스를 선보이는 '캐슬 좀비 M' 공연은 매일 2회 진행되며, 1회차는 일몰 시간을 고려하여 유동적으로, 2회차는 저녁 8시에 진행된다.	     워크스루형 호러 어트랙션 '좀비프리즌'은 다양한 협업을 통해 리얼함을 극대화했다.	 매니아들 사이에서 인기가 많은 인플루언서 ‘왓섭’이 프리퀄 스토리를 구성했고, 국내 유명 영화 세트 제작사와 함께 실감나는 감옥 시설을 제작했다.	 호러 영상관 '좀비 씨어터'는 총 2가지 호러 영상 콘텐트를 교차 상영해 손님들이 보고 싶은 영상을 선택할 수 있으며, 상영 도중 예기치 못한 특수효과들이 몰입도를 더해준다."
"대표 형사입건 JW중외제약, 수백억원 조직적인 리베이트 의혹","   JW중외제약이 조직적으로 리베이트를 제공했다는 정황이 드러나고 있다.	 한 해 100억원 이상을 리베이트 자금으로 사용한 것으로 알려지면서 수사는 오너일가를 향하고 있다.	    경찰청 중대범죄수사과는 지난 14일 리베이트 의혹을 조사하기 위해 중외제약 서울 서초동 본사를 압수수색했다.	 지난 7월에 이어 이번이 두 번째 압수수색이다.	 신영섭 중외제약 대표이사를 비롯해 병원사업본부장 등 4명이 형사 입건됐다.	 경찰은 2016~2019년 중외제약이 수백억원대 리베이트를 제공한 것으로 보고 회계 장부를 확보하려 했지만 관련 문건의 상당수가 파쇄된 것을 확인했다고 밝혔다.	 ‘영업맨’ 출신인 신 대표가 입건되면서 리베이트 의혹의 전모가 드러날 전망이다.	 경찰에 따르면 중외제약은 600여 곳의 병원에 뒷돈을 준 혐의를 받고 있다.	 서울아산병원과 삼성서울병원·세브란스병원 등 대형병원들이 모두 포함된 데다 전국적으로 리베이트를 행한 증거를 확보한 것으로 알려졌다.	    이에 대해 중외제약 측은 “모든 영업 행위를 리베이트로 의심하고 있는데, 수사 결과가 나올 때까지 성실히 조사에 임하겠다”고 말했다.	    중외제약은 자사 약품을 처방하는 대가로 의사들에게 금품을 제공한 혐의를 받고 있다.	 속칭 ‘카드깡’ 등 다양한 수법을 통해 리베이트 자금을 마련한 것으로 파악되고 있다.	 경찰은 임직원의 계좌번호를 제출하라는 요구에도 중외제약이 비협조적이었다고 밝혔다.	    현재 대형병원뿐 아니라 공공의료기관 소속 의사까지 전방위적으로 사건에 연루된 것으로 파악되고 있다.	 특히 2016년 한해 사용한 리베이트 규모만 100억원이 넘는 것으로 알려졌다.	 중외제약의 수액이나 항생제를 처방하면 의약품 가격의 일부를 리베이트로 건네는 방식이다.	    중외제약은 ‘사람을 살리는 생명수’인 수액을 최초로 국산화하는 등 국내 수액 점유율 부동의 1위를 지키고 있다.	 하지만 수액은 수익이 낮은 의약품이라 이경하 중외제약 회장 등은 최근 정체된 실적을 개선할 돌파구 마련에 심혈을 기울여왔다.	 중외제약은 불과 10년 전만 해도 국내 5위 안에 들었지만 매출이 5000억원대에 머물면서 10위권 밖으로 밀려났다.	    업계 관계자는 “중외제약이 수액과 다른 의약품을 묶어 패키지로 판매한다는 등 말이 많았다""며 ""블록버스터 약품의 매출과 맞먹는 100억원 이상을 1년 리베이트로 사용했다면 조직적이라고 밖에 볼 수 없다”고 말했다."
"정부, 수도권 방역강화조치 무기한 연장","  정부가 수도권을 중심으로 확산 중인 코로나19 집단발병 사태에 대처하기 위해 현행 수도권 방역강화 조치를 무기한 연장하기로 했다.	 중앙재난안전대책본부는 오는 14일이 시한인 수도권 방역 강화조치를 신규 확진자 수가 한 자릿수로 줄 때까지 유지한다고 12일 밝혔다.	    이에 따라 지난달 29일 2주간 한시적으로 수도권에 내려졌던 박물관·동물원 등 공공시설 8000여 곳의 운영중단, 유흥주점·학원·PC방 등 고위험시설 운영 자제, 수도권 주민 대외활동 자제 등의 조치는 앞으로도 계속된다.	    중대본은 또 방역수칙을 강제로 적용하는 고위험시설을 유흥주점과 노래연습장 등 기존 8개 업종에 더해 함바식당, 인력사무소, 포교시설 등으로 확대해 관리를 강화하는 동시에 확진자 발생 시 신속한 역학조사가 이뤄질 수 있도록 수도권에 역학조사관을 확대 배치하고 경찰청 신속대응팀과 상시 협력체계를 갖추기로 했다.	    중대본은 특히 고위험시설에만 적용되는 전자출입명부 의무화 제도를 수도권 학원과 PC방으로 확대하기로 했다.	    이와 함께 고시원, 쪽방촌, 함바식당 등 제도밖 시설 종사자에 대해서도 증상 유무와 관계없이 진단검사를 시행함으로써 집단감염 가능성을 조기에 차단키로 했다.	 필요할 경우 한시적으로 무료 검사 대상 확대도 검토할 방침이다.	    중대본은 아울러 코로나19 예방 및 확산 저지를 위해 마스크 착용 의무 수칙도 마련키로 했다.	    구체적으로 다중이용시설에서 마스크 착용이 일상화되도록 홍보 활동을 늘리는 동시에 벌금 부과를 비롯한 행정조치도 강화해 나갈 계획이다.	 여름철에 착용하기 좋은 비말 차단용 마스크 공급량도 늘릴 방침이다.	 박능후 중대본 1차장은 브리핑에서 ""다시 '사회적 거리두기'로 돌아갈 경우 빚어질 수 있는 등교 수업 차질과 생업 피해를 최소화하면서도, 수도권에 집중된 연쇄감염의 고리를 차단하기 위해 이런 조치를 마련했다""고 설명했다."
"게임위·세종청, 2800억 불법 도박 게임 일당 15명 검거","  게임물관리위원회는 세종지방경찰청과 전국 성인PC방에 불법 도박 게임사이트와 게임머니를 판매·유통해 2800억원 규모의 도박을 하게 한 일당 15명을 검거했다고 30일 밝혔다.	   국내 총판 일당 총책 40대 A씨 등 15명은 2018년부터 국내 오피스텔에 콜센터 사무실을 갖추고 전국 성인PC방에 맞고, 바둑이, 포커 등 도박게임을 제공하며, 게임머니를 판매, 유통해 성인PC방을 찾는 손님들에게 베팅액 합계 2800억 원대 도박을 하게 하고, 85억 원의 게임머니를 환전해 20억 원의 부당이익을 챙긴 혐의를 받고 있다.	    또 수익을 늘리기 위해 영업실장은 성인PC방 가맹점을 모집하고, 총판은 게임머니를 유통해 손님들에게 도박게임을 하게 한 뒤 베팅액에 따른 일정 수수료를 분배해 수익을 얻는 조직적 범행을 한 것으로 드러났다.	    게임위는 해당 게임물에 대해 게임법 제24조 및 같은 법 시행규칙 제14조에 따라 등급분류 결정을 즉시 취소했다."
"편의점서 맥주 살때 신분증 없어도 된다…폰만 있으면 ""PASS""","  앞으로는 편의점에서 술을 살 때 신분증 없이 휴대폰으로 간단히 성인 인증을 받을 수 있게 된다.	 편의점 CU와 GS25는 이동통신 3사와 함께 모바일로 운전면허증을 확인할 수 있는 서비스를 운영한다고 23일 밝혔다.	    CU는 지난 22일부터 이미 서비스에 들어갔고, GS25는 오는 24일부터 서비스를 개시한다.	      이 서비스는 이동통신 3사가 공동운영하는 패스 애플리케이션을 기반으로 하고 있다.	    운전면허가 있는 고객이 패스 앱 내에서 모바일 운전면허 확인서비스 이용 약관에 동의한 후 인증을 거쳐 실물 면허증을 카메라로 촬영하면 된다.	    이렇게 PASS 앱에 저장된 신분 정보는 편의점의 판매시점 정보관리 시스템, 경찰청·도로교통공단의 운전면허정보 자동 검증 시스템과 실시간 연동돼 판매자는 고객의 미성년자 여부를 바로 확인할 수 있다.	 PASS 앱에서 지문이나 핀 번호로 면허증 진위와 신청자 동일인 여부를 확인하는 만큼 신분증 도용이나 개인정보 유출 문제도 차단할 수 있다고 CU 측은 설명했다.	    CU 관계자는 ""하루 수백명이 방문하는 편의점에서 근무자와 고객 간 불필요한 오해 없이 명확하게 본인 인증이 이뤄질 수 있다는 점이 가장 큰 장점""이라고 말했다."
"검찰, ""결함 은폐 의혹"" BMW코리아 압수수색","  검찰이 BMW의 '차량 결함 은폐 의혹'과 관련해 BMW 서울 사무실 등을 전격 압수수색했다.	    16일 검찰에 따르면 서울중앙지검 형사 5부는 이날 자동차 관리법 위반 혐의로 서울 중구에 있는 BMW 사무실과 강남에 있는 이 회사 서버 보관소 등을 압수수색했다.	    지난해 11월 경찰이 사건을 송치한 지 11개월 만이다.	 당시 경찰은 BMW 본사와 BMW코리아 등 법인 2곳, 김효준 BMW코리아 회장을 비롯한 임직원 등 8명을 자동차관리법 위반 혐의로 기소 의견을 냈다.	 이들은 BMW 차량에 들어가는 EGR 결함을 알고도 이를 축소·은폐한 혐의를 받는다.	    BMW의 결함 은폐 의혹은 2018년 이 회사 차에서 연이어 불이 나면서 불거졌다.	     의혹이 확산하자 BMW는 그해 7월 ""2016년부터 유럽에서 비슷한 엔진 사고가 있어 원인 규명을 위해 실험해왔는데 최근에야 EGR 결함이라는 결론이 나왔다""면서 리콜을 시행했다.	     국토교통부는 민·관 합동조사단을 꾸려 결함은폐 의혹을 조사하고, BMW가 2015년부터 결함을 인지하고도 은폐·축소했다고 발표했다.	    피해를 본 BMW 차주 등 소비자들은 이 회사 독일 본사와 한국지사, 회장 등 관계자들을 고소했다.	 이들은 BMW코리아 등을 상대로 집단 손해배상 소송도 법원에 제기한 상태다."
"안전도, 실적도 모두 경고등…그래도 최정우 포스코 회장 연임?","   최정우 포스코 회장이 취임하자마자 ‘안전 시스템 구축’을 천명했지만 인명사고가 끊이지 않고 있다.	 게다가 포스코는 창립 이후 처음으로 올해 2분기에 적자를 기록하는 등 실적도 암울한 상황이다.	 안전과 실적 모두 낙제점에 가까운 성적표를 받았음에도 최정우 회장의 연임이 착착 진행되고 있어 과연 적절한지 의문이 제기되고 있다.	       25일 업계에 따르면 최 회장은 이달 이사회에서 연임 의사를 밝혔다.	 지난 23일 사외이사 7명으로 구성된 CEO 후보추천위원회가 최 회장의 연임 자격 심사에 들어간 것으로 알려졌다.	 포스코는 정관상 임기 종료 3개월 전까지 연임 의사를 밝히도록 규정하고 있고, 최 회장의 임기는 내년 3월까지다.	      공교롭게도 이런 소식이 알려진 다음 날인 24일 포스코 광양제철소에서 인명사고가 발생했다.	 산소공급용 배관설비 작업 도중 폭발사고로 포스코 직원 1명과 협력업체 직원 2명이 사망했다.	 25일 경찰과 국립과학수사연구원, 고용노동부 여수시청, 소방청 감식반 등이 사고 원인을 밝히기 위해 합동 감식에 들어갔다.	      사망자가 3명이나 발생하자 포스코는 이날 최 회장 명의로 사과문을 냈다.	 회사 측은 “광양제철소 산소 배관설비 사고에 대해 머리 숙여 깊이 사과드린다”며 “우리의 일터 현장에서 고귀한 목숨이 희생된 데 대해 참담하고 안타까운 마음 금할 길이 없다.	 저희를 지켜봐 주시는 지역사회에도 걱정과 심려를 끼쳐드려 진심으로 죄송한 마음이다”고 고개를 숙였다.	 그러면서 “신속한 사고수습을 위해 최선을 다하고, 무거운 책임감을 느끼고 후속 조치에 모든 힘을 기울이겠다”고 했다.	     항상 인명사고가 나면 그때뿐이라 민주노총 금속노조 포스코지회는 “원인 규명과 책임자 처벌이 없다면 화재와 폭발, 죽음과 부상이 끊이지 않는 전쟁터 같은 포스코는 계속될 것”이라고 근본적인 대책을 요구했다.	        포스코에서는 최근 3년간 연말·연초면 어김없이 인명사고가 일어나고 있어 안전체계에 구멍이 뚫렸다는 지적이다.	 포스코는 2018년 1월 포항제철소에서 외주업체 노동자 4명의 질소질식 사망사고 직후 ‘3년간 1조1050억원 투입, 안전 전문인력 200여 명 확보’ 등의 대책을 내놓았지만 해결책이 되지 않고 있다.	 2018년 6월 광양제철소에서 3t 크레인에 끼여 노동자 1명이 사망하는 사고가 일어났다.	      지난해 12월 24일에는 광양제철소에서 배열 발전 설비 중 폭발이 일어나 5명이 부상을 입는 사고가 발생했다.	 폭발음으로 인해 땅이 흔들리기도 해 안전을 위해 이순신대교가 통제되기도 했다.	 포스코의 책임자가 당시 현장에 없었던 것으로 알려져 과실치상 혐의로 재판을 받기도 했다.	     포스코는 안전사고가 계속되고 있지만 기존 안전 시스템 투자를 계속한다는 말만 할 뿐이다.	 포스코 관계자는 “2018년 이후 계획대로 안전 시스템에 대한 투자가 이어지고 있다.	 현재 24일 폭발 사고 원인을 조사 중이다”고 말했다.	       최 회장이 2018년 7월 취임 이후 포스코의 실적 성적표도 좋지 않다.	 2017년에는 순이익 2조9735억원을 기록했지만 2018년부터 3년 연속으로 순이익 1조원대에 머무를 것으로 보인다.	     올해는 1968년 창사 이후 처음으로 분기 적자를 기록하기도 했다.	 글로벌 금융위기 때에도 흑자를 기록했지만 코로나19가 덮친 올해 2분기에는 매출 5조8848억원, 영업손실 1085억원에 머물렀다.	 1968년 포스코 창사 이후 처음으로 분기 적자를 기록했다.	     그나마 다행인 것은 3분기에는 중국과 미국, 유럽 등에서 철강 업황이 조금씩 회복돼 다시 흑자로 돌아섰다는 점이다.	 하지만 올해는 매출 60조원 달성은 쉽지 않을 전망이다.	     포스코 관계자는 “자동차 등 고부가가치 철강의 회복 덕분에 흑자로 전환했지만 코로나19 재확산이 염려된다”고 말했다.	    포스코 회장 자리는 정권의 입김이 크게 작용한다.	 항상 정권이 바뀔 때마다 중도 퇴진하는 ‘잔혹사’가 이어지고 있다.	 최 회장은 문재인 정부가 들어서면서 퇴임한 권오준 회장 뒤를 이어 9대 회장이 됐다.	 전직 회장들과는 달리 비제철소장·비엔지니어·비서울대 경력으로 새로운 바람을 일으킬 것으로 기대를 모았지만 이렇다 할 업적을 남기지 못하고 있다.	    최 회장이 과연 경영성과·대내외 평가·미래 전략 등에 대한 추천위의 심사를 통과할 수 있을지 주목된다.	     CEO 후보추천위원회는 내달 11일에 예정된 이사회에서 최 회장의 최종후보 추천 여부를 결정할 것으로 전해졌다."
"블루투스 셀카봉 브랜드 루이트, ‘짐벌 셀카봉 RT-JS7’ 업그레이드 모델 출시","  블루투스 셀카봉 브랜드 루이트가 상반기 출시한 7세대 줌기능 블루투스 ‘짐벌 셀카봉 RT-	JS7’ 업그레이드 모델을 출시했다고 밝혔다.	 업체 측은 신제품 7세대 줌기능 블루투스 ‘짐벌셀카봉 RT-	JS7’는 제조사의 제품에 완성도를 더욱 높인 ODM 제품이라고 소개했다.	 특히 기존 6세대 짐벌에 루이트와 제조사가 공동개발한 리모컨을 탑재한 특징이 있으며, 삼각대부분은 루이트와 제조사가 공동개발로 6세대에 비해 더욱 안정적으로 개선, 기존 삼각대에 비해 지탱범위가 더욱 넓어져 파손될 확률을 대폭 낮췄다고 설명했다.	 또한 S사 노트사이즈 크기의 스마트폰에 맞춰 상반기 출시된 제품을 더욱 업그레이드하여, 짐벌홀더의 버튼을 누를 때마다 90도씩 360도 자동회전을 할 수 있도록 사용자의 편의를 더욱 제공한 짐벌셀카봉이 되었다고 덧붙였다.	 루이트 7세대 줌기능 블루투스 짐벌셀카봉 RT-	JS7은 1인미디어시대에 인플루언서들이 중요시여기는 5in1 셀카봉으로써 셀카봉, 삼각대, 거치대, 짐벌에  리모컨탑재 올인원 셀카봉으로 호응을 얻고 있다.	 또한 다기능 홀더로 휴대폰은 물론 액션캠까지 활용할 수 있으며, 무선수신거리 최대 10M의 탈부착형 충전식 블루투스리모컨을 활용해서 삼각대로 사용할 수 있는 특징이 있다.	 루이트는 2013년 10월 국내최초 블루투스 삼각대 셀카봉 WS 801을 제작, 루이트 자사브랜드 출시와 함께 후속제품 RT 901, RT 916 , RT 928 , RT-	 645B, RT -645B PLUS 삼각대 셀카봉을 선보이고 있다.	 또한 상반기에 LCD 표시되는 5A 초고속 충전용 C타입 케이블 출시예정에 있으며, 경찰청 방범보안관련 장치 등 공공기관에 필요한 전자제품 PCB기판설계제작 및 기능개발대행 등의 사업도 병행중이다.	 한편, 루이트는 다양한 신제품 출시를 기념해 프로모션 및 스타벅스 기프티콘, 고급 EVA하드케이스 증정 이벤트를 진행 중이라고 밝혔다.	   ▶    ⓒ  and JTBC Content Hub Co.	, Ltd."
"미국 코로나19 10만명 돌파, 확진자 폭증","    미국의 신종 코로나바이러스 감염증 확진자가 벌써 10만명을 넘어섰다.	      미 존스홉킨스대학은 27일 기준 미국의 코로나19 확진자 수가 10만717명이라고 발표했다.	 사망자는 1554명으로 집계됐다.	 미국은 전날 중국과 이탈리아를 제치고 세계에서 코로나19 확진자가 가장 많은 나라로 올라선 데 이어 이날 10만명도 돌파했다.	 미국의 확진자 수는 이탈리아나 중국을 훌쩍 뛰어넘는 것이다.	    미국의 코로나19 확진자는 지난 19일 1만명을 넘긴 뒤 21일 2만명을 돌파했고, 이후 22일 3만명, 23일 4만명, 24일 5만명, 25일 6만명, 26일 8만명 등으로 증가하며 가파른 상승 곡선을 그려왔다.	 이날 1만5000명 이상이 증가하며 10만명을 돌파했다.	 올해 1월 21일 첫 코로나19 확진자가 나온 뒤 1만명이 될 때까지는 2개월이 소요됐지만 1만명에서 10만명으로 불어나는 데는 불과 8일밖에 걸리지 않았다.	 미국에서 며칠 새 이처럼 코로나19 확진자가 폭발적으로 증가한 것은 테스트 키트가 보급되며 검사가 대폭 확대됐기 때문이다.	    그러나 더 본질적으로는 그동안 검사 키트 부족, 안이한 대처 등으로 미국의 보건·의료 체계가 이를 조기에 포착하지 못했다는 의미로 풀이된다.	    미국에서 코로나19 확진자가 가장 많이 발생한 뉴욕주에서는 이날 하루 새 7300여명이 증가하며 4만4600명으로 늘었고, 사망자는 134명 증가한 519명이 됐다.	 앤드루 쿠오모 뉴욕주지사는 약 21일 후가 신규 확진자 발생의 정점이 될 가능성이 있다고 판단하고 있다며 그때가 되면 뉴욕주에는 14만 개의 병상이 필요할 것이라고 말했다.	      또 뉴욕에서는 경찰관과 소방관 등 공공 서비스 종사자들까지 코로나19에 집단 감염된 것으로 나타났다.	 뉴욕경찰서에서는 경찰관 등 최소 512명이 코로나19 양성 판정을 받았고, 뉴욕소방서에도 소방관과 응급의료 요원, 일반 직원 등을 포함해 최소 206명이 양성 진단을 받았다."
"우한발 입국 발열 증상자 18명 지정병원 이송, 검역 비상","  우한에서 전세기편으로 입국한 368명 중 18명이 발열 증상을 보여 검역에 비상이 걸렸다.	      신종 코로나바이러스 감염증 중앙사고수습본부는 31일 정부세종청사에서 브리핑을 열고 우한 교민 검역 결과를 발표했다.	 입국자 368명 중 12명은 우한 톈허공항 검역 과정에서 증상을 보였고, 김포공항 검역에서 추가로 6명이 증상을 보였다.	 교민 18명 중 14명은 국립중앙의료원, 4명은 중앙대학병원으로 이송돼 격리 치료를 받게 된다.	 질병관리본부는 ""18명 심한 증상을 보이는 교민은 없다""고 밝혔다.	     이날 비행기에서 내린 탑승객은 별도로 마련된 게이트에서 추가 검역을 받았다.	 검역에서 증상이 나타나지 않은 사람을 태운 버스는 오전 10시 49분쯤 김포공항을 떠났다.	 증상이 없는 탑승객 350여명은 총 30대의 버스를 통해 임시 숙소인 충북 진천 국가공무원인재개발원과 충남 아산 경찰인재개발원으로 나뉘어 2주간 격리 수용된다.	 아산에서 200명, 진천에서 150명이 생활하게 된다.	 의료진이 함께 생활하며 매일 방역조치와 의료적 지원이 실시된다.	 2주일간 외출과 면회가 금지된다.	      우한 현지에는 1차 전세기에 탑승하지 못한 교민 350명 정도가 대기하고 있다.	 대한항공은 1차 전세기로 사용된 B747 기종 등을 김포공항에 대기시키고 있다.	 정부는 “다음 전세기 일정은 아직 정해지지 않았다.	 나머지 탑승 신청자를 태우기 위한 추가 전세기 운항 협의를 중국 당국과 계속하고 있다”고 밝혔다.	          ▶   ⓒ  and JTBC Content Hub Co.	, Ltd."
"해커스, 새 학기 토익 완성 돕는 ‘매일 실전 RC/LC 문제’ 무료 제공","  취업준비, 교환학생, 졸업요건 충족 등을 위해 토익 시험을 준비하는 대학생과 취준생이 많다.	 이에 토익인강 및 토익학원으로 유명한 해커스에서 새 학기 토익 점수 고득점 달성을 돕는 ‘매일 실전 RC/LC 풀기’로 최신 토익 문제를 무료로 제공해 주목을 받는다.	 해커스토익 사이트에서 제공하는 ‘매일 실전 RC/LC 풀기’를 통해 누구나 무료로 매일 업데이트되는 최신 토익 문제를 풀어볼 수 있다.	 매일 새로운 문제와 함께 문제에 대한 해석, 해설, 어휘까지 제공하여 토익 독학을 하는 수험생들에게도 인기를 얻고 있다.	 더불어, ‘매일 실전 LC 풀기’에서는 해커스어학원 종로캠퍼스 에리카설, 김진영 강사가 상세한 무료 해설강의까지 제공해 완벽하게 문제를 이해할 수 있도록 돕는다.	 참고로, 해커스토익 사이트는 해커스 교육그룹의 토익 커뮤니티다.	 해커스는 강남, 종로, 일산, 노량진, 수원에 어학원, 공무원, 공인중개사, 편입, 취업, 경찰 학원을 운영하며 다양한 온라인 강의 서비스와 교재를 제공하고 있다.	 ‘매일 실전 RC/LC 풀기’ 문제를 풀고 나면 문제 총참여자 수와 답안 선택 비율을 확인할 수 있다.	 실제 토익 난이도의 문제를 풀어보고, 자신의 토익 실력을 가늠해볼 수 있어 유용하다.	 또한, 문제를 풀고 출석체크를 하면 토익 분석자료집도 추가로 받을 수 있다.	 해커스는 ‘매일 실전 RC/LC 풀기’ 콘텐츠를 메일로 받아볼 수 있는 서비스도 제공해 꾸준히 학습할 수 있도록 돕는다.	 이에 ‘매일 실전 RC/LC 풀기’를 이용하고 목표 토익 점수를 달성할 수 있었다는 수험생들의 후기도 많이 올라오고 있다.	 해커스영어는 ‘매일 실전 RC/LC 풀기’ 외에도 토익 수험생들을 위한 다양한 콘텐츠를 제공하고 있다.	 먼저, 해커스토익 스타강사들이 진행하는 해커스 토익 무료인강을 찾아볼 수 있다.	 해커스 토익 무료강의는 베스트셀러 토익 교재들인 ‘해커스 토익 스타트 리딩’, ‘해커스 토익 리딩’, ‘해커스 토익 실전 1000제 1’, ‘해커스 토익 실전 1000제 2’로 진행되어 무료 영어인강, 무료 토익인강, 무료 토익강의로 많은 추천을 받는다.	 토익 입문자를 위한 무료 토익인강으로 ‘해커스 토익 스타트 리딩’이 있다.	 ‘해커스 토익 스타트 리딩’은 기초 토익인강으로 드림토익 정수진 강사가 진행하여 토익을 기초부터 탄탄하게 다질 수 있도록 한다.	 기초부터 실전까지 대비가 가능한 ‘해커스 토익 리딩’ 강의는 빡센토익 이상길 강사가 강의한다.	 파트별 풀이전략을 제시하고 최신경향을 반영한 실전 문제도 수록해, 토익을 체계적으로 배울 수 있다.	 토익 실전 시험을 준비하는 수험생들을 위한 토익 강의로 추천받는 ‘해커스 토익 실전 1000제 1’, ‘해커스 토익 실전 1000제 2’ 강의도 있다.	 ‘해커스 토익 실전 1000제 1’ 무료 강의는 LC 신영화, RC 김지현 강사가 진행하고, ‘해커스 토익 실전 1000제 2’ LC 김진영 강사와 RC 박가은 강사가 진행해 토익 모의고사 문제를 풀며 토익을 완벽하게 대비할 수 있도록 한다.	 더불어 수험생들은 해커스영어에서 토익 자유게시판에서 토익 공부비법, 수강 후기, 고득점 팁 등을 공유할 수 있다.	 또한, 토익 문제 Q&A; 게시판에서는 모르는 토익 문제를 질문하고 서로 답해줄 수도 있어 혼자서 토익을 공부하는 수험생들이 많이 찾고 있다.	 한편, 신종 코로나바이러스 감염증의 확산으로 3월 15일 토익 시험도 취소되어, 2020년 토익 시험일정은 3월 29일, 4월 12일, 4월 26일로 예정되어 있다.	 해커스 교육그룹은 5년 연속 교육그룹 부문 1위 자리를 지켜온 대한민국 대표 종합교육기업이다.	 한국 소비자포럼 선정 '올해의 브랜드대상'에서 대국민 투표를 통해 2012년부터 5년 연속 교육그룹 부문 1위에 올랐다.	온라인  ▶    ⓒ  and JTBC Content Hub Co.	, Ltd."
"""이규연의 스포트라이트"" 조주빈의 민낯 집중 탐사","  JTBC ‘이규연의 스포트라이트’에서 잔혹한 텔레그램 성범죄를 저지른 조주빈을 집중 탐사한다.	 2일 방송에선 성범죄자 조주빈을 조명한다.	 검거 한 달 전까지 장애인시설, 보육원 등에서 봉사활동을 했다는 조씨의 행적.	 조주빈의 두 얼굴은 계속해서 포착되고 있다.	    50대 남성인 이웃이 기억하는 조주빈은 너무 평범해서 주의를 끌지 않았다고 한다.	 경찰이 조씨의 집을 압수수색해 발견한 것은 9대의 휴대전화와 1대의 노트북, 컴퓨터 그리고 1억 3천만 원이라는 거액의 현금이다.	 20만 원에서 많게는 150만 원까지 ‘박사방’ 입장료를 받았던 ‘박사’.	 그 돈은 조씨가 성착취와 사기로 벌어들인 검은돈일까.	    조씨의 대학 시절 같이 학보사 활동을 했다는 A씨는 편집국장이었던 조씨가 원고료를 챙기기 위해 독단적으로 자신의 기사 위주로 편집하고 예산을 전용하는 등 돈에 집착하는 모습을 보였다고 말했다.	    약 2년간의 범죄.	 사기, 협박, 유포 심지어 성폭행까지.	 현재까지 밝혀진 피해자만 70여 명 이고 그중 미성년자가 16명이다.	 끔찍하고 잔혹한 성착취 범죄로 대한민국을 경악에 빠트린 조씨는 첫 포토라인 당시 “멈출 수 없었던 악마의 삶을 멈춰주셔서 정말 감사합니다”라며 스스로를 ‘악마’라 칭해 공분을 일으켰다.	 조씨의 발언은 무슨 의미였을까.	    피해자에 대한 일말의 사과와 죄책감도 없었다.	 하지만 피해자들의 고통은 계속되고 있다.	 피해자들은 지워지지 않고 계속 올라오는 사진, 영상들이 죽는 한까지 계속될 것 같다고 말하며 괴로워했다.	      방송에서는 서지현 검사와 함께 법무부 태스크포스팀의 계획까지 들어볼 수 있다."
[부고]GS건설 Compliance실 이용섭 담당 부친상," 이상철씨 별세, 이용섭·이일섭·이미섭씨 부친상   8일, 충남 아산시 배방읍 갈산교로 38 배방장례식장 특1호   발인 10일 오전 8시 30분, 041)544-8721  ▶ ▶     ⓒ  무단 전재 및 재배포 금지"
[서지영 기자의 랜드ing] 부동산감독원→분석원으로 바꿨지만…갑론을박 여전,"  정부가 부동산시장 감독기구 설립을 본격화한다.	 앞서 논의된 '부동산감독원'보다는 감독 수위를 낮춘 '부동산거래분석원'으로 톤을 낮췄으나 이를 둘러싼 갑론을박은 여전하다.	  홍남기 부총리 겸 기획재정부 장관은 지난 2일 ""부동산시장 교란 행위를 차단하기 위해 불법행위 대응반을 부동산거래분석원으로 확대 개편해 이상 거래 분석기능을 강화하겠다""고 말했다.	 그동안 논란이 됐던 부동산 감독기구 대신 국토부 내 분석원이라는 이름의 조직으로 운영하겠다는 것이다.	     현재 TF 팀으로 꾸려진 대응반은 국토부·검찰·경찰·국세청·금융감독원 등 7개 기관 13명으로 구성됐다.	 TF 팀은 지난해 12월부터 올해 2월까지 신고된 9억원 이상 고가주택 거래 중 1705건의 이상 거래에 대해 조사를 진행했다.	 이 중 811건을 법령 위반 의심 사례로 금융위와 국세청·경찰청 등 소관 기관에 통보하며 활약했다.	 그러나 전국적으로 나타나는 각종 불법행위, 시장교란 행위 등에 대응하기에는 물리적 한계가 있었던 것이 사실이다.	     홍 부총리는 ""13명으로 구성된 임시조직의 인력으로는 현실적 한계가 있다""며 ""정부 내에 설치하는 정부조직으로서 금융정보분석원, 자본시장조사단 사례를 참고해 부동산거래분석원의 기능과 권한을 설계하고 있다.	 이런 내용을 포함하는 관련 법률 제정안의 입법을 추진해 나가겠다""고 밝혔다.	 일부에서는 특정 기관이 부동산 거래자의 금융·과세 정보 등을 조회할 수 있게 된다면 개인정보 침해 우려가 커진다는 지적이 나온다.	 기존에는 대응반이 9억원 이상의 고가 주택 거래나 토지거래허가구역 등 이상 과열 지역을 집중적으로 조사했으나 상시 감시 조직이 생기면 자금조달계획서 제출 거래 전반이 조사 대상이 될 가능성이 있다는 것이다.	 정부는 6·17대책에서 규제지역의 모든 거래는 자금조달계획서를 제출하도록 의무화하는 방안을 발표해 현재 관련 법령 개정을 위한 입법 예고가 진행 중이다.	  정부가 국민의 부동산 거래를 이른바 ‘빅 브라더’처럼 통제하고 감시하려 든다는 비판과 반발도 일고 있다.	 홍 부총리는 정부가 개인 거래의 감독한다는 지적에 대해 ""시장을 통제하고 감독하는 기구를 신설한다는 지적이 있으나 이번 방안은 시장을 상시 모니터링하고 불법행위를 포착해 신속히 단속하는 상시조직을 만들고자 하는 것""이라며 ""정부 외부의 독립된 감독 기구를 만드는 것도 아니다""라고 했다.	   갑론을박이 계속되자 국토교통부는 3일 ""부동산거래분석원은 불법 가능성이 높은 의심거래에 한해 부동산 실거래 조사를 진행할 계획""이라며 ""부동산거래분석원의 모태가 될 국토부 ‘부동산시장불법행위대응반’ 또한 정상적인 거래에 대해서는 조사를 진행한 적이 없었다""고 해명 자료를 내놨다.	  부동산 업계 관계자는 ""교란 행위를 막는다는 당위성은 언제나 참이다.	 그러나 국회 입법 시 주어진 정보를 어떻게 사용할지 명확하고 구체적인 기준 설정을 해야 논란이 되는 이른바 '빅 브러더' 등 여러 부작용을 줄일 수 있다""고 말했다."
"의협 ""9월 7일부터 무기한 총파업""","  대한의사협회가 9월 7일부터 무기한 총파업에 돌입한다.	      최대집 의협 회장은 28일 용산 임시 의협회관에서  회견을 통해 이날 범의료계 4대악 저지투쟁 특별위원회 회의 결과 이같이 결정했다고 밝혔다.	 최 회장은 ""보건복지부의 전공의 10명에 대한 고발 조치와 최근 공정거래위원회 고발은 부당한 공권력의 폭거""라며 ""전문변호인단을 조속히 구성하는 등 가용한 모든 방법으로 대응하겠다""고 밝혔다.	     복지부는 수도권 소재 수련기관에 업무개시명령을 내렸는데도 이에 불응하고 복귀하지 않은 3개 병원 응급실 전공의 10명을 이날 경찰에 고발했다.	    최 회장은 ""정부의 조속한 태도 변화를 촉구한다""며 ""우리의 요구가 수용되지 않을 때는 9월 7일부로 제3차 전국의사 총파업을 무기한 일정으로 돌입할 것""이라고 말했다.	 현재 의협은 정부에 의과대학 정원 확대, 공공의대 설립, 첩약 급여화, 비대면 진료 육성 등 네 가지 정책을 전면 철회하라고 요구하고 있다.	      다만 정부와의 대화 가능성은 열어뒀다.	     최 회장은 ""제3차 총파업 이전에 정부의 제안이 오면 진정성 있게 협상하겠다""며 ""범투위 내에서도 적극적으로 의견을 수렴할 것""이라고 말했다.	 그는 정부와의 협의체를 구성할 때 의료인이 아닌 비전문가를 포함해 원점에서 논의해야 하는 방안에 대한 질의에는 ""바람직하지 않다""고 선을 그었다.	      최 회장은 ""보건의료에 대한 전문성이 취약한 단체가 논의에 참여해서 불합리하게 진행되는 걸 경험했다""며 ""의료정책을 논하는 협의체에 비전문가가 참여하는 건 반대한다""고 말했다."
"못 미더운 P2P… ""옥석"" 가려질까","  온라인투자연계금융 시장에서 신뢰도 있는 업체들과 그렇지 않은 곳들이 구분될 전망이다.	     오는 8월 27일 온라인투자연계금융업 및 이용자 보호에 관한 법률 시행을 계기로 P2P 금융에 대한 시장의 신뢰가 높아질 수 있을지 주목된다.	     14일 P2P 업계에 따르면 금융감독원은 이달 초 P2P 업체 240여 곳에 공문을 보내 회계법인의 감사보고서를 내달 26일까지 제출하라고 요구했다.	    P2P 기업들은 온라인 플랫폼을 통해 돈이 필요한 차주와 투자자를 연결해주고 수수료를 받는 곳들이다.	       이에 당국에서는 가짜로 대출채권을 만들어 투자금을 횡령하거나 돌려막기를 하는 데 쓰지 않았는지 확인하기 위해 1차적으로 공인회계사의 점검을 받도록 했다.	     금감원은 ‘적정’ 의견을 받은 업체만 P2P업 등록 심사를 진행하고, 부적격하거나 자료를 제출하지 않은 업체에 대해서는 현장 점검을 거쳐 대부업으로 전환 또는 폐업하도록 안내한다는 계획을 내놨다.	     온투법이 시행되면 P2P 업체들은 1년 이내 정식으로 등록해야 하는데, 이때는 대출채권뿐 아니라 기업 전체에 대한 회계법인의 감사보고서를 제출해야 한다.	 또 자기자본을 최소 5억원 이상 보유하고 투자금과 회사 운용자금을 분리하는 등 기존 금융업 수준의 건전성과 신뢰성을 갖춰야 P2P 업을 영위할 수 있다.	    그동안 일부 P2P 업체에서 ‘혁신 금융’을 방패 삼아 불법행위를 하다가 적발되는 일이 잇따르며 신뢰도가 떨어졌다.	     지난 9일에는 대출 잔액이 251억여원에 달하는 ‘넥펀’이 “경찰 수사 때문에 투자금 반환이 어렵다”며 돌연 영업 중단을 선언하며 파문이 일기도 했다.	    현재 업계 평균 연체율은 16%대로 높아졌고, 연체율이 100%에 이른 업체도 여러 곳이다.	     이에 업계에서는 금융당국의 심사를 통과하는 P2P 업체가 수십 개에 그칠 것이란 전망도 나오고 있다."
[IS 주간 블록체인] 블록체인 전면도입 7대 분야 선정과 페이팔의 가상자산 서비스 도입 움직임,"   지난 24일, 과학기술정보통신부는 대통령 직속 4차 산업혁명위원회 제15차 전체회의에서 초연결·비대면 신뢰사회를 위한 블록체인 기술 확산전략을 발표했다.	 정부가 블록체인을 전면 도입할 7대 분야로 ▲온라인 투표 ▲기부▲사회복지 ▲신재생에너지▲금융▲부동산▲우정 서비스를 선정했다.	    먼저 온라인 투표 분야에서는 블록체인 기반으로 이해관계자가 투·개표 결과에 직접 접근해 확인할 수 있는 시스템을 구축하고, 모금부터 수혜자까지 확인 가능한 기부 플랫폼도 구축한다는 계획이다.	    이미 기부 분야에서는 블록체인기술연구소가 희망브리지 전국재해구호협회와 블록체인 기반 기부 플랫폼 ‘희망브리지 마크’ 디앱을 이달 중 출시할 예정이다.	 기존 블록체인 기반 기부 모델은 모금된 후원금을 오프라인에서 사용한 후 블록체인에 기록하는 형태지만, 희망브리지 마크는 실시간으로 블록체인에 기록되어 기부금 사용 내용 등 정보의 위·변조가 원천적으로 불가능해 투명성이 한층 더 강화될 것으로 보인다.	    사회 복지 분야에서는 블록체인 기술을 자산형성 복지급여 지원사업에 접목해 중복수급 방지의 실효성을 검증하고, 오는 21년부터 23년까지 단계적으로 타 복지급여 사업으로 확대할 계획이다.	 또한 신재생에너지 거래의 입찰·계약·정산 과정에 블록체인 기술을 적용해 통합 관리를 추진한다.	    부동산 분야에서는 각종 부동산 정보의 위·변조 방지, 실시간 공유와 거래 과정의 자동화를 추진한다.	 조작이 불가능한 블록체인 기술의 특성을 활용하고 특정 조건이 충족되면 자동으로 진행하는 스마트 계약 기술이 접목될 예정이다.	    이 밖에 지역 디지털 화폐 강화 사업과 우정 서비스 통합 고객 관리체계 구축도 확산전략에 포함됐다.	      지난 23일, 한국인터넷진흥원이 ‘보안대책 대응 R&D; 추진 현황’을 주제로   간담회를 개최하면서 가상자산 및 다크웹을 활용한 사이버 범죄 관련 활동 정보를 추적하는 기술을 개발한다고 밝혔다.	    KISA는 올해 4월부터 23년까지 검찰과 경찰대학, 람다256, 충남대, NSHC 등과 함께 공동연구를 진행하고 있다.	    연구는 ▲지갑 주소 수집 및 분석 ▲부정거래 탐지·추적 ▲범죄 행위자 프로파일링 ▲실증 네트워크 구축 등 총 4가지 과제가 진행된다.	 다크웹과 일반 인터넷상의 정보를 서로 매핑해 범죄 행위자 프로파일링에 활용하는 기술을 개발해 제2의 텔레그램 N번방 사태가 발생하지 않도록 범죄 수사를 지원한다.	    박순태 KISA 보안위협대응&D; 팀장은 “가상자산은 블록체인 특성상 범죄자금 소유자를 추적하기 어렵다.	 아직 지갑 주소 수집, 거래소 식별, 부정 거래 추적 등 연구 초기 단계”라며, “익명성 기반 다크웹 내 사이버 범죄 활동 정보 분석 기술이 부족하며 거래소 실제 환경에 적용 가능한 추적 및 탐지 기술 개발이 필요하다”고 밝혔다.	      국제결제은행이 “코로나19 확산으로 중앙은행의 디지털 화폐 개발을 촉진한다”는 내용의 보고서를 발간했다.	    BIS는 보고서에서 “코로나19가 소액 결제 시스템에 엄청난 변화를 가져왔다”며 “기존 시스템의 장단점을 모두 드러냈다”고 지적했다.	    보고서에 따르면 코로나19 확산으로 소비자의 현금 사용이 급격하게 감소했다고 분석했다.	 전 세계적으로 경기 침체가 장기화함에 따라 소비자들이 소비하지 않고 현금을 보유하는 현상이 원인이라고 설명했다.	    현금 지출은 감소했지만 전자상거래 지출은 폭발적으로 상승했다.	 자가 격리, 원격 근무 등 이동성이 감소하면서 비대면·비접촉 거래가 가능한 온라인 쇼핑 지출 증가로 이어졌다.	    BIS는 이런 상황이 각국 중앙은행의 CBDC 발행 가능성을 높였다고 분석했다.	 보고서에 따르면 “코로나19로 인해 CBDC 등 디지털 결제가 대안으로 떠오를 것”이라고 진단하면서 “소매 결제의 변화가 CBDC 개발까지 이끌 것”이라고 강조했다.	    보고서는 CBDC 연구와 발행 준비는 더욱 빨라질 것으로 전망되며, 관련 법적 제도 장치 마련에 대한 목소리도 높아질 것으로 전망하고 있다.	 이에 대해 정부와 관련 부처 간 협력과 교류 사례도 증가할 것으로 예측된다.	      글로벌 전자결제 시스템 제공 업체 ‘페이팔’이 직접 가상자산을 사고팔 수 있는 서비스를 제공하려 한다는 관측이 나왔다.	    22일 블록체인 전문 매체 코인데스크에 따르면 페이팔은 3억 2500만 명에 달하는 이용자를 대상으로 가상자산 판매 서비스를 제공할 예정이라고 전했다.	    페이팔은 코인베이스 등 주요 가상자산 거래소와 연계되어 자금 입출금 하는 채널로 사용됐다.	 하지만 직접 가상자산을 판매하는 것은 최초다.	    코인데스크는 페이팔 내부 관계자의 말을 인용해 “페이팔과 벤모에서 다이렉트로 가상자산을 사고파는 기능이 지원될 예정”이라고 전하며 “지갑 기능이 내장되어 있어 직접 보관할 수 있을 것”이라고 설명했다.	 아직 구체적으로 어떤 가상자산 판매를 지원할지는 확인되지 않았다.	 이와 관련해 코인데스크는 페이팔이 유동성을 확보하기 위해 여러 거래소와 협력할 것이라고 예측했다.	    이에 미국 가상자산 거래소 ‘크라켄’의 CEO 제시 파월은 “페이팔의 가상자산 지원 소식은 놀랍지만, 그들이 계정 폐쇄 정책을 바꿀 것이라고는 기대하지 않는다.	” 며 “페이팔은 여전히 중앙집권적이고, 정부의 금융 시스템을 통한 사법 제제를 계속할 것”이라고 말하며 부정적인 의견을 내놓았다.	    이와 반대로 블록체인 기술 개발사 블록스트림의 최고전략책임자 샘슨 모으는 자신의 트위터 계정을 통해 “페이팔이 암호화폐 결제 및 거래를 지원한다는 소식이 사실이라면 이는 업계에 상당히 긍정적인 뉴스”라고 해석했다.	    샘슨 모으는 페이팔의 암호화폐 시장 진출을 SF영화 매트릭스에 비유하며 “페이팔의 암호화폐 시장 진출은 매트릭스에서 현실 세계와 가상 세계를 이어주는 빨간 약과 같다”며 가상자산에 대한 인식을 확산시키고 대중들의 접근을 용이하게 만들어줄 수 있다”고 말했다.	     ▶다크웹   일반적인 인터넷 브라우저로는 접근이 불가능하며 암호화된 네트워크에 존재하여 특정 브라우저를 통해서만 접근이 가능한 웹사이트의 집합체로 개인정보 거래와 같은 불법적인 거래에 활용된다.	    ▶국제결제은행   중앙은행 간의 통화 결제나 예금을 받아들이는 것을 업무로 하는 은행으로 1930년 1월 설립되었다.	 최근에는 세계 금융 현안에 대한 논의 등 중앙은행 간 협의체의 기능을 주로 수행하고 있다.	    ▶페이팔   미국의 간편 결제 서비스로 구매자와 판매자의 중간에서 중계 역할을 해주는 에스크로 서비스를 제공한다.	 미국의 주요 가상자산 거래소에서 활용되고 있다."
"""레깅스룸""을 아시나요…레깅스 기업 간부도 성적으로 접근하는 한국","  유명 레깅스 브랜드를 운영하는 국내 기업 고위직 간부가 자신의 수행 기사에게 접대부가 레깅스를 입고 나오는, 이른바 '레깅스룸' 사진 촬영 지시를 내린 것으로 알려져 파문이 일고 있다.	 레깅스가 건강한 운동복이자 일상복으로 자리매김하는 단계에 레깅스 판매 기업마저 자신들의 주력 제품을 성적으로 바라보고 있다는 것이다.	      레깅스 브랜드 '젝시믹스'를 운영하는 브랜드엑스코퍼레이션은 지난 12일 젝시믹스 공식 SNS에 입장문을 올렸다.	 까만색 배경의 사진과 함께 장문의 글을 올린 브랜드엑스코퍼레이션 측은 ""'유흥업소에 운전기사를 보내 불법 도촬을 지시한 업체'는 브랜드엑스코퍼레이션과 일체 무관함을 명백히 밝힌다""고 썼다.	      사연은 이렇다.	 지난 9일 한 지상파 방송사는 저녁8시 뉴스에서 '기사가 찍어 보낸 레깅스 사진…이사는 아무 말도 없었다'는 제목의 보도를 했다.	 이에 따르면 국내 한 레깅스 업체 임원의 수행기사로 일했던 A 씨는 ""해당 임원이 레깅스바에 가서 경쟁사 브랜드인 'OOOO 사' 레깅스를 입은 접대부 사진을 도촬해 오라고 시켰다""고 주장했다.	 수치심에 시달리던 A씨는 양심의 가책을 느낀다면서 경찰에 자수서를 제출했다.	 도촬을 지시한 해당 임원은 사진을 찍어오라고 했던 사실은 인정하면서도 ""A 씨의 의사를 묻고 일을 시켰으며 수고비도 지급했다""고 해명했다.	 레깅스룸은 최근 강남에서 인기를 끌고 있는 신종 유흥주점이다.	 접대부들이 몸매를 고스란히 드러내는 레깅스와 브라 톱을 입고 나온다고 해서 '레깅스바', 레깅스룸 등으로 불린다.	       국내 레깅스 업계는 발칵 뒤집혔다.	 레깅스 기업 고위 간부가 직원에게 '레깅스룸' 출입과 도둑 촬영까지 지시한 것을 인정한 사안이기 때문이다.	 이는 레깅스를 유통하는 업체가 레깅스를 성적으로 소비하고 있다는 방증이기도 하다.	 각 업체는 서로 어떤 기업인지 알면서도 입을 다무는 분위기다.	 혹여 명예 훼손 등으로 불똥이 튈 수도 있어서다.	        이번 사건에서 가장 큰 피해를 본 곳은 젝시믹스다.	 젝시믹스는 과거 레깅스룸이나 바에 출입하는 여성들이 즐겨입는 브랜드라는 소문의 중심에 선 바 있다.	 또 8시뉴스에서 'OOOO 브랜드'라는 단어가 나오면서 브랜드 글자상 ""젝시믹스가 이번에 도촬을 지시한 기업 아니냐""는 소문이 돌았다.	    젝시믹스는 즉각 입장문을 내고 ""대표이사를 비롯한 임직원 모두 수행 기사 기사를 고용한 적 없다"", ""해당보도에 언급된 임원과 운전기사 A씨 모두 당사 임직원이 아니다""라고 반박 했다.	       브랜드엑스코퍼레이션 관계자는 14일 ""우리는 그런 사실이 전혀 없으며 오히려 '도촬'의 피해자""라고 한숨 쉬었다.	 브랜드엑스코퍼레이션 측은 나름대로 도촬을 지시한 업체를 추측하고 있다.	 또 사안이 더 커질 경우에 대비, 법무팀과 함께 대응 방법을 찾고 있는 것으로 알려졌다.	         요가복으로 잘 알려진 레깅스는 3~4년 전부터 국내에 본격 상륙했다.	 처음에는 몸매를 고스란히 드러내는 스타일 때문에 편견의 벽에 부딪혔다.	 하지만 직접 착용해 본 20~30대 젊은층 사이에 큰 인기를 끌면서 급속도로 성장을 일궜다.	     국내에서는 젝시믹스 외 '안다르', '뮬라웨어', 'STL'등 토종 브랜드가 경쟁 중이다.	 하나같이 빠른 외형적 성장을 일구며 몸집을 키웠다.	 시장조사업체 유로모니터에 따르면 국내 레깅스 시장은 2013년 4345억원이었지만 2018년 6958억원으로 성장했다.	 2020년에는 8000억원에서 1조원에 달하는 시장을 형성한 것으로 파악된다.	       국내 패션업계는 레깅스 업계가 이번 사건으로 부정적인 영향을 받지 않을지 우려하고 있다.	 B 업체 관계자는 ""과거 레깅스바나 룸에 출입하는 여성에게 할인이나 제품 협찬을 하는 방식으로 마케팅한다는 말을 들은 적 있었다""며 ""문제를 일으킨 임원이 도촬한 사진을 보고 즐기려는 것보다는 협찬이나 마케팅을 하려고 했던 것이 아닌가 싶다""고 귀띔했다.	 또 다른 패션업계 관계자는 ""레깅스 업체끼리 레깅스룸이나 바의 존재를 잘 알고 있고, 이곳에서 타 브랜드를 경쟁 상대로 의식하는 것으로 볼 수 있다는 걸 확인하는 계기가 됐다""고 말했다.	 이어 ""패션에는 유행이 있다.	 제품 개발 대신 이런 식의 마케팅이나 협찬에 골몰하면 결국 그 시장은 오래가지 못하고 도태되는 것이 섭리""라고 경고했다."
모바일 앱으로 운전면허·신분 증명…이통3사 국내 최초 상용화,"   이동통신 3사와 경찰청은 온·오프라인에서 모바일 앱으로 자신의 운전 자격 및 신분을 증명하는 ‘패스 모바일운전면허 확인서비스’를 선보인다고 23일 밝혔다.	 ‘패스 모바일운전면허 확인서비스’는 국내 최초로 디지털 공인 신분증을 상용화한 사례다.	      이통3사는 지난해 9월 과학기술정보통신부의 ICT 규제샌드박스를 통해 임시 허가를 획득한 바 있다.	    ‘패스 모바일운전면허 확인서비스’는 사용자 본인 명의의 스마트폰 1대에 1개의 통신사를 통해서만 이용 가능하고, QR코드와 바코드가 표출되는 화면에 캡처 방지 기술을 적용해 고객 개인정보를 보호한다.	    기본 화면에는 운전면허증 사진, 인증용 QR코드 바코드만 노출돼 생년월일, 주소 등 개인정보의 불필요한 노출을 최소화했으며, 인증 화면 위에 상시 움직이는 애니메이션을 적용해 QR코드·바코드 캡쳐를 차단하고 일정 시간이 지나면 코드를 초기화해 도용에 따른 위험을 낮췄다.	    이와 함께 이통 3사는 개인정보 보호 및 위·변조 방지를 위해 다양한 첨단 ICT 보안기술을 활용했다.	 ‘패스’ 앱에 운전면허증 등록 시 본인 회선 명의 인증과 기기 점유 인증을 거치며, 운전면허증 사진과 면허번호, 식별번호의 진위 여부도 동시에 확인한다.	    블록체인 기술을 활용, ‘패스’ 서비스와 경찰청 운전면허 시스템을 연동해 경찰청과 도로교통공단에 등록된 실제 면허증 사진이 앱에 등록되도록 함으로써 타인의 사진이나 정보로 면허증을 위·변조하려는 시도 또한 효율적으로 차단할 수 있다.	    등록된 운전면허증의 모든 정보는 사용자의 스마트폰 내 안전영역에 암호화되어 보관되며, 이통 3사는 서비스 운영에 필요한 자연인을 식별할 수 없는 최소한의 개인 식별 정보만을 저장·관리해 개인정보 오용 우려를 낮췄다.	    이통 3사는 운전면허 정보의 진위를 검증하는 경찰청과 도로교통공단 운전면허시스템 서버까지 전용선을 구축하고 전구간 암호화를 적용하여 외부 공격에 대비하는 등 보안을 강화했다.	    ‘패스 모바일운전면허 확인서비스’는 전국 CU편의점, GS25편의점 전매장에서 미성년자 확인을 위한 신분증으로 활용되며, 오는 7월부터는 전국 27개 운전면허시험장에서도 운전면허증처럼 사용할 수 있다.	    이를 통해 편의점에서는 청소년의 술·담배 구매 등 일탈 행위를 사전에 예방하는 효과가 있을 것으로 기대된다.	 전국 운전면허시험장에서는 운전면허증 갱신이나 재발급, 영문 운전면허증 발급 시 신분증 대신 ‘패스’ 앱을 제시할 수 있도록 했다.	      이통3사는 이날 BGF리테일과의 업무협약을 체결하고, 향후 CU무인편의점 적용뿐만 아니라 신분증 위변조·도용으로 인한 사회적 문제 해결을 위해 지속 협력하기로 했다.	    경찰청은 ‘패스 모바일운전면허 확인서비스’를 교통경찰 검문 등 일선 경찰행정에 적용하는 방안도 검토 중이다.	 비대면 이용 신청이 잦은 렌터카 및 공유 모빌리티 업계 역시 ‘패스 모바일운전면허 확인 서비스’의 적용을 고려하고 있다.	    이통 3사는 24일 ‘패스 서밋 2020 온라인 컨퍼런스’를 개최하고, ‘패스 운전면허 확인 서비스’의 공식 출시를 알릴 예정이다."
반 고흐 작품 도난…코로나 19로 휴관한 미술관 털려,"  반 고흐 작품이 도난당했다.	 30일 외신에 따르면 코로나 19로 네덜란드 중부 라런에 있는 싱어 라런 미술관에 보관돼 있던 600만유로 가치의 반 고흐의 작품이 도둑맞았다.	 범인들은 코로나 19로 휴관 중인 미술관의 유리문을 깨고 들어왔다.	    도난 당한 작품은 고흐가 1883년과 1884년 네덜란드 남부 마을 뉘넌에 있는 한 목사관 정원을 그린 연작 중 하나다.	 당시 고흐는 아버지가 목사로 부임한 뉘넌에서 부모님과 함께 지내며 주변 풍경을 그렸다.	 최근 네덜란드의 경매에서 고흐의 뉘넌 시절 작품이 약 1100만 유로에 팔린 바 있어, 도난된 작품 역시 적어도 600만 유로의 가치로 판단된다.	    싱어 라런 미술관의 소장은 유튜브를  회견을 열고 ""해당 그림은 네덜란드 북부 그로닝엔에 있는 그로닝어 미술관에서 대여한 것으로 이번 분실 사건은 믿을 수 없을 정도로 화가 난다.	 우리의 위대한 거장이 그린 아름답고 감동적인 그림이 도난당했다.	 하루 빨리 돌아와 우리가 함께 이 아름다운 그림을 즐기고 위로받을 수 있길 바란다""고 했다.	    경찰에 따르면 미술관에서 고흐 작품외에 도난품은 없다.	 국가 미술품 도난 전문가들이 수사에 나섰으며, 인터폴 역시 도난 미술품 목록에 이를 추가했다.	   그림을 소유한 그로닝어 미술관은 ""그로닝어 미술관이 소유한 고흐의 작품 중 판넬 위에 그린 유화는 이 그림이 유일하다""면서 ""우리는 이 소식에 매우 충격을 받았다.	 현재 수사가 진행 중이고 경찰 수사 때문에 상세한 내용은 밝힐 수 없다""고 성명을 냈다."
구광모 회장 책임 통감한다는데…신학철 LG화학 대표 인도 사고 뒷짐만,"  LG화학의 인도공장 독가스 누출 사고가 발생한 지 3개월이 지났지만 현지 피해자들에 대한 지원과 대책 마련이 이뤄지지 않고 있다는 비판이 일고 있다.	 구광모 LG그룹 회장이 책임을 통감한다고 했지만, 신학철 LG화학 대표는 문제 해결은 뒷전이고 실적 알리기에 더 적극적인 것 아니냐는 지적이 나오고 있다.	 인도 현지 및 국내 시민단체는 LG화학이 총력을 기울이겠다는 종합 지원에 피해 주민들이 철저히 제외돼 있다며 '글로벌 공론화'에 나섰다.	      지난 5월 LG화학의 인도공장인 LG폴리머스 인디아에서 발암물질인 스타이렌 가스 누출이 일어난 지 3개월이 지났다.	 인도 주민 15명이 사망했고, 인도 남부 안드라 프라데시 주정부는 사고 직후 구성됐던 사고위원회 보고서를 지난 7월 7일 발표했다.	 2개월간 면밀한 조사 끝에 나온 보고서였다.	 주 정부는 “업체가 안전 규칙을 준수하지 않았고, 시의적절한 응급 대응 조치가 없었다”고 지적했다.	 사고 원인에 대해서도 “21가지 구체적인 사고 원인 가운데 20개가 경영진 책임과 연관돼 있다”며 “사고가 난 노후탱크는 50년이 더 됐고, 2주 전 사고가 날 조짐을 보였음에도 아무런 조치를 하지 않았다”고 명확히 밝혔다.	       대규모 인명 사고와 피해로 이어진 심각한 가스 누출 사고임에도 LG화학은 사고원인이나 사고대책 등에 대한 공식적인 발표를 한 번도 하지 않았다.	 LG폴리머스 인디아는 LG화학이 1996년 12월 인수했고, 100% 지분을 보유하고 있다.	 이로 인해 “한국 본사가 100% 투자하고 이익을 가져가는 구조 속에서 사고가 발생했다.	 LG화학 본사가 민형사상 책임져야 한다”는 주장이 나오고 있다.	      목숨까지 앗아갈 수 있는 발암물질인 스타이렌이 무려 800톤이나 유출됐지만 경보 시스템이 전혀 작동하지 않아 피해를 더욱 키웠다.	 공장에서 반경 5km 내 6개 지역 주민 1만7000가구의 2만여 명이 서둘러 대피해야 했다.	 이 지역의 농작물 중 곡물 50%, 파파야 90%는 오염으로 폐기 처분됐다.	 상수원의 물 색깔이 적포도주처럼 변하는 등 오염돼 음용수를 별도로 공급하는 등 실생활 전반에 손해를 끼쳤다.	 특히 토양 오염이 가장 심각하다.	 농작지의 안전기준 스타이렌 검출량은 0.01mg/kg.	 그러나 오염지역 내 9곳의 시료 분석 결과 1215mg/kg에서 최대 5950mg/kg까지 농도가 치솟았다.	      LG화학은 지난 5월 13일 노국래 석유화학사업본부장을 단장으로 한 8명의 지원단을 사고 수습을 위해 현지에 파견했다.	 사안이 엄중해 신학철 LG화학 대표가 현장에 갈 계획이었지만 지원단의 예우 등을 이유로 지원단장의 급이 부사장으로 낮아졌다.	 LG화학 관계자는 “공장 안정화가 목적이었기 때문에 엔지니어들로 대부분 구성됐다”고 설명했다.	        인도 주정부와 경찰은 LG화학 본사의 책임을 묻기 위해 지원단의 출국 제한 조처를 내렸다.	 하지만 인도 고등법원에 청원을 제기한 끝에 6월 말 귀국길에 오를 수 있었다.	 LG화학은 법무부 장관 출신인 고위직 변호사를 고용해 법적으로 대응하고 있는 것으로 알려졌다.	 인도 중앙정부 조사기관인 인도환경재판소 조사에 대해서도 중복 조사라는 이유로 회피하고 있다.	      인도 시민단체는 “LG화학이 법적 대응 활동에만 집중해 사고에 대한 책임을 지기보다는 모면하려 한다”고 비판의 목소리를 높이고 있다.	      아시아직업환경피해네트워크와 환경보건시민센터 등은 LG화학의 책임 있는 자세와 대처를 촉구하기 위해 국제 온라인 토론회를 3차례 개최한다.	 첫 토론회인 11일에는 가스 누출 사고의 유가족과 피해자 5명이 발표자로 나와 처참한 ‘건강과 환경 피해 문제’에 대해 털어놔 모두를 안타깝게 했다.	      환경보건시민센터 관계자는 “LG화학에서 신속하고 책임 있는 사태 해결을 위해 종합적인 지원 대책을 만들어 총력을 기울이고 있다고 주장하고 있지만 실질적인 지원과 대책은 전혀 이뤄지지 않고 있다.	 실제 피해자들은 철저히 제외되고 있다""고 말했다.	      LG화학은 지난 5월 24일 이후 음식 제공과 현지 콜센터 등의 주민 케어 활동도 중단한 상황이다.	 LG화학 측은 “주 고등법원의 공장 봉쇄 명령으로 잠정 중단했다”고 밝혔다.	 하지만 가스 누출 사고 이후 계속해서 공장은 봉쇄된 상황이었고, 주민 케어 활동과 공장 봉쇄는 별도라는 지적이다.	      구광모 LG그룹 회장은 지난 5월 1명의 인명사고가 났던 LG화학 대산공장 현장에 헬기를 타고 방문했다.	 구 회장은 “잇따른 안전·환경 사고에 대해 모든 경영진은 무거운 책임 통감해야 한다”며 원점에서 근본적인 대책 마련을 주문했다.	      신학철 LG화학 대표는 올 2분기 영업이익이 131% 이상 늘어나자 해외 매체와 인터뷰를 하는 등 실적 홍보에 적극적인 행보를 보였다.	 반면 인도공장의 가스 누출 사고에 대해서는 뒷짐만 지고 있다.	      “기업이 한순간에 무너지는 것은 경영실적이 아니라 안전환경과 품질사고 등 위기관리에 실패했을 때 한순간에 몰락하는 것”이라는 구 회장의 경고를 되새겨야 할 시점이다."
경찰청 본청도 코로나 확진자 발생…일부 층 폐쇄,  서울시 서대문구 미근동에 있는 경찰청 본청 건물에서 코로나19 첫 확진자가 나왔다.	 21일 경찰청에 따르면 정보통신융합계 소속 경찰관 1명이 이날 오전 8시 50분께 보건당국으로부터 코로나19 확진 판정을 통보받았다.	    경찰은 해당 경찰관이 근무한 사무실이 있는 13층을 폐쇄한 후 방역 조치 중이다.
"몰래 타이어 휠 박살낸 타이어뱅크 가맹점…본사 ""가맹점 계약 해지""","  타이어 전문 업체 타이어뱅크의 한 가맹점에서 타이어를 교체하러 온 고객의 타이어 휠을 고의로 파손한 뒤 교체를 권유한 사실이 알려져 파장이 일고 있다.	    21일 자동차 커뮤니티 '보배드림'에는 타이어뱅크 광주 가맹점에서 피해를 입었다고 주장하는 A씨의 글과 블랙박스 영상이 올라왔다.	    A씨는 ""20일 타이어뱅크에서 타이어 4개를 교체하던 중 휠이 손상되었다면서 교체를 권유받았다""며 ""다음에 교체하겠다고 했더니  그냥 가시면 안 된다면서 중고라도 구매하시라고 하더라""라고 말했다.	    실제 A씨가 보배드림에 올린 영상을 보면 타이어 수리점으로 보이는 곳의 한 직원이 기다란 도구를 휠과 타이어 사이에 끼워 벌어지게 하는듯한 모습이 담겨 있다.	     A씨는 글에서 “고객의 생명을 담보로 저런 장난을 칠 수 있는지 정말 어이가 없다”고 말했다.	     논란이 커지자 A씨는 또 다른 글을 올려 가맹점을 경찰에 고소하겠다고 전했다.	 온라인에서는 A씨와 비슷한 피해를 보았다는 글이 잇따르고 있다.	    타이어뱅크는 이날 입장문을 통해 “본사 차원에서 사실관계를 확인하고 있다”며 ""사실로 밝혀질 경우 해당 사업주와 가맹 계약을 즉시 해지하고 피해 고객에게 보상하겠다”고 말했다.	    이어 “불미스러운 일이 발생해 타이어뱅크를 믿고 찾아주신 고객님들께 고개숙여 사과드린다”며 ""추후 이런 일이 발생하지 않도록 가맹사업주들에게 지속적으로 교육을 강화하는 등 재발방지에 만전을 기하도록 하겠다”며 고개를 숙였다."
"JW중외제약 대형병원 의사에 금품 제공 ""리베이트 의혹""","  경찰이 ‘리베이트 의혹’과 관련해 제약사 JW중외제약을 압수수색했다.	    경찰은 7일 자사 의약품 처방 대가로 의사들에게 뒷돈을 건네는 이른바 '리베이트'와 관련해 JW중외제약에 압수수색 영장을 집행했다.	 경찰에 따르면 경찰청 중대범죄수사과는 7일 오전 9시부터 오후 6시 30분까지 서울 서초구 서초동 소재 JW중외제약 본사 등에서 압수수색했다.	    경찰청 관계자는 ""리베이트 의혹과 관련한 각종 장부 등을 확보했다""며 ""자료를 분석해야 리베이트 규모를 확인할 수 있다""고 말했다.	 중외제약의 의약품 사용 로비 대상에는 주요 대형 병원과 공공의료기관 소속 의료진도 포함된 것으로 전해졌다.	    중외제약 측은 “수사가 진행 중인 사안이다.	 향후 경찰 조사에 성실히 협조하겠다”고 밝혔다."
[건강레이더] 12일 신종 코로나 증상 모니터링 앱 출시,"   정부가 오는 12일 신종 코로나바이러스 감염증 증상을 모니터링하는 앱을 출시한다.	    이 앱은 이날부터 중국에서 들어오는 입국자에게 제공될 예정이다.	      앱은 공항만 내 간판과 특별입국신고서에 적힌 URL과 QR코드로 접속해 휴대전화에 설치할 수 있으며 영어와 중국어로 안내한다.	    특별입국절차로 입국할 때 이 앱이 설치돼 있고, 필수정보를 입력해야 입국이 허용된다.	    입국자는 앱에 여권 정보와 국적, 이름, 주소 등을 넣어 검역신고를 할 수 있다.	 또 일 1회 14일간 기침, 인후통, 발열이 있는지 등 건강 상태를 입력하면 보건소와 질병관리본부로 제출할 수 있다.	      입국자가 매일 잊지 않고 정보를 입력할 수 있게 아침 10시에 안내 문자메시지가 발송되고 알람이 울린다.	 입력하지 않은 사람에게는 오후 2~4시께 재안내한다.	    입국한 지 2일이 지나서도 진단 정보를 입력하지 않으면 입국 3일째 방역 당국이 안내 전화를 한다.	      유선으로도 연락이 닿지 않은 경우에는 행정안전부와 각 지방자치단체, 경찰청 등이 위치 파악에 나선다.	       ▶   ⓒ  and JTBC Content Hub Co.	, Ltd."
"LG화학 ""가스 2차 누출 외신 보도 사실 아냐""","  LG화학은 가스 2차 누출 발생에 대해 부인했다.	      LG화학은 8일 인도 남부 비사카파트남의 LG폴리머스인디아 공장에서 가스 2차 누출이 발생했다는 외신 보도와 관련해 사실이 아니라고 전했다.	 LG화학은 “2차 누출이 된 것은 아니며 탱크 내 온도가 상승할 우려로 만약의 사태에 대비해 경찰에 주민 대피를 요청한 것”이라고 밝혔다.	 이어 “현재 탱크 내 용수 투입 등 필요한 조치를 진행하고 있다”고 덧붙였다.	    앞서 로이터는 당국자를 인용해 이날 이른 시간부터 이 공장에서 유독가스가 다시 누출되기 시작해 더 광범위한 대피를 촉발했다고 전했다.	 이 지역의 소방 당국자는 로이터에 “상황이 긴박하다”며 공장으로부터 반경 5km 이내에 있는 사람들이 이동하고 있다고 말했다.	    폴리스티렌 수지를 생산하는 LG폴리머스인디아 공장에서는 7일 스티렌 가스가 누출돼 주민 11명이 사망하고 약 1000명이 입원하는 사고가 발생했다.	 또 공장 반경 3㎞ 내 주민들은 눈이 타는 듯한 증상과 함께 호흡 곤란, 구토 증세 등을 호소했고, 이 지역 주민 3000여명에게는 대피령이 내려졌다.	    LG화학은 사고 직후 입장문에서 “공장의 가스 누출은 현재 통제된 상태다.	 누출된 가스는 흡입으로 인해 구토와 어지럼증 증세를 유발할 수 있어 관련 치료가 신속하게 될 수 있도록 모든 조치를 강구하고 있다”고 밝혔다."
"고객 모르게 ""토스""서 938만원 결제…불안한 모바일 금융에 ""탈퇴"" 움직임","  나도 모르는 사이 내 계좌에서 돈이 빠져나가는 사고가 모바일 금융 플랫폼 ‘토스’에서 발생했다.	 고객 8명이 모르게 900만원이 넘는 금액이 결제됐다.	 토스에서는 플랫폼에서 정보가 유출돼 발생한 사고가 아니라 하지만, ‘모바일’ 중심의 플랫폼 특성상 특히나 중요한 ‘신뢰도’에 큰 타격을 입게 됐다.	      9일 관련 업계와 토스 등에 따르면 이달 3일 온라인 가맹점 3곳에서 고객 8명 명의로 부정 결제가 이뤄졌다.	 금액은 총 938만원이다.	     토스는 고객 4명으로부터 부정 결제에 대한 민원을 접수한 즉시 해당 계정을 차단했으며, 가맹점의 결제 내역을 전수 조사했다고 밝혔다.	 이어 추가 피해 고객 4명을 발견해 사전적으로 계정을 차단하고 이를 안내했다.	      토스는 총 8명의 고객이 입은 피해 금액에 대해 사건 발생 하루만인 지난 4일 환불 조치까지 마쳤다고 발표했다.	 그러면서 토스는 “해킹을 통한 정보 유출이 아닌 개인정보 도용으로 부정 결제가 발생했다”고 강조했다.	      이번 사건은 토스와 제휴한 일부 지급결제 업체가 5자리 비밀번호와 생년월일, 이름이 있으면 결제가 되는 웹 결제 방식을 채택했는데, 이 정보가 유출됐을 가능성이 크다는 것이 토스 측 설명이다.	     웹 결제 방식은 실물 거래 기반 가맹점 등 일부 가맹점에 적용됐던 방식으로, 사용자의 개인 정보 및 비밀번호를 모두 입력하는 경우에 결제가 가능하다.	      토스는 “이번 부정 결제는 해당 고객의 신상 정보와 비밀번호를 제3자가 도용한 건으로, 일부 도용 시도 건에 대해서는 토스의 이상 거래 감지 시스템을 통해 차단됐다”고 말했다.	 그러면서 “궁극적으로 도용된 고객의 정보라 할지라도 토스에서는 부정 결제가 이루어질 수 없도록 더욱 고도화된 이상 거래 감지 및 대응 시스템을 만들어가겠다”고 했다.	      향후 경찰청 사이버수사대 등 유관기관과 협력해 도용자 검거에 협조한다는 방침이다.	     해당 피해자들은 토스와의 보상과는 별개로 이번 사건을 경찰에 신고한 것으로 알려졌다.	 이 사건은 현재 서울 노원경찰서에서 수사 중이다    이번 사태가 알려지자 이용자들은 불안해하고 있다.	 한 토스 이용자는 지역 맘 카페에 “사용하지도 않는 앱 괜히 깔았다가 불안하게 됐다.	 탈퇴하고 앱 지우면 괜찮은 거냐”는 글을 올렸다.	    다른 이용자들도 “우려했던 일이 발생했다” “고객센터에 문의해봐야겠다.	 다른 은행 계좌 연동해 놓은 게 걱정된다” 등 불안한 마음을 내비쳤다.	    ‘토스 탈퇴’ 움직임도 나타나고 있다.	 커뮤니티와 소셜미디어상에서는 ‘토스 10초 탈퇴’란 제목의 탈퇴 방법을 안내하는 게시물이 공유되고 있고, 탈퇴를 인증하는 글도 올라오고 있다.	   토스는 고객의 동요를 막기 위해 자신들의 잘못이 아니라는 점을 강조하고 있다.	 고객센터에 ‘정보 유출’에 대해 문의하자 “토스를 통한 유출 건이 아니다”라며 “토스의 개인정보는 강력한 암호 알고리즘에 의해 암호화돼 있다”고 안심시켰다.	    하지만 업계에서는 모바일 금융 플랫폼 특성상 ‘신뢰도’가 중요한데, 이번 사고로 토스는 그동안 쌓아온 믿음을 깎아 먹게 됐다는 목소리가 나온다.	 토스를 통한 정보 유출이 아닌 도용된 개인정보를 활용한 부정 결제라고 하지만, 소비자 입장에서는 토스에서 발생한 사건이라는 인식이 강하게 자리 잡게 되기 때문이다.	 금융권 관계자는 “최근 ‘위조된 운전면허증’으로 비대면 실명인증이 뚫린 대출 사기 사건이 있었는데, 이번에는 도용된 정보만으로 거래된 일이 발생했다""며 ""비대면 금융 거래에 있어서 더욱 강력한 보안이 필요해 보인다”고 말했다."
