0,"""궁금한 이야기Y"" 코로나19 감염자 사칭 유튜버, 그들이 얻고자 하는 것은? [오늘밤TV]--0",코로나19 감염자를 사칭하는 유튜버들의 목적은 무엇있까	오늘 방송되는 SBS 궁금한 이야기 Y 에서는 코로나19바이러스 감염자를 사칭하는 유튜버들의 행태와 그들의 목적을 알아본다	지난 달 29일 동대구역 도망가는 한 남성을 하얀 방진복으로 무장한 사람들이 다급하게 뒤쫓는 일이 벌어진다	대낮 도시 한복판에서 일어난 영화 속 한 장면 같은 추격전에 이를 목격한 사람들은 소스라치게 놀라고 만다	이름 부르면서 계세요	감염환자입니다 이러면서 뛰어가더라구요 당시 현장에 있던 목격자의 증언그리고 다음날 부산의 한 지하철에선 더 큰 소동이 벌어진다	붐비는 열차 안에서 한 남자가 숨이 넘어갈 듯 마른기침을 내뱉으며 자신이 신종 코로나바이러스 감염자라 외친 것이다	의심이 되니까 지역보건소에 요청을 했는데 결과는 음성으로 나왔습니다 당시 출동한 경찰관하지만 경찰 확인결과 소동을 일으킨 사람들은 개인 채널을 운영하는 유튜버로 밝혀진다	이들이 벌인 행동 역시 연출된 자작극임이 드러난다	그렇다면 전세계가 바이러스와의 전쟁을 치르고 있는 이들은 무책임한 연극을 벌인 것이고 수많은 시민들을 공포에 몰아넣으며 찍는 영상 선을 넘는 행동으로 유튜버들이 얻으려는 건 무엇일까	힌편 궁금한 이야기Y 는 매주 금요일 오후 8시 55분에 방송된다	무단전재 재배포 금지
1,"[속보] 박원순 서울시장, 사망…북악산 숙정문 인근서 시신 발견--0",3선 서울시장 박원순이 숨진 채 발견됐다	향년 64세 10일 경찰에 따르면 이날 새벽 박원순 시장이 서울 북악산 숙정문 인근에서 숨진 채 발견됐다	빈소는 서울대병원에 마련될 예정이다	무단전재 재배포 금지
2,"조주빈이 언급한 손석희·김웅·윤장현…경찰 ""n번방·성 착취물과 관련無""--0",미성년자를 포함한 여성들의 성 착취물을 제작 유포한 혐의를 받는 박사방 운영자 조주빈이 포토라인에서 손석희 JTBC 사장 윤장현 전 광주시장 돌연 언급해 관심이 쏠리고	조주빈은 25일 오전 서울 종로경찰서를 나서면서 피해자들한테 할 말 없냐 라는 질문에 손석희 사장님 윤장현 시장님 님을 비롯해 저에게 피해를 입은 모든 분들께 진심으로 사죄의 말씀 드린다 라는 발언을 내놨다	이후 세 사람의 이름이 포털사이트 실시간 검색어에 오르는 사건의 본질을 흐리는 의혹이 제기되자 경찰은 이들이 성착취물 영상 제작 유포 사건과 관련이 없다는 점을 분명히 했다	경찰 측은 이름이 거론된 이들이 성 착취물을 봤다거나 n번방에 가입한 것은 아니다 고 밝혔다	무단전재 재배포 금지
3,"[종합] 조주빈 포토라인 언급→손석희 ""흥신소 사장이라며 접근, 가족 위협""--0",미성년자를 포함한 여성들의 성 착취물을 제작 유포한 혐의를 받는 박사방 운영자 조주빈이 포토라인에서 손석희 JTBC 사장을 언급한 가운데 손석희 사장이 입장을 밝혔다	25일 오전 조주빈은 서울 종로경찰서를 나서며 피해자들한테 할 말 없냐는 질문을 받자 손석희 사장님 윤장현 시장님 님을 비롯해 저에게 피해를 입은 모든 분들께 진심으로 사죄의 말씀 드린다 고 말했다	이어 멈출 수 없었던 악마의 삶을 멈춰주셔서 정말 감사하다 고 덧붙였다	조주빈은 음란물 유포 혐의 죄책감 등의 질문에는 아무 말도 하지 않아 관심을 돌리려는 의도가 아니냐는 분석도 나왔다	경찰 측은 이름이 거론된 이들이 성 착취물을 봤다거나 n번방에 가입한 것은 아니다 며 조주빈이 언급한 세 사람이 성착취물 영상 제작 유포 사건과 관련이 없다는 점을 분명히 했다	그런 가운데 손석희 사장이 조주빈에게 협박을 당했다는 보도가 나왔다	미디어오늘은 복수의 취재원에게 확인한 결과 조주빈이 손석희 사장과 소송 중인 김웅의 사주를 받아 가족을 테러하겠다며 사기를 쳤다고 보도했다	과정에서 언제든 벽돌 하나면 된다 연변에서 사람을 쓰겠다 는 식으로 손 사장과 그의 가족을 위협했다는	지속적인 협박에 손석희 사장이 일부 송금을 했고 후 조주빈이 잠적했다고 보도했다	JTBC 측은 이날 손석희 사장의 입장을 담은 공식 입장문을 배포했다	JTBC 측은 박사방 조주빈은 당초 손석희 사장에게 자신이 흥신소 사장이라며 텔레그램을 통해 접근했다	손사장과 분쟁 중인 K씨가 손사장 그의 가족들을 상대로 위해를 가하기 위해 행동책을 찾고 있고 이를 위해 본인에게 접근했다 고 속였다	그러면서 자신이 직접 K씨와 대화를 나눈 것처럼 조작된 텔레그램 문자 내용을 제시했다 고 밝혔다	조주빈이 제시한 텔레그램에는 김웅이 손석희 사장이나 가족을 해치기 위해 자신에게 이미 돈을 지급했다는 내용이 담겨 있었다고	JTBC 측은 텔레그램 내용은 매우 정교하고 치밀하게 조작돼 있어서 이를 수사하던 경찰마저도 진본인 줄 알 정도 였다며 한동안 손석희 사장과 가족들은 불안감에 떨었다	이미 손석희 사장의 가족들은 태블릿 PC 보도 이후 지속적인 테러 위협을 받은 바 있어 늘 민감할 수밖에 없었다 고 전했다	조주빈에게 송금한 연유도 설명했다	사실이라면 증거를 제시하라고 하자 조주빈이 금품을 요구 증거확보를 위해 어쩔 수 없이 손석희 사장이 이에 응한 사실이 는	흥신소 사장이라고 접근한 사람이 조주빈이라는 것은 검거 후 경찰을 통해 알게 됐다 고 덧붙였다	JTBC 측은 이상이 손석희 사장의 입장 이라며 JTBC는 손석희 사장과 가족의 입장을 이해하고 지지하며 향후 대응 역시 적극 지지할 이라는 입장을 전했다
4,"[종합] 조주빈 포토라인 언급→손석희 ""흥신소 사장이라며 접근, 가족 위협""--1",무단전재 재배포 금지
5,[MD포토] 조주빈 및 텔레그램 성착취자 강력처벌해라!--0,미성년자를 포함한 여성의 성착취 영상을 촬영하고 텔레그램을 통해 퍼뜨린 박사방 운영자 조주빈이 25일 오전 8시 종로경찰서에서 검찰로 송치되기 위해 호송차량으로 향하고	시민들이 조주빈 텔레그램 성착취자의 강력 처벌을 원하는 피켓을 들고	조 씨가 범행을 시작한 건 졸업 직후인 2018년부터라고 경찰은 파악했다	그는 당시 텔레그램에 총기 마약을 팔겠다는 허위 광고로 돈을 가로채는 사기 행각을 벌이다 지난해 9월 텔레그램에 박사방 만들어 범행을 저질렀다	성착취 운영방의 시초격인 n번방 운영자 갓갓이 시들해지자 더 자극적인 성착취물을 이용해 돈을 벌어온	박사방 운영자 조주빈은 수위별로 3단계 대화방을 운영하며 20만 원 70만 원 150만 원 상당의 가상화폐를 입장료로 받아왔다	현재 경찰은 가상화폐 거래소에서 확보한 회원명단을 토대로 이들의 정확한 신상 정보와 송금 횟수 송금액을 확인하고	무단전재 재배포 금지
6,"""부따"" 강훈, 얼굴 공개…고개 숙인 채로 ""죄송합니다"" [MD동영상]--0",텔레그램 박사방 운영자 조주빈을 도와 대화방 운영 관리에 관여한 공범 부따 강훈이 17일 오전 서울 종로경찰서에서 검찰로 송치됐다	서울지방경찰청은 16일 아동 청소년의 성보호에 법률 위반 혐의로 구속된 강훈에 대한 신상정보 공개 심의위원회를 열어 신상 정보를 공개하기로 결정했다	경찰이 미성년자인 10대 피의자의 신상 정보를 공개하는 것은 처음이다	무단전재 재배포 금지
7,에듀윌 경찰공무원 형사소송법 정통 교수 “학습량 줄이고 빠르게 합격”--0,경찰공무원 형사소송법은 전략이 가장 중요합니다	분량과 방법이 정해져 있는 과목이기 때문입니다	합격에 꼭 필요한 내용만 전달하겠습니다	종합교육기업 에듀윌 경찰공무원 형사소송법 정통 교수를 만나 빠르게 형사소송법을 학습할 수 있는 전략을 들어보았다	형사소송법은 법 과목입니다	절차법으로 초학자들에게는 접근하기 매우 까다로운 과목입니다	경찰공무원 시험 과목으로써의 형사소송법은 충분히 고득점이 가능합니다 라고 말을 꺼낸 정통 교수는 정 교수만의 필승 강의법을 소개했다	정 교수의 강의는 철저한 출제 분석과 정리로 분량을 줄였다는 점에서 인기가 많다	정통 교수는 시험의 출제 경향을 세밀하게 분석해 모든 절차를 원샷 원킬로 끝낼 수 있게 정리했으며 입체화 구체화 현실화를 통해 쉽게 이해할 수 있도록 했다	정 교수는 합격을 위한 몇가지 포인트를 전달했다	첫 째 출제 방식의 변화를 파악해야 한다	기존 수사 중심에서 공판 중심으로 조문에서 판례 중심으로 최신 시험 트렌드를 따라야 한다는 것이다	둘째 용어 이해와 문제풀이 병행은 필수적이다	용어를 이해해야 소송 절차를 이해할 수 있고 절차의 진행 취지를 이해해야지 문제풀이가 가능하기 때문이다	특히 유사하지만 제도는 취지와 실례를 이해하고 암기해야 한다	10개월 교수님 강의를 수강했고 시험은 교수님의 모의고사 덕분에 합격했다고 생각합니다 무조건 정통 교수님 강의 들으면 형소법은 보장됩니다	진국이라는 말 밖에 안나옵니다 수강 후기에는 합격생들의 호평이 잇따르고	정통 교수는 마지막으로 수험생을 위한 응원 인사를 남겼다	여러분의 꿈이 이루어질 수 있도록 항상 돕겠습니다	합격까지 화이팅입니다
8,에듀윌 경찰공무원 형사소송법 정통 교수 “학습량 줄이고 빠르게 합격”--1,에듀윌 경찰공무원 형사소송법 정통 교수의 강의는 에듀윌 경찰공무원 서울 노원학원 온라인을 통해 수강할 수	한편 에듀윌은 세 번의 대통령상 수상을 비롯 정부기관상 12관왕에 빛나는 종합교육기업이다	한국리서치 공무원 선호도 인지도 1위 기업 조사 결과 인지도 1위에 올랐으며 KRI 한국기록원에 공인중개사 최다 합격자 배출 기록을 세 번 공식 인증받았다	이와 같은 업계 유일 합격자 수 최고기록 은 깨지 못한 기록이다	무단전재 재배포 금지
9,"""스타 강사끼리 갈등?""…이지영, 현우진 고소 ""모욕적 발언 했다""--0",이투스의 사회탐구 영역 강사 이지영이 메가스터디 수학 강사 현우진을 모욕죄 혐의로 고소했다 28일 머니투데이는 서울 수서경찰서는 이씨가 지난달 3일 현씨를 모욕죄 혐의로 고소했다고 밝혔다 고 단독 보도했다	내용에 따르면 이지영은 현우진이 2018년 만들어진 현우진 GAZA 란 오픈채팅방에서 자신에 대한 모욕적인 발언을 했다고 주장하고	당시 채팅방엔 50명 넘는 수강생들이 있었고 현우진은 이지영을 향해 윤리장애ㅜ그분 턱치면 급사 등의 비하 발언을 했다는	이지영은 현우진은 수강생들을 상대로 사이비 XXX 꺾어버려도 무죄 등의 비하 발언을 했다 고 밝혔다	이지영 측은 증거자료 정리가 완료되는 대로 현우진을 명예훼손으로 추가 고소할 예정이라고 밝혔다	경찰 관계자는 지난달 고소장을 접수 받아 수사에 착수했다	수사를 통해 해당 행위에 대한 사실관계를 파악하고 고 전했다	무단전재 재배포 금지
10,탐정창업 자격증? 이론과 실무는 어디서?--0,오랜 기간동안 경찰이 도입을 염원해왔던 탐정 합법화에 관심이 쏠리고	오래전부터 국회에 법안이 여러번 발의가 되었었는데 아직까지는 통과 되지 않은 상태이지만 신용정보의 이용 보호에 법률 에서의 탐정업 관련 금지조항이 2020년 2월4일 국회에서 일부 삭제 또는 개정돼 2020년 8월5일 시행을 앞둠으로써 탐정업은 이제 많은 사람들의 일자리 될 수 있게 되었다	21대 총선 경찰출신 의원이 9명이나 당선된 가운데 이후 국회에서는 탐정 합법화에 힘이 실릴 같다는 전망이다	이로 인해 탐정창업과 흥신소 창업에 대한 자격증 문의가 상당히 많은 것으로 들려온다	이전에도 그와 같은 문의가 종종 있었지만 최근에 와서 더 많아진 같다고 한다	최근 코로나19로 인해 경기가 더욱 안좋아진 상황에서 탐정업을 스타트업으로 관심을 갖는건 당연할지도 모르겠다	탐정창업이나 흥신소 창업을 하고 싶어도 이론과 실무를 알려주는 곳을 찾기 힘들다	몇몇곳에서 이론교육을 해주고 수료증이나 자격증을 주는 곳이 있기는 수료생들이 전문적인 실무교육을 배울수 있는곳은 많지 않을뿐더러 시스템이 마땅치 않아 창업을 하기에는 역부족인 것이다	탐정창업을 하기 위해서는 실무교육을 필히 받아야 한다	이유는 기본적인 개인정보등과 같은 법률적인 지식이 필요하며 실무업무는 워낙 다양하고 광범위 하기 쉽게 배울수 있는 일은 아니기 때문이다	실정에 맞춰 더서치민간조사기업에서 올해 5월부터 이론과 실무를 전수해주는 교육을 해준다는 소식이 있어 흥신소 창업과 탐정 창업에 관심이 있는 분들에게는 좋은 소식이 될 수도	법률적인 부분과 이혼소송에 필요한 내용을 전직 형사 출신과 현직 변호사가 강의에 참여하여 더욱 퀄리티가 높은 교육을 제공할 예정이다	실무업무는 현재 현장에서 활동하고 있는 전문가 베테랑들이 동행하면서 생생한 현장교육을 제공할 예정이다	교육에 참여하는 수강생들에게는 교육을 수료한 후에도 홍보를 하지 못하면 어려움을 겪기 그런 어려움을 해결하기 위해 홍보하는 방법까지 소셜네트워크서비스를 통해 체계적이고 교육을 제공할 예정이다	무단전재 재배포 금지
11,"해커스공무원, 공안직 공무원 시험 완벽 대비 ‘공안직 전용 패스’ 출시--0",2020년 공무원 채용이 크게 늘어나 29년 만에 최대가 됐다	특히 공안직 공무원의 경우 지난해 대비 200 늘어나 공안직 시험을 준비하는 수험생들의 기대감도 커지고	이에 7급 9급 공무원 학원 공무원 인강으로 추천받는 해커스공무원에서 2만 원대의 합리적인 수강료로 공안직 공무원 강의를 무제한으로 수강할 수 있는 공안직 전용 패스 제공한다고 밝혀 주목을 받는다	먼저 공안직 공무원은 공공의 안전과 질서관리에 업무를 수행하는 공무원으로 검찰직 마약수사직 철도경찰직 교정직 출입국관리직 보호직 등으로 구성됐다	해커스공무원 공안직 전용 패스 는 2만 원대의 수강료로 2022년 과목 개편 전 후 공안직 대표 직렬인 검찰 마약수사 철도경찰 교정 출입국관리 보호직 직렬을 선택하더라도 대비할 수 있도록 구성됐다	공무원 시험 준비 기간에 상품을 선택할 수 있도록 24개월 패스와 12개월 패스로 구성됐다	두 패스 공무원 시험과목인 공무원 국어 영어 한국사 형법 형사소송법 교정학 국제법 등을 무제한으로 수강할 수 있으며 선택과목으로 수학 과학 사회 행정학 행정법 사회복지학 중 하나를 선택해 수강할 수	해커스공무원은 공안직 전용 패스 소문내기 이벤트도 진행하고	조건에 맞는 게시물을 10건 등록한 전원에게 스타벅스 아메리카노를 증정하며 최다 참여자 1명을 추천해 공안직 전용 패스 12개월 무료 수강권을 제공하고	해커스공무원 관계자는 공안직 공무원은 선발 인원 증대와 상대적으로 낮은 경쟁률과 합격선을 보여 수험생들 사이에서 인기를 얻고 며 해커스공무원은 수험생들을 위해 합리적인 수강료에 무제한으로 강의를 수강할 수 있는 공안직 전용 패스를 선보였다	공안직을 준비하는 수험생들이 공안직 전용 패스와 합격하길 바란다 고 전했다	공안직 전용 패스 자세한 사항은 해커스공무원에서 찾아볼 수 있으며 2020년 공무원 시험일정도 확인할 수	참고로 신종 코로나 바이러스 감염증의 확산으로 인해 공무원 경찰공무원 소방공무원 등의 시험이 5월 이후로 연기됐다	한편 해커스 교육그룹은 5년 연속 교육그룹 부문 1위 자리를 지켜온 대한민국 대표 종합교육기업이다	한국 소비자포럼 선정 올해의 브랜드대상 대국민 투표를 통해 2012년부터 5년 연속 교육그룹 부문 1위에 올랐다	해커스공무원은 한경 비즈니스 선정 2020 한국소비자만족지수 공무원 교육 부문 1위로 선정되었으며 국가직 지방직 서울시 공무원을 포함한 7급 9급 공무원 시험과목 강의 군무원 시험 강의 등을 제공하고	해커스경찰과 해커스소방도 경찰공무원과 소방공무원 시험 준비생을 위해 경찰공무원 소방공무원 학원 강의 인강을 제공한다	무단전재 재배포 금지
12,"""박사방 운영"" 25세 조주빈 얼굴 공개…""교우관계 원활하지 않아"" (""SBS 8 뉴스"")--0",텔레그램 방에 성착취물을 유포한 범죄를 일으킨 n번방 사건 운영자의 정체가 공개됐다 23일 방송된 SBS SBS 8 뉴스 일명 n번방 사건 주범인 박사 신상을 공개했다	이날 SBS 8 뉴스 는 미성년자를 포함해 여성을 성적으로 착취한 영상을 돈을 받고 퍼뜨린 사건에 대한 분노가 커지고	신상을 공개하라는 청원은 230만 명 넘게 참여했다 고 말문을 열었다	그러면서 SBS는 사건이 청소년을 대상으로 한 잔혹한 성범죄임과 피해자들에게 돌이킬 수 없는 상처를 남긴 중대한 범죄라 판단 추가 피해를 막고 아직 드러나지 않은 범죄를 찾아 수사에 도움을 주자는 차원에서 국민의 알 권리를 위해 구속된 피의자의 얼굴과 이름을 공개했다 고 설명했다	피의자는 25살 조주빈으로 밝혀졌다	SBS 8 뉴스 는 조 씨는 지난 2018년 대학을 졸업했다	정보통신을 전공했지만 글쓰기를 좋아해 학내 독후감 대회에서 1등을 차지하기도 했다	학보사 활동으로 편집국장을 맡았고 학교 칼럼도 여러 번 썼다 고 전했다	이어 4학기 중 평균 학점 4점을 넘을 정도로 성적이 장학금을 받을 정도였지만 교우관계는 원할하지 않았다 고 덧붙였다	조 씨가 학내에서 성 문제 등으로 일탈한 적이 없는 게 학우들의 전언	조 씨가 범행을 시작한 건 졸업한 직후인 2018년부터였고 그는 당시 텔레그램에 총기 마약을 팔겠다는 허위 광고로 돈을 가로채는 사기 행각을 벌였다	한편 경찰은 내일 신상정보공개 심의위원회를 열고 조 씨의 신상 정보를 공개할 지 결정할 방침이다	무단전재 재배포 금지
13,"""탐사보도 세븐"" 고유정 의붓아들을 누가 죽였나…여전히 풀리지 않은 의혹--0",탐사보도 세븐 고유정 의붓아들의 죽음을 추적한다 24일 방송되는 종합편성채널 TV조선 탐사보도 세븐 은 고유정 의붓아들의 죽음을 집중적으로 다룬다	지난해 6월 제주에서 前 남편을 잔혹하게 살해해 전국을 떠들썩하게 했던 고유정	그녀는 前 남편 살해 혐의로 1심에서 무기징역을 선고받았다	재판부는 기소됐던 의붓아들 故 홍승빈 군 살해 혐의에 대해서는 무죄를 선고했다	직접적인 증거가 없어 고유정을 범인이라 단정 지을 수 없다는 취지에서였다	고유정과 관련된 정황 증거들은 의혹이 가득한 채로 남아있는 상황이다
14,"[종합] """"N번방 사건"" 박사는 25세 조주빈""…SBS 보도 후 조주빈 졸업사진 등 과거행적 잇따라 나와--0",SBS가 텔레그램 N번방 사건의 박사방 운영자 일명 박사 조주빈의 얼굴을 SBS가 24일 단독 보도를 통해 공개했다	SBS 보도에 따르면 조주빈은 25세로 정보통신 전공에 2018년 대학을 졸업했다	SBS는 조주빈이 글쓰기를 좋아해 학내 독후감 대회에서 1등을 차지했고 학보사에서 활동하며 편집국장을 맡기도 했다 고도 보도했다	조주빈에 대해 SBS는 4학기 중 3학기 평균 학점이 4 0을 넘을 정도로 성적이 장학금도 여러 차례 탔다	성적과 교내 활동을 보면 우수 학생 평가를 받을만했지만 교우 관계가 원만하지는 않았다고 동기와 선후배들은 말했다 고 전했다	일명 박사 불린 N번방 사건 가해자 조주빈의 신상이 SBS 보도를 통해 공개되자 이후 온라인상에선 조주빈의 과거 행적들이 터져나오고	조주빈의 졸업사진부터 SNS 계정 등을 네티즌들이 찾아내며 조주빈의 파렴치한 행적에 경악을 금치 못하고	한편 경찰에 따르면 박사방 피해자는 확인된 것만 74명이며 중 미성년자가 16명 포함된 것으로 전해졌다	경찰은 24일 신상 정보 공개 심의위원회를 열고 조주빈의 신상을 일반에 공개할지 여부를 결정한다	무단전재 재배포 금지
15,"[공식] 손석희 측 ""조주빈, 흥신소 사장이라며 접근해 가족 위협·금품 요구""(전문)--0",손석희 JTBC 사장 측이 박사방 운영자 조주빈의 언급과 관련해 입장을 밝혔다	JTBC는 25일 손석희의 입장을 담은 공식 입장문을 배포했다	JTBC는 박사방 조주빈은 당초 손석희 사장에게 자신이 흥신소 사장이라며 텔레그램을 통해 접근했다	손사장과 분쟁 중인 K씨가 손사장 그의 가족들을 상대로 위해를 가하기 위해 행동책을 찾고 있고 이를 위해 본인에게 접근했다 고 속였다	그러면서 자신이 직접 K씨와 대화를 나눈 것처럼 조작된 텔레그램 문자 내용을 제시했다 고 설명했다	이어 조주빈이 제시한 텔레그램에는 K씨가 손석희 사장이나 가족을 해치기 위해 자신에게 이미 돈을 지급했다 는 내용들이 있었다	텔레그램 내용은 매우 정교하고 치밀하게 조작돼 있어서 이를 수사하던 경찰마저도 진본인 줄 알 정도였다 며 한동안 손석희 사장과 가족들은 불안감에 떨었다	이미 손석희 사장의 가족들은 태블릿 PC 보도 이후 지속적인 테러 위협을 받은 바 있어 늘 민감할 수 밖에 없었다 고 강조했다	그러면서 그와 별개로 손석희 사장은 아무리 K씨와 분쟁중이라도 그가 그런 일을 할 사람이라고는 믿기 어려워 사실이라면 계좌내역 증거를 제시하라 고 했다	이에 조주빈은 금품을 요구했고 증거확보를 위해 어쩔 수 없이 손석희 사장이 이에 응한 사실이	조주빈은 요구한 증거들을 제시하지 않고 잠적한 후 검거됐다 며 위해를 가하려 마음먹은 사람이 K씨가 아니라도 실제로 있다면 조주빈을 신고해도 행동책을 찾을 가능성이 있다고 봤기에 매우 조심스러웠고 신고를 미루던 참이었다	정말 혹여라도 누군가가 가족을 해치려 하고 있다면 그건 조주빈 하나만 신고해선 안 될 일이었다	더 근거를 가져오라고 했던 것이기도 한다 고 전했다	끝으로 흥신소 사장이라고 접근한 사람이 조주빈이라는 것은 검거 후 경찰을 통해 알게 됐다 며 JTBC는 손석희 사장과 가족의 입장을 이해하고 지지하며 향후 대응 역시 적극 지지할 이라고 덧붙였다	앞서 이날 오전 조주빈은 서울 종로경찰서를 나서면서 피해자들한테 할 말 없냐 라는 질문에 손석희 사장님 윤장현 시장님 님을 비롯해 저에게 피해를 입은 모든 분들께 진심으로 사죄의 말씀 드린다 라는 발언을 내놓은 바	박사방 조주빈 발언에 대한 JTBC 손석희 사장의 입장을 밝힙니다	박사방 조주빈은 당초 손석희 사장에게 자신이 흥신소 사장이라며 텔레그램을 통해 접근했습니다	손사장과 분쟁 중인 K씨가 손사장 그의 가족들을 상대로 위해를 가하기 위해 행동책을 찾고 있고 이를 위해 본인에게 접근했다 고 속였습니다	그러면서 자신이 직접 K씨와 대화를 나눈 것처럼 조작된 텔레그램 문자 내용을 제시했습니다	조주빈이 제시한 텔레그램에는 K씨가 손석희 사장이나 가족을 해치기 위해 자신에게 이미 돈을 지급했다 는 내용들이 있었습니다
16,"[공식] 손석희 측 ""조주빈, 흥신소 사장이라며 접근해 가족 위협·금품 요구""(전문)--1",텔레그램 내용은 매우 정교하고 치밀하게 조작돼 있어서 이를 수사하던 경찰마저도 진본인 줄 알 정도였습니다	한동안 손석희 사장과 가족들은 불안감에 떨었습니다	이미 손석희 사장의 가족들은 태블릿 PC 보도 이후 지속적인 테러 위협을 받은 바 있어 늘 민감할 수 밖에 없었습니다	그와 별개로 손석희 사장은 아무리 K씨와 분쟁중이라도 그가 그런 일을 할 사람이라고는 믿기 어려워 사실이라면 계좌내역 증거를 제시하라 고 했습니다	이에 조주빈은 금품을 요구했고 증거확보를 위해 어쩔 수 없이 손석희 사장이 이에 응한 사실이 있습니다	조주빈은 요구한 증거들을 제시하지 않고 잠적한 후 검거됐습니다	위해를 가하려 마음먹은 사람이 K씨가 아니라도 실제로 있다면 조주빈을 신고해도 행동책을 찾을 가능성이 있다고 봤기에 매우 조심스러웠고 신고를 미루던 참이었습니다	정말 혹여라도 누군가가 가족을 해치려 하고 있다면 그건 조주빈 하나만 신고해선 안 될 일이었습니다	더 근거를 가져오라고 했던 것이기도 합니다	흥신소 사장이라고 접근한 사람이 조주빈이라는 것은 검거 후 경찰을 통해 알게 됐습니다	이상이 손석희 사장의 입장입니다	JTBC는 손석희 사장과 가족의 입장을 이해하고 지지하며 향후 대응 역시 적극 지지할 것입니다	무단전재 재배포 금지
17,"""탐사보도 세븐"" 조주빈의 이중생활…사기행각에 걸려든 VIP들--0",17일 방송되는 종합편성채널 TV조선 탐사보도 세븐 에서는 텔레그램 성 착취 사건 박사방 운영자 조주빈의 이중생활과 유명인들을 상대로 한 사기 행각에 대해 집중 취재한다	지난 3월 텔레그램 성 착취 사건 박사방 운영자 조주빈이 검거됐다	박사방을 운영하며 봉사활동을 다닌 이중적인 모습과 유명인들에게 사기를 친 사실까지 포착됐다	평범한 20대 청년이었던 그는 언론사 사장과 전 광역시장에게 접근할 수 있었을까	순수한 청년 조주빈
18,"[종합] 양예원 ""실장한테 물어봐, 재기해"" 발언 논란→""괴롭히던 사람한테 똑같이 한마디 한게 사이코패스?"" 반박--0",유튜버 양예원이 네티즌에게 한 발언이 논란이 되고	양예원은 최근 SNS 생방송 중 일부 네티즌들의 댓글을 보고 꺼져 XX아	네가 가서 실장한테 물어봐	되겠다	재기해 너도 죽여줄까 등의 발언을 해 논란이 계속되고	재기해 란 전 남성연대 대표인 故 성재기 씨의 사망 사건을 조롱하는 의미의 은어다	이같은 자신의 발언이 논란되자 양예원은 SNS를 통해 뭐만해도 사진 다 갖다 퍼나르면서 있는 이야기 없는 이야기 다 만들어서 붙여놓고 지들끼리 별별 욕 다 던져놓고 뒤지라느니 죽일 거라느니 자살을 추천한다느니 온갖 지들은 살인예고부터 소름 돋는 발언을 공개된 댓글부터 DM으로까지 매일 괴롭히면서 맨날 괴롭히던 사람한테 똑같이 한 게 사이코패스 살인마가 되는 매직이야	라고 반박했다	그러면서 라방 와서 언니 유튜브 사실이에요 웅앵 걔 일반 시청자 아님 이라며 좌표 찍고 와서 일부러 언니 언냐 해가면서 매일 악플 달던 악플러임	뭐만 하면 가해자가 순진무구한 사람 되어 있는 거 진짜 코미디 라고 악플러를 향한 발언이었다고 해명하며 자신을 비판하는 이들에 대한 심경도 덧붙였다	양예원은 지난 2월에도 네티즌과 설전을 벌인 바	일부 네티즌이 양예원에게 적어도 폐 끼치는 인간은 되지 말아야죠	님 이미지 살려보겠다는 비겁한 거짓말이 한 사람을 죽음으로 몰고 가고 유가족에겐 씻을 수 없는 상처를 줬잖아요	뭘 잘했다고 반성하지는 못할 망정	님은 꼭 벌 받을 거예요	뿌린대로 거둘거라고요 인간이 먼저 되셨으면 등의 댓글을 SNS에 남기자 이를 반박했던	당시 양예원은 억울한 사람 죽음으로 몰았다고	사람이 인생 망친 여자가 명인지 알아	어디서 뚫린 주둥이라고 함부로 떠들어	대가리가 나쁘면 노력이라도 해
19,"[종합] 양예원 ""실장한테 물어봐, 재기해"" 발언 논란→""괴롭히던 사람한테 똑같이 한마디 한게 사이코패스?"" 반박--1",라고 네티즌을 비난했다	양예원은 잘 들어 사법부 아무리 XX이라고 소문 났어도 사람들 멍청한 사람들 아니야 라면서 경찰 조사 검찰 조사만 차례씩 10시간 조사하고 법원만 10번을 넘게 들락날락거리면서 증언하고 재판 1심 재심 상고심까지 다 가는 내 진술을 검토하고 조사한 경찰과 검사 판사가 명일까	많은 사람들이 단 한번도 이상한 부분이 없다 판단했고 모든 게 대법원까지 인정이 되어서 형량 단 1일도 안 깎이고 유죄 떨어진 사건이야 라고 말하기도 했다	무단전재 재배포 금지
20,대규모 채용 증원 경찰공무원…탑에듀 인강 2배 환급반 인기--0,올해 경찰공무원 1차 시험이 오는 4월 4일 필기시험을 시작으로 진행될 예정인데 가운데 2020년도 채용인원은 작년 대비 큰 폭의 상승을 보였다	공채와 경채 모집을 합쳐 작년보다 2 500명가량 증원된 5 825명이라는 대규모 인원을 채용할 계획인	최근 지속적으로 인원을 늘려 왔던 여성 경찰공무원은 지난해 1차 396명에서 올해 1차 690명으로 크게 증가했다	경찰 인력 증원에 맞춰 탑에듀 교육원은 더블환급패스 패키지를 출시했다고 26일 전했다	경찰공무원 더블환급패스는 한국사 조민주 영어 이유진 경찰학개론 임화성 형사소송법 이지민 형법 정승회 전 과목 1타 강사진의 밀도 높은 해설과 족집게 강의로 단기간 개념 이해와 실전 대비까지 가능하다	최근 상승하는 경찰 시험 난이도를 분석해 과목별로 기본입문 강의와 핵심강의 기출문제풀이와 예상문제풀이 실전모의고사 단계별 커리큘럼을 구성해 기본개념 심화이론 완성과 출제 유형 파악이 가능하고 더 나아가 다양한 유형별로 최적화된 실전 감각을 끌어올릴 수	차별화된 학습 컨텐츠도 주목할 만하다	과목별 무제한 응시할 수 있는 랜덤 기출 모의고사 시스템을 갖춰 본인의 실력을 파악할 수 있고 실제 시험과 유사한 환경을 조성해 실전 대비가 충분히 가능하다	여기에 틀린 문제는 자동오답노트방에 저장돼 취약한 부분을 빠르게 보완할 수 있으며 과목별로 모의고사 평균 점수와 응시횟수 최신점수 오답노트 응시횟수 등이 상세히 표시돼 보다 계획적인 학습을 지원한다	수강혜택도 화려하다	더블환급패스 수강생 전원에게 20만 원 상당의 전과목 교재를 증정하며 2020년 경찰공무원 공채 최종합격 시에는 교재비 포함 수강료를 200 환급해 주는 프로모션도 포함해 수험생들의 동기부여를 극대화할 예정이다	불합격 시에는 90일간 무료로 수강을 연장해 준다	탑에듀 홈페이지에 방문하면 샘플강의와 정확한 커리큘럼을 확인할 수 있으며 경찰시험 학습자료와 1 1 학습상담 신청도 가능하다	한편 탑에듀는 한국마케팅포럼이 주관하는 대한민국 브랜드 만족도 1위 온라인교육부문 2018 2019년 2년 연속 1위에 선정된 바	경찰공무원 과정을 비롯하여 소방공무원 공인노무사 보험계리사 감정평가사 계리직공무원 손해사정사 한국어교원자격증 사회조사분석사 손해평가사 다양한 강의를 제공하고 있으며 인터넷 교육 분야에서 오랜 노하우를 쌓아 온 공무원시험 국가자격증 전문교육기관이다	무단전재 재배포 금지
21,"성 착취물 제작·유포 조주빈 유치장서 자해 시도, “목 깁스하고 반창고 붙여”--0",텔레그램 박사방 미성년자 성 착취물을 제작하고 유포한 조주빈이 25일 오전 종로경찰서에서 검찰로 송치될 목에 깁스를 했던 이유는 자해 때문인 것으로 밝혔다	경찰 관계자는 이날 조주빈이 유치장 세면대에 머리를 갖다 박으면서 자해를 해서 찰과상을 입었는데 목에 무리가 갔다 고 설명했다	이마 윗 부분에 붙인 반창고도 자해 시도 때문으로 풀이된다	조주빈은 이날 오전 검찰에 송치되며 멈출 수 없었던 악마의 삶을 멈춰주셔서 감사한다 고 심경을 밝혔다	특히 손석희 사장 윤장현 시장에게 사죄한다 고 밝혀 큰 관심을 모았다	이에 대해 JTBC 측은 조주빈이 흥신소 사장이라며 손석희 사장에게 접근해 가족을 위협하고 금품을 요구했다고 설명했다	한편 조주빈은 아르바이트 등을 미끼로 피해자들을 유인해 얼굴이 나오는 나체사진을 받아낸 뒤 이를 빌미로 성 착취물을 찍도록 협박하고 이를 텔레그램 박사방 유포한 혐의를 받는다	무단전재 재배포 금지
22,"반크, 전세계에 확산되는 아시아인 인종차별 반대 글로벌 캠페인 착수!--0",사이버 민간 외교 사절단 반크가 코로나 19 사태 확산 속에 전세계에 확산되는 아시아인 인종차별에 반대하는 글로벌 캠페인에 착수했다고 1일 밝혔다	반크는 아우슈비츠의 비극도 시작은 혐오였고 홀로코스트와 같은 나치의 전쟁 범죄도 시작은 인종차별이었다 면서 코로나 19로 인한 세계 곳곳의 인종차별과 인종 혐오 범죄를 막지 못하면 제2의 홀로코스트 비극이 인류앞에 다시 올수 고 경고했다	이어 중국에서 발생한 신종 전염병인 코로나 바이러스가 아시아인 인종차별과 혐오로 확산되고 면서 미주와 유럽 등에서 중국인은 한국인 일본인 동남아시아인 아시아인 전체를 차별하거나 증오하는 현상이 발생하고 고 지적했다	특히 세계 곳곳에서 아시아인들은 이유없이 거리에서 인종차별적인 언어 신체적 폭행을 당하고 있으며 학생들은 학교에서 등교 금지 강제 전학을 당하고 면서 아시아인이라는 죽음의 병균을 옮기는 바이러스 취급을 당하고 있으며 묻지마 폭행과 인종차별적인 욕설을 받는등 혐오와 증오 범죄의 타켓이 되고 고 지적했다	미국 단체인 아시아퍼시픽정책기획위원회는 최근 코로나19 사태 이후 증가한 아시아계 대상 폭력 범죄에 대한 신고를 받고 대책을 모색하기 위해 Stop AAPI Hate 사이트를 만들었다	단체는 3월 중순부터 웹사이트를 통해 신고된 피해사례가 한달도 안되어 1500건이 넘는다고 4월 15일 밝혔습니다	미국 뉴욕에서는 아시아계 여성이 염산 테러까지 당했다	미국의 한국계 할리우드 배우인 존 조는 4월 23일 신종 코로나바이러스 감염증 사태로 촉발된 미국 내 아시아계 인종 차별과 증오 범죄 현상을 비판했다	존 조는 로스앤젤레스타임스에 기고한 글에서 아시아계 미국인은 조건부 미국인이 아니라 동료 미국인이라며 코로나19 인종 차별 근절을 촉구했다	그는 전염병은 아시아계가 조건부라는 점을 상기시킨다 며 한순간 우리는 미국인이지만 순간에는 바이러스를 전파한 외국인이 된다 고 지적했다	이어 아시아계 증오 현상을 축소하거나 멀리 있다고 생각하지 말라	그것은 가까이에서 일어나고 며 여러분이 거리에서 그것을 목격하고 직장에서 그런 얘기를 듣는다면 당신의 동료인 미국인을 위해 일어나 달라 고 당부했습니다 4월 26일에는 독일 수도 베를린의 지하철에서 한국 유학생 부부가 인종차별과 성희롱 폭행 등을 당하는 사건이 발생했다	문제는 인종차별 범죄를 심판해야할 독일 경찰이 사건에 대해 소극적 대응을 하고 있고 아시아계를 향한 욕설과 폭행 인종차별 피해 사례는 줄어들지 않고 있다는 것이라고 반크는 설명했다	반크는 코로나 19 사태로 인해 전세계에서 발생하는 아시안 상대 인종주의에 맞서 싸우고자 한다 면서 총 5개의 인종차별 금지 포스터를 제작해 SNS로 전세계에 알려나가는 글로벌 캠페인을 전개한다 고 밝혔다	글로벌 캠페인의 슬로건은 홀로 코스트는 하늘에서 갑자기 떨어지지 않았다	이다	반크가 제작한 총 5개의 포스터중 4개는 아우슈비츠 강제 수용소를 배경으로 다음세대를 상징하는 한 초등학생이 코로나 바이러스 루머 아시안 혐오 인종차별 홀로코스트가 시작되었는지 기억하라	홀로 코스트는 하늘에서 갑자기 떨어지지 않았습니다 라는 글씨가 쓰여진 풍선을 들고 지나가고 있는 모습을 담았다	나머지 한개의 포스터에는 인류 최악의 범죄를 저지른 나찌의 홀로코스트 비극을 기억하고 다시는 되풀이 되지 위해 기념하는 홀로코스트 기념일을 상징하는 비석앞에서 코로나 바이러스 루머 아시안 혐오 인종차별 홀로코스트가 시작되었는지 기억하라	홀로 코스트는 하늘에서 갑자기 떨어지지 않았습니다 새겨진 또다른 비석의 모습을 담았다
23,"반크, 전세계에 확산되는 아시아인 인종차별 반대 글로벌 캠페인 착수!--1",원래 비석에는 문구가 없었지만 반크가 코로나로 인한 인종차별 확산을 막지 못하면 제2의 홀로코스트 비극이 인류앞에 올수 있다는 의미의 경고 메시지를 담기 위해 가상으로 비석을 포스터에 담았다	반크는 캠페인 포스터를 반크 페이스북 블로그 플리커를 통해 전세계에 알려나갈 계획이다	캠페인에 참여하고자 하는 네티즌은 반크에서 만든 5개의 포스터를 다운받아 자신의 SNS를 통해 주변에 알리면 된다	무단전재 재배포 금지
24,"[종합] ""n번방 사건 조주빈, 당연히 예견된 일…그동안 누가 처벌받았나"" (서지현 검사)--0",이규연의 스포트라이트 성범죄자 n번방 박사 조주빈을 파헤쳤다 2일 오후 방송된 종합편성채널 JTBC 이규연의 스포트라이트 에선 잔혹한 텔레그램 성범죄를 저지른 n번방 박사 조주빈을 집중 탐사보도했다	이날 제작진은 조주빈의 검거 현장 CCTV 영상을 최초로 공개해 시선을 모았다	영상 속 조주빈은 인천 자택에서 경찰에 붙잡혀 순순히 차량에 올라타는 모습이었다	이웃주민은 옆집이 굉장히 소란스러웠다	우당탕탕	깜짝 놀라서 뛰어갔다	집 문이 열려있더라	안에서 누가 왔다갔다 하고 밖에서는 한 사람이 서 있더라	아마 그날 체포된 날일 거다 라고 목격담을 밝혔다	제작진은 조주빈이 소개업체	기획사 사장 두 개의 아바타를 만들어 피해자들에게 접근하는 것이 단골 수법이었다 라고 밝히기도 했다	자신을 캄보디아 거주지 아이스 마약 판매상 이라고 거짓으로 설정했던 조주빈	그는 평범한 20대 청년의 모습으로 평소 봉사활동도 꾸준히 해왔다고 밝혀져 충격을 더했다	피해자는 조주빈이 어디서나 볼 법한 흔한 얼굴이라 허탈했다 라며 정도로 어릴 줄은 몰랐다 라고 허탈감을 드러냈다	피해자는 조주빈에게 협박을 받는 와중에 경찰에 신고했다	경찰서에 가고 나서까지도 조주빈은 계속 협박했다	경찰에 신고했음에도 조주빈은 링크를 보내면서 방에 영상 올릴 거니까 기대하라 고 그러더라	그리고는 실제로 올렸다 라고 말했다	피해자는 지금은 텔레그램이지만 인터넷에 사진을 다 유포할 거라고 협박했다	영상 찍기를 거부하면 어김없이 협박했고 개인 정보를 사람한테 넘기기도 했다 라고 얘기했다
25,"[종합] ""n번방 사건 조주빈, 당연히 예견된 일…그동안 누가 처벌받았나"" (서지현 검사)--1",조주빈은 2018년 12월부터 올해 3월까지 박사 라는 가명을 쓰고 텔레그램 박사방 여성들을 협박해 성착취 동영상을 찍어 올렸다	휴대전화 9대를 동원했으며 현재까지 파악된 피해자는 74명으로 이중 미성년자는 16명이다 18세 여성 피해자 B 씨는 심심해서 평소처럼 랜덤 채팅을 하다가 갑자기 돈 벌 생각 없냐 라는 쪽지를 받았다	그렇게 호기심으로 시작됐다 라고 말문을 열었다	이어 시작은 새끼손가락을 올리고 찍은 얼굴 사진이었다	점점 수위가 높아지는 사진을 요구했다	그렇게 찍다가 잘 기억은 안 나는데 춤추는 영상이랑 화장실에서 볼일 보는 영상을 요구당해 올렸다	벗어나야 할지 몰랐다 라고 털어놨다	B 씨는 조주빈이 알바비를 현금으로 보내야 한다면서 주민등록증과 통장 사본을 요구했다	미성년자이기에 주민등록증이 없다고 하니까 집 주소를 알려달라고 하더라	이후 조주빈이 너네 집 근처로 직원을 보낼 테니 나오라고 했다 라고 말했다	그는 나갔더니 덩치 큰 남자가 있었다	차를 타고 강제로 관계를 맺은 뒤 영상을 찍게 했다 라고 밝혀 충격을 안겼다	조주빈이 직원이라고 칭한 남성도 검찰에 검거되어 구속됐다	피해자는 피해자들은 죽을 때까지 계속 신경이 쓰일 수밖에 없다	저희는 잊을 수가 없다	길을 가다가도 사람이 내 사진을 보진 않았을까	생각이 당연히 들을 수밖에 없다 라고 극심한 고통을 호소했다	뿐만 아니라 조주빈은 텔레그램에서 자신을 추적하는 언론사를 언급해 근거없는 비방을 하거나 협박을 서슴지 않았다	이규연의 스포트라이트 PD 최광일은 조주빈 취재 과정을 이야기하며 역시 협박과 회유에 시달렸다	가족을 다 파겠다 는 식의 협박을 했다
26,"[종합] ""n번방 사건 조주빈, 당연히 예견된 일…그동안 누가 처벌받았나"" (서지현 검사)--2",예의를 갖춰라 라며 한국 치안이 좋지 못하다	PD님 생년월일만 알면 사돈 팔촌 정보까지 다 나온다 라고 하더라 라고 밝혔다	최 PD는 그건 그렇게 무섭지 않았다	보도가 나가면 피해자들을 더 많이 만들겠다는 협박들이 방송을 제작하면서 가장 힘들었다	피해자들에게 이름을 언급하게 해 살려달라 는 식의 영상을 만들어 협박하기도 했다	내가 이걸 보도하는 게 맞나	취재를 계속해야 할지 고민이 됐다 라고 고충을 토로했다	조주빈은 박사회견 이라는 대화방을 개설해 제작진에 대한 거짓과 조롱을 쏟아냈다	방송이 나간 후에도 조주빈은 반성의 기미는커녕 고객분들이 두려워한다	저를 못 잡으니 깽판 놔서 자료 확산이라도 막아내려는 것이다	검증받을 만큼 받은 박사다	극복할 만큼 극복한 박사다	믿고 들어오십시오 라는 메시지를 보냈다	한국범죄학연구소 염건령 소장은 조주빈에 대해 조주빈은 완전히 제3자적 화법이다	내가 한 행위는 사이버상에 이상한 인격체 악마인 박사가 한 것이라고 분리하고 라고 짚어다	이어 친구는 아예 잡혀 올 때부터 이미 설계를 한 거다	본인이 잡힌다면 이슈로 덮어버리고 묵비권을 행사고 다 설계를 해놨다	냉정하게 얘기하면 조주빈은 일말의 죄의식이 없다 라고 밝혔다	염건령 소장은 조주빈이 박사방 안에서 하고 싶은대로 다하고 권력의 맛을 봤다	불법의 왕국 성을 무너뜨릴 수 있는 게 없다고 생각을 한 거다 라고 덧붙였다
27,"[종합] ""n번방 사건 조주빈, 당연히 예견된 일…그동안 누가 처벌받았나"" (서지현 검사)--3",이날 방송에선 서지현 검사와의 인터뷰도 전파를 탔다	검찰 내 성추행 폭로로 국내 미투 운동 촉발한 서지현 검사는 n번방 디지털 성범죄 대응 태스크포스 대외협력팀장을 맡았다	TF는 법무부가 자체 대응을 위해 15명 규모로 꾸렸으며 수사 지원팀 법 제도개선팀 정책 실무연구팀 피해자보호팀 대외협력팀으로 구성되어	잡아볼테면 잡아보십시오	저는 흔적을 남기지 않습니다 라며 메시지를 남겼던 조주빈	조주빈에 대해 서지현 검사는 조주빈은 스스로가 악마와 같은 능력이 있다고 생각한다	조주빈이 텔레그램 안에서 특별한 존재 신적인 존재라고 받들어지고 있기 때문 이라며 조주빈은 안에서 악마가 아니라 영웅인 거다	악마란 그들에겐 신 동일한 언어일 거다 라고 말했다	그러면서 그는 n번방 사건을 처음 본 것처럼 초유의 사건 이라고 보시고들 있는데 사실 당연히 예견된 사건이라고 생각한다	일베 소라넷 사이트 등에서 유사한 성범죄가 있었는데 그동안 누가 처벌을 받았다	n번방 사건은 전혀 새로운 범죄가 아니라 플랫폼만 바뀌었을 라고 지적했다	서지현 검사는 흔히들 사이버 범죄는 가상현실이라 실재하지 않고 가볍다는 착각을 하고	실제로 형량도 낮고 처벌 수위도 낮다	와치맨도 3년 6월의 구형을 받았고 켈리는 징역 1년형을 선고받았다	조주빈 역시 솜사탕 처벌이 우려된다	최대한 강력한 처벌을 하는 게 목적이다	현행법상 안 되는 부분이 있으면 고쳐나갈 계획이다	디지털 성범죄에 적극 대처 방안을 마련하고 라고 밝혔다	이어 그는 지금 대책을 세워놓지 않으면 아이들이 앞으로 살아가는 세상은 지옥이 될 거다	지금이 끊을 수 있는 마지막 기회라고 생각한다
28,"[종합] ""n번방 사건 조주빈, 당연히 예견된 일…그동안 누가 처벌받았나"" (서지현 검사)--4",끝까지 정말 디지털 성범죄가 사라질 때까지 분노해야 한다고 생각한다 라고 목소리를 높였다	무단전재 재배포 금지
29,"영실업 또봇V 시즌2 신제품 ""기간트V -트윈블레이드"" 출시--0",완구 콘텐츠 전문 기업 영실업이 자사의 대표 남아 완구 브랜드 또봇V 신제품을 출시한다	이번에 새롭게 선보이는 제품은 기간트V 트윈블레이드 2종으로 현재 절찬리에 방영 중인 애니메이션 또봇V 시즌2 마지막 캐릭터다	기간트V는 경찰차	소방차	구급차가 합체하는 3단 합체 또봇으로 생명의 소중함을 강조하고 생명을 구해야 한다는 사명감이 투철한 캐릭터다	반면 헬기가 변신한 트윈블레이드는 정의롭고 강한 또봇이지만 고집스러운 성격의 소유자다	정의를 중시하는 원칙주의자로 생명을 최우선으로 하는 기간트V와 의견 충돌을 겪기도 한다	두 캐릭터는 오는 11월 중순 애니메이션에 등장해 어린이들에게 즐거움을 선사할 예정이다	애니메이션 속 기간트V와 트윈블레이드를 구현한 신제품들은 두 제품을 다시 한번 합체하면 전설의 또봇 기간트세이버 재탄생한다	생명을 수호하는 정의롭고 이상적인 히어로로 4단계에 걸친 합체가 가능해 흥미를 자극한다	영실업 관계자는 서로 성격의 두 캐릭터가 만나 완성되는 기간트세이버는 가장 이상적인 모습의 히어로로 어린이들의 큰 사랑을 받을 것으로 기대된다 라며 또봇V 시즌2의 마지막을 장식하는 캐릭터인 만큼 많은 관심 부탁 드린다 라고 전했다	한편 또봇V는 흥미진진한 스토리가 펼쳐지는 애니메이션은 다양한 형태로 자유롭게 변형할 수 있는 로봇 완구로 두터운 팬덤을 보유하고 있는 영실업의 대표 브랜드다	현재 방영 중인 애니메이션 또봇V 시즌2는 주인공 오필승이 갤럭시 웨폰인 워치를 통해 또봇을 소환할 수 있는 강력한 힘을 얻으며 악당 로봇과 승부를 가리는 이야기를 그려냈다	기존 시즌에서 볼 수 없던 새로운 주인공과 또봇이 등장하며 화제를 모았다	매주 목요일 오후 5시 KBS2 채널을 통해 새로운 에피소드를 공개 중이다	무단전재 재배포 금지
30,"""그알"" 엄마의 두 번째 가족, 그리고 58억-쑥떡 사망 사건 미스터리--0",18일 그것이 알고 싶다 에서는 故 김경숙 씨 사망 사건의 미스터리에 알아본다	한 여자의 죽음 시작된 의문 지방의 노포들이 즐비한 한 골목에서는 누군가의 죽음과 관련된 흉흉한 소문들이 수년째 끊이지 않고	한 건물에서는 아이들이 사고로 목숨을 잃었고 가게에서는 사고로 자식을 잃은 사장님이 있었던 탓이었다	이웃들은 2017년 늦여름에 전해진 한 여자의 비보 동네에서 벌어진 하나의 우연한 죽음인 줄로만 생각했다	2017년 9월 사망한 여성의 이름은 김경숙	그녀는 시장 골목 끝자락에서 본인 명의의 작은 민속주점을 홀로 운영하고 있었다	사람들은 넉넉지 못한 형편에 가족 없이 지내던 그녀가 외로이 고독사 한 것으로 생각했다	이웃들은 그녀가 가게 한쪽의 작은 방에 기거하면서도 낮과 밤으로 열심히 사는 모습을 아름답게 기억하며 그녀의 죽음을 안타까워할 뿐이었다	이는 그녀의 죽음 뒤에 잇따른 두 가지 소문이 들리기 전까지 일이었다	이상하다고 생각했지	떡이 아무리 얹혔다고 해도 연속극에나 그런 게 있지	나이가 오십몇 살인데 떡이 얹혀서 죽냐고	이웃 인터뷰 중 사망 당시 故 김경숙 씨의 식도와 위장 시신에서는 현장에서도 먹다 남은 쑥떡이 발견되었다	이보다 더 놀라운 것은 그녀 앞으로 거액의 사망보험이 가입되어있다는 사실이었다	경찰이 확인한 바에 따르면 故 김경숙 씨는 총 12개사에서 17개의 상품에 가입했고 이로 인해 사망할 경우 수익자가 총 58억 6천만 원의 보험금을 수령하게 된다	김경숙 씨의 소박한 모습을 기억하던 주민들은 거액의 보험금 존재를 선뜻 이해하기 어렵다고 했다	장사가 잘되지 않아 낮에는 가게에서 아르바이트하고 동료에게 돈을 꾼 적도 있었다는 故 김경숙 씨	대체 그녀는 짧은 기간에 그렇게 많은 보험에 가입해야 했던 걸까	살며 형편이 넉넉지 못했던 그녀가 매달 거액의 보험금을 낼 수 있었을까
31,"""그알"" 엄마의 두 번째 가족, 그리고 58억-쑥떡 사망 사건 미스터리--1",혹 그녀에게 말할 수 없는 사연이 있었던 것은 아닐까	친구의 이름 수익자 거액의 보험금에 이야기가 전해지고 난 후부터 김경숙 씨의 사망보험금을 받게 될 인물에 대한 소문이 돌기 시작했다	수익자로 지정된 사람은 김경희 씨	김경숙 씨의 오랜 친구라고 했다	제작진은 거액의 보험금에 대한 내막을 알고 있을 사람 김경희를 찾아 나섰다	과정에서 만난 사망한 故 김경숙 씨의 형제자매들 오래전 이별한 남편과 성인이 된 자녀의 이야기들은 해당 사건을 더욱 이해하기 어렵게 했다	2019년 2월에 경찰이 엄마 앞으로 된 보험을 알아보라고 해서 내역을 뽑았는데 보험금이 엄청 많이 나오더라고요	김경희라는 이름은 한 번도 들어본 적이 없어요	엄마랑 이름이 비슷해서 당연히 이모인 줄 알았어요	故 김경숙 씨 딸 인터뷰 중 딸은 제작진과 오래전 이별한 엄마의 흔적을 찾아 나서기로 했다	그렇게 해서라도 엄마가 사망하게 된 것인지 늦었지만 스스로 이해해보고 싶다고 덧붙였다	동사무소부터 보험사 은행 경찰서 어머니가 졸업한 학교까지 방문해서 확인하게 된 것은 엄마가 중학생이었던 시절부터 늘 엄마 주변에 존재한 한 사람 있었다는 사실이다	엄마의 이름으로 발급받은 가족관계증명서에는 처음 들어보는 사람 이름이 자매 라고 적혀 있었다	친구에서 자매가 된 인물	김경희와 가족들은 김경숙 씨를 입양한 사실에 대해 설명할까	그들은 사망한 엄마가 겪고 있던 고된 인생에서 항상 엄마의 곁을 지켜주던 하나의 가족 이었던 걸까	18일 SBS 그것이 알고 싶다 엄마의 두 번째 가족 58억 쑥떡 사망사건 미스터리 편 에서는 故 김경숙 씨의 사망 사건과 그녀의 사망보험금 58억이 남긴 미스터리를 그녀의 딸과 추적해본다	이를 통해 국내 사망 보험 가입 변경 시스템의 허점 개선책을 시청자들과 공유하고자 한다
32,"""그알"" 엄마의 두 번째 가족, 그리고 58억-쑥떡 사망 사건 미스터리--2",무단전재 재배포 금지
33,"해커스어학원, 토익 시험 대비 온•오프라인 토익 무료특강 진행--0",코로나 19의 확산으로 2020 토익 시험일정이 계속해서 연기되고	이에 강남 종로 토익학원으로 많은 추천을 받는 해커스어학원은 시험 연기로 토익 공부 기간이 길어지는 만큼 한 번에 목표하는 토익 점수를 달성할 수 있도록 토익 특강을 진행한다고 밝혔다	참고로 해커스어학원은 해커스 교육그룹의 어학 자격증 전문 교육기관이다	해커스는 강남 종로 일산 노량진 수원에 어학원 공무원 공인중개사 편입 취업 경찰 학원을 운영하며 다양한 온라인 강의 서비스와 교재를 제공하고	이번에 해커스어학원에서 진행하는 토익 무료특강은 전국에 있는 토익커를 위해 오프라인 현장 특강과 온라인 라이브 특강을 진행한다	오프라인 현장 특강은 3월 22일 14시 강남역캠퍼스 1별관 103호에서 진행된다	특강은 LC와 RC로 나뉘어 진행되며 LC 강의는 토익 기본 LC 강의평가 1위 한나 강사가 RC 강의는 토익 기본 RC 강의평가 평균 1위 김진태 강사가 진행한다	한나 강사는 LC 특강에서 정답 포인트는 확실하게 잡고 오답은 거르는 LC 비법을 공개할 예정이다	김진태 강사는 RC 특강을 진행하며 실전에 적용 가능한 RC 어휘 문법 출제 포인트를 총정리할 예정이다	해커스 스타 강사진이 진행하는 오프라인 현장 강의에 참석하면 한나 강사와 김진태 강사의 생동감 넘치는 강의를 눈앞에서 확인할 수 있으며 강사진과 질의응답 시간을 가질 수	토익커는 이를 통해 평소 토익 시험에 대해 궁금했던 점을 해결할 수 있다는 장점이	추가로 현장 참석자 전원에게는 토익 파트별 빈출 문제집 해커스 토익 함정문제 3월 토익 약점 극복 모의고사 특강 1만 원 지원권이 제공된다	그뿐만 아니라 추첨을 통해 4월 어학원 토익 수강료 50 지원권 해커스인강 토익 실전 1000제 1 강좌 50 지원권 해커스탭이 제공된다	한편 시간과 거리 문제로 현장 강의 참석을 망설이는 토익커를 위해 준비된 온라인 라이브 특강은 카페 집 어디서든 만나볼 수 있다는 것이 장점이다	토익커는 자신이 편한 공간에서 토익 공부법 토익 만점 비결 등의 유용한 정보를 확인할 수	참고로 코로나 19가 확산하는 가운데 해커스어학원은 철저한 위생관리를 통해 수강생이 안심하고 공부할 수 있는 환경을 조성하고	해커스는 현장 설명회 당일에도 마스크 미착용자 출입 금지 손 소독제 사용 의무화 고열 확인 귀가조치 좌석 한 칸씩 띄어서 착석의 조치를 취할 예정이다	해커스는 매주 정기적으로 전 층을 소독하며 코로나 19 예방을 위해 힘쓰고	이와 관련된 자세한 내용은 해커스어학원 페이지에서 확인할 수	해커스어학원 페이지에서는 토익 공부를 위한 토익 독학 교재 인강 추천 토익 후기 토익 모의고사 승무원 토익 토익 800점 수준 등을 확인할 수 있으며 추가로 토익스피킹과 오픽 시험 일정 토익스피킹 점수 오픽 등급 등의 정보도 확인할 수
34,"해커스어학원, 토익 시험 대비 온•오프라인 토익 무료특강 진행--1",해커스 교육그룹은 5년 지속 교육그룹 부문 1위 자리를 지켜온 대한민국 대표 종합교육기업이다	한국 소비자포럼 선정 올해의 브랜드대상 대국민 투표를 통해 2012년부터 5년 지속 교육그룹 부문 1위에 올랐다	해커스어학원은 2015 대한민국 퍼스트 브랜드 대상 외국어학원 부문 1위를 차지했다	무단전재 재배포 금지
35,"""성착취·여아살해음모"" 조주빈, 포토라인서 드러낸 악마의 얼굴 [MD동영상]--0",미성년자를 포함한 여성의 성착취 영상을 촬영하고 텔레그램을 통해 퍼뜨린 박사방 운영자 조주빈이 25일 오전 8시 종로경찰서에서 검찰로 송치되기 위해 호송차량으로 향했다	조씨는 이날 오전 8시께 검찰 송치를 위해 서울 종로경찰서를 나서면서 손석희 사장님 윤장현 시장님 님을 비롯해 저에게 피해를 입은 모든 분들께 진심으로 사죄말씀 드린다	이어 멈출 수 없었던 악마의 삶을 멈춰주셔서 정말 감사하다 고 밝혔다	조 씨가 범행을 시작한 건 졸업 직후인 2018년부터라고 경찰은 파악했다	그는 당시 텔레그램에 총기 마약을 팔겠다는 허위 광고로 돈을 가로채는 사기 행각을 벌이다 지난해 9월 텔레그램에 박사방 만들어 범행을 저질렀다	성착취 운영방의 시초격인 n번방 운영자 갓갓이 시들해지자 더 자극적인 성착취물을 이용해 돈을 벌어온	박사방 운영자 조주빈은 수위별로 3단계 대화방을 운영하며 20만 원 70만 원 150만 원 상당의 가상화폐를 입장료로 받아왔다	현재 경찰은 가상화폐 거래소에서 확보한 회원명단을 토대로 이들의 정확한 신상 정보와 송금 횟수 송금액을 확인하고	무단전재 재배포 금지
36,"[MD포토] ""성착취"" 조주빈, 마스크 벗고 검찰로--0",미성년자를 포함한 여성의 성착취 영상을 촬영하고 텔레그램을 통해 퍼뜨린 박사방 운영자 조주빈이 25일 오전 8시 종로경찰서에서 검찰로 송치되기 위해 호송차량으로 향하고	조 씨가 범행을 시작한 건 졸업 직후인 2018년부터라고 경찰은 파악했다	그는 당시 텔레그램에 총기 마약을 팔겠다는 허위 광고로 돈을 가로채는 사기 행각을 벌이다 지난해 9월 텔레그램에 박사방 만들어 범행을 저질렀다	성착취 운영방의 시초격인 n번방 운영자 갓갓이 시들해지자 더 자극적인 성착취물을 이용해 돈을 벌어온	박사방 운영자 조주빈은 수위별로 3단계 대화방을 운영하며 20만 원 70만 원 150만 원 상당의 가상화폐를 입장료로 받아왔다	현재 경찰은 가상화폐 거래소에서 확보한 회원명단을 토대로 이들의 정확한 신상 정보와 송금 횟수 송금액을 확인하고	무단전재 재배포 금지
37,뉴욕 스트릿 감성에 주목하라…감각적인 스트릿웨어 브랜드 ‘워독’ 국내 런칭 앞둬--0,패션의 도시 뉴욕에는 전 세계적으로 유명한 패션 스쿨들이 자리잡고 있으며 해마다 유수의 패션디자이너가 배출되고	뉴욕에 위치한 파슨스 디자인 스쿨은 세계 3대 디자인 스쿨 중 하나로 마크 제이콥스 안나 수이 마이클 코어스 유명 디자이너들을 배출한 곳이다	학년별 체계적인 커리큘럼과 엄격한 관리를 통해 인재를 양성하는 것으로 유명한 만큼 파슨스 디자인 스쿨 출신의 디자이너들은 패션 디자인 분야에서 월등한 실력을 보이며 명성을 이어가고	많은 파슨스 출신의 디자이너 브랜드 최근 뉴욕의 화려함을 독창적인 관점으로 재해석한 희라원 대표의 패션 브랜드 워독 국내 런칭을 앞두고	희라원 대표는 한국에서 사진영상학과를 졸업한 뒤 디자인에 대한 오랜 꿈을 이루기 위해 뉴욕 파슨스 디자인 스쿨에서 패션 디자인을 전공하였다	끊임없는 열정과 노력으로 패션 디자이너의 꿈을 이룬 그는 마크제이콥스 띠어리 유명 명품 브랜드에서의 비즈니스로 실력을 인정받았다	희라원 대표의 다년간의 업계 경험을 바탕으로 탄생한 워독 은 뉴욕 특유의 화려함과 도시의 스토리텔링을 옷 한 벌에 담아낸다	뉴욕의 군견과 경찰 시민의 모습을 다양한 소재와 강렬한 색채를 활용하여 레트로한 스트릿 감성을 표현했으며 과하지 않은 실루엣과 프린팅 등의 디자인 요소를 통해 워독만의 모던함을 담아낸다	특히 워독은 드레스와 스트릿웨어의 결합으로 스트릿웨어가 티셔츠 등의 편안한 의복에 국한되어 있다는 고정관념을 탈피하고 세련되면서도 심플한 디자인을 선보이고	워독의 희라원 대표는 티 한 장만으로도 멋스러운 패션을 완성할 수 있고 누구나 가지고 있는 패션 아이템들과도 조화롭게 어울릴 수 있는 디자인으로 소비자들이 각자의 개성을 표현할 수 있을 것이라고 기대합니다 라고 말했다	세계적인 디자이너들을 배출한 명문 대학 파슨스 디자인 스쿨 출신의 희라원 대표	업계 유명 브랜드에서의 비즈니스 경험을 넘어서 패션 브랜드 워독 런칭을 앞두고 있는 그가 보여줄 뉴욕의 모습이 국내 패션 업계의 기대를 모으고	무단전재 재배포 금지
38,"[MD포토] 언론에 얼굴 공개된 ""박사방"" 운영장 조주빈--0",미성년자를 포함한 여성의 성착취 영상을 촬영하고 텔레그램을 통해 퍼뜨린 박사방 운영자 조주빈이 25일 오전 8시 종로경찰서에서 검찰로 송치되기 위해 호송차량으로 향하고	조 씨가 범행을 시작한 건 졸업 직후인 2018년부터라고 경찰은 파악했다	그는 당시 텔레그램에 총기 마약을 팔겠다는 허위 광고로 돈을 가로채는 사기 행각을 벌이다 지난해 9월 텔레그램에 박사방 만들어 범행을 저질렀다	성착취 운영방의 시초격인 n번방 운영자 갓갓이 시들해지자 더 자극적인 성착취물을 이용해 돈을 벌어온	박사방 운영자 조주빈은 수위별로 3단계 대화방을 운영하며 20만 원 70만 원 150만 원 상당의 가상화폐를 입장료로 받아왔다	현재 경찰은 가상화폐 거래소에서 확보한 회원명단을 토대로 이들의 정확한 신상 정보와 송금 횟수 송금액을 확인하고	무단전재 재배포 금지
39,"몸캠피싱 피해 증가…KDFT 한국 디지털 포렌식 기술표준원㈜, 증거자료 획득 위한 포렌식 솔루션 제시--0",사회적 거리두기 격상과 언택트 시대가 도래하며 사이버범죄가 기승을 부리는 가운데 피해자의 나체 사진을 확보	이를 유포하겠다고 협박하여 금품을 요구하는 이른바 몸캠피싱 피해 건수가 매년 증가하는 것으로 나타났다	경찰청에 따르면 2019년 적발된 몸캠피싱 범죄는 1 824건으로 2018년 1 406건 대비 22 9 증가한 것으로 조사됐다	몸캠피싱 범죄로 인한 피해액 규모도 2017년 18억8 000만원 2018년 30억3 000만원 2019년 55억2 000만원으로 급증하는 추세를 보였다	과거에는 랜덤채팅 앱 등을 통해 몸캠피싱 범죄가 주로 일어났다면 최근에는 주로 카카오톡 페이스북 메신저 SNS 대화를 통해 몸캠피싱 범죄가 일어나고	이성인 척 접근하여 영상소리가 안 들린다 또는 영상통화 가능한 파일 등의 말로 피해자를 속여 악성코드를 설치하게 한 뒤 피해자의 휴대폰 또는 컴퓨터 등에 저장된 주소록과 개인정보 데이터 등을 확보해 유포 협박을 하는 것이다	혹시라도 몸캠피싱 범죄에 연루될 경우 범인의 금품요구나 영상 유포 협박에 대응하지 않고 경찰에 신고하는 것이 중요하다	해당 과정에서 범인과의 대화내역 증거자료의 손실이 일어날 경우 디지털 포렌식을 통해 증거자료를 획득할 수	사이버범죄 증거자료 획득 다양한 분야에서 디지털 포렌식 기술이 활용되며 해당 기술에 대해 각계의 관심이 몰리는 가운데 디지털 포렌식 5대 원칙을 기반으로 맞춤 포렌식 솔루션을 제공하는 KDFT 한국 디지털 포렌식 기술표준원 이목이 집중되고	디지털 포렌식 5대 원칙을 준수하지 않은 채 일반적인 데이터복구 업체에서 제공되는 증거감정서의 경우 법적 효력으로 인정받지 않을 수 있고 신뢰성이 떨어지는 부분이 있기에 주의를 요한다	이와는 달리 국내 단 2명뿐인 특수감정인 최규종 대표이사를 주축으로 30년 이상의 IT 경력 전산전문가 등으로 이루어진 KDFT 한국 디지털 포렌식 기술표준원 디지털 포렌식 팀이 제공하는 포렌식 분석 보고서 증거감정서 의견서는 십 수년간 법원 정부기관 등으로부터 포렌식 감정을 촉탁 받은 노하우를 기반으로 디지털 포렌식 5대 원칙에 분석되었기에 법적 효력으로 인정받는다	KDFT 한국 디지털 포렌식 기술표준원 최규종 대표이사는 몸캠피싱 범죄는 보이스피싱 범죄와 마찬가지로 조직적인 금융사기 형태를 보여 수사과정에서 포렌식 기술이 활용되는 추세 라며 몸캠피싱과 관련하여 SNS 대화내역 등의 손실이 일어났다 디지털 포렌식으로 분석하여 증거자료로 활용할 수 있는 가능성이 충분히 있기 무엇보다 발 빠른 대처가 중요하다 고 덧붙였다	무단전재 재배포 금지
