0,[전동킥보드 봐주기에 뒤로 밀린 안전] ‘무면허’도 허락한 규제 완화--0,사고시 무보험차 상해 처리 보험업계 사실상 차로 본 1	10월 20일 경기도 성남시에서 전동킥보드를 타고 출근하던 50대 남성이 굴착기와 충돌해 목숨을 잃었다	헬멧을 쓰지 않은 남성은 머리를 심하게 다쳐 병원으로 옮겨졌지만 끝내 숨졌다	2	10월 27일 공유형 전동킥보드를 타던 고등학생 A씨가 택시와 충돌해 사고 사흘 만에 사망했다	A씨는 무면허 상태로 안전장비는 착용하지 않았던 것으로 알려졌다	최근 전동킥보드 이용자가 늘면서 관련사고도 급증하고	서울시 코리아스타트업포럼 퍼스널모빌리티산업협의회에 따르면 서울 지역 공유 전동킥보드의 월별 이용 건수는 지난 8월 기준 360만1629건으로 집계됐다	지난 3월 기준 이용 건수는 143만5143건이었다	5개월 만에 이용 건수가 2배 늘어난 셈이다	사고도 늘었다	전동킥보드 관련 자동차 사고 보험금 지급 건수는 2017년 363건에서 지난해 785건으로 증가했다	올해는 상반기에만 466건이 접수됐다	오는 12월부터 전동킥보드에 대한 규제가 완화되면 이용자 수가 늘면서 사고도 증가할 것이라는 전망도 나온다	이용자가 급증하는 상황에도 정부가 전동킥보드로 인한 사고와 안전 문제를 외면하고 있다는 지적이 나온다	안전망에 대한 구체적인 대안 없이 전동킥보드에 대한 규제를 완화했기 때문이다	전동킥보드 대여 업체들만 수혜를 보고 있다는 지적도 나온다	자전거처럼 타라 규제 완화 안전은 외면오는 12월 10일부터 전동킥보드에 대한 규제가 대폭 완화된다	전동킥보드 개인형 이동 장치 운전 규정을 담은 도로교통법 자전거 이용 활성화에 법률 개정안에는 개인형 이동장치 라는 개념이 새로 생겼다	최고속도 시속 25 미만 총중량 30 미만인 전동킥보드 등이 개인형 이동장치 해당한다
1,[전동킥보드 봐주기에 뒤로 밀린 안전] ‘무면허’도 허락한 규제 완화--1,개인형 이동장치는 만 13세 이상이면 운전면허가 없어도 누구나 탈 수	자전거도로도 달릴 수	사실상 자전거 수준으로 이용 기준이 낮아진 셈이다	그동안 전동킥보드 개인형 이동장치는 현행 도로교통법상 원동기장치자전거 분류돼 자전거보다 엄격한 규제를 받았다	자전거도로에서 운행할 수 없고 이륜자동차용 안전모도 써야 했다	만 16세 제2종 원동기 장치 자전거 이상의 면허도 필요했는데 규제가 사라진 것이다	지난 6월 행정안전부와 경찰청에서는 개인형 이동장치 관련 법 개정으로 국민이 더욱 안전하게 개인형 이동장치를 이용할 수 있게 됐고 특히 스마트 모빌리티 산업 활성화에도 이바지할 것으로 기대한다 고 밝혔다	문제는 전동킥보드의 사고 위험이 자전거보다 크다는 데	한 보험회사의 조사에 따르면 전동킥보드 등의 사고에서 건당 지급한 보험금은 374만원으로 나타났다	자전거 사고의 건당 지급 보험금이 244만원인 것과 비교하면 전동킥보드 사고의 피해가 더 컸던 것을 짐작할 수	자동차보험 사고의 상해 등급으로 분석한 결과 전동킥보드 등의 중상사고 비율은 10 8 자동차 사고의 중상사고 비율인 2 46 보다 높았다	지적이 이어지자 금융감독원은 자동차보험 표준약관을 손봤다	금감원은 자동차보험 표준 약관상 무보험자동차 정의에 개인형 이동장치 포함하고 전동킥보드 사고 피해를 자동차보험에서 보상받을 수 있도록 명확히 했다고 밝혔다	11월 10일부터 보행자가 전동킥보드와 부딪혀 다칠 경우 본인이나 가족이 가입한 자동차보험으로 보상을 받을 수 있게 된 것이다	자동차보험은 보험 가입자나 가입자 가족이 무보험차로 인해 상해를 입을 경우 보상하는 무보험 자동차 상해 담보를 운영 중인데 전동킥보드 사고도 이를 통해 보상해준다는 뜻이다	금감원은 개정 도로교통법상 전동킥보드의 성격이 위험도가 낮은 자전거에 가까워진 점을 고려해 보상한도를 대인 I 이내로 조정한다 고 밝혔다	대인 I은 책임보험으로 사망 사고시 보상한도가 최대 1억5000만원이다	상해시에는 등급에 50만원부터 3000만원까지 보상한다	보험사는 피해자에게 한도 내에서 보험금을 지급하고 이후 가해자에게 구상권을 청구하게 된다	킥보드 대여 업체는 규제 무풍지대
2,[전동킥보드 봐주기에 뒤로 밀린 안전] ‘무면허’도 허락한 규제 완화--2,전문가들은 정부가 전동킥보드를 종류의 이동수단으로 분류할지 아직도 기준을 잡지 못한 것으로 보인다고 우려한다	이용 규제 보면 자전거인데 보험 삼으면 자동차라는 것이다	자전거는 차 아니어서 무보험차 상해 담보 대상에 해당하지 않는다	사고를 내도 보험사가 관여하지 않는다	이에 대해 금감원 관계자는 우리가 전동킥보드를 자동차나 자전거로 규정할 수는 없다 며 사고 났을 경우 사각지대를 최소화하기 위해 보험 규정을 명확히 해 개인형 이동장치 사고를 무보험차 상해로 보상받을 수 있게 한 이라고 말했다	이에 대해 보험업계 관계자는 사실상 전동킥보드를 차로 판단한 것인데 면허가 없이도 운전할 수 있는 장치를 자동차로 인정한 것은 모순 이라고 설명했다	현행법상 무보험 운전 은 불법이다	운전자는 의무적으로 책임보험에 가입하게 돼	보험에 가입하지 않은 운전자가 자동차 운전대를 잡아선 안 된다	면허 정지 또는 면허 취소 처분을 받은 사람이 자동차를 몰다가 사고를 내는 경우도 무보험 운전에 포함된다	전동 킥보드는 면허 없이도 만 13세 이상이면 누구나 운전할 수 있게 만들어 놓고 사고가 나면 무보험차 상해로 처리하게 했다	그는 무보험 운전을 해선 안 되지만 관련 사고가 날 경우 피해자의 경제적 부담이 커질 수 있어 부득이하게 보험으로 보상하는 것인데 이는 앞뒤가 바뀐 꼴이다	무보험 운전을 법으로 허가해 놓고 사고가 늘면 문제가 될 같으니 무보험차 상해를 대안으로 내놨다 고 말했다	전동킥보드가 자동차보험 수준의 보상이 필요한 이동수단이라면 보험 가입 의무화가 필요하다는 주장도	전동킥보드 이용자나 대여업체를 대상으로 책임보험 가입을 강제해야 한다는 것이다	이는 보험업계가 난색을 보이고	전동킥보드 사고가 늘어날 것으로 보이는 상황에서 보험 가입을 의무화할 경우 보험사 지출이 늘어날 수 있기 때문이다	손해율이 높아지면 보험사의 재정 건전성이 악화하거나 일반 자동차 보험 가입자에게 비용이 전가될 수 는 게 이유다	전동킥보드 대여업체들도 보험 가입 의무화 이후 요금을 인상할 경우 이용자 감소를 우려하고	금감원 관계자는 전동킥보드 보험과 관련해 여러 분야 관계자들과 논의했지만 손해율이나 비용 부담 반대한 곳들이 있었다 며 보상 범위 등이 작아지게 됐다 고 설명했다
3,[전동킥보드 봐주기에 뒤로 밀린 안전] ‘무면허’도 허락한 규제 완화--3,보험사 관계자는 진퇴양난에 빠진 정부가 사고 위험과 경제적 부담을 이용자들에게 떠넘기고 있는 아니냐 고 말했다	전동킥보드가 사고 위험이 높아 보험이 필요한 것이 사실이지만 이미 자전거 정도로 규제 수준을 낮춰서 보험을 강제하기 어려워지자 무보험차 상해 카드를 들고 나온 것이란 지적이다	그는 무보험차 상해는 보험사가 피해자에게 보상하는 서비스지만 이후 가해자에게 보상비를 청구해 받아낸다	가해자가 책임져야 하는 시스템 이라고 말했다	보험가입 의무화 논의 조기시행 가능성은 불투명정부와 국회 보험사의 줄다리기 사이에서 전동킥보드 대여 업체만 수혜를 보고 있다는 평가다	업체들은 보험 가입 의무가 없어 저렴한 비용을 유지하면서 이용자들을 모을 수 있었기 때문이다	전국 기준 공유 전동킥보드 수는 5만2080대로 집계됐다	지난해 12월 기준 1만 7130대보다 3배가량 늘어난 수준이다	올해 3 8월 누적 이용 건수는 총 1519만107건으로 지난해 7월 12월 이용 건수보다 4 3배 증가했다	전동킥보드가 자전거도로를 달릴 수 있게 되면서 이동의 제약도 사라졌다	혁신 신산업을 지원한다는 명분으로 성급하게 규제를 완화하면서 관련 산업은 빠르게 성장했지만 시민 안전은 뒷전으로 밀렸다 는 평가가 나온다	최근에야 전동킥보드 업체의 책임 강화 필요성이 제기되면서 보험 가입 의무화 논의가 진행되고	보험 의무화 거치구역 외 거치금지 안전요건 적합의무 부여 지자체 공영 킥보드 사업에 대한 정부의 국가 보조금 지급 근거 마련 등을 골자로 하는 법안이 발의된 상태다	국토교통부도 개인형 이동수단 이용 활성화 안전관리 방안 법률 제정계획 밝히면서 보험 가입 의무화 가능성을 언급했지만 조기 시행 가능성은 미지수다	국토교통부 관계자는 와의 통화에서 전동킥보드 보험 가입 의무화 필요성이 제기되고 며 다양한 각도에서 논의가 필요하지만 법이 제정되면 관련 보험 상품도 출시될 것으로 보인다 고 설명했다
4,[금융 알뜰폰 ‘리브엠’에 KB국민은행이 시끄럽다] 勞 “우리가 폰 팔이냐” VS 使 “고령자 가입 위한 도움”--0,디지털 혁신 지친 영업장 직원들 알뜰폰 창구 영업 논의에 불만 폭발국내 1호 금융 알뜰폰 인 리브엠 사업이 진퇴양난에 빠졌다	정부로부터 인정받은 첫 금융업계 통신사업으로 KB국민은행은 알뜰폰 사업에 힘을 부어야 하는 상황이지만 노동조합은 사업 확대를 강력히 반대하고	서울 여의도에 위치한 KB국민은행 본사 건물 곳곳에는 리브엠을 운영하는 사업단인 MVNO 사업단의 양원용 단장을 해임할 것을 촉구하는 대자보가 걸렸다	리브엠은 지난해 10월 KB국민은행이 LG유플러스와 손잡고 선보인 금융업계 첫 알뜰폰 서비스다	KB국민은행은 서비스를 통해 KB국민카드 회원이 통신요금을 KB국민카드로 결제하면 기본요금을 반값으로 할인하거나 자동 납부하면 매월 일부 금액을 캐시백으로 돌려주는 통신과 결합한 금융서비스를 확대하고자 했다	통신사 대리점에서 핸드폰을 개통할 특정 금융사 카드를 자동납부 카드로 지정하면 통신요금이 할인되는 이벤트를 쉽게 볼 수 있는데 KB국민은행은 같은 이벤트를 자체적으로 직접 진행하는 셈이다	금융 통신 융합서비스 호평은 받았는데출발은 좋았다	국내 최초 금융 통신 융합서비스 라는 슬로건을 달고 출시한 리브엠은 지금까지 없었던 혁신적인 금융 서비스로 평가받았다	특히 리브엠 핸드폰 유심에는 공인인증서 기능이 더해져 사용자가 핸드폰으로 은행 업무를 볼 공인인증서를 따로 불러올 필요를 없애 은행 업무 보기 좋은 저렴한 핸드폰 평가받았다	알뜰폰 업계 처음으로 5G를 도입하는 통신서비스와 겨루어도 뒤처지지 않는 기술력을 선보였다	올해 1월에는 리브엠 사업을 확대하기 위한 사업단도 꾸렸다	지난해까지는 태스크포스팀 성격으로 운영했지만 올해는 부서보다도 한 단계 더 큰 단 형태로 바꾸었다	MVNO 사업단의 사업단장으로는 강동 5지역 본부장이었던 양원용 단장이 나섰다	이처럼 전폭적인 지원이 있었지만 리브엠 성과는 지지부진하다	리브엠 출시 당시 목표는 가입자 100만명이었지만 올해 6월 가입자는 6만7000여명에 그쳤다	은행에서 핸드폰을 개통하는 것이 익숙지 않을뿐더러 리브엠을 사용하기 위해서는 모바일 웹을 통해서 셀프 개통 해야 하는 것이 소비자에겐 번거로운 과정으로 여겨진 탓이다	대부분 KB금융 실적이 있어야 요금 할인을 받을 수 있는 시스템으로 평소 KB금융을 이용하지 않는 사람에겐 무용지물이었다	엎친 데 덮친 격으로 KB국민은행 노동조합은 리브엠 영업점 판매 확대에 반대 목소리를 높이고	양 MVNO사업단장이 지난 1월부터 리브엠 가입 채널을 모바일 웹 중심에서 영업점으로 확대하는 것을 시도하고 있지만 KB국민은행 노조는 이를 절대 인정할 수 없다는 입장이다	노사갈등은 양 MVNO사업단장이 지난 4월 1일자로 리브엠 가입 실적을 개인의 위험조정이익에 반영하고자 한 것이 알려지면서 극으로 치닫고
5,[금융 알뜰폰 ‘리브엠’에 KB국민은행이 시끄럽다] 勞 “우리가 폰 팔이냐” VS 使 “고령자 가입 위한 도움”--1,노조는 대자보를 통해 노동조합의 제지와 금융당국의 개입으로 위험조정이익 반영 시도는 수포가 되었으나 MVNO 사업단장은 직원들에게 폰 팔이 강요할 명분을 찾고 며 직원들의 근로조건에 영향을 미치게 될 MVNO 대면 창구 영업은 허용할 수 없다 고 주장했다	MVNO 사업단 입장은 다르다	리브엠의 목표는 단순 알뜰폰 판매가 아닌 결국엔 금융 고객을 확대하고 기존 거래 고객들에게 다양한 혜택을 제공하는 것이기 영업장 판매가 필요하다는 거다	웹 사용에 익숙지 않은 고령의 가입자를 위해 영업점에서 도움을 달라는 것이지 개인 KPI에 반영하겠다는 것은 아니다 라는 입장이다	노사 간 마찰은 물리적으로도 일어났다	노조원과 양 사업단장이 몸싸움을 벌이기도 했고 과정에서 양 사업단장은 노조를 경찰에 고소했다	국내 1호 금융 알뜰폰 논란에 정부도 곤란한 입장이다	KB국민은행은 리브엠을 출시하기 전부터 금융위원회 규제 샌드박스에서 MVNO 사업을 부수업무로 승인받았고 금융 당국은 KB국민은행에 최대 4년간 금융업계에서는 독점적으로 관련 사업을 영위할 수 있도록 권한을 부여했다	지난해 10월에 열린 리브엠 론칭 행사에 이태희 과학기술정보통신부 통신정책국장 최성호 방통위 이용자정책국장 등도 참여한 이유이기도 하다	정부가 적극적으로 도와 처음으로 내놓은 혁신금융서비스인데 잡음이 생기니 난처할 수 밖에 없는 상황이다	앱 가입 권유 지쳤는데 핸드폰도 팔라고	KB국민은행 안팎에서는 현 사태를 단순히 리브엠 대한 불만이 아니라 근래 내부적으로 밀어붙였던 디지털 혁신 바람 피로감이 쌓이고 쌓여 터진 일이라는 말이 나온다	KB국민은행은 지난해부터 디지털 역량을 높이겠다며 그룹 안에 디지털금융그룹을 신설하고 관련 애플리케이션을 만드는 신사업을 펼쳤다	리브엠도 혁신사업 중 하나로 디지털금융그룹 소속 사업이다	KB국민은행에 재직 중인 A씨는 리브엠 갈등에는 보이지 않는 긴 스토리가	간편 송금 앱 리브 채팅 앱 리브똑똑 디지털금융그룹에서 앱을 내놓으면 우리는 영업장에서 앱 팔이 했다 며 무조건 앱 가입자를 영업장에서 늘리라는 행태에 진절머리가 날 정돈데 여기에 핸드폰까지 팔라고 하니 다들 참고 참다가 터진 격 이라고 말했다	리브엠 판매 채널 확대에 관련해 KB국민은행 입장을 묻자 KB국민은행 브랜드전략부 관계자는 현재 리브엠은 가입 채널이 모바일 웹페이지 리브엠 전용 콜센터 비대면으로 한정돼 며 최근 은행에서 검토 중인 전국 지점으로의 리브엠 판매 채널 확대는 가입자 증대를 위한 목적이 아니라 디지털에 익숙하지 않은 고령층 가입시 본인인증이 어려운 미성년자 고객의 원활한 가입을 돕기 위한 방안 이라고 답했다	현재 KB국민은행은 리브엠 판매 수치를 영업장 또는 개인 KPI에 포함하지 않고	반면 지역별로 구분한 총 16개 지역영업 대표에게 디지털 관련 항목 중 하나로 리브엠 실적을 부여한다	KB국민은행 브랜드전략부 관계자는 지역영업 대표 평가에 디지털 항목 실적 기준이 있지만 리브엠에 한정한 건 아니다
6,[금융 알뜰폰 ‘리브엠’에 KB국민은행이 시끄럽다] 勞 “우리가 폰 팔이냐” VS 使 “고령자 가입 위한 도움”--2,디지털과 관련한 여러 사업 중 자신들이 기준을 선택할 수	디지털 항목 실적 기준에 리브엠을 선택한 대표도 있고 아닌 대표도 고 말했다
7,[허태윤의 브랜드 스토리] 브랜드의 시대는 끝났는가?--0,애플과 나이키에서 전환기의 브랜드 전략을 생각한다혹자는 이제 브랜드의 시대는 끝났다고 이야기한다	기술혁신에 의한 성능 편익 비중이 브랜드의 감성적 편익을 밀어 내고 있는 현상이 곳곳에 보이는 것이 사실이다	패스트 패션은 물론이고 패스트 리빙 인터넷쇼핑몰에서 하루가 다르게 쏟아지는 가성비 높은 수많은 제품들	제품의 수명주기는 점점 더 짧아지고 브랜드가 없음을 브랜드로 내세운 노브랜드 라는 브랜드도 생겨났다	한편으로 우리는 비슷비슷한 상품이 넘쳐나고 SNS를 통해 쏟아지는 정보의 홍수 거기에 과장된 이용경험을 자발성인 것처럼 포장한 채 전달하는 유튜버와 불로거들의 뒷광고 범람하는 시대에 살고	브랜드 시대는 끝났는가	시대의 아이코닉 브랜드인 애플과 나이키의 이야기에서 전환기의 브랜딩에 대한 인사이트를 구해보자	팬데믹이 한창이던 지난 6월 애플은 시가총액이 1조6000억 달러에 달해 세계 최대의 기업이 되었다	7월 발표한 애플의 3분기 매출 597억 달러 역시 세계를 깜짝 놀라게 했다	팬데믹의 장기화에도 애플은 전년 동기대비 11 증가한 매출을 기록하고 이익도 더 늘어 난 것이다	같은 기간 세계 1위의 스마트폰 브랜드인 삼성 갤럭시는 전년 동기대비는 전 분기대비 역성장을 기록했다	전 세계가 팬데믹이라는 똑같은 형벌의 시간을 맞고 있는 가운데 산업도 아닌 같은 산업에서 브랜드는 성장을 하고 브랜드는 역성장을 하는 상황을 설명해야 할까	그렇다면 위기의 상황에도 빛나는 결과를 만드는 것은 무엇이었을까	애플이 가장 혐오하는 두 단어 브랜딩 마케팅 소비자들이 제품을 선택하는 이유는 다양하다	가격 제품이 주는 편익 품질 때문이다	판매량에서 세계 1위를 하고 혁신적인 기술을 끊임없이 제안하는 삼성보다도 애플의 주가 총액이 6배 이상이 되는 현상을 보면 브랜드의 힘 이외에 무엇으로 이것을 설명할 수 있는지 찾을 도리가 없다	워런 버핏은 수영장에 물이 가득 차 있을 땐 다들 멋지게 수영하고 있어 속을 알 수 없지만 물이 빠진 다음에는 누가 벌거벗고 있는지 알 수 고 했다	브랜드의 힘은 위기의 시기에 더욱 빛을 발한다	애플은 충성도 높은 팬덤이 전 세계 도처에 깔려	애플이 신제품을 내면 애플의 팬들이 애플다움과 애플답지 않음을 이야기한다
8,[허태윤의 브랜드 스토리] 브랜드의 시대는 끝났는가?--1,브랜드가 추구하는 바를 고객이 더 잘 알고 있는 것이다	바꿔 말하면 고객들은 애플과 나를 동일시하며 나의 정체성을 보여주는 브랜드 인식한다는 것이다	이들은 애플의 새로운 제품이 나오면 다시 망설임 없이 재구매를 한다	상황에도 흔들리지 않는 견고한 애플의 팬덤은 질과 양에서 브랜드와도 비교가 되지 않는다	강한 팬덤을 형성한 애플의 브랜드 전략은 매우 단순하다	2005년부터 2011년까지 잡스와 직접적인 보고 라인을 가지고 일했던 안 되는 사람 중의 하나로 월드와이드 마케팅커뮤니케이션을 담당했던 앨리슨 존스의 인터뷰를 들어 보면 애플 브랜드 전략의 인사이트를 얻을 수	스티브잡스의 애플에는 가장 혐오하고 싫어했던 단어 두 개가 있었는데 브랜딩 마케팅	세계에서 가장 마케팅을 잘하고 브랜딩을 통해 광팬을 만들고 있는 기업에서 브랜딩 마케팅 가장 혐오하는 단어라는 것을 이해해야 할까	정확히는 브랜딩과 마케팅이란 단어를 경계했다고 하는 편이 옳은	중요한 것은 제품과 서비스라는 본질인데 중요성을 간과하면 마케팅과 브랜딩에 목을 매게 되고 순간 기업은 발전할 수 없게 된다는 것이다	스티브 잡스는 브랜드의 가치와 마케팅은 그들이 만드는 제품 자체에서 나와야 한다고 믿었다 고 한다	이렇게 애플은 먼저 좋은 제품을 만들고 이후 정말 센스 있고 멋진 소개를 했다	멋진 소개가 그들의 마케팅이자 브랜딩이었다	대개의 기업들은 제품과 마케팅을 별개로 생각하고 제품이 개발된 후 마케팅을 관여시키거나 외부 팀을 통해 마케팅을 시작한다	스티브 잡스는 접근을 최악이라고 생각했다고 한다	애플의 마케팅팀은 엔지니어링팀 옆에 있었다	하나의 제품이 만들어지는 전 과정에서 제품의 기능 디자인 마케팅이 한 몸처럼 이루어졌다는 것이다	이렇게 탄생된 좋은 제품 은 자체로 빛을 발한 것이다	제품이 좋으니 사람들이 절로 관심을 가졌고 제품 자체를 소개하는 것만으로도 세계가 열광했다	멋진 캠페인이 끝나도 관심은 끊이지 않았다
9,[허태윤의 브랜드 스토리] 브랜드의 시대는 끝났는가?--2,사람들은 제품자체에 열광을 한 것이지 캠페인에 반응한 것이 아니기 때문이다	이렇게 애플의 브랜드 가치는 갈수록 높아졌고 새로운 제품이 나올 마다 팬덤은 두터워지고 넓어졌으며 그들은 망설임 없이 다시 애플을 구매하고 있는 것이다	그런 소비자들을 실망 시키지 않고 아이팟 이후 지난 20여 년간 지속적으로 애플다움 유지한 결과가 상황에서도 묻지 않고 애플을 신뢰하는 팬덤을 만든 것이다	지난 5월 25일 미국의 미네아폴리스에서 백인 경찰의 가혹한 체포행위로 흑인 남성 조지 플로이드가 사망한 사건이 발생했다	이로 인해 미국 내 과격한 시위가 빠른 속도로 확산되고 있는 가운데 나이키가 보여준 태도는 경쟁사인 아디다스도 동조를 할 만큼 시의적절하면서도 용기 있는 것이었다	사건이 일어난 나흘 후 나이키는 자사가 30년간 지켜온 슬로건 Just Do It 뒤집은 For once Don t Do It 이란 새로운 슬로건을 걸고 인스타그램과 유튜브 계정을 통해 인종 차별에 반대하는 캠페인 영상을 제작한 것이다	나이키의 문화 브랜딩 이번만은 그러지 말자	미국에 문제가 없는 척 하지말자	변명 하지말자	문제가 당신에게 영향을 끼치지 않는다고 생각 하지말자	1분 검은 바탕에 Don t	시작하는 문장이 하나씩 차례로 나온다	총 9문장 안에 담긴 나이키의 메시지는 즉각적으로 1주일 만에 인스타그램 조회수 1500만회를 넘었고 4만개의 댓글이 달렸다	영상을 발표한 직후 나이키는 향후 4년간 미국 흑인 커뮤니티를 지원하기 위해 4000만 달러를 지원하겠다고 발표하면서 진정성에 힘을 실었다	미국의 광고효과조사 전문 업체인 에이스 매트릭스가 나이키의 영상 메시지에 대해 16 49세 미국인에게 조사한 바에 따르면 98 광고에 비해 힘을 얻게 한다 는 반응이 나왔다	소비자들은 불의에 대해 확고한 입장을 보여주는 광고에 보다 더 연결된다는 인사이트를 보여주었다
10,[허태윤의 브랜드 스토리] 브랜드의 시대는 끝났는가?--3,브랜드 보면 논란의 여지가 많은 이슈에 대해 이념적 성향을 드러내는 것은 쉽지 않은 일이다	반대 입장을 가진 소비자들에게 외면당할 수 있기 때문이다	나이키는 사회적 이슈를 외면하지 않는다	2018년 저스트 두잇 론칭 30주년 기념 광고에는 미식축구선수 콜린 캐퍼닉을 모델로 세워 스스로 논란의 중심에 선 바	그는 인종 차별에 항의하는 의미로 미국 국가가 울릴 기립 대신 무릎을 꿇는 퍼포먼스로 사회적 논란을 제공한 당사자다	당시 에이스 메트릭스 조사에 따르면 광고 이후 매출이 동기 대비 31 상승했고 젊은 세대들의 56 구매의향을 보였다	나이키는 같은 사회문화적 이슈를 브랜드에 접목하는 문화 혁신 이론을 배경으로 한 문화 브랜딩으로 팬덤을 쌓아 온 것으로 유명하다	브랜드 슬로건 저스트 두 잇 이념 실현을 위해 나이키는 인종차별 성차별 빈곤의 세계화라는 삶의 도전들을 극복할 수 있다는 것을 이해시키기 위해 지속적으로 노력해 왔다	그것이 농구일 경우 게토에서 꿈을 키우는 흑인 청소년 속에서 자라난 마이클 조던의 신화로 그것이 골프일 경우 인종차별이 가장 심한 종목에서 꿈을 이뤄낸 타이거 우즈를 마이너리티의 승리로 조명하는 식이다	단순히 스타선수들의 초인적 운동능력을 상투적인 방식으로 증명하는 대신 유명선수들의 사람 냄새나는 이야기를 들려주며 나이키의 브랜드 이념을 동조하는 사람들을 모아 왔다	이번만은 그러지 말자 캠페인은 나이키가 지난 수십 년간 지속해온 브랜드 전략의 연장선상에서 일관성을 가지고 해온 브랜드 이념에 방점을 찍은 것이지 새로운 시도가 아니다	그들에게 다가온 이념적 기회를 용기 있게 잡았을	브랜드 액티비즘의 시대우리 소비자들도 이제 브랜드가 자신이 가지고 있는 가치와 부합할 제품을 기꺼이 이용한다	기능적으로 크게 차별화 되지 않는 비슷한 제품이 양산되는 오늘날은 자신이 소비하는 제품이 환경에 도움이 되는지 브랜드 오너가 가지고 있는 철학이 건강하고 정의로운지를 구매의 삼는 가치 소비의 시대다	비정규직이 없는 기업이라는 것이 밝혀져 식품회사 오뚜기는 갓뚜기 라는 별명이 붙을 정도의 팬덤이 생겼다	반면 오너 일가의 부도덕성으로 인해 나라의 최대 항공회사는 존립위기를 맞기도 했다	지난해 세계 크리에이티브 축제인 칸느 라이언즈에서 브랜드 액티비즘이 최대의 화두가 되었다	이제 브랜드는 인격체처럼 각자의 목소리를 내고 행동해야 한다는 것이다	기업은 제품을 파는 시대를 넘어 소비자와의 관계를 형성해야 할 것인가를 고민해야 한다	관계의 형성은 브랜드가치를 손상하지 않기 위해 무엇을 하지 말 것인가를 고민하는 것이 아니라 소비자와 관계를 맺기 위해 행동을 해야 할 것인가를 고민해야 하는 시대인 것이다
11,[허태윤의 브랜드 스토리] 브랜드의 시대는 끝났는가?--4,필자는 제일기획과 공기업에서 30년간 광고와 마케팅을 경험했다	제일기획 인도법인을 설립했으며 미주총괄 임원을 역임했고 이후 공기업의 마케팅본부장을 맡아 공공부문에 민간의 마케팅 역량과 글로벌 역량을 접목시키는데 기여했다	한국외대에서 광고학 박사학위를 받았고 현재 한신대 평화교양대학 교수다
12,[채인택의 글로벌 인사이트 | 미국 대선이 남긴 숙제] 트럼프는 떠나도 트럼피즘(트럼프의 정치 방식) 남아--0,국익이냐 청산이냐 바이든 정권의 녹록지 않은 트럼프 지우기 고뇌	워싱턴 포스트	CNN	미국 CBS 방송 레이트 쇼 진행자인 코미디언 스티븐 콜베어	영국 일간지 가디언 도널드 트럼프의 마니교적 세계의 앞으로의 효과 라는 기사 제목에서	CNN	전 이스라엘 주재 미국대사 데이비드 샤피로 CNN에 출연해 트럼피즘의 외교적 효과를 평가하며	워싱턴 포스트	제프 리 카바서비스 미국 워싱턴의 니스카넨 센터 정치연구 소장	영국 가디언 기고에서	도널드 트럼프 미국 대통령의 재선 실패가 현실이 되면서 그가 지난 4년간 보여준 정책과 정치 방식을 가리키는 트럼피즘의 운명에 관심이 모이고	위의 내용은 11월 3일 미국 대선에서 민주당의 조 바이든 후보가 현직 대통령인 도널드 트럼프를 누르고 당선하자 영어권 언론이 트럼피즘과 관련해 보도하거나 언론인 방송인 지식인이 발언한 내용이다	트럼프는 집권 뒤 오바마 빼고 모토로 전임 버락 오바다 대통령에 남긴 정치적 업적과 유산을 지우는 데 골몰했다	2020년 대선에서 트럼프를 누른 조 바이든 당선인은 할 것인가	바이든과 민주당 지지자의 상당수는 트럼프에 반감을 보여왔다	바이든이 오바마 빼고 외치며 전임자가 재임 중 쌓거나 보여준 트럼피즘에서 완전히 벗어나려고 시도하기가 쉽지 않다	그렇게 할 경우 방향만 반대일 뿐 트럼프의 방식을 그대로 추종하는 결과를 낳을
13,[채인택의 글로벌 인사이트 | 미국 대선이 남긴 숙제] 트럼프는 떠나도 트럼피즘(트럼프의 정치 방식) 남아--1,정적이나 경쟁자와 싸우면서 상대의 싸움 방식이나 기술을 배우며 그를 추종하게 되는 행동이나 다름없기 때문이다	민주주의를 이루기 위해 독재와 싸우면서 독재자의 냉혹한 정치 기법을 익히는 것이나 진배없다	트럼프가 워낙 강하게 대못을 박아놓는 바람에 이를 뒤집기가 쉽지 않은 트럼피즘도	중국에 대한 거부감과 압박 정책 미 중 무역전쟁이 그것이다	이에 바이든이 집권해도 반중 정책은 트럼프가 세워둔 기조는 유지하면서 방식만 바꿀 가능성이 커 보인다	정권이 바뀌면 조타수의 방향타 전환으로 곧바로 바뀔 수 있는 것과 지도자와 정권이 교체돼도 청산이 쉽지 않은 정책과 태도가	미국 워싱턴 포스트는 바이든 당선이 확실해지자 트럼프의 악행 이라는 제목으로 그를 파괴하고 앞으로 바이든이 복구해야 할 과제 20가지를 정리했다	공직으로 개인적 이익을 추구한 법무부 조사에 개입한 임명권 남용 동맹 모독 군대를 정치화하고 법관을 공격한 외교와 대외 정책을 정치화한 사면권 남용 위기의 시기에 국가를 분열시킨 대통령보다 허위사실을 더 많이 발언한 등이다	이는 더욱 성숙한 개인이 훌륭한 인성과 성격을 내세워 풀 수 있는 문제다	정권이 바뀌고 대통령을 사람이 맡아도 바꾸기 쉽지 않은 트럼피즘이 적지 않다	트럼피즘은 정책으로만 보면 통상에선 무거운 관세를 앞세운 보호무역주의 환경에서는 파리환경협약 탈퇴와 발전소와 자동차 배출가스 기준의 완화 세제 분야에선 법인과 중산층에 대한 감세를 수	국제관계에서는 세계경찰로서의 미국의 책임을 회피하고 동맹국에 대해 방위비 부담을 늘리고 주둔 미군에 대한 방위비 분담을 확대할 것을 요구해왔다	가운데 세제는 바이든 정권이 법인세로 부유층에 대한 세금 인상을 주장하고 있어 이른 시일 안에 트럼피즘 청산이 이뤄질 수	바이든은 파리기후협약과 세계보건기구 복귀 등을 공약해 실무 준비가 한창이다	미국의 책임을 다하겠다는 바이든의 공약에 유럽 각국은 환호했다	대중 포위라는 트럼피즘은 계속 유지될 전망이다	미국의 국익과 관련이 크기 때문이다	단순한 대중 무역적자를 넘어 중국이 고속성장을 위해 벌여온 환율 조작 지적재사권 침해와 도용 산업스파이 행위는 누가 대통령이 돼도 도저히 넘어갈 수가 없는 상황이다	공정한 무역질서를 확립하는 것은 정권과 무관하게 미국이 추진하는 핵심 대중 정책이 될 수밖에 없다	관세를 엄청난 속도로 갑작스럽게 인상하는 과정과 절차를 무시한 무리한 압박수단을 채용하지 않을 전망이다
14,[채인택의 글로벌 인사이트 | 미국 대선이 남긴 숙제] 트럼프는 떠나도 트럼피즘(트럼프의 정치 방식) 남아--2,그럼에도 압박의 고삐는 늦추지 않을 것으로 예상된다	바이든은 자유무역이라는 용어 대신 공정무역 이라는 용어를 사용하는데 구체적인 차이는 정권 초의 정책 수행으로 윤곽이 드러날 것으로 보인다	트럼피즘을 대대적으로 폐기하거나 버리기 쉽지 않은 이유도 상당하다	대부분 정치적인 이유다	트럼프는 대선에서 패배했지만 두터운 지지층이 여전하다는 사실을 확인했다	선거에서 트럼프는 대통령 선출을 결정하는 선거인단 확보에선 패배했지만 정치적으로는 예상보다 고득점을 했다	지지자 숫자와 지지율에서 2016년 대선보다 선전했다	2016년 대선에서 트럼프는 과반인 270명을 넘는 304명의 선거인단을 얻어 227명 확보에 그친 힐러리 클린턴 후보를 누르고 당선했다	미국 대선은 선거인단을 선출하는 50개 주와 수도 워싱턴DC 가운데 선거인단을 주와 연방하원의원 선거구에 나누는 네브래스카와 메인을 제외한 모든 지역은 일반투표에서 1표라도 더 얻은 후보가 선거인단 전부를 차지하는 승자독식제를 채택하고	당시 트럼프는 30개 주와 메인주 1개 선거구의 선거인단을 가져갔다	클린턴은 20개 주와 워싱턴DV의 선거인단을 얻었다	2016년 대선에서 트럼프는 6298만4828표를 득표해 46 1 득표율을 획득했다	클린턴은 트럼프보다 많은 6585만3514표를 얻어 48 2 득표율을 기록했다	2020년 선거에서 트럼프는 2016년 당시와 달리 선거인단과 득표수 모두에서 바이든에 뒤졌다	2020년의 득표수는 2016년보다 많았고 득표율도 높아졌다	당선의 관건인 선거인단 확보에서 트럼프는 전체 투표의 96 개표한 13일 현재 217명을 확보해 279명을 얻은 바이든에 뒤져 패배했다	득표에서 트럼프는 7238만2328표를 얻어 7765만3570표를 얻은 바이든보다 뒤지고 득표율에서도 47 4 50 8 바이든에 미치지 못했다	트럼프는 지난 대선보다 939만6500표를 더 얻었다	득표율도 1 3 포인트 높아졌다	이는 역대 공화당 대선 후보 최다 기록이다
15,[채인택의 글로벌 인사이트 | 미국 대선이 남긴 숙제] 트럼프는 떠나도 트럼피즘(트럼프의 정치 방식) 남아--3,1억6000만명 이상이 투표해 등록 유권자 대비 66 9 라는 120년 만의 최다 투표율이 한몫을 한 점도	트럼프가 지난 대선 때보다 더 높은 득표율을 얻었다는 사실은 중요할 수밖에 없다	참패를 당한 것이 아니라 아슬아슬한 패배를 당했다는 이야기다	트럼프는 수치를 통해 자신이 누구도 무시할 수 없는 정치적인 위력을 지닌 인물로 치장할 가능성이 크다	선거 데이터가 그의 정치적 경쟁력을 입증한 것으로 볼 수 있기 때문이다	이는 트럼프가 일부 주에서 우편투표를 비합리적으로 운영해 자신의 표를 강탈해 갔다고 주장하는 정치적 근거가 되고	538명의 선거인단 가운데 바이든이 이미 절반을 넘는 279명을 확보했음에도 트럼프가 승복을 하지 않고 바이든에 대해 가짜 승리 라고 비난하며 소송전에 나선 이유이기도 하다	11월 13일 현재 트럼프 진영은 쇠락한 공업지대인 펜실베이니아 미시간 위스콘신과 남부의 조지아에서 소송전을 벌이고	공정한 개표인지를 확인하는 감시단이 자유롭게 활동하지 못했다든지 투표일 이후에 도착한 유편투표를 무효화해줄 것을 요구한다든지 근소한 격차 등이 이유다	트럼프는 특히 현행 우편투표 제도를 불합리한 제도라고 주장하며 이들 지역에서 일정 시기 이후에 도착한 우편 투표는 무효화하길 원한다	이를 위해 여러 이유를 대면서 소송을 제기하고	선거에서 역대 최다인 6548만7735표에 이르는 우편투표는 20개주에서 이뤄진 조사 결과 바이든의 민주당 지지자가 44 8 트럼프의 공화당 지지자가 30 5 차지한 것으로 나온다	트럼프의 요구가 받아들여질 경우 지금까지 개표 결과를 바탕으로 바이든 승리를 선언했던 대선 결과가 바뀔지는 알 수 없다	일부에선 트럼프가 소승을 제기한 부정선거나 우편투표의 불합리성 관련 사건이 연방대법원으로 올라가면 현재 보수가 6 진보가 3을 차지하고 있기 트럼프에 유리한 판결이 나올 것으로 여기기도 한다	연방대법원의 연방대법관 중 3명은 트럼프가 임명한 인물이다	이는 현실적으로 불가능에 가깝다	미국에서 선거는 연방이 아닌 주의 관할이기 때문이다	보수 성향이라고 해서 대통령의 당락이 달려 있는 사건에서 트럼프에게 유리한 판결을 내릴 것으로 기대하는 것은 한마디로 어불성설이다	낙태나 소수자 권리 이민자 문제 정치적인 입장에 접근법이 사안에선 보수와 진보에 의견이 다를 수	경우에도 정교한 법리 해석과 논리가 필수적이다
16,[채인택의 글로벌 인사이트 | 미국 대선이 남긴 숙제] 트럼프는 떠나도 트럼피즘(트럼프의 정치 방식) 남아--4,이념적 사안이 아닌 실체적인 진실과 선거 사무의 관할권 제도상의 문제에 대해 이념의 잣대를 갖다 댈 것으로 기대할 수는 없다	법관은 법과 양심 법리 해석과 논리에 재판하는 법조인이지 이념에 좌우되는 정치인이 아니기 때문이다	트럼프의 변호인단과 법률 조력자들은 그의 주문에 맞춰 온갖 창의적인 법리를 개발하고 주장을 합리화하려고 할 것이다	이는 그들이 거액을 받고 있는 이유일 것이다	거물 변호사인 루돌프 줄리아니도 트럼프를 위해 일하고	검사 출신으로 마피아를 비롯한 조직범죄와 잡범 권력형 비리를 저지른 인물들을 소탕하고 이를 바탕으로 뉴욕시장까지 지내며 범죄도시 뉴욕을 환골탈태한 인물이다	현재 상황은 트럼프에게 절망적이다	줄리아니가 아니라 거물이 맡아도 트럼프의 뜻대로 하기가 쉽지 않은 상황이다	트럼프는 그야말로 실낱 같은 희망을 붙들고 있는 셈이다	그럼에도 미국에선 두터운 지지층을 바탕으로 트럼프에 호응하는 시위가 전국적으로 벌어지고	오리건에선 트럼프가 개표 중단을 요구하며 제기한 소송이 기각되자 격렬한 폭동이 벌어져 주 방위군이 출동했다	뉴욕시에선 시위대가 경찰과 충돌해 50여 명이 체포됐다	트럼프 지지자들은 미시간주 디트로이트의 개표소 주변에서 개표 중단을 요구하며 시위에 나섰다	네바다주 라스베이거스에선 트럼프 지지자들이 모여 주의 내외에서 약 1만 명이 부정투표를 했다 고 주장하며 시위를 벌였다	애리조나주 피닉스에선 트럼프 지지자들이 개표소 주변에 모여 정확한 개표를 요구했다	미국 대선에선 근소한 차이로 당락이 결정되는 주가 많았다	양 후보 간의 득표율 차이는 조지아가 0 1 펜실베이니아는 0 5 에리조나가 1 0 노스캐롤라이나가 1 4 네바다가 1 8 다	펜실베이니아는 득표율 차이가 0 5 포인트 이하이거나 신청자가 있을 경우 자동 개검표하도록 하고	애리조나는 차이가 0 1 이하일 경우 자동적으로 재검표를 하며 신청에 재검표를 하지는 않는다	제도가 있기 트럼프 진영에선 재검표에 의욕을 보이지만 그리 녹록한 상황만은 아니다
17,[채인택의 글로벌 인사이트 | 미국 대선이 남긴 숙제] 트럼프는 떠나도 트럼피즘(트럼프의 정치 방식) 남아--5,정치적 상황과 현실적인 이유까지 겹쳐 트럼피즘은 트럼프가 정권을 잃고 바이든이 집권해도 쉽사리 사라지지 않을 전망이다	상황 논리 국민의 여론 트럼프의 놀라운 득표력만 이유가 아닐 수	어쩌면 트럼프가 만든 포퓰리즘의 물결이 미국과 전 세계에서 이미 도도히 흐르고 있는지도 모른다	트럼프가 떠나도 트럼피즘은 생명력을 잃지 않고 존속하는 이유일 것이다	지난 4년은 민주당 지지자들에게 악몽이듯 앞으로 4년은 트럼프와 공화당 지지자들에게 악몽이 될 수	악몽이 심할수록 트럼프 지지자들은 결집하고 길을 뚫어 재집권을 노릴 것이다	이미 지역별 득표 경향에 맞춘 맞춤공약 개발 후임 정치재목 양성 유권자를 끌어들일 정책 개발 선거를 위한 전략 마련이 시작됐을 것이다	지나간 선거를 복기하고 문제를 발견해서 대책을 마련하는 자체가 차기 대권을 위한 정치활동의 시작이다	트럼피즘과 이에 대한 대항과 대응은 미국 정치의 주요 이념으로 자리잡을 수	트럼피즘은 끈질기고 생명이 길다
18,"[채인택의 글로벌 인사이트 | 일본 99대 총리 스가 대해부] 아베 아바타일까, 의외의 야심가일까--0",표면엔 아베 정책 계승 배후엔 파벌 합종연횡 발톱 숨긴 스가의 정체성에 韓 中 촉각관방장관 출신의 스가 요시히데가 14일 자민당 총재에 선출된 데 이어 16일 일본 국회에서 제99대 총리로 뽑혔다	스가는 정치를 펼칠 것인가	일본 통산성 관료 출신의 소설가인 사카이야 다이치가 쓴 전 미국 국무장관인 콜린 파월의 마키아벨리의	16일 총리에 오른 스가가 밝힌 애독서 세 권이다	사카이야 소설의 주인공인 도요토미 히데나가는 일본 전국시대를 마치고 통일을 이룬 도요토미 히데요시의 동복동생이다	재정과 행정을 맡아 형이 군사와 정무에만 신경 쓸 수 있도록 도왔다	결과 형이 천하통일을 이뤘을 뿐 아니라 자신도 석고 100만 석에 이르는 거대 영지를 확보해 영화를 누릴 수 있었다	보좌관의 최고 경지에 오른 것은 개인적 영화도 상당히 누린 인물이다	파월은 웨스트포인트를 졸업하고 아프리카계 미국인 최초로 합참의장과 국무장관을 지낸 인물이다	자신의 배경을 탓하지 않고 묵묵히 앞길을 개척한 인물로 평가 받는다	결과 미국 공화당의 로널드 레이건 대통령 아래에선 2년간 국가안보보좌관 공화당의 조지 HW 부시 대통령과 민주당의 빌 클린턴 시절에 걸쳐 4년간 합참의장을 맡았다	공화당의 조지 W 부시 행정부에선 국무장관으로 4년간 활약했다	아프리카계 최초라는 수식어와 리더십의 승리라는 평가가 그의 뒤를 따랐다	마키아벨리의 군주론은 관념적인 이상론보다 실질적인 진리를 이끌어내는 것이 더 중요하다는 근대 정치철학을 제시한 책이다	새로운 국가를 이루고 정치적 목적을 달성하기 위해선 비도덕적인 수단도 정당화할 수 있다는 주장도 담고 있어 논란이 되곤 한다	세 권의 책을 보면 스가의 야심과 정치적 지향점을 짐작할 수	스가가 쓴 저서로는 라는 책이	앞의 세 권의 애독서와 일맥상통한다	정치만 생각하고 살아온 인생임을 짐작할 수	분야에는 눈을 돌리지 않았다는 이야기다
19,"[채인택의 글로벌 인사이트 | 일본 99대 총리 스가 대해부] 아베 아바타일까, 의외의 야심가일까--1",전문 분야가 있거나 본인이 파고드는 분야는 없다는 이야기다	레이와 시대 연 상징으로 떠오른 개혁주의자2002년 국토교통성과 2003년 경제산업성의 정무관을 거쳐 2005년 총무부대신을 맡았다	2006년 총무상을 맡아 처음으로 입각했다	중의원이 된 지 10년 만에 각료를 맡은 것이다	그에게 기회가 온 것은 2012년 아베 신조가 다시 총리가 되면서 관방장관으로 발탁되면서다	관방장관은 정부대변인과 총리 비서실장을 겸하는 자리다	총리를 지근에서 모시며 일본의 정치와 정책을 조율하는 자리다	2016년에는 관방장관 재임일수 1290일을 넘기면서 역대 최장수를 기록했다	스가를 아베 다음의 총리에 올리는 작업은 이미 2019년 4월 1일에 시작됐다고 볼 수	그날 일본의 새로운 연호인 레이와 스가 당시 관방장관이 붓글씨로 적힌 패널을 들고 나와 발표했다	스가는 레이와라는 새로운 시대를 연 상징적인 인물이 됐다	대중으로부터 레이와 오지상 불리며 대중에게 친근한 이미지로 떠올랐다	관방장관으로 코로나 대책 경제 정책 다양한 정부 발표를 담당했기에 스가를 모르는 일본인은 없을 것이다	업무 성격상 원칙적인 이야기나 하는 무미건조하고 딱딱한 인물이라는 이미지가 굳어질 수밖에 없었다	그런 그가 레이와 발표로 대중에 친근한 이미지를 주면서 관심을 받고 인기까지 모으기 시작했다	미디어에도 의리와 인정이 두터운 정치가 라는 평가가 이어졌다	그가 총리에 된 뒤 니혼게이자이에는 스가의 비서관으로 7년을 일했다는 가토 간 시나가와 현의원이 과거 총무상으로 일하다 떠나게 되자 자신의 요코하마 자택을 경비하던 경찰관들을 불러 모아 감사의 회식을 함께했다 며 스가가 의외로 인정이 많은 성격이라고 전했다	스가는 지난해 5월 11일에는 미국 워싱턴DC를 방문해 마크 펜스 부통령과 회담했다	관방장관이라는 직책은 총리가 해외에 나가면 도쿄를 지켜야 하는 자리다	해외 출장이나 외교 업무의 기회가 제한될 수밖에 없다
20,"[채인택의 글로벌 인사이트 | 일본 99대 총리 스가 대해부] 아베 아바타일까, 의외의 야심가일까--2",그런 스가에게 아베 총리가 해외 경험을 쌓을 기회를 준 것으로 볼 수	도움 준 파벌에게 보은한 스가 내각 각료 인사9월 14일의 자민당 총재 선거에서 98명이 소속된 호소다파 55명으로 이뤄진 아소파 54명으로 구성된 다케시다파 47명이 포함된 니카이파 11명의 이시하라파가 스가를 지원했다	스가는 어디에도 소속되지 않은 무파벌이다	스가는 이들 파벌의 지원으로 총리에 오른 세이다	스가와 자민당 총재 선거에 나왔던 기시다 후미오는 47명이 따르는 기사다파의 수장이다	아베의 정적으로 이번에 출마했던 이시바 시게루는 19명으로 이뤄진 이시바파의 보스다	7년 8개월간 관방장관으로 운명을 했던 아베는 가장 인원이 많은 호소다파에 속한다	아베는 정적인 이시바가 자민당 총재와 초리에 오르는 것을 막기 위해 과거 자신이 총리가 되는 것을 지원했던 파벌간 합종연횡을 뒤에서 조종했을 가능성이 크다	아베의 이시바에 대한 거부감이 상당하기 때문이다	자민당에서 파벌간 권력 나눠먹기는 당 4역 인사에서 드러난다	당 4역은 니카이 도시히로 간사장 사토 쓰토무 총무회장 시모무라 하쿠분 정무조사회장 야마구치 다이메이 선거대책위원장으로 결정됐다	니카이 간사장과 야마구치 선거대책위원장은 유임이고 신임이다	인물만 바뀌었지 소속 파벌은 그대로다	니카이 간사장은 47명이 소속한 니카이파의 수장이며 사토 총무회장은 54명을 거느린 아소파의 회원이다	시모무라 정조회장은 98명이 속한 최대 파벌인 호소다파 소속이다	야마구치 선대본부장은 54명이 속한 다케시다파다	당 4역을 배출한 4개 파벌과 11명이 소속한 군소 파벌인 이시하라파도	파벌 소속의 모리야마 히로시는 국회대책위원장이다	이들 파벌이 힘을 합쳐 자민당 총재 선거에서 스가를 밀었다	자민당 당 4역 인사는 이에 따른 철저히 보은 인사 또는 권력 분할 인사인 셈이다
21,"[채인택의 글로벌 인사이트 | 일본 99대 총리 스가 대해부] 아베 아바타일까, 의외의 야심가일까--3",자민당 총재인 스가가 실시한 당 인사라기보다 파벌이 세력에 사람을 앉힌 인사나 다름없다	스가는 파벌에 빚이 많다	파벌 분배는 스가 내각의 각료 인사에서도 드러난다	각료의 파벌별 분포를 보면 호소다파 5명 아소파 3명 다케시타 니카이파 2명 이시하라파 1명 무파벌 3명이다	이들은 스가를 지지한 그룹이다	스가와 경쟁했던 기시다 후미오 전 정조회장의 기시다파에서 2명 이시바 시게루 전 간사장의 이시바파에서도 1명을 기용했다	자민당과 연립정권을 이루는 공명당은 기존대로 한 자리가 배정됐다	경쟁 파벌과 연립정당에도 배정한 게 당직 배분과 다르다	주목되는 것은 스가 내각에서 스가의 색채를 보기가 힘들다는 사실이다	아베 내각에 몸담았던 각료 중 8명이 원래 자리를 그대로 지켰고 3명은 자리를 갈아탔다	20명으로 이뤄진 내각에서 11명의 아베 내각 사람이 그대로 자리를 지킨 셈이다	스가 정권이 아베 시즌2 라는 소리를 듣고	스가 총리가 아베의 아바타 라는 비판을 받을 수 있는 근거다	이렇게 시작한 스가 요시히데 총리의 정권이 앞으로 정치와 정책을 펼칠 것인가	파벌과 아베의 색채를 차례로 들어내고 의외로 자신만의 정치를 하려면 넘어야 할 산이 한 둘이 아니다	스가 시대 스가의 정치를 볼 수 있을 것인가	필자는 현재 중앙일보 다	논설위원 국제부장 등을 역임했다
22,[채인택의 글로벌 인사이트 | 미국 대통령에 도전하는 인간 바이든] 트럼프의 ‘반대말’ 바이든--0,트럼프는 압박 제재 휘두른 검투사 바이든은 외교 합의 내두른 협상가11월 3일 미국 대선에서 민주당의 조 바이든이 당선권에 진입하면서 그가 인물인지에 관심이 커지고	바이든에 대한 궁금증을 선거캠프 공식 홈페이지와 미국과 여러 나라의 보도를 바탕으로 풀어본다	그는 2009년부터 2017년까지 버락 오바마 대통령 임기동안 부통령을 맡았다	1973년에서 2009년까지 36년간은 델라웨어 주 연방상원의원을 지냈다	내리 7선을 했다	외교 위원장과 법사위원장을 지냈다	젊어서 델라웨어 주 뉴케슬카운티 의원을 지냈다	풀뿌리 정치인 출신인 셈이다	바이든의 성장과정을 보면 자수성가형이다	숱한 고난을 헤치고 잡초처럼 건강하고 강인하게 자랐다	부모의 부동산 사업을 물려받아 승승장구한 부잣집 자식 트럼프와 대조된다	바이든은 1942년 미국 동부 펜실베이니아 주 스크랜튼에서 태어났다	그는 대선 당일 스크랜튼의 옛 고향집을 방문해 주민들에 둘러싸여 소형 확성기를 손에 들고 인사를 했다	펜실베이니아 주는 미국 중서부와 북동부의 쇠락한 공업지대를 가리키는 러스트 벨트 동쪽 끝에 해당한다	자동차공업 제조업의 쇠퇴로 일자리와 활기를 잃은 지역 백인 유권자들은 2016년 대선에서 트럼프의 승리를 견인했다	올해는 러스트 벨트 북부에 해당하는 위스콘신 미시간이 개표 초반 트럼프가 우세했지만 후반에 우편투표가 개봉되면서 바이든에게 넘어왔다	4년 전 트럼프를 대통령으로 만들어줬던 러스트 벨트 제조업 종사자들 상당수가 트럼프에 등을 돌린 셈이다	트럼프의 경제 성적은 나쁘지 않았지만 코로나19로 인한 봉쇄와 경기침체로 일자리시장이 위축되면서 노동자들이 등을 돌린 셈이다	트럼프는 대통령에 취임한 뒤 2017년 2 22 2018년 3 18 2019년 2 33 등으로 나쁘지 않은 경제 성적표를 받았다	올해 트럼프의 미숙한 코로나19 대응으로 경기가 악화하면서 러스트 벨트는 바이든의 승리를 견인한 주요 지역으로 변했다
23,[채인택의 글로벌 인사이트 | 미국 대통령에 도전하는 인간 바이든] 트럼프의 ‘반대말’ 바이든--1,노동자가정 출신 경험이 중산층 중시 정책으로 이어져바이든은 이곳에서 중고자동차 영업사원인 아버지와 전업주부인 어머니 사이에서 태어났다	가난한 노동자가정 출신이다	바이든은 10살 실직한 아버지가 일자리를 찾아 이웃 델라웨어 주로 이주하면서 옮겼다	2007년 펴낸 라는 자서전에서 그는 다니던 학교에 다시는 가지 못하고 친구들과도 헤어질 수밖에 없었다 며 당시의 괴로운 심정을 회고했다	어린이가 감당하기 쉽지 않을 정도로 힘들고 쓰라렸던 어린시절의 경험은 훗날 정치인 바이든에게 결정적인 영향을 줬으며 정치적인 자양분이 됐다	개인의 경험과 시대정신을 바탕으로 바이든은 안정적인 직장과 수입을 가진 중산층이 미국의 튼튼한 허리라고 굳게 믿게 됐다	중산층이 많아야 미국 경제에 활력을 주고 사회에 안정을 가져온다는 신념이다	그는 믿음을 바탕으로 정치활동을 고용안정을 위한 정책 마련을 위해 노력했다	바이든은 선거 유세에서 자신을 중산층 조 라고 불렀다	대선에선 트럼프가 미국의 가치와 명예를 실추했다고 강조하며 이에 대항하기 위해 미국의 영혼을 부활하자 는 구호를 들고 나왔지만 상원의원 시절에는 더욱 현실적인 중산층 부활 선거구호로 많이 내세웠다	트럼프가 부유한 부동산업자의 자식으로 가업을 물려받아 키운 고용주 출신이라면 바이든은 피고용인 가정 출신의 피고용주 정치인인 셈이다	한국에서 유행하는 말로 트럼프는 금수저 바이든은 흙수저 출신인 셈이다	바이든에 대해 주목할 점은 아일랜드계 가톨릭 신자라는 정체성이다	바이든은 카프카스계 미국인이지만 아일랜드계 가톨릭 신자라는 점에서 비주류로 볼 수도	트럼프까지 45대에 이르는 역대 미국 대통령 중 아일랜드계 가톨릭 신자는 35대 존 F 케네디가 유일하다	제40대 로널드 레이건은 아일랜드 가톨릭 이민자의 후손이지만 자신은 개신교도였다	바이든이 대통령에 취임하면 아일랜드계 가톨릭 신자로는 케네디 이후 처음이며 아일랜드계로는 레이건 다음이다	센서스 등에 따르면 미국은 인종적으로 76 5 백인 11 4 흑인 5 9 아시아계 등으로 이뤄졌다	종교적으로는 개신교 48 5 가톨릭 22 7 유대교 2 1 몰몬교 1 8 이슬람 0 8 분포다	그런 점에서 바이든은 트럼프보다 종교 핏줄 상으로는 선거에서 불리한 셈이었다
24,[채인택의 글로벌 인사이트 | 미국 대통령에 도전하는 인간 바이든] 트럼프의 ‘반대말’ 바이든--2,트럼프는 독일계 이민 2세 아버지와 스코틀랜드계 이민 1세 어머니를 두고 개신교인 장로교회를 어려서부터 다녀왔다	가족 잃은 아픔이 고통 받는 타인과 연대감 형성 이뤄바이든은 제2의 고향인 델라웨어에서 델라웨어 대학을 마치고 이웃 뉴욕 주에 있는 시라큐스 법대 졸업 후 1969년 변호사가 됐다	바이든은 1970 1972년 군의원에 해당하는 뉴캐슬카운티 의원으로 일하며 환경문제에 관심을 보였다	1972년 29세 나이에 델라웨어 주 연방상원의원에 당선한 뒤 내리 7선을 기록하며 36년간 연방상원의원으로 활동했다	풀뿌리 정치인에서 워싱턴의 주류 정치인이 됐다	워싱턴 정계에서 44년간 상원의원과 부통령으로 활동한 바이든은 정치적 약점도 적지 않다	가장 관심을 끄는 것이 변호사인 차남 헌터다	변호사 겸 로비스트로 활동하던 헌터는 2014 2019년 우크라이나 가스회사 부리스마의 이사로 활동했다	트럼프 지지자들은 이를 두고 정치적인 배경이 있다는 음모이론을 퍼뜨려왔다	트럼프는 우크라이나 정부에 이를 조사해달라고 압력을 넣다가 지난해 9월 탄핵사태로까지 번졌다	트럼프 탄핵안은 연방하원에선 통과됐지만 연방상원에서 부결됐다	연방상원은 공화당이 53석 민주당계가 47석으로 공화당이 우위에	트럼프가 바이든을 잠정적인 경쟁자로 보고 타격을 입히려 한 셈이다	바이든은 아들을 비롯한 가족에게 애틋할 수밖에 없는 사연을 가진 인물이다	연방 상원의원에 당선한 직후인 1972년 12월 18일 첫 부인 네일리아와 딸 나오미가 교통사고로 숨졌다	바이든은 5년 뒤 질 제이콥스와 재혼하기 전까지 장남 보와 차남 헌터를 키웠다	재혼 뒤 딸 애슐리를 얻었다	불행은 여기서 그치지 않았다	변호사로 델라웨어 주 법무장관을 지낸 장남 보가 2015년 뇌종양으로 46세에 세상을 떠났다	바이든은 견디기 쉽지 않은 어려움을 극복하며 살아왔다
25,[채인택의 글로벌 인사이트 | 미국 대통령에 도전하는 인간 바이든] 트럼프의 ‘반대말’ 바이든--3,그런 과정에서 고통 받는 타인에 대한 연대감을 보여왔다	고통과 불행이 그를 인간적으로 성숙시킨 셈이다	바이든은 평생 2남 2녀를 뒀지만 중 장남과 장녀 1남 1녀를 하늘나라로 먼저 보냈다	그는 대선을 맞아 고향에 있는 장남의 묘지를 찾기도 했다	자식에 대한 애절한 사랑의 표시다	5명의 손주까지 둔 할아버지인 바이든은 전형적인 패밀리맨 이다	이는 아일랜드계의 전통이기도 하다	바이든의 건강 특히 인지장애를 문제로 지적하는 사람들도	바이든은 1988년 뇌동맥류 파열에 의한 지주막하 출혈로 13시간 수술을 받았으며 달 뒤 두 번째 수술까지 받았지만 후유증 없이 회복했다	잦은 말실수는 이로인한 뇌혈류 문제가 원인이라는 주장과 정도 나이면 흔히 있을 수 있는 애교있는 실수라는 주장이 교차한다	실제로 바이든은 잦은 말실수로 자주 구설에 올랐다	영국의 여성 총리인 마가렛 대처와 테리사 메이를 헛갈리기도 했으며 이미 1997년 세상을 떠난 중국 지도자 덩샤오핑을 2016년 파리기후협정에서 만났다는 말을 하기도 했다	이미 민주당이 우위를 점하고 있는 연방하원을 선거에서 되찾겠다는 말실수도 했다	선거 과정 특히 토론회에서 보인 바이든은 트럼프 못지 않은 기억력과 활기로 정확하게 현안을 다루고 상대의 허점을 지적했다	두 차례 토론회에서 바이든은 합격점을 받았다	더 인지장애를 거론하기 힘든 상황이다	풍부한 외교경험 갖춰 오바마 정권서 러닝메이트로 활약바이든이 가진 가장 큰 미덕은 소통과 단합의 리더십으로 보인다	트럼프에 대항할 민주당 대선후보 경선 과정에서 계속 국민의 목소리에 귀를 기울이는 보이는 모습을 보였다	특히 5월 25일 경찰 폭력에 숨진 조지 플로이드의 가족을 6월 8일 1시간 만나 대화하며 위로한 것이 대표적이다	유족측 변호사인 벤저민 크럼프는 트윗에서 서로의 말에 귀 기울이는 것이 미국을 치료하는 시작이 될 이라며 조 바이든 전 부통령이 조지 플로이드의 가족과 한 넘게 함께한 이유 라고 적었다
26,[채인택의 글로벌 인사이트 | 미국 대통령에 도전하는 인간 바이든] 트럼프의 ‘반대말’ 바이든--4,정치인 바이든과 인간 바이든의 모습을 생생히 보여주는 장면이다	바이든은 정치인으로서 전공이 두 가지다	바이든은 상원에서 법률가 경력을 살려 1987 95년 상원 법사위원장을 지냈지만 외교위원회로 옮겨 2000년대에 세 차례에 걸쳐 미국 정계의 노른자위인 상원 외교위원장을 지냈다	상원 외교위원회에서 활동하며 소련과 러시아 유럽 국가들을 상대하면서 그는 풍부한 외교경험을 쌓았다	러시아와 전략핵무기 감축협정도 주도했다	버락 오바마가 오랫동안 공을 들여 바이든을 러닝메이트로 삼은 것도 자신에게 부족한 외교정책 분야에서 바이든의 경력을 높이 샀기 때문이다	상원 외교위원장을 맡으면서 바이든은 특유의 인간적인 친화력을 보여줬다	인권을 무시하는 독재국가에 대해서는 단호한 자세를 보여왔다	바이든은 동맹 중국 북한 기후온난화 국제협력 외교 안보와 국제관계에서 트럼프와 시각차가 극명하다	대북정책에서 바이든은 트럼프와 대놓고 대립각을 세워왔다	미국의소리 방송은 바이든이 지난해 중순 선거 유세에서 우리가 블라디미르 푸틴이나 김정은 같은 독재자와 폭군을 포용하는 국민이냐 며 트럼프의 정상외교를 비판했음을 지적했다	라디오자유아시아는 바이든이 트럼프와 김 위원장 간에 이뤄진 합의도 신뢰하지 않을 것이라고 지적했다	대북 접근방식에서도 북한 김정은 국무위원장과 정상회담을 열며 극적 타결을 노려왔던 트럼프와 달리 바이든은 국무부 관리를 앞세워 실무협상을 계속하는 전통적인 외교방식으로 비핵화를 추구할 것으로 보인다	바이든은 선거캠프에 2021 민주당 이라는 이름의 외교안보팀을 가동하고	크리스 머피 연방 상원의원과 국무부 출신의 토니 블링큰 부장관과 니컬러스 번스 전 정무차관 등이 외교안보분야 자문을 하는 것으로 알려졌다	바이든은 한미동맹 나토 미일동맹 동맹 강화를 중시한다	나토 회원국들과는 방위비 지출 의무비율의 2 준수 여부를 두고 갈등하고 한국과 일본에는 미군 주둔비의 과도한 인상을 요구해온 트럼프와는 사뭇 길을 추구한다	군사력 투입에 대해서는 미국의 사활이 걸린 사안에 대해 최후의 수단으로 사용해야 한다는 입장이다	특정 국가의 체제 전환을 위해 군사력을 사용하는 데는 반대 입장이다	국제협력 상호합의 중시 트럼프 규제 정책과 대조바이든의 중국 정책은 동맹국과 베트남을 비롯한 협력국가들과 공동전선을 구축해 대처한다는 입장이다
27,[채인택의 글로벌 인사이트 | 미국 대통령에 도전하는 인간 바이든] 트럼프의 ‘반대말’ 바이든--5,중국에 인권 문제를 지속적으로 제기해야 한다는 면에서는 트럼프와 차이가 없지만 바이든은 외교와 협상을 앞세운 반면 트럼프는 압박과 무역제재를 무기로 삼는 전략이다	바이든이 트럼프와 상반된 입장을 보이는 대표적인 분야가 국제협력이다	환경이나 보건 분야에서는 미국이 국제협력에 적극적으로 나서야 한다는 입장이다	트럼프가 파리 기후변화협정에서 탈퇴하고 세계보건기구에 대한 재정지원을 중단한 것과 대조적이다	버락 오바마 대통령 시대에 나온 이란핵합의에 대해서도 바이든은 트럼프와 상반된 입장이다	트럼프는 이란핵합의에서 탈퇴하고 경제제재를 부활했지만 바이든은 합의를 확대하고 협력을 강화해야 한다는 입장이다	정책을 펼 경우 한국이 맡고 있는 이란 석유수출대금 70억 달러를 순차적으로 이란으로 송금하는 길이 트일 수도	이를 바탕으로 한국은 이란과 경제 관계를 돈독히 하고 기회를 열어갈 수	건설 수주를 하려고 해도 금융 제재로 어려운 상황이다	바이든이 한국에 기회를 줄 수도	인간적인 친화력과 가족 중시의 바이든이 미국을 맡으면 그의 인간적인 매력이 더욱 돋보일 전망이다	트럼프와는 사뭇 대통령상을 보일 수밖에 없다	바이든의 인간성과 트럼프 빼고 무엇이든 정책이 결합하는 미국은 새로운 방향으로 갈 수밖에 없다	필자는 현재 중앙일보 다	논설위원 국제부장 등을 역임했다
28,"[채인택의 글로벌 인사이트 | 홍콩보안법에 숨겨진 중국의 모략] 中, 홍콩 꼭두각시 만들려는 속내 드러내다--0",약속했던 홍콩 고도자치권 내팽개쳐 한 켠에선 금융허브 노리는 각축전5월 28일 중국 베이징 인민대회당에서 열린 전국인민대표대회 전체회의에서 홍콩보안법 초안이 찬성 2878표 반대 1표 기권 6표로 통과되면서 홍콩의 미래와 금융허브 지위에 대한 우려가 커지고	반대 1명은 만장일치로 웃음거리가 되는 일을 피하기 위해 심어둔 반대 전문 대표 인 것으로 추정된다	이날 전체회의를 폐막한 전인대는 조만간 상무위원회를 소집해 홍콩보안법을 최종 통과한 이를 결정문에 포함된 내용대로 홍콩의 헌법 격인 홍콩기본법의 부칙 3조에 넣어 시행할 예정이다	홍콩보안법을 살펴보면 오싹한 내용투성이다	법은 앞으로 시민 저항의 손발을 묶고 범민주파의 정치 활동을 막을 것으로 보인다	법은 명목상으로는 외국 세력의 홍콩 내정 간섭을 금지하고 국가 분열 테러리즘 활동을 처벌하며 국가안보 교육을 강화하는 내용이다	핵심은 베이징의 중앙정부가 홍콩에 국가안보기관을 설치해 운영한다는 데	홍콩에 중국의 국가안보기관 간판을 단 정보 사찰 기관이 버젓이 들어서는 것은 베이징이 홍콩의 정치활동과 시위를 직접 감시하고 진압하며 탄압하겠다는 의미다	기관에 베이징에서 파견하거나 홍콩에서 차출한 당성 강한 보안요원들이 상주하면서 반중 인사들의 일거수일투족을 상시 감시하고 이들을 체포하고 구금하는 일을 일상적으로 할 수 있게 된다	자유로웠던 홍콩이 중국이나 베트남 같은 공산당 감시사회로 바뀌게 된다는 의미다	주목되는 것은 홍콩보안법이 국가안보를 저해하는 행위 뿐 아니라 활동 도 예방 금지 처벌할 수 있도록 하고 있다는 점이다	거리에서 대규모 시위를 벌이며 중국이나 홍콩 정부에 항의하는 것은 민주주의를 지향하는 조직을 만들거나 토론회를 조직하는 것도 국가안보를 저해한다고 판단되면 금지하고 처벌할 수 있다는 이야기다	중국이 홍콩에 보안기관을 세운 목적은 사실상 중국에 반기를 드는 홍콩인을 예비 구금하고 진압하며 처벌할 수 있도록 길을 여는 것이다	이를 통해 중국을 비판하는 의견이 오간 단순 모임에 참가하거나 항의를 주장한 행위도 처벌될 수 있는 길이 열렸다	단순시위도 무겁게 처벌함으로써 홍콩에서 시민들의 정치적인 의사 표현을 말살하겠다는 의도가 엿보인다	이렇게 잡아간 사람에게 국가 분열이나 테러리즘이라는 어머어마한 죄목을 뒤집어 씌워 중형에 처할 길도 열었다	민주주의를 주장하며 시위를 벌인 학생이나 범민주파 정치인은 중형을 받아 감옥에서 오랜 세월을 보낼 가능성이 커진다	중국 인민대 무소불위 권력으로 홍콩 정체성 뒤흔들어중국 당국이 1997년 반환 이후 한 국가 두 체제 일국양제 원칙을 유지해온 홍콩에 적용할 법을 직접 제정한 것을 이번이 처음이다	홍콩은 전 세계에 충격을 주기에 충분한 조치다	전인대는 중국 정부의 형식적인 최고 권력기관이다
29,"[채인택의 글로벌 인사이트 | 홍콩보안법에 숨겨진 중국의 모략] 中, 홍콩 꼭두각시 만들려는 속내 드러내다--1",전인대는 민주국가의 입법기관과 독특한 권력기관이다	입법권과 고위직 인사권을 행사하면서 행정권 사법권 검찰권 보다 우위에 서있다	중화인민공화국의 국가주석과 최고행정기관인 국무원 최고 군사지휘기관인 중앙군사위원회 최고사법기관인 최고인민법원 최고검찰기관인 최고인민 검찰원의 구성원을 선출한다	이들 권력기관의 구성원은 전인대에 책임을 지며 전인대의 감독을 받는다	공산국가 중국의 형식적 최고 권력기관인 전인대는 민주국가의 국회와 다르며 국민의 대표로 이뤄진 대의기관도 아니다	전국의 성 자치구 직할시 특별행정구의 인민대표대회와 인민해방군에서 간접 선출한 대표로 구성된다	중국 국민이 직접투표로 대표를 뽑는 조직은 현급 이하 인민대회뿐이다	전인대가 홍콩에 보안법을 강요하면서 홍콩의 정체성은 걷잡을 수 없이 흔들리게 됐다	홍콩보안법 제정으로 중국이 1997년 홍콩이 반환될 당시 했던 약속은 사실상 휴지조각이 됐다	당시 중국은 반환 이후 50년간 기존의 자본주의 제도를 유지하는 일국양제 홍콩은 홍콩인이 통치한다는 항인치항 높은 수준의 자치를 보장한다는 고도자치 약속했다	홍콩은 전인대의 결정으로 중국 본토의 공산당 독재체제를 홍콩에 적용하는 일국일제 공산당이 실질적으로 홍콩을 통치하는 홍인치항 이름뿐인 허울뿐인 자치만 남은 명목자치 시대를 맞게 됐다	중국이 홍콩 입법회을 거치지 않고 베이징의 전인대에서 국가안전법을 제정해 홍콩의 반정부 활동을 벌하도록 한 자체가 홍콩인에게는 충격이다	홍콩 반환 당시 약속을 팽개치고 법과 절차가 아닌 힘에 의존해 홍콩을 통치하겠다는 중국 공산당의 의도를 반영한 것으로 볼 수밖에 없기 때문이다	이는 홍콩 헌법 격인 기본법에 법률 제정권이 홍콩 입법원에 는 규정에 어긋난다	중국은 외교 국방 홍콩 정부의 업무 사안이 아닌 분야의 법률은 전인대 상무위원회가 홍콩 정부와 상의해 추가하거나 삭제할 수 는 조항을 들며 내놓고 홍콩 내정 간섭을 시도했다	홍콩은 이미 21일 사우스차이나모닝포스트 등이 이를 보도한 뒤로 대대적인 시위에 들어갔다	홍콩인들은 코로나19 방역을 이유로 집회가 금지된 상황에서도 대대적인 시위로 맞섰다	中 책임자 교체 입법절차 무시 무력 통치 의도 드러내2002 2003년 이번과 같은 내용의 조항을 기본법 제23조로 삽입하려는 시도를 했다가 2003년 7월 1일 7월 1일 50만 명이 반대시위를 무산된 적이	중국공산당은 홍콩 주민의 민주주의에 대한 요구를 법과 제도로 억압하려는 시도를 끊임없이 해온 셈이다	조치도 1월초부터 주요 간부를 바꾸고 압박을 강화하는 오랫동안 공을 들인 뒤 갑자기 단행했다
30,"[채인택의 글로벌 인사이트 | 홍콩보안법에 숨겨진 중국의 모략] 中, 홍콩 꼭두각시 만들려는 속내 드러내다--2",중국공산당의 집요함을 확인할 수 있는 과정이다	중국 당국은 올해 1월 초부터 정지작업을 진행해왔다	1월 4일 중앙인민정부 홍콩 주재 연락판공실의 왕즈민 주임을 뤄후이닝 전 산시성 당서기로 교체하면서 시동을 걸었다	중련판은 1940년대 말 설치돼 2000년까지 중국 중앙정부의 연락사무소 역할을 한 신화통신 홍콩지국의 역할을 계승한 조직이다	이름은 연락사무소이지만 실질적으로 베이징 당국의 의향과 의사와 의지를 홍콩에 실현하는 기관이었다	인사는 강력한 홍콩 통제 정책을 주문하는 조치로 풀이됐다	뤄후이닝은 공산당의 뜻을 관철하는 수완과 능력이 뛰어난 인물로 평가된다	중국은 2월 13일 베이징의 국무원 홍콩 마카오 판공실 주임을 샤바오룽 정협 부주석 비서장으로 교체했다	샤바오룽은 공산주의 청년단 출신으로 저장성당 서기를 지낸 뒤 정협 부주석 겸 비서장을 맡아왔다	중국이 이처럼 홍콩 주재 최고 책임자와 베이징의 홍콩 정책 책임자를 교체한 것은 홍콩을 손보기 위해 신발 끈을 단단히 조였다는 의미다	홍콩 경찰은 코로나가 한창이던 2월 28일 홍콩 범민주파 중진 3인을 체포해 기소했으며 홍콩 당국은 3월 27일 5인 집회를 금지했다	4월 18일에는 홍콩 경찰이 지난해 시위 가담을 이유로 범민주파 중진 15인을 한꺼번에 체포했다	중국은 4월 하순부터 중련판 주임으로 부임한 뤄후이닝이 홍콩 야당의 필리버스터를 비난하고 국가보안법을 제정해 홍콩의 사회 안정을 추구할 것을 촉구하면서 홍콩을 본격적으로 압박했다	중국의 본심이 보안법에 있음을 보여주는 대목이다	범민주파는 홍콩기본법 제22조를 내세우며 중련판과 베이징의 국무원 홍콩 마카오 사무판공실이 이를 준수해야 한다고 받아쳤다	중앙 인민정부 소속 모든 부서 성 자치구 직할시는 홍콩특별행정구가 자치적으로 관리하는 사무에 간섭할 수 없다 는 규정이다	캐리람 법률 재해석 고위관료 교체로 중국 입장 두둔그런데 4월 21일 홍콩의 캐리람 회견에서 중국 중앙정부가 홍콩에 고도의 자치권을 부여했다고 해서 중앙정부가 감독 권한을 잃는 것은 아니다 라고 말해 중련판을 두둔했다	홍콩 행정장관이 중국 당국의 홍콩에 대한 개입을 정당화할 수 있도록 홍콩 기본법을 아예 새롭게 해석한 셈이다	다음날에는 이를 반대한 홍콩 정부의 고위관료를 교체하는 인사를 발표했다	4월 27일에는 홍콩 법무장관 격인 테리사 청 율정사 사장이 입법회에서 중련판은 홍콩에서 중국을 대표하는 기관이지만 중앙정부에 소속된 기관은 아니기 기본법 22조의 적용 대상이 아니다 라고 말했다
31,"[채인택의 글로벌 인사이트 | 홍콩보안법에 숨겨진 중국의 모략] 中, 홍콩 꼭두각시 만들려는 속내 드러내다--3",홍콩 고위 당국자가 해석을 내놓은 것은 처음이다	이처럼 중국 당국은 1월 초부터 홍콩에서 공산당 입맛에 맞는 통치를 강화하는 홍콩 공정 착착 진행해왔다	5월 28일 전인대의 결정은 결과다	중국 공산당 지휘부는 홍콩 통제를 강화할 보안법 통과에 환호하는 분위기다	홍콩 범민주파는 조치가 일국양제 훼손이라며 즉각 항의에 나섰다고 BBC 외신이 전했다	홍콩 경찰은 전에 없이 강경하게 시위를 진압하고 참가자들을 연행하는 모습이 AP 로이터 외신 사진으로 생생하게 드러나고	리커창 총리는 이날 전인대 회견에서 홍콩보안법 제정을 언급하며 홍콩의 장기적인 번영을 지키기 위한 조치 라며 홍콩 특구 정부와 행정장관의 법에 따른 통치를 일관적으로 지지한다 고 말했다	베이징의 말을 잘 듣는 행정장관을 앉혀놓고 홍콩을 계속 통치하겠다는 의미다	미국을 중심으로 한 서구 사회는 중국의 홍콩보안법 입법에 일제히 반대하고 나섰다	유엔 안전보장이사회에선 미국이 나섰다	미국대표부는 홍콩보안법 통과 전날인 5월 27일 성명을 내고 1984년 체결한 영국	중국 공동선언 보장한 홍콩의 자유와 고도 자치를 근본적으로 훼손할 것으로 우려한다 고 밝혔다	공동선언은 1997년 중국 반환 뒤 50년에 걸쳐 홍콩이 기존 민주체계를 유지하도록 보장해 일국양제 바탕이 되고	미국대표부는 1984년 공동선언은 구속력이 있는 조약으로 유엔에도 등록됐다 며 국제 평화와 안보와 관련된 긴급한 글로벌 우려 사안으로 안보리 화상회의 소집을 유구했으나 중국에 무산됐다 고 전했다	세계 각국 일국양제 훼손 우려 중국 비난에 한 목소리중국이 5월 28일 홍콩보안법을 통과하자 안보리 상임이사국인 미국 영국 프랑스는 유럽연합의 핵심국가인 독일까지 나서 일국양제를 훼손했다며 중국을 비난했다	1987년 7월 1일 홍콩을 중국에 반환했던 영국은 홍콩보안법이 일국양제 원칙을 약화할 위험이 있다는 점을 분명히 해 왔다 며 중국의 조치는 1984년 양국이 체결한 홍콩반환협정을 직접적으로 위협하게 될 이라고 지적했다	홍콩은 제1차 아편전쟁 중인 1941년 홍콩섬을 점령했으며 1842년 헝나라와 맺은 난징 조약에서 홍콩 섬을 양도 받았다	영국은 이곳에 빅토리아 시티를 세우고 홍콩총독부를 설치했다	이어 제2차 아편전쟁에서 승전한 뒤 베이징 조약으로 홍콩 섬 맞은편에 있는 주룽 반도를 할양 받았다	홍콩 섬과 주룽 반도는 영구 할양이었다
32,"[채인택의 글로벌 인사이트 | 홍콩보안법에 숨겨진 중국의 모략] 中, 홍콩 꼭두각시 만들려는 속내 드러내다--4",이어 1898년 제2차 베이징 조약을 맺고 주룽반도 북쪽의 신제를 99년간 조차했다	신제는 나중에 산가우룽과 신제의 2개 행정구역으로 나뉘었다	신제의 조차기간이 만료된 1997년 7월 1일 신제와 홍콩섬과 주룽반도도 중국에 반환됐다	독일의 하이코 마스 외무장관은 아닐 성명을 내고 일국양제과 법치주의는 홍콩의 안정과 번영의 근간으로 홍콩보안법이 원칙을 깨선 안 된다 며 홍콩에서 민주주의뿐 아니라 집회와 표현의 자유도 계속 존중돼야 한다 고 말했다	EU는 5월 2일 호세프 보렐 외교 안보정책 고위대표 명의의 성명을 내고 EU는 일국양제 하에서 홍콩의 계속되는 안정과 번영에 큰 이해관계가 걸려있다 고 밝혔다	프랑스 외교부는 5월 28일 정례 브리핑에서 EU 성명과 입장이 같다고 밝혔다	사태는 그동안 자유를 누리면서 번영해온 홍콩에 타격을 줄 수밖에 없다	미국이 홍콩의 특별한 지위에 대해 조치를 내릴지가 관건이다	홍콩은 전 세계의 돈과 인재가 몰리는 부유한 지역이다	금융과 관광 쇼핑 천국이었다	홍콩은 세계 최고 수준의 경제적 번영을 누려왔다	중국 정치 통제로 홍콩의 글로벌 금융허브 위상 흔들려홍콩이 중국의 정치적인 간섭에 시달리면서 무엇보다 홍콩이 누려온 글로벌 금융센터로서의 지위가 흔들릴 우려가 커지고	홍콩은 1997년 반환 이후에도 미국과 영국 서구사회는 전체 국제사회로부터 중국과는 대우를 받아왔다	전 세계는 관세 투자 등에서 중국과는 자유국가 대우를 해왔다	자유무역항인 홍콩의 지위를 감안한 점도	주목할 점은 홍콩은 중국의 지역 대부업체가 아니라 글로벌 시장의 금융허브라는 사실이다	전 세계의 자금을 모아 중국에 투자한 것은 전 세계를 상대로 영업을 해왔다	이에 전 세계에서 인재가 모여들어 금융산업 발전에 기여했다	여기에는 홍콩의 윤택하고 안정적이며 자유로운 분위기가 한몫했음을 부인할 수 없을 것이다	이제 중국 공산당의 사실상 직접 통치가 시작되는 분위기 속에서 홍콩은 요동칠 수밖에 없다
33,"[채인택의 글로벌 인사이트 | 홍콩보안법에 숨겨진 중국의 모략] 中, 홍콩 꼭두각시 만들려는 속내 드러내다--5",홍콩의 글로벌 금융센터로서 지위가 우려되는 이유다	영국 컨설팅업체 지옌그룹과 카타르 파이낸셜센터가 공동 조사해 지난 3월 발표한 국제금융센터지수를 보면 홍콩은 지난번 3위에서 6위로 떨어졌다	지수가 매년 9월과 3월 발표하는 것을 감안하면 홍콩 소요 사태가 여러모로 영향을 끼쳤음을 짐작할 수	지수에 따르면 뉴욕과 런던이 계속 1 2위를 지키고 있으며 도쿄가 3단계 뛰어 3위 상하이가 1단계 상승해 4위를 차지했다	동남아시아의 중화권 국가인 싱가포르는 1단계 떨어져 5위에 올랐으며 베이징은 지난번과 같은 7위를 유지했다	지난해 9월 뉴욕	런던	홍콩	싱가포르	상하이	도쿄	베이징 순이었던 것이 이번에 뉴욕	런던	도쿄	상하이	싱가포르	홍콩	베이징의 순으로 개편된 것이다	순위 변화만으로 한정해서 보면 홍콩이 흔들리면서 생긴 이득을 도쿄와 상하이 싱가포르가 나눠 가져간 것으로 볼 수	홍콩의 금융산업이 흔들리면 위상을 대신 차지하는 경쟁이 이미 시작된 셈이다
34,"[채인택의 글로벌 인사이트 | 홍콩보안법에 숨겨진 중국의 모략] 中, 홍콩 꼭두각시 만들려는 속내 드러내다--6",문제는 중국 상하이와 베이징은 중국 본토로서 관치나 공산당의 입김에서 자유로울 수가 없다	내부에서 않다고 주장해도 국제 경제계에서 이를 믿기는 쉽지 않다	홍콩이 중국의 도시와는 달리 독보적인 지위를 유지해왔던 이유이기도 하다	그렇다면 홍콩이 흔들리게 될 경우 이득은 크게 봐서 싱가포르와 도쿄가 나눠가질 가능성이 크다고 볼 수	도쿄는 관치의 이미지가 강하고 싱가포르는 민주주의가 아닌 세계라 일말의 두려움이	도쿄와 싱가포르의 싸움이 될지 서울이나 부산 같은 도시가 뛰어들어 새로운 경쟁이 전개될지 알 수 없는 상황이다	계속 홍콩이 어정쩡하게 중국이라는 거대 시장을 끼고 금융산업을 계속 부흥시킬 수도	홍콩 사태가 불안을 확신하는 계기가 될지 주변 도시에 기회가 될지는 포스트 코로나 라는 거대한 흐름 속에서 결정될 수밖에 없다	감안할 요인이 너무도 많고 미래는 미지수다	홍콩은 글로벌 시장을 강타하는 거대한 불확실성 시대의 일부분이다	필자는 현재 중앙일보 다	논설위원 국제부장 등을 역임했다
35,[‘탐정사무소’ 합법화로 문 열었더니] 산업정보 필요한 기업들 관심 나타내--0,경찰 변호사업계는 위법 조장 우려로 반대 가이드라인 마련 시급 중국판 스타벅스 전 세계의 주목을 받았던 중국 커피 프랜차이즈 루이싱 지난 6월 상장 폐지돼 나스닥에서 쫓겨났다	한때 세계적인 큰손들에게 수 조원을 투자받아 승승장구했지만 회계 부정으로 하루아침에 일장춘몽이 됐다	미국 투자조사기업인 머디 워터스 리서치와 미국 헤지펀드 머디 워터스 캐피탈이 루이싱의 허위 매출을 폭로했기 때문이다	이들은 제보자의 보고서를 토대로 루이싱 매장을 약 1만 분량의 비디오로 촬영했다	이를 분석해 하루 상품 판매량과 평균 판매가를 비롯해 주문고객 영수증 발행 메뉴 포장 봉투 등의 개수를 계산해 매출액을 추산한 것이다	앞으로 국내에서도 한국판 루이싱 사건이 종종 발생할 것으로 보인다	정부가 탐정업을 신산업으로 육성하기 위해 규제 완화를 논의하고 있어서다	탐정 업무가 활성화되면 외국처럼 국내에서도 기업 뒷조사가 흔하게 벌어질 전망이다	탐정 민간자격증 우후죽순 생겨나 혼란 가중8월 5일 탐정사무소의 공식 오픈이 시작되면서 기존 민간조사 업계와 기업들의 발걸음이 빨라지고	흥신소 심부름센터 기획컨설팅 등으로 불리던 음지의 업체들이 공개적으로 탐정 간판을 내걸고 활동에 들어갔다	그러자 수면 밑에 도사리던 기업 잠재수요가 꿈틀대고	관련법 개정안은 지난 2월 국회를 통과했다	신용정보의 이용 보호에 법률 제40조의 마지막 금지조항으로 불리는 두 항목을 8월 5일부터 신용정보회사에만 적용하기로 개정한 것이다	제4호와 제5호다	바꿔 해석하면 신용정보회사가 아닌 업체 누구나 탐정 명칭을 사용할 수 있게 됐다	법을 위반하지 않는 범위 안에서 특정인의 위치와 전화번호도 파악할 수	이는 새로운 일은 아니다	흥신소 심부름센터 업체들이 전부터 했던 일이다	그간 불법으로 취급받다가 이번에 규제 대상에서 벗어나게 된 것이다	이는 앞서 2018년 6월 탐정 업무에 속하지만 금지하지 않는 업무를 수행하는 것은 가능하다 는 헌법재판소 판결에 따른 것이다
36,[‘탐정사무소’ 합법화로 문 열었더니] 산업정보 필요한 기업들 관심 나타내--1,이에 경찰청도 2019년 6월 사생활 침해 주거지 침입 통신 보호 등의 개별법을 침해하지 않는 탐정업은 금지할 이유가 없다 는 취지로 탐정업 민간자격증 등록을 허용했다	이후 자격증 등록이 줄을 잇고	한국직업능력개발원의 민간자격 정보서비스 자료에 따르면 6월말 기준 등록된 탐정 민간자격증은 27개에 이른다	2017년 전까진 PIA민간조사사 여론정보분석사 탐문학술지도사만 있었다	탐정 명칭 사용을 금지한 법 표현을 살짝 비튼 것이다	이후 법 개정과 경찰청의 허용으로 2019년에 14개 올해 10개가 새로 등록했다	짧은 안에 우후죽순 생기다 보니 탐정학술지도사 실종자소재분석사 자료수집대행사 생활정보지원탐색사 탐정물창작지도사 민간정보조사원 사설정보관리사 사실확인분석사 PIA민간조사원 PI민간조사원 민간조사사 사설정보수집대행사 특수정보조사원 사실조사분석사 명칭이 제각각이어서 혼란만 부추긴다는 지적도 뒤따른다	탐정업이 제도권으로 들어오면서 여론은 대체로 우호적이다	검찰 경찰이 인력 예산 부족을 이유로 사회적 파장이 큰 사건이나 중범죄에만 매달리다 보니 개인적 민 형사 피해는 늘 공권력의 사각지대에 방치됐다	청소년 성인 실종사건만 해도 단순가출로 판단해 경찰이 즉각 대응하지 않거나 사건이 장기화되면 손을 놓는 경우가 다반사다	이를 보완할 해법으로 탐정업이 주목 받고 있는 것이다	경찰 수사구조 개혁 방안으로 탐정 활동의 영향을 연구한 이창훈 한남대 교수의 분석에 따르면 탐정이 협조할 경우 경찰 수사 전 단계인 13개 업무에 소요되는 392명 약 3323시간을 절감할 수 있는 것으로 나타났다	교수는 수사 전 단계 업무는 증거자료 수집 특정인 소재 파악 탐문 조사 CCTV 신원 가출 정보 확인 사실관계를 확인하는 활동이 대부분 이라며 이를 탐정이 대행한다면 업무 유형에 1인당 평균 8 5시간이 절약되는 것으로 파악됐다 고 분석했다	이는 비용을 지불하고서라도 사건 해결을 바라는 의뢰인이 개인 맞춤형으로 조사를 진행할 수 있고 경찰의 눈치를 보며 속 끓이지 않아도 되는 수사 환경을 조성하는데 도움이 될 수	경쟁사분석 비리감찰 필요한 기업수요 증가탐정 합법화에 기업들도 반기는 분위기다	그동안 하고 싶었지만 못했거나 몰래 했어야 했던 기업정보 사냥에 나설 수 있어서다	탐정업체가 세무서에 정식사업자로 등록돼 기업 입장에선 의뢰와 거래를 투명하게 할 수 있게 된 점도 장점이다	흥신소 심부름센터 기획컨설팅은 건달 깡패 전과자가 운영한다는 부정적 이미지가 여전해 기업들도 아직은 조심스러운 게 현실이다	규제 완화 후 상담을 요청하는 기업 문의가 확실히 늘었다는 것이 탐정 업체들의 반응이다	전문가들을 보유한 탐정업체들은 개인 의뢰보단 기업 의뢰를 더 선호한다
37,[‘탐정사무소’ 합법화로 문 열었더니] 산업정보 필요한 기업들 관심 나타내--2,개인 의뢰는 불륜 사생활 특정인의 소재 연락처 도 감청 보험 피해 등에 대한 조사가 대부분이다	기업 의뢰는 부동산 거래에서 인수 합병 채권 채무 현황 지식재산권 피해 산업기밀 유출에 다양하다	이를 통해 탐정업체는 경력을 쌓고 전문성과 활동영역도 넓힐 수 있어서다	김두현 명탐정 대표는 직원 공금 횡령이 발생하면 경찰에 알리기보단 탐정에게 의뢰해 소송까지 가지 않고 변상 징벌 등으로 내부에서 조용히 해결하고 싶은 게 기업의 생리 라고 설명했다	이어 공시나 법인등기부에 나오지 않는 기업 정보나 프랜차이즈 매매와 관련한 의뢰도 많다 며 인수 합병을 앞두고 거래금액을 산정할 업체가 제시한 매출이 뻥튀기가 아닌지 조사해달라는 의뢰 라고 말했다	기업도 적합한 경영과 마케팅 전략을 찾기 위해 탐정업체를 이용하는 편이다	현재 기업들의 의뢰는 경쟁사의 현황이나 계약을 앞둔 상대 기업의 매출 채무 평판 파악 내부 임직원의 부정 비리 감찰 해외 도피 사범 추적 해킹 사이버 피해 조사 등이 주를 이룬다	탐정업체는 외국 교민사회 네트워크를 활용해 경쟁사의 해외 동향을 파악해주기도 한다	기업의 보안활동 강화 등에 탐정을 활용하는 방안을 연구해온 박상진 세한대 교수는 탐정에 대해 법률팀을 꾸릴 수 있는 대기업과 달리 영세한 벤처 중소기업이 부정 비리를 감독하고 기밀유출 등의 사고를 예방하는 데 있어 활용할 수 있는 방안 이라고 설명했다	변호사 업계는 사생활 침해와 업무영역 중첩을 이유로 탐정 합법화에 반대하고	일부 대형 법무법인은 이미 탐정 출신 전문가를 영입해 기업 정보 조사관으로 활용하고	법원이 심판에 필요한 사실관계를 파악하고 자료를 수집하기 위해 조사관을 두는 것과	임대료 직원고용 부담을 덜기 위해 홀로 활동하는 개인 변호사들도 탐정업체에 관심을 갖기 시작했다	변호사가 사무원을 직접 고용 지시 감독해야 한다는 법규에 가로막혀 당장의 활용 가능성은 미지수다	업계 자정 관리 가이드라인 마련 필요탐정학 석 박사 과정을 처음 도입한 동국대의 강동욱 법무 대학원장은 지금도 전문조사관을 채용하는 대형 로펌들이 적지 않다	그들의 역할이 탐정 업무인데 변호사 업계가 탐정 제도를 반대하는 것은 모순 이라며 탐정이 훗날 고용 피고용 관계를 벗어나 협력관계로 정착한다면 증거 조사는 탐정에게 법률 판단은 변호사에게 범죄 억제는 경찰에게 맡겨 치안의 효율성을 높일 수 고 전망했다	현재 정부가 탐정 명칭을 허용했지만 업계엔 혼란이 가중되고	경찰청이 개별법 위반 소송 중인 사건에 대한 증거 수집 금지하는 가이드라인을 제시해서다	경찰청이 탐정업계를 관리하는 주무관청이지만 탐정 활동의 손발을 묶어 업체들이 불평하고	경찰청 내부적으론 경찰력의 전문성 향상 치안 사각지대 보완 은퇴 후 준비를 명분으로 지난해부터 경찰들이 탐정 자격증을 취득하도록 권장하고 있어 이해충돌을 보이고
38,[‘탐정사무소’ 합법화로 문 열었더니] 산업정보 필요한 기업들 관심 나타내--3,탐정업체들은 실질적인 탐정법 도입을 원하고	지금은 신고만하면 누구나 탐정사무소를 운영할 수	그러다 보니 전과자가 흥신소를 탐정으로 간판만 바꿔 달면 된다	합법을 가장한 불법을 조장할 수 있다는 얘기다	이를 막기 위해 탐정업계는 전과자 정신이상자 차단 건강한 자격을 선별하는 면허제 도입 다양한 전문가를 위한 토대 마련 법률 위반 행위 단속 인허가제 도입 의뢰인 비밀 보장 등을 담은 탐정법 마련을 요구하고	호주에서 탐정자격을 취득한 유우종 한국민간조사중앙회장은 호주엔 보증인 제도가 있어 탐정이 법을 위반하면 자격증을 뺏고 보증인에게 책임을 묻는다 며 선진국처럼 국내도 기업들이 탐정에게 연간 관리비를 주고 경영활동을 정기 감독하는 형태로 발전하게 될 이라고 전망했다
39,[CEO UP & DOWN] 윤호영 vs 홍원식--0,Up 윤호영 한국카카오은행 대표1분기 순익 지난해 대비 훌쩍 뛰며 방긋 한국카카오은행이 올해 1분기에만 지난해 당기순이익을 넘어서는 실적을 기록하면서 윤호영 대표의 경영능력에 대한 긍정 평가가 나온다	카카오뱅크의 1분기 당기순이익은 185억원으로 지난해 동기 대비 181 3 증가했다	지난해 당기순이익보다 많은 순이익을 1분기에 달성했다	1분기 영업이익도 184억원을 기록해 전년 동기 대비 3배 가까이 늘었다	같은 기간 순이자수익은 545억원에서 844억원으로 55 증가했다	카카오뱅크 측은 제휴사 대출 추천 서비스의 꾸준한 성장과 2월 NH투자증권 주식 계좌개설 신청서비스가 추가되면서 수수료 부문의 개선세가 뚜렷했다 며 지난 4월 27일 출시한 제휴 신용카드 발급에 따른 수수료 수입으로 수수료 부문의 개선세는 2분기에도 이어질 것으로 기대된다 고 말했다	카카오뱅크의 1분기 성장에 윤호영 대표의 선견지명과 경영 능력이 주목받고	윤 대표는 2014년 카카오 부사장 재임 당시에 1인 태스크포스를 꾸려 혼자서 카카오뱅크 설립을 준비했다	그는 2017년 4월 카카오뱅크 공동대표에 취임했으며 올해 3월에는 단독대표에 올랐다	카카오뱅크 출범 2년 만에 1000만 고객을 확보하는 가시적인 성과를 낸 윤 대표는 정보기술과 금융의 질적 융합을 통한 사회적 효용 창출 등에 심혈을 기울이고 있는 것으로 전해진다	그는 평소 직원과 수평적으로 토론하는 경영인으로도 유명하다	카카오뱅크 안에서 영어 이름인 대니얼 불릴 정도로 격식을 차리지 않는 것으로 알려졌다	그는 지난 3월 단독대표에 취임하면서 올해부터 서비스의 확장과 강화된 고객 경험으로 모바일 금융 하면 카카오뱅크를 떠올릴 수 있는 카뱅 퍼스트 구현하겠다 고 밝혔다	Down 홍원식 남양유업 회장경쟁사 비방 글 게시 정황에 불매운동 재현	홍원식 남양유업 회장이 홍보대행사를 동원해 온라인에 경쟁사 비방 글을 게시한 정황에 관여했는지 여부를 두고 경찰 수사를 받고	서울 종로경찰서는 홍원식 회장 등을 명예훼손 등의 혐의로 입건해 조사 중이다	경찰에 따르면 남양유업은 지난해 초 홍보대행사를 통해 육아 정보 커뮤니티인 맘카페 등에 매일유업 제품을 비방하는 내용의 글과 댓글을 게시한 혐의다	매일유업 측은 매일유업에 원유를 납품하는 목장 근처에 원자력발전소가 있어 방사능 유출 영향이 있는 아니냐 는 취지의 글이 지속 올라오자 글을 게시한 4개 아이디를 특정해 경찰에 고소한 것으로 알려졌다	남양유업이 2009년과 2013년에 이어 다시 경쟁사 비방 글 유포 혐의 등으로 경찰 수사를 받자 비판 여론이 들끓고	일각에서는 사건으로 지난 2013년 불거진 남양유업 불매운동의 악몽이 되풀이되는 아니냐는 우려도 나온다
40,[CEO UP & DOWN] 윤호영 vs 홍원식--1,2013년 5월 남양유업의 한 직원이 대리점주에게 폭언하고 물건을 강매하는 내용의 녹취록이 공개되면서 남양유업 불매운동이 전국적으로 확산된 바	남양유업은 비방 글 게시 의혹이 알려지자 당혹감을 감추지 못하는 분위기다	공정거래위원회가 5월 6일 대리점 관계 개선을 위한 남양유업의 시정 방안이 담긴 동의의결안을 최종 확정했다고 밝혔는데 같은 날 경쟁사 비방 글 게시 의혹이 제기된 것이다	이에 대해 남양유업 측은 실무자가 온라인 홍보대행사와 업무를 협의하는 과정에서 매일유업의 상하 유기농 목장이 원전 4 근처에 위치해 있다는 것은 사실이기 문제가 없다고 자의적으로 판단해 논란에 휩싸이게 됐다 며 당사자는 1년여 간 경찰 조사에 성실히 임해왔고 결과를 기다리고	고객께 심려를 끼쳐드린 점 머리 숙여 깊이 사과드린다 는 입장을 밝혔다
41,[역병과 정치의 상관관계] 中·日 정권 뒤흔드는 코로나19--0,중국 국가 이미지 시 주석 리더십 실추 전쟁 개헌 노리는 아베도 발목 잡혀중국 후베이성 우한을 중심으로 발생 확산 중인 신종 코로나바이러스 감염증이 중국을 뒤흔들고	중국은 정점에서 추락하고	지난해 10월 1일 성립 70주년을 맞은 중국은 누가 봐도 욱일승천하는 용	1978년 개혁 개방 후 눈부신 경제성장을 이뤘고 이제 미국과 무역 분쟁을 벌일 정도로 글로벌 경제대국이 됐다	지난해 국민소득 1만 달러 시대 문도 활짝 열었다	중국은 국제통화기금 2019년 통계를 1인당 국내총생산이 명목금액으로 1만98달러가 됐다	세계 65위다	구매력 등을 감안한 구매력지수로는 1만8110달러로 세계 73위다	지난해 성립 70주년과 1인당 GDP 1만 달러 시대 입성이라는 겹경사를 맞은 중국은 올해 코로나19에 발목이 잡혔다	중국의 입막음 대응이 코로나19 방역 골든타임 놓쳐코로나19에 대한 미숙한 대응으로 중국의 국가 이미지가 실추한 것은 국제사회에서의 위상과 시진핑 국가주석의 리더십까지 흔들리고	2월 13일 기준 전 세계 확진자가 6만 명을 초과하고 사망자가 1300명을 넘으면서 현상은 중국 내외에서 가속화하고	확진자와 사망자의 대부분은 중국에서 나왔다	중국이 바이러스 전염병 관리의 골든타임을 놓친 게 아니냐는 지적을 받으면서 중국 권력을 쥔 공산당과 행정 실무를 맡은 정부의 관리 능력에 대한 회의론이 확산하고	경제 분야에서도 중국 리스크가 확산하고	글로벌 공급망에 중국에 부품 상품 거래처 관광객을 의존했던 여러 나라들이 시스템의 위험성을 깨닫고 근본적인 수리 나서고	중국 정부와 시 주석은 그동안 일대일로 정책으로 전 세계를 들었다 놨다 했지만 정작 전염병이라는 대형 사고로 발목이 잡히고	중국에 전투기 무기를 의존하면서 사실상의 동맹국인 파키스탄은 누구보다 빨리 중국인 입국 금지 조치를 취했다가 중국의 항의를 받았는지 취소하는 해프닝을 벌였다	두 나라는 파미르 고원에서 서로 국경을 맞대고	중동국가 이라크도 중국인 입국금지 조치를 취했다	중국과 국경을 길게 맞대고 국제정치에서도 반미 축을 형성하는 러시아도 전염병 앞에선 누구보다 먼저 중국인 입국금지 조치를 취하며 등을 돌렸다
42,[역병과 정치의 상관관계] 中·日 정권 뒤흔드는 코로나19--1,세계보건기구의 테드로스 아드하놈 게브레예수스 사무총장의 중국 두둔 발언도 국제사회가 중국에 등을 돌리는 계기가 됐다	게브레예수스 사무총장은 1월 28일 베이징을 방문해 시 주석을 만나 전염병 대처를 위해 중국 정부가 보여준 확고한 해결 의지와 시의적절하면서 효과적인 대처가 감탄스럽다 며 중국은 자국민은 전 세계인을 보호하고 고 치켜세웠다	WHO는 1월 30일 전 세계 확진자가 9000명을 넘자 국제 보건 비상사태를 선포했다	게브레예수스 사무총장은 중국인 여행 금지 조치에 회의적인 반응을 보였지만 미국은 보란 듯이 중국인 입국을 금지했다	러시아도 마찬가지였다	중국이 WHO 사무총장을 압박해 사태를 호도하려고 시도하는 바람에 방역 골든타임을 놓친 게 아니냐는 지적을 받고	게브레예수스 총장은 중국의 대대적 투자로 수도 아디스아바바에 전철이 놓이고 경공업 공장이 줄줄이 들어선 에티오피아의 보건장관과 외교장관을 지낸 인물이라는 점에서 더욱 의혹이 일고	실제로 게브레예수스는 2017년 사무총장에 선출되면서 중국의 적극적인 지지를 받았다	그는 선출 다음날 유엔 보건기구의 수장답지 않게 중국의 정치 구호이자 원칙인 하나의 중국 거론했다	중국 관광객이 몰렸던 태국 일본 한국에서 확진자가 발생하고 필리핀과 일본에서 사망자까지 나오면서 중국의 이미지가 손상되고	중국과 일국양제 관계인 홍콩 마카오도 확진자가 발생하며 직격탄을 맞고	중국은 2016년 일국양제를 거부하는 차이잉원 대만 총통이 취임하자 단체 관광객의 대만 송출을 금지했으며 지난해에는 개별 관광객의 대만 방문도 막았다	대만은 코로나 사태를 맞으면서 중국 관광객이 없어 다행이라는 반응이다	공산체제의 통제 감시 사회가 문제 악화시켜이번 사태로 중국의 최고 권력자인 시 주석의 책임론도 거론되지 않을 수 없는 상황이다	시 주석은 공산당 총서기와 국가주석 중앙군사위원회 주석을 맡아 당정군을 한 손에 통솔하고	시 주석은 공산당을 이끌고 외교 국방을 총괄하며 경제 보건 행정은 리커창 총리에 일임하는 체제를 유지해왔다	상황에서 시 주석은 1월 31일 우한에서 원인 불명의 폐렴이 발생한 뒤로 전염병 관리를 리 총리에게 맡기고 뒷짐을 쥔 모습을 보였다	중국 공산당 중앙의 코로나19 업무 영도소조는 리 총리가 조장을 맡고	신종 코로나 사태 같은 국가적 전지구적 사태를 맞아 시 주석은 손을 놓고 리 총리에게 조장을 맡겨놓고 등을 떠미는 모양새다	문제는 중국의 권력은 행정 실무자가 아니라 공산당에서 나온다는 사실이다
43,[역병과 정치의 상관관계] 中·日 정권 뒤흔드는 코로나19--2,성도 성장은 행정만 권력과 최고 지시 권한은 성의 공산당 서기가 쥐고	신종 코로나 사태가 발생한 뒤 후난성과 우한시도 성장이나 시장이 아닌 성과 시의 당서기가 최고 권력을 움켜쥐고	지역 당서기도 중앙당에 보고하고 지시를 받아야 움직이는 초중앙집권 체제다	중앙정부와 성 시까지 모든 권한은 공산당이 쥐고 있으면서 책임은 행정 담당자가 쥐는 상황이다	시 주석이나 공산당의 존재가 기민한 의사결정 전문가를 앞세운 대책 시행이 절실하게 필요한 전염병 방역에서 걸림돌이 되는 상황이다	시 주석의 역할에 비판이 나오지 않을 수가 없는 상황이다	공산체제 특유의 통제사회 감시사회도 문제를 악화시키고	2월 7일에는 우한의 34세 안과의사 리원량이 사망하면서 중국의 고질적인 통제와 언론 차단에 대한 비판이 일고	리원량은 지난해 12월 30일 의사들의 채팅방에서 정체불명 폐렴의 위험성을 처음으로 알렸지만 공익 제보자로서 대우는커녕 유언비어를 퍼뜨렸다고 경찰에 불려가 반성문을 써야 했다	그는 백내장 환자를 진료하다 신종 코로나 바이러스에 감염돼 투병하다 숨졌다	그가 목숨을 잃자 중국에선 우리는 박쥐 죽는 게 아니다 라는 글이 올라왔다	언론과 비판의 자유가 없는 중국의 현실이 전염병의 초기 대응을 막았다는 뼈아픈 지적이다	이를 계기로 중국 당국의 주민 감시도 도마에 오르고	내몽골에서 띄운 감시 드론이 마스크를 쓰지 않고 길거리에 나온 노파를 따라다니며 마스크를 써라 는 방송하는 모습이 유튜브에 올랐다	이는 결코 해프닝도 방역 미담 사례도 아니다	드론으로 주민의 사생활을 살피는 감시사회 중국의 민낯이다	中 안면인식 드론 기술로 국민 감시하며 상 벌 부여그 배경은 이렇다	중국 정부는 2014년부터 일부 지역에서 시범 도입해온 사회신용제도를 올해 전면 도입할 예정이었다	신상 안정성 금융기록 지불이행능력 소비행위 친구 관계 5가지 항목에서 개인의 사생활 정보를 촘촘하게 수집해 좋은 행동에는 상점을 나쁜 행동에는 벌점을 부가해 개개인에게 신용 점수를 매기는 제도다	예로 자원봉사 헌혈 기부 중국산애용 등에는 상점을 주고 무단횡단 대중교통요금 연체 금연구역 흡연 수입제품 구매 술 다량 구입 SNS에 정부비판 글 올리기 등에는 벌점을 준다
44,[역병과 정치의 상관관계] 中·日 정권 뒤흔드는 코로나19--3,이를 위해 거리의 CCTV와 안면인식기술 등을 철저하게 활용한다	차로 과속하거나 신호를 위반하면 거리에 경찰이나 단속요원이 없어도 감시카메라가 운전자 얼굴을 찍고 경찰 컴퓨터와 연결해 누구인지 안면을 인식해 해당자에 대한 사회신용 점수를 매긴다	사회신용점수는 개개인의 삶에 영향을 미치게 된다	중국 당국은 상점이 높은 사람에겐 공무원 임용과 승진 특혜 창업 시 정부 지원 저리 대출 병원 수납 시 줄서기 면제 혜택을 부여한다	벌점이 많은 사람은 공직 임용 제한 대출과 구직 제한 자녀의 인기 사립학교 입학 금지 항공기 열차 이용 시 1등석 구매 금지 해외 여행 불허 등의 불이익을 주고	중국 당국은 제도의 목적이 신용이 높은 사람을 격려하고 신용불량자를 압박하면서 지하경제를 통제하고 사회 수준을 높이는 것이라고 주장한다	이는 누가 봐도 주민에 대한 감시와 행동 통제다	민주주의와 인권이 없는 중국 사회에서나 가능한 감시와 처벌이다	중국 전체를 감시와 처벌의 파놉티콘으로 만들겠다는 무시무시한 의도가 아닐 수 없다	중국 공산당 기관지인 인민일보의 자매지 환구시보의 영어신문인 글로벌 타임스에 따르면 인구 13억8600만 명의 중국에는 감시 카메라가 2016년 기준 1억7600만 대가	2022년에는 인구보다 많은 27억6000만 대로 늘어날 전망이다	지난해 1월 미국 정보통신 시장조사 컨설팅 업체인 인터내셔널 데이터 코퍼레이션이 조사한 결과를 신문이 보도한 내용이다	일본 니혼게이자이신문은 중국 본토에 2억 대가 넘는 감시 카메라가 작동 중이라고 보도했다	보도에 따르면 감시 카메라는 인공지능 기술을 적용한 안면 인식 시스템 탑재해 개개인을 인식할 수 있을 정도로 고성능이다	홍콩의 사우스차이나모닝포스트는 지난해 4월 중국 광둥성 선전에서 중국의 AI 안면 인식 기술로 운전자의 얼굴을 감시 카메라로 찍어 무면허자를 적발하는 시스템을 가동 중이라고 전했다	경찰은 전체 운전면허자의 사진을 중앙전산시스템 데이터베이스에 보관하면서 무면허자를 가려내고	중국은 IT와 AI 기술의 연구 개발에 대거 투자하면서 안면 인식 기술을 포함한 보안 감시 기술을 발전시켜왔다	중국은 분야에서 세계적인 수준에 올랐다는 평이다	대표적인 기업이 홍콩 중문대 교수가 창업해 홍콩에 본사를 둔 센스 타임이다	기업은 인공지능과 안면 인식 기술로 세계적인 명성을 얻고
45,[역병과 정치의 상관관계] 中·日 정권 뒤흔드는 코로나19--4,2014년 6월엔 인간의 인지 능력을 뛰어넘는 인공지능 화상 인식 알고리즘을 개발했다고 발표했다	회사는 해 9월 열린 이미지 네트 세계대회에 출전해 구글에 이어 2위를 차지해 기술력을 인정받았다	AI를 중심으로 한 테크 기업에 보조금을 주고 감세 다양한 혜택을 제공해온 중국 정부는 기술을 보안과 감시 분야에서 이미 활용 중인 것으로 알려졌다	중국의 검색엔진 업체인 바이두는 음성 인식과 안면 인식 기술을 활용해 가정용 로봇을 비롯한 스마트 홈 제품들을 만들고	중국의 인터넷 서비스 플랫폼 업체인 텐센트가 운영하는 유튜 연구소는 안면과 사물 인식 분야에서 상당한 기술을 확보한 것으로 알려졌다	중국이 디지털 감시 기술을 현재 홍콩 사태에 적극 활용하고 있을 것으로 충분히 짐작할 수	日 크루즈 확진자 대처 미흡해 비난특히 주목할 점은 중국이 드론과 감시 카메라 AI 안면 인식 기술을 활용해 비둘기 라는 암호명의 지역 공중 감시 시스템을 운영한다는 점이다	하늘을 비행하면서 지상을 감시하는 보안 드론 로봇이다	일반 드론과 것은 새처럼 날개를 퍼덕이며 날아다녀 인간의 탐지를 피할 수 있다는 사실이다	비둘기 는 동화상을 촬영하는 데 그치지 않는다	탑재한 AI 시스템이 동화상에서 특정 패턴을 찾거나 사람의 안면을 인식해 신원을 확인한다	수배자처럼 특정 인물을 찾기 위한 기술이지만 이를 응용하면 시위나 항의하는 사람이 누구인지 어디에 사는지도 밝힐 수	중국 당국은 이미 30개 이상의 군부대와 정부 기관에서 이를 사용하고 있다고 일본 아사히 신문이 보도했다	조지 오웰의 SF소설 1984년 처럼 첨단기술을 활용해 인간의 일거수일투족을 들여다보는 비인간적 감시 장치가 중국에선 이미 현실이다	중국 공산당은 안면인식 AI 기술을 활용해 전 국민을 감시하는 AI 공정 벌여온 셈이다	2001년 아랍의 봄 당시 젊은이들이 휴대전화와 소셜 네트워크 시스템을 활용하면서 디지털 기기는 민주주의를 불러오는 디지털 유토피아 도구가 됐다	중국 당국이 디지털 기술을 국민 감시에 활용하면서 중국은 디지털 포비아 디지털 디스토피아 되고	이에 중국 지식인들도 언론자유를 요구하고	리원량이 숨진 2월 7일을 언론자유의 날로 하자는 목소리도 높아지고	중국 당국은 SNS를 뒤져 글을 차단 삭제하면서 전파를 막고
46,[역병과 정치의 상관관계] 中·日 정권 뒤흔드는 코로나19--5,홍콩사태 신장위구르 티베트에 대한 국제적 비난에다 코로나 사태까지 겹치면서 중국은 이미지가 계속 떨어지고	아베 신조 일본 총리도 직격탄을 맞았다	가나가와현 요코하마에 정박한 미국 영국 선적의 크루즈선 프린세스 다이아몬드 호에서 대량 확진자가 나오면서다	그럼에도 일본은 WHO를 압박해 확진자 통계에서 일본과 일본	크루즈를 분리해서 발표하게 하고	확진자는 무조건 배에서 하선해 항구에서 대기 중인 앰뷸런스를 타고 일본의 병원으로 향하고 있는데도 말이다	확진자가 아닌 크루즈 탑승자들을 하선하지 못하게 막아 각국의 불만을 불렀다	13일 노인을 중심으로 일부 탑승객을 내릴 수 있도록 했다	일본의 부적절한 전염병 대처는 7월 24 8월 9일에 열리는 도쿄 여름 올림픽이 무사히 열릴 수 있을까에 대한 회의론을 부르고	일본은 인류의 제전인 올림픽을 평화롭고 효율적으로 열어야 하는 책임이	코로나 바이러스 사태는 도쿄 올림픽을 치른 뒤 개헌을 추진해 전쟁할 수 있는 일본을 만들겠다는 아베의 정치 일정표에도 어떻게든 영향을 줄 수밖에 없다	채인택 중앙일보 필자는 현재 중앙일보 다	논설위원 국제부장 등을 역임했다
47,"[‘현대판 계(契)’ 등장, 서재준 티웨이브 대표] 핀테크 서비스 ‘아임인’으로 곗돈 리스크 해결--0",누적 거래액 1000억원에 연체율은 0 4 불과	신용등급 세분화로 안전장치 구축 치안국에서 15일 현재로 조사한 바에 의하면 약 7000개의 계가 현재 전국 각지에서 서민은행 격인 역할을 하고 있다고 하며 계에 불입된 금액은 약 15억환으로 추산된다는 데 같은 집계를 내게 된 이유는 광주를 비롯하여 각지에서 계주들이 사기횡령 혐의로 약 30명이나 경찰에 구속된 사실에 비추어 얼마나한 수의계가 맺어지고 있는가를 알기 위한 것이었다고 한다	1920년대부터 1990년대까지의 과거 기사를 검색할 수 있는 네이버 뉴스 라이브러리를 통해 검색한 1954년 12월 22일자 기사다	사용된 단어는 너무 예스럽고 극단적인 문어체에 4줄을 넘어선 후에야 마침표가 찍혀 읽기가 힘들지만 재미있는 내용을 담고	계를 조심해야 한다 는 것이다	70여년이 지난 현재는 어떨까	4억원 가량 곗돈을 떼어먹고 10여년을 도망을 다닌 낙찰계 계주가 1심에서 징역 4년을 선고받았다 는 내용의 기사가 2020년 9월 2일자로 실렸다	돈을 떼어먹고 도망간 계주 사건은 진행형이다	계의 취지는 좋지만 돈을 보호할 수 있는 안전장치가 없다는 게 문제다	소셜 핀테크 스타트업 티웨이브가 아임인 이라는 핀테크 서비스로 계의 문제점을 해결하겠다고 나서 주목받고	아임인 서비스는 계와 유사하다	아임인은 시급하게 목돈이 필요하거나 재테크를 원하는 사람이 스테이지를 열면 계가 시작된다	계주는 스테이지를 열기 전 참여 인원을 결정하고 이율과 약정금을 정하면 된다	13명이 참여하는 스테이지의 경우 1 6번 순번의 사람은 빠르게 목돈을 타고 대출이자를 내는 시스템이고 후순번 사람은 원금에 적금이자를 더해서 받는 방식이다	실제로 아임인이 제공한 시스템을 이용해 13명이 매월 30만원을 입금하는 스테이지를 열어봤다	이율은 19 정했다	스테이지에서 1번을 택한 사람은 매월 32만6025원을 입금하는데 13개월 423만8325원을 내게 된다	1번이 첫 달에 지급받는 금액은 386만1000원
48,"[‘현대판 계(契)’ 등장, 서재준 티웨이브 대표] 핀테크 서비스 ‘아임인’으로 곗돈 리스크 해결--1",목돈을 빠르게 받지만 스테이지가 끝날 때까지 37만7325원을 이자로 내는 셈이다	이에 반해 마지막 순번인 13번은 매월 27만3975원씩 356만1675원을 입금하게 된다	13번이 최종적으로 지급받는 금액은 377만8690원으로 21만7015원의 이자소득을 얻게 된다	시스템을 보면 자연스럽게 궁금해지는 게	앞 순번 사람과 뒤 순번 사람의 이율 차이는 생기는 것이고 입금액이 스테이지를 열 때와 달라지는지 등이다	아임인을 서비스하는 티웨이브 창업가 서재준 대표는 앞 순번 사람은 목돈을 대출받아 원리금균등상환방식으로 갚아 나가고 뒤 순번 사람은 원금에 적금이자를 받는 이라며 시중 은행과 비교해보면 서류 제출이 없고 신용등급 변화 없이 목돈을 대출받을 수	후순번은 시중 은행보다 높은 이율의 적금상품으로 재테크를 할 수 고 설명했다	약정 금액과 실제 납입 금액이 이유는 거래 이용 수수료 1 이자에 붙는 세금 등이 적용되기 때문이다	아임인을 이용하는 이들이 가장 우려하는 게 앞 순번을 택한 이들이 목돈만 받고 약정금을 연체하는 것일 터	계에서 계주가 돈만 챙겨 도망가는 경우와	서 대표는 사용자의 신용등급을 세분화했고 안심서비스를 도입해 연체된 경우 우리가 원금의 90 책임을 진다 고 말했다	더 자세하게 살펴봤다	아임인 이용을 위해 회원가입을 하려면 NICE신용평가 기관의 데이터 제공에 동의해야 한다	NICE신용평가 결과 10등급 6등급까지만 회원가입이 가능하다	티웨이브는 NICE신용평가에서 받은 신용 1 6등급을 다시 I 1에서 I 9까지 세분화했다	1등급에서 9등급은 참여할 수 있는 스테이지가 다르다	아임인 스테이지에서 12월 11일 현재 최대 약정을 할 수 있는 금액은 160만원이다	I 1 등급만 스테이지를 열고 참여할 수	신용등급이 낮은 I 9 등급은 10만원 약정금 스테이지만 열거나 참여할 수 있게 했다	서 대표는 돌려막기나 연속 앞 순번 참여 등을 막는 어뷰징 방지 시스템을 적용해 연체를 예방하고 고 강조했다
49,"[‘현대판 계(契)’ 등장, 서재준 티웨이브 대표] 핀테크 서비스 ‘아임인’으로 곗돈 리스크 해결--2",연체 방지 시스템은 약정금의 0 2 보험료로 내는 안심프라임 서비스 다	서비스에 가입하면 앞 순번 이용자가 15일 연체를 하는 경우 뒤 순번 사용자가 원하는 시기에 납입금액의 90 티웨이브가 보장해주는 서비스다	서 대표는 연체율은 0 4 불과하다	사용자가 사망한 경우도 있고 개인회생 신청을 해서 연체를 하는 경우도 건 된다	경우 회사가 책임진다 고 강조했다	연체는 보통 신용등급이 낮은 이들이 참여하는 소액 스테이지에서 발생한다	금액이 연체되는 경우 내용증명을 보내거나 소액청구심판을 신청하면 대부분 해결된다고 한다	안전장치를 마련해서인지 2017년 3월 서비스를 론칭한 이후 12월 현재 거래 건수가 3만여 건 누적 거래액이 1070억원을 돌파했다	스테이지는 4500건을 넘어섰고 총 참여 인원도 3만4000명을 돌파했다	눈에 띄는 것은 재이용률로 무려 46 이른다	별다른 마케팅이나 광고 없이 사용자의 입소문으로만 이뤄낸 성과다	창업 이후 누적 투자 유치액이 53억원에 이른 것도 사용자의 충성도가 가장 큰 무기였다	보광창업투자 스케일업벤처스 등이 투자사로 이름을 올렸다	우리은행과 KB카드 KEB하나은행 여러 금융기관과 MOU를 맺고 다양한 협업을 모색하고	서 대표는 창업 초기 투자자에게 IR을 하면 반응이 좋지 않았다	그게 되겠어 하는 의심을 많이 받았다 며 웃었다	내년 티웨이브는 시리즈 B 투자 유치를 계획하고	전에 50억원 규모의 브릿지 투자 유치를 진행 중이다	서 대표는 이름을 밝힐 수는 없지만 브랜드 네임이 있는 투자사에서 투자를 검토 중 이라고 자랑했다	투자금은 이후 시스템 안정화 인력 충원 마케팅 등에 사용할 예정이다
50,"[‘현대판 계(契)’ 등장, 서재준 티웨이브 대표] 핀테크 서비스 ‘아임인’으로 곗돈 리스크 해결--3",아임인 서비스를 소셜 핀테크 서비스로 확대하기 위한 전략도 짜고	내년 초에는 앱 버전도 출시할 예정이다	커뮤니티를 중심으로 하는 아임인 서비스를 선보인다는 계획이다	원래 호텔리어를 꿈꿨던 서 대표는 미국 네바다주립대학에서 호텔 경영학을 전공했지만 금융에 관심이 생겨 한국에 돌아와 금융 컨설턴트로 일했다	첫 창업인 아임인 성공 스토리를 쓰고
51,[SPECIAL REPORT(1) 옥션 ‘인증문자 오발송 사건’의 진실] 1000만건 해킹 악몽 재현 우려--0,논란 일자 비밀번호 재설정 입력 페이지 삭제	방통위 인터넷진흥원은 수수방관옥션이 지난 3월 23일 회원들에게 요청하지도 않은 인증번호 문자를 대량으로 발송한 아닌 밤중에 인증번호 문자 사고는 회사가 자체적으로 운영하던 비밀번호 재설정 프로그램 문제 탓인 것으로 드러났다	논란이 이어지자 옥션은 자체 비밀번호 재설정 입력 페이지를 완전히 삭제한 것으로 확인됐다	인증번호는 온라인 회원이 자신의 ID나 비밀번호 같은 개인정보를 요구할 회사가 회원을 확인하기 위해 등록된 휴대전화로 보내는 무작위 숫자다	회원이 인증번호를 입력하면 회사는 ID나 비밀번호를 알려주거나 비밀번호를 재설정하도록 도와준다	인증번호는 개인정보 금고를 여는 열쇠 여겨지기도 한다	옥션에서 개인정보 유출 사고가 발생했거나 해킹 시도가 벌어진 아니냐는 우려의 목소리가 이어지는 것도 때문이다	오발송에 대한 옥션 해명도 오락가락4월 1일 방송통신위원회는 본지와 통화에서 옥션으로부터 자체적으로 운영하는 비밀번호 재설정 프로그램에서 오류가 생겨 인증번호가 대량으로 오발송되는 사고가 일어났다는 해명을 들었다고 밝혔다	방통위에 따르면 3월 23일 저녁 옥션 인터넷 사이트에 비밀번호 재설정 트래픽이 증가하면서 프로그램의 오류로 이어졌다	비슷한 시간에 여러 사람이 한꺼번에 비밀번호를 재설정하기 위해 접속했고 프로그램이 이를 감당하지 못했다는 뜻이다	옥션은 회원 수 1000만명 이상을 거느린 기업이다	기업이 운영하는 인터넷 사이트에 장애를 일으킬 만큼 비밀번호 재설정을 시도하는 접속자가 몰리는 것은 흔한 일이 아니다	해킹 시도가 아니었느냐는 우려가 나오는 이유다	인증번호 문자 오발송 문제는 옥션이 자체적으로 운영하는 인증시스템 발생했다	ID나 비밀번호를 확인하는 방법은 크게 세 가지가	아이핀 간편인증 통신사 연계 인증 회사 자체 시스템 인증 방식이다	아이핀은 인터넷상의 ID 넘버로 SCI평가정보 일부 기관에서 발급한 식별번호를 인증수단으로 활용해 사용자를 확인할 수	통신사 연계 인증은 자신이 사용하는 휴대전화 통신사에 본인을 확인하는 방식으로 생년월일 전화번호 등을 입력하면 인증번호를 발급한다
52,[SPECIAL REPORT(1) 옥션 ‘인증문자 오발송 사건’의 진실] 1000만건 해킹 악몽 재현 우려--1,회사 자체 시스템 인증은 옥션처럼 회원 정보를 보유한 회사가 회원이 ID나 비밀번호를 요청하면 등록된 전화번호로 인증번호를 보내줘 회원 본인을 확인하는 식이다	옥션은 자체 인증시스템 통해 회원을 확인했는데	여기서 문제가 생긴것이다	현재는 자체 인증시스템을 삭제해 아이핀 간편인증 통신사 연계 인증 방식으로만 회원 확인을 진행하고	한 IT 전문가는 프로그램에 문제가 생기면 보통은 원인을 찾거나 개선한다	옥션이 문제가 발생하자마자 프로그램을 삭제한 것을 보면 작은 문제가 아닐 이라고 말했다	오발송에 대한 옥션의 해명은 오락가락하고	옥션을 운영하는 이베이코리아는 사고 발생 초기 통화에서 회사 사정상 정확한 내용은 설명할 수 없지만 원인을 확인해 문제를 바로잡았다 며 개인정보 유출 같은 피해는 없고 더 같은 일은 발생하지 않을 이라고 밝혔다	30일 통화에서 방통위는 옥션에서 문제가 발생한 당일 트래픽이 갑자기 늘어난 원인은 규명하지 못했다는 설명을 들었다 며 4월 첫째 주까지 옥션이 자체 조사를 진행해 관련 사실을 해명할 예정 이라고 했다	대외적으로는 원인 규명을 끝냈고 문제가 없었다고 말하면서도 방통위에는 아직 조사가 필요하다고 설명한 것이다	옥션이 개인 피해자들에게 한 말이 사실이라면 사전 조사를 끝내놓고 방통위에 보고할지 계산하기 위해 시간을 끈다는 의심을 살 수	방통위에 한 설명이 사실이라면 개인 피해자들에게 거짓말을 하고 있는 셈이다	말 바꾸기 논란은 여기서 끝나지 않았다	이베이코리아 개인정보 담당 관계자는 회사에서 ID 찾기 페이지 작업 하는 도중 문제가 생긴 것으로 알고 고 했다	취재가 진행되자 회사 사정상 자세한 상황을 설명할 수 없다던 이베이코리아 측은 해명에 나섰다	이베이코리아 고위 관계자는 비밀번호 재설정을 요청한 고객에게 인증번호를 전송하면서 요청하지 않은 고객에게도 일부 인증번호가 전송돼 어디까지 해명해야 하는지 고려하다보니 난감했다	해킹은 절대 아니다 라고 주장했다	문제가 될 수 있는 현상을 차단한 것은 맞지만 정확한 원인을 규명하는 데는 한 달 시간이 걸릴 것으로 보인다 고 말했다	그는 ID찾기 페이지 작업 과정 문제 라는 개인정보 담당자의 답변에 대해 추측일 이라며 그런 경우에 문제가 발생할 수 있다는 뜻으로 보인다 고 설명했다	개인정보 유출을 염려한 옥션의 일부 회원들은 사이트에서 탈퇴하고 있는 것으로 알려지고
53,[SPECIAL REPORT(1) 옥션 ‘인증문자 오발송 사건’의 진실] 1000만건 해킹 악몽 재현 우려--2,뒤늦게 파악 방통위 알고도 조치않은 인터넷진흥원해킹과 개인정보 유출 우려에 인터넷 이용자들의 불안은 커지고 있지만 옥션은 무성의한 대응으로 일관하고	오발송에 대한 사과와 안내 문자 대신 이의를 제기하는 회원에게만 상황을 설명해주는 식이다	그마저도 정확한 상황은 알려줄 수 없지만 개인정보 유출 가능성은 없으니 이해해달라 는 정도가 전부다	이에 대해 담당부처인 방송통신위원회와 한국인터넷진흥원은 손 놓고 있는 실정이다	방통위 개인정보침해조사과에서는 옥션의 인증번호 문자 오발송 문제가 벌어진 지 나흘이 지나서도 관련 사실을 파악하지 않고 있다가 취재가 진행되자 사실 확인을 시작했다	방통위 관계자는 문자가 잘못 발송된 것은 맞지만 개인정보가 유출된 것은 아니라는 해명을 들었다 며 옥션의 자체 조사 결과를 살펴본 뒤 조사 여부를 결정할 이라고 말했다	방통위 유관기관인 인터넷진흥원은 옥션의 문제를 인지하고도 방통위에 알리는 조처를 하지 않았다	인터넷진흥원 관계자는 일부 옥션 회원으로부터 요청하지도 않은 인증번호 문자를 받았다는 신고를 접수했지만 인증번호는 개인정보가 아니기 큰 문제로 여기지 않았다 고 했다	그는 개인정보 유출 사고가 일어나면 해당 기업이 24시간 안에 신고하게 돼 있는데 신고가 들어오지 않았기 문제가 없는 것으로 알고 며 신고도 되지 않은 상황에서 인터넷진흥원이 방통위의 지시 없이 조사할 수는 없다 고 말했다	실제 정보통신망 이용촉진 정보보호 등에 법률을 보면 기업이 개인정보 유출 사실을 인지하면 24시간 이내에 신고하도록 규정하고	기업이 규정을 엄격히 따른다면 개인정보 유출 사고는 신고가 돼야 한다	신고하지 않았다면 문제가 없다는 인터넷진흥원의 설명도 맞다	심각한 것은 문제가 발생했어도 24시간 내에 신고치 않은 사례가 많았다는 것이다	인터파크는 2016년 회원들의 개인정보가 새어나간 사실을 알고도 24시간 안에 신고하지 않아 문제가 됐다	지세븐인터내셔날과 태진인터내셔날은 기술적 관리적 보호조치 미비 홈페이지 트래픽 증가로 인한 오류 발생으로 이용자 개인정보가 노출되는 사고를 겪기도 했다	이후 경찰청에는 신고했지만 인터넷진흥원에는 하루가 지난 뒤에 신고해 과태료를 부과받기도 했다	김승주 고려대 교수는 크든 작든 기업의 시스템에 문제가 생겨 회원들이 개인정보 유출을 우려한다면 정확한 상황을 설명하는 게 당연하다 고 말했다	개인정보 보호에 대한 인터넷 이용자들의 우려가 지속되는 가운데 올해 1월 데이터 3법이 국회를 통과했다	데이터 3법은 정보통신망법 신용정보법 개인정보보호법 개정안을 의미한다	데이터3법은 개인정보 활용에 한 번 동의하면 금융사와 마케팅업체 등이 가명으로 처리된 개인 정보를 활용할 수 있게 하는 내용을 담고
54,[SPECIAL REPORT(1) 옥션 ‘인증문자 오발송 사건’의 진실] 1000만건 해킹 악몽 재현 우려--3,가명정보 는 개인정보의 일부를 변경하거나 삭제해 개인을 특정할 수 없는 정보다	정보를 상업적 목적으로 쓸 수 있도록 하는 게 데이터 3법의 주된 내용이다	기업들은 4차산업을 육성할 토대라며 관련법 통과를 환영하고 있지만 이용자들은 개인정보를 제대로 보호하지도 못하는 상황에서 정보 통제권마저 약화시킨다는 점을 우려하고	가명정보를 안전하게 관리하기 위한 조치가 미흡하다는 것이다	현재도 기업들은 비식별화된 빅데이터를 결합해 손쉽게 재식별화 작업을 하고 있는 것으로 나타났다	재식별화된 개인정보들은 기업의 이익을 위해 여려 경로로 활용된다	박근혜 정부에서 추진한 개인정보 비식별 조치 가이드라인 공공기관이 보유하고 있던 개인정보가 기업에 제공된 건수만 3억4000만 건이 넘는 것으로 드러났다	이렇게 넘어간 각각의 서로 개인정보 데이터들은 묶여 회원 정보 분석에 활용됐다	대표적으로 한화생명보험의 회원 정보 거래 정보 신용정보 21개 항목과 SK텔레콤의 회원 정보 거래 정보 신용정보 21개 항목 등이 결합됐다	SK텔레콤의 회원 정보는 한화생명으로 한화생명의 고객 정보는 SK텔레콤으로 넘어갔다	삼성생명과 삼성카드는 2017년 2월 두 회사에 가입되어 있는 약 240만명의 고객 정보를 13차례 결합했고 보험개발원은 1억5000만 건에 달하는 개인정보를 현대자동차 고객정보와 두 차례 결합했다	기업들은 정보를 비식별 처리했기 안전하다고 주장한다	대기업 상당수는 이미 수천만명의 회원 정보를 보유하고	이들이 넘겨받은 정보를 비교해보며 가명정보를 재식별할 수 있다는 우려는 사라지지 않고	데이터3법 통과로 문제가 일상적으로 나타날 수 있는 상황이다	개인정보관리 미흡한데 데이터3법 이대로 괜찮나규정 위반시 처벌도 약하다는 평가다	가명정보를 개인정보로 되돌릴 수 있는 추가정보를 별도로 분리해 보관하도록 했지만 가명 데이터를 조합하면 정보의 주인을 찾아낼 수 있다는 우려의 목소리가 나온다	이를 방지하기 위해 가명정보를 개인정보로 되돌릴 경우 5년 이하의 징역 또는 5000만원 이하의 벌금을 물게 하고 있지만 이는 가벼운 처벌이라는 지적이다	벌금을 내더라도 정보를 이용해 얻는 이익이 크기 때문이다	가명정보 안전조치를 지키지 않으면 3000만원 이하의 과태료 가명정보 처리 관련 기록을 작성하지 않으면 1000만원 이하의 과태료를 물게 했지만 역시 솜방망이 처벌이라는 목소리다
55,[SPECIAL REPORT(1) 옥션 ‘인증문자 오발송 사건’의 진실] 1000만건 해킹 악몽 재현 우려--4,채이배 민생당 의원은 가명처리를 하는 순간 개인정보에 대한 모든 권한을 포기하게 한 것이 가장 큰 허점이다	신용정보법 개정안은 SNS에 있는 정보도 수집할 수 있도록 해 매우 심각한 사생활 침해 우려가 고 말했다	예상되는 문제점을 해결하지 못한 상황에서 데이터 3법 시행은 하루하루 다가오고	행정안전부와 방송통신위원회 금융위원회는 데이터3법에 대한 시행령 개정안을 마련하고 3월 31일부터 40일간 입법예고를 진행한다고 밝혔다	데이터3법 시행령은 7월 말까지 정비절차를 마친 뒤 오는 8월 5일부터 본격적으로 발효된다
56,"[경쟁 없는 한국거래소의 책임 논란] 돈 벌 땐 사기업, 권한 행사는 공공기업--0",상장심사는 부실 상폐심사는 대마불사 논란	독점이 문제 대체 거래소 필요 지적도코스닥 상장사 신라젠의 상장폐지 심사를 앞두고 한국거래소의 책임론이 불거지고	신라젠 주주들은 신라젠이 상장할 문제없다고 판단했던 거래소가 인제 와서 상장폐지 여부를 다시 심사한다는 게 말이 안 된다고 주장한다	그때는 맞고 지금은 틀리나 하는 지적이다	신라젠은 기술특례 제도를 통해 2016년 코스닥시장에 상장한 바이오 기업이다	면역항암제 후보물질 펙사벡 개발 기대감이 커지면서 2017년 코스닥시장에서 시가총액 기준 2위까지 오르기도 했다	당시 시가총액은 5조원을 웃돌았다	2019년 펙사벡의 임상중단 사실이 알려지며 주가가 급락했고 문은상 전 대표를 비롯한 전현직 임직원들이 횡령 배임 혐의로 기소되면서 거래소에 상장 적격성 실질심사를 받고	거래소는 코스닥시장 상장폐지 실질심사 주요규정을 통해 기업 경영진의 불법행위에 의한 재무상태 악화 등은 상장폐지 실질심사 주요 기준에 해당한다고 밝히고	심사결과에 신라젠은 코스닥시장에서 퇴출당할 수도	삼성바이오로직스와 형평성 문제도 제기상황은 거래소의 상장심사에 대한 신뢰성 논란으로 이어지고	거래소는 유가증권시장과 코스닥시장 상장을 책임지고	심사를 통해 신라젠을 코스닥시장에 올린 곳도 거래소다	신라젠이 상장 이전에 발생했던 문제로 상장 폐지 심사를 받는다면 당시 제대로 심사를 진행한 게 맞느냐는 지적이다	신라젠 행동주의 주주모임 300여명은 지난 7월 10일 거래소 서울사무소 집회를 열고 신라젠의 주식 거래 재개를 촉구했다	주주 모임은 입장문을 통해 거래소가 상장 이전에 발생한 문제로 신라젠의 거래를 정지하고 상장 적격성 실질심사를 결정한 것은 17만 소액주주의 재산권을 침해하는 부당한 행위 라고 주장했다	거래소 코스닥시장 관계자는 와의 통화에서 지금 검찰에서 발표한 내용은 신라젠의 상장을 앞두고 이미 확인한 내용으로 LBO는 법적으로 문제없는 사안이었다 고 말했다	그는 검찰이 횡령과 배임 혐의 신라젠 전 현직 임원을 기소한 것은 사실이지만 아직 범죄로 확정된 것도 아니고 상장폐지 결정은 종합적인 판단을 통해 내릴 사안 이라고 했다
57,"[경쟁 없는 한국거래소의 책임 논란] 돈 벌 땐 사기업, 권한 행사는 공공기업--1",검찰은 지난 6월 문은상 신라젠 대표를 비롯해 이용한 전 대표이사 곽병학 감사 4명을 구속기소 했다	페이퍼컴퍼니를 통해 돈 한 푼 없이 차입매수 방식으로 신주인수권부사채를 인수하고 1918억원의 부당이득을 취한 혐의다	LBO는 인수하려는 회사의 자산을 담보로 자금을 빌리고 돈으로 해당 회사를 인수하는 방식이다	이에 대해 금융투자업계 한 관계자는 신라젠이 상장 이후에 문제가 생겨 논란이 됐다면 거래소 책임이 아니라고 할 수 있지만 상장 이전 사건이 문제가 된 거래소가 책임에서 자유로울 수 없을 이라고 했다	신라젠의 상장 폐지 가능성이 거론되면서 삼성바이오로직스 분식회계 논란이 된 기업과의 형평성 논란도 불거지고	삼성바이오로직스는 4조5000억원 규모의 분식회계 의혹을 받고 있는데도 거래소는 상장 유지를 결정한 바 있기 때문이다	삼성바이오로직스는 2018년 11월 금융위원회 산하 증권선물위원회로부터 고의 분식회계 혐의로 검찰에 고발당했고 상장 적격성 실질심사 대상이 되면서 주식 거래가 정지됐었다	현재까지 고의 분식회계에 대한 결론은 나오지 않았지만 삼성그룹 임직원 8명은 분식회계 의혹과 관련해 증거인멸 혐의로 유죄를 선고받았다	그럼에도 거래소 기업심사위원회는 2018년 12월 삼성바이오에 대해 경영의 투명성과 관련해 일부 미흡한 점에도 기업 계속성 재무 안정성 등을 고려해 상장을 유지하기로 했다 고 밝혔다	과거 대우조선해양도 5조원대의 분식회계 사실이 적발되며 논란이 됐지만 상장은 유지됐다	제재는 약 1년3개월 대우조선해양의 주식 매매가 정지되는 수준에 그쳤다	불법 논란에도 덩치가 큰 대기업은 상장 적격성 심사를 통과했는데 신라젠이 상장폐지 된다면 대마불사 논리를 따르는 아니냐는 지적이 나올 수 있다는 것이다	이에 대해 삼성바이오로직스의 상장 유치를 담당했다는 거래소 관계자는 삼성바이오로직스의 상장 당시 금감원에서도 문제가 없다는 말을 듣고 진행했는데 나중에 논란이 생겼다 며 검찰이나 경찰처럼 직접 조사할 권한도 없는 거래소가 완벽하길 바라는 것은 문제가 고 말했다	거래소가 원칙이 아니라 시장의 눈치만 본다는 지적도 끊이지 않고	논란이 발생한 기업들도 투자자 보호를 위한다는 명분으로 상장이 유지되고 있기 때문이다	미국에서는 지난 2001년 에너지기업 엔론이 1조5000억원 규모의 분식회계 혐의로 파산했다	당시 분식회계에 가담한 담당 회계법인 아서 앤더슨은 파산했고 엔론 CEO와 회장에게는 24년4개월 24년의 징역이 선고됐다	2000년 이후 2018년까지 유가증권시장과 코스닥시장에서 상장폐지 된 종목은 361개 729개다	투자회사 특수목적회사를 제외한 상장폐지는 연평균 43개 수준이다	WFE 자료에 따르면 2000년부터 2017년까지 미국 나스닥시장에서만 매해 350여 개 기업이 상장폐지되고
58,"[경쟁 없는 한국거래소의 책임 논란] 돈 벌 땐 사기업, 권한 행사는 공공기업--2",비경쟁 구도 독점 거래소의 문제점 많아전문가들은 거래소의 독점 구조를 깨야 한다고 지적한다	거래소는 국내 증권시장을 열어 수수료를 받는 독점사업권을 갖고	거래소가 없어 경쟁도 하지 않는다	여기에 시장을 감독하는 막강한 권한도 쥐고	민간기구로 이익을 취하면서 공공의 권한을 행사하는데 문제가 터져도 책임지지 않는 구조를 바꿔야 한다는 것이다	미국에는 90개의 대체거래소가	유럽은 254개 캐나다 8개 일본 2개 등이 운영 중이다	미국과 유럽에서는 전체 주식거래의 약 30 40 대체거래소에서 이뤄지고	강소현 자본시장연구원 연구위원은 와의 인터뷰에서 기업이 상장폐지 되면 감당해야 할 피해가 너무 크기 거래소도 상장폐지를 부담스러워 하는 측면이 있어 보인다 며 문제가 반복될 경우 증권시장의 신뢰성이 흔들릴 수 있는 문제점이 고 말했다	그는 한국거래소 한 곳이 증권시장을 독점하는 구조에서 문제가 비롯했다 며 기업이 상장폐지되더라도 거래할 수 있는 장외 시장을 만들고 투자자들이 거래 선택지를 넓힐 수 있도록 거래소를 확대할 필요가 고 설명했다
59,[멀고 먼 중동평화] 트럼프는 왜 이스라엘 편을 들었을까--0,유대인 정착촌은 국제법에 어긋난다던 미국 41년 만에 입장 뒤집어 표심 잡기 위한 정치쇼 비판미국의 도널드 트럼프 대통령이 지난 1월 28일 워싱턴에서 팔레스타인 분쟁 해결을 위한 중동평화 방안을 제시했지만 이스라엘과 한쪽 당사자인 팔레스타인 측의 강력한 반발로 시행이 불투명한 상황이다	앞으로 팔레스타인의 운명은 되고 중동지역은 평화를 확보할 수 있을 것인가	영국의 BBC와 일간 가디언 독일의 국제방송인 도이체벨레 AP AFP 로이터 다양한 국제 뉴스원을 참고해 중동평화 방안을 분석하고 향후 사태 전개를 예측해본다	먼저 평화안을 따져보자	트럼프의 구상은 요르단강 서안의 이스라엘 정착촌에 대해 이스라엘 주권을 인정하는 대신 팔레스타인이 남은 지역과 가자지구 등에서 독립국가를 건설하도록 했다	팔레스타인 국가는 동예루살렘의 일부를 수도로 삼도록 했다	그러면서 이스라엘이 앞으로 4년간 팔레스타인 자치정부와 국가 건설 협상을 하는 요르단강 서안에 더는 새 정착촌을 건설하지 않도록 했다	트럼프는 팔레스타인이 국가를 건설하고 해외에 대사관을 개설하는 데 500억 달러의 국제 금융을 제공하기로 했다	서로 연결되지 않은 요르단강 서안과 가자 지구를 도로와 교량 터널로 연결하기로 했다	이스라엘 땅인 서부 네게브 사막의 일부에 산업단지와 농장을 건설해 팔레스타인 측에 제공하는 내용도	이날 트럼프 대통령이 팔레스타인 자치정부의 마무드 아바스 수반 없이 이스라엘의 베냐민 네타냐후와 나란히 발표한 중동평화 구상은 대놓고 이스라엘을 편들었다는 평가를 받을 수밖에 없다	팔레스타인 자치지역인 요르단강 서안지구에 있는 이스라엘 정착촌에 대한 이스라엘 주권을 인정하는 내용이 들어있기 때문이다	정착촌은 이스라엘 점령 정책의 상징이며 팔레스타인인이겐 수모와 영토 잠식 주권유린의 증거다	요르단강 서안은 가자지구와 1947년 유엔 결의로 팔레스타인 국가가 들어서기로 예정된 지역이다	1948년 이스라엘 독립 직후 발발한 제1차 중동 전쟁에서 요르단강 서안은 요르단이 가자지구는 이집트가 점령했다가 1967년 제3차 중동전쟁 이스라엘이 대승하면서 이곳을 점령했다	이스라엘군 장교 출신으로 영국 런던대학교 킹스칼리지의 전쟁학 교수로 저자인 아론 브레크먼에 따르면 이스라엘은 첫째 군사력과 물리력 둘째 인허가권을 비롯한 법과 행정 규제 셋째 토지와 물과 같은 자원의 통제라는 강압 통치를 무기로 점령을 계속했다	이스라엘 국민도 아니고 자신들을 지켜줄 나라도 없는 상태에서 점령 당국으로부터 탄압받고 희생된 팔레스타인 주민의 고통스러운 경험은 이스라엘은 서구에 대한 아랍인의 불신과 분노를 낳았다는 것이 그의 분석이다	이스라엘은 국제사회의 반대에도 가자지구와 요르단강 서안에서 정착촌을 늘려왔다	가자지구에서는 주민들의 시위와 총격 등으로 2000년 8월 유대인 정착촌을 철수했지만 펠라스타인 자치지구인 요르단강 서안과 동예루살렘에는 약 70만 명의 이스라엘인 정착촌을 건설해 거주하고	트럼프 재선 앞두고 미국 기존 노선 뒤집어주목할 점은 정착촌에 대한 미국의 정책이다
60,[멀고 먼 중동평화] 트럼프는 왜 이스라엘 편을 들었을까--1,미국은 지미 카터 행정부 시절인 1978년 제정한 법률을 바탕으로 정착촌은 국제법에 부합하지 않는다는 입장을 유지해왔다	지난해 11월 마크 폼페이오 미국 국무장관은 요르단강 서안의 유대인 정착촌이 국제법에 어긋난다고 더 간주하지 않는다고 밝혔다	당시 폼페이오 장관은 미국의 입장을 41년 만에 뒤집으면서 트럼프 대통령이 발표할 중동평화방안의 근거를 만들어준 것으로 볼 수	미국과 이스라엘이 상당히 오래 전부터 방안을 준비해왔다는 이야기다	트럼프의 방안에 팔레스타인 당국은 펄쩍 뛰었다	가자지구를 실질적으로 지배하는 무장정파 하마스는 아바스 자치정부 수반이 이끄는 정당인 파타도 트럼프의 중동평화 구상을 거부했다	트럼프의 중동평화 구상 발표에도 팔레스타인 분쟁은 해결 기미가 보이지 않는다	정치적으로 이스라엘의 네타냐후 총리에겐 도움이 될 수	네타냐후는 현재 정치적으로 사면초가 상태다	두 차례의 총선으로도 새로운 정부를 구성할 수 있을 정도로 충분한 의석을 얻은 정당이 나오지 않은 상황에서 세 번째 선거를 기다리고	거기에 이스라엘 검찰은 살아있는 권력 인 네타냐후를 부패 혐의로 수사하고	트럼프가 들고 온 중동평화 구상은 네타냐후를 상황을 반전시킬 절호의 기회가 될 수	팔레스타인이 거부하고 시위와 폭력으로 맞설 경우 이스라엘과 중동 정세는 불안해지겠지만 네탸냐후는 강경 유권자의 표를 모을 수	오는 11월 대선에서 재선에 도전하는 트럼프로서도 이미지와 유대인 표와 정치자금 흡수에 도움이 될 수	사정을 감안하면 어차피 중동평화 구상 자체가 평화정착을 위한 진심을 담았다기보다 미국과 이스라엘의 정치적 상황과 일정을 감안한 정치쇼 성격이 강하다고 할 수밖에 없다	다시 시간을 거슬러 팔레스타인 분쟁의 근원을 살펴보자	팔레스타인 분쟁은 유대인들이 1948년 영국 위임통치령이던 요르단강 서쪽 팔레스타인 지역에 이스라엘을 건국하면서 땅을 잃은 팔레스타인 주민들이 대항하면서 시작됐다	요르단강 동쪽의 트란스요르단과 서쪽의 시스요르단은 제1차 세계대전 전까지 오스만튀르크 제국의 영토였으나 튀르크의 패전으로 영국에 넘어갔다	트란스요르단에선 과거 메카를 지배하다 1차대전 중 영국에 협력했던 하심 가문이 1946년 요르단 왕국을 세워 독립했다	요르단강 동쪽에서 지중해까지를 이르는 시스요르단은 팔레스타인으로도 불렸는데 1947년 11월 29일 유엔총회 결의안 제181호로 지역의 아랍인 국가과 유대인 국가 예루살렘으로 분할하기로 했다
61,[멀고 먼 중동평화] 트럼프는 왜 이스라엘 편을 들었을까--2,이는 팔레스타인인과 유대인 모두를 만족시키지 못했다	1945년 3월 22일 알렉산드리아 의정서를 바탕으로 발족한 아랍연맹의 지원을 받은 팔레스타인 해방군은 유대인 민병대를 상대로 전쟁을 벌였지만 패배했다	오슬로 합의에도 불구 관계 추가 협상 난항결국 유대인들은 1948년 5월 14일 이스라엘의 독립을 선언했다	이집트 시리아 요르단 주변 아랍 국가들은 일제 공격으로 응답했다	이스라엘 독립전쟁 또는 제1차 중동전쟁으로 불리는 무력충돌이다	이스라엘은 1956년 영국 프랑스 주도의 수에즈동란을 거쳐 1967년 6일전쟁에선 아랍 국가들을 상대로 6일간 요르단강 서안지역과 가자지구 동예루살렘 팔레스타인 몫의 땅은 이집트의 시나이반도 시리아의 골란고원까지 점령했다	1973년 소련의 최신무기로 무장한 아랍의 보복 기습공격으로 욤 키푸르 전쟁이 벌어져 한때 밀렸지만 위기를 수습할 수 있었다	그러는 팔레스타인 측은 야세르 아라파트 의장이 이끄는 팔레스타인 해방기구를 중심으로 이스라엘과 서구를 상대로 항공기 납치 총기 난사 테러를 계속 벌였다	힘만으론 평화를 지킬 수 없다는 생각에 이스라엘은 1979년 이집트에 시나이 반도를 반환하고 평화조약을 맺은 수교했다	1987년 팔레스타인 주민들의 1차 인티파타를 일으키면서 관계는 최악으로 치달았다	계기는 팔레스타인 지역으로 이스라엘이 점령한 가자지구에서 팔레스타인 소녀가 유대인이 쏜 총을 맞고 숨진 사건이었다	범인은 보석금을 내고 풀려났으며 그가 자유의 봄이 된 그날 이스라엘 군인들이 아이들에게 발포해 5명이 숨졌다	그런 상황에서 그해 12월 8일 가자지구 난민촌의 청년들이 이스라엘 군용 트럭에 치어 숨지는 사건이 터지면서 대대적인 시위가 벌어졌다	항쟁은 5년간 계속됐고 수많은 아랍 국가와 아랍인이 연대했다	인타파타 운동이 장기화하는 가운데 이라크가 1990년 쿠웨이트를 침공하자 미국이 사우디아라비아 친미 중동국가와 나토 회원국을 포함한 다국적군을 결성해 1991년까지 이라크전을 치렀다	당시 이라크를 지지했던 PLO는 사우디아라비아 중동 각국에 나가 살고 있던 팔레스타인 주민이 대거 추방되면서 해외 송금이 끊겨 심각한 재정난을 겪었다	PLO는 생존을 위해 1991년부터 이스라엘과 협상에 들어가지 않을 수 없었다	타협의 필요성을 느낀 이스라엘도 팔레스타인과 대화에 들어갔다	협상은 미국의 중재로 이뤄졌으며 1993년 9월 이스라엘과 PLO는 2국가 공존 틀로 하는 오슬로 합의를 이끌어냈다	PLO는 유대국가의 생존권을 인정하고 이스라엘은 요르단강 서안지구와 가자지구에 팔레스타인 자치정부를 수립해 5년간 잠정적으로 자치를 허용하는 내용이다
62,[멀고 먼 중동평화] 트럼프는 왜 이스라엘 편을 들었을까--3,이에 1994년 5월 팔레스타인 자치정부가 운영에 들어가고 그해 7월 아라파트가 자치지역으로 돌아오면서 인티파타는 끝났다	이는 2013년 팔레스타인 국가 창설 선언으로 이어졌다	오슬로 합의의 공로로 PLO의 아라파트 의장과 당시 이스라엘의 이츠하크 라빈 총리와 시몬 페레스 외무장관은 1994년 노벨평화상을 받았다	이스라엘은 1994년엔 요르단과 평화조약을 맺고 수교했다	이로써 이스라엘과 육상으로 국경을 맞댄 나라 레바논과 시리아를 제외한 두 나라와 평화조약을 맺고 외교관계를 수립했다	나라 사이 국경을 육상으로 통과하는 것도 가능해졌다	이스라엘과 팔레스타인 간의 추가 협상은 계속 난항을 겪었다	5년간의 한시 자치가 종결된 1999년까지도 최종 해결은 이뤄지지 않았다	자치 시한은 2000년 9월까지 연장돼 협상을 계속하던 양측은 미국의 중재로 2000년 7월 미국의 캠프 데이비드 대통령 별장에서 마주 앉았다	미국의 빌 클린턴 대통령은 아라파트 의장과 이스라엘의 에후트 바라크 총리와 무릎을 맞댔다	이스라엘은 앞으로 수립될 팔레스타인 국가의 비무장과 유대인 정착촌을 이스라엘 주권 아래에 두는 방안을 내놨다	아라파트는 이를 거부했으며 협상은 결렬됐다	이번에 트럼프가 내놓은 방안도 2000년에 아라파트가 거부한 방안에 가지를 보탰을 뿐 큰 맥락에선 대동소이하다	상황에서 특히 1970 1990년대에 걸쳐 정착촌 건설을 지지해온 강경파 정치인 아리엘 샤론은 팔레스타인 측의 분노에 불을 질렀다	샤론은 2000년 9월 당시 야당이던 리쿠드당 대표로서 경찰 1000명의 호위를 받으며 예루살렘의 이슬람 성지인 바위의 돔과 알아크사 모스크가 있는 성전산에 올랐다	성전산은 동예루살렘에 속하는데 이슬람 성지인 바위의 돔과 알아크사 모스크가 있는 만큼 이스라엘 군경은 출입을 삼가는 불문율이 있었는데 샤론이 이를 무시하면서 점령지 팔레스타인 주민의 분노와 봉기를 유발했다	자살공격을 포함해 격렬하게 진행된 2차 인티파타는 2005년까지 계속됐다	이스라엘과 팔레스타인 사이에 2국가 체제를 이루는 것은 쉽지 않았다	이스라엘은 정착촌 건설을 계속했고 팔레스타인 거주지역을 장벽으로 휘감았다	팔레스타인인들은 계속 고통을 받았고 명예로운 국가 창설로 한발자국도 나가지 못했다
63,[멀고 먼 중동평화] 트럼프는 왜 이스라엘 편을 들었을까--4,중동 산유국들 실리 챙기려 트럼프 손 들어줘주목해야 할 포인트는 트럼프의 중동평화 구상이 나온 뒤 중동권에서 심상치 않은 반응을 보였다는 점이다	사우디아라비아 이집트 아랍에미리트 바레인 오만이 트럼프 구상을 긍정적으로 평가했다는 사실이다	중동 산유국인 이들 나라는 그동안 이스라엘을 비판해오면서 팔레스타인 지역에 꾸준히 원조를 제공해온 물주 다	이들은 명분과 실리 사이에서 고민을 했을 것이다	이팔 분쟁으로 이스라엘과 수교도 곤란하고 국내정치에도 부담이 상당히 있었을 것이다	그런 나라들이 이번에 트럼프의 손을 들어준 것은 팔레스타인 분쟁 피로증을 상당히 느끼고 있는 것으로 분석할 수	트러프와 쿠슈너의 끈질긴 설득에 트럼프의 방안을 인정하고 평가한 것으로 볼 수	대가로 미국이 선물을 줄 것인지는 아직 알려지지 않았다	특히 지역 맹주의 하나인 사우디아라비아의 무함마드 빈 살만 빈 압둘아이즈 알사우드 왕세자는 비전2030 이라는 국가 개조계획을 발표하고 추진에 박차를 가하고	핵심은 사우디아라비아 서북쪽 티란 해협 인근에 거대한 신도시를 건설해 21세기형 관광 레저 교통 환경 에너지 핵심 도시로 키우는 프로젝트다	이를 위해선 이스라엘과 안보 기술 경제 협력이 시급하다	이와 관련해 주목되는 것이 지난 1월 27일 아우슈비츠 수용소 해방 75주년을 앞두고 사우디아라비아 메카에 본부를 둔 무슬림 세계연맹 무함마드빈 압둘카림 알이사 사무총장이 28개국의 무슬림 지도자 62명과 미국 유대인위원회의 대이비드 해리스 최고경영자와 아우슈비츠를 찾아 기도를 했다는 점이다	이스라엘은 직후 자국 국민의 사우디아라비아 방문을 허용한다고 발표했다	양국 관계에 훈풍이 부는가 싶지만 사우디아라비아는 이스라엘 여권 지참자의 자국 방문을 계속 불허하겠다고 밝혔다	그럼에도 중동에 뭔가 지각변동이 생길 것이란 희망은 갈수록 커지고	이스라엘이 안보뿐 아니라 중동 국가들이 절실하게 원하는 과학기술과 경제 분야에서도 실력을 키워가고 있기 때문이다	트럼프의 중동평화 방안이 당장은 큰 가치나 의미가 없더라도 장기적으로는 수정을 더해가면서 중동 평화를 위해 달려갈 수 있는 이정표는 될 것으로 전망되는 이유다	채인택 중앙일보 필자는 현재 중앙일보 다	논설위원 국제부장 등을 역임했다
64,"[단독 | 호주산 ‘품질 위조 의혹탄’ 국내 반입됐다] 한국중부발전·남동발전, 67만톤 넘게 수입--0",품질 저하 알면서도 조치 취하지 않아 심판분석 기준 강화해야 지적호주산 석탄의 품질인증서가 조작됐다는 의혹이 불거지면서 시작된 호주 석탄 게이트 한국으로 번지고	호주 탄광업체가 석탄 품질인증 업체에 인증서 조작을 지시했다는 내부고발이 나온 가운데 해당 석탄이 국내로도 반입된 것으로 확인됐다	2018년 5월부터 2019년 6월까지 약 1년 동안만 해도 67만4000톤이 들어왔다	금액 기준 619억원 규모다	특히 일부 호주산 품질 위조 의혹 석탄은 계약과 비교해 5 가까이 발전 효율이 떨어지는 것으로 나타났다	국내 발전사는 효율 저하를 알고도 구매가격 인하 등의 조치를 취하지 않은 것으로 드러났다	석탄 게이트는 이미 호주를 뒤흔들고	지난해 8월 호주 탄광업체 타라콤 석탄 품질 인증업체 에이엘에스 석탄 열량을 상향 조정하도록 지시했다는 타라콤 내부고발이 불거지면서다	세계 최대 석탄 수출국인 호주는 곧장 내부 조사를 실시했고 ALS는 자체 조사 결과 연간 3000개가량 발행하는 석탄 품질인증서의 45 50 조작됐다고 발표했다	ALS는 지난 4월 2일 호주증권거래소 공시를 통해 석탄 품질인증서가 정당한 이유 없이 수정됐고 해당 사안을 경찰에 신고했다 면서 관련 부서 임원 4명을 해고했다 고 전했다	열량 품질 떨어지는 위조 의혹 석탄 ALS의 품질 위조 의혹 석탄은 국내 발전사 중 한국중부발전 한국남동발전 두 곳에 흘러들었다	한국중부발전과 한국남동발전이 호주산 석탄을 공급받는 창구인 노블리소스 인터내셔널 위조 의혹을 받고 있는 타라콤 석탄을 취급하고 있는 것으로 드러났다	한국중부발전과 한국남동발전이 지난해 노블을 통해 들여온 석탄은 32만톤 규모다	호주산 석탄 전체 도입 규모의 약 5 수준으로 구매 가격 기준 약 315억원 석탄을 노블에서 공급받았다	노블은 타라콤 지분 약 14 9 보유하고	발전사는 해당 위조탄이 일부 도입된 것으로 알고 고 말했다	문제는 노블을 통해 들여온 타라콤 석탄의 열량 품질이 떨어진다는 데	입수한 타라콤 내부고발 소송 문건에 따르면 2018년 5월부터 2019년 6월까지 약 1년간 총 9건의 품질 위조 의혹 석탄 선적 건이 한국으로 들어왔다	총 82만톤 806억원 규모로 당 평균 71 3 열량이 조작된 것으로 나타났다	실제 열량 품질이 5700 인 석탄을 5771 3 내는 고품질 석탄인 것처럼 속여 판매한 것이다
65,"[단독 | 호주산 ‘품질 위조 의혹탄’ 국내 반입됐다] 한국중부발전·남동발전, 67만톤 넘게 수입--1",석탄 열량은 석탄 품질을 정하는 대표적인 수치로 가격 결정의 주요 요소로 꼽힌다	타라콤 내부고발자는 공급계약서의 석탄 열량 품질을 맞추기 위해 인증 업체에 압력을 가했다 고 밝혔다	석탄 열량 품질 오차는 환경에 직접적인 영향을 미친다는 분석이다	국내 발전사 석탄화력 보일러는 주로 당 5800 열량을 내는 석탄을 땔 안정적인 전력 생산이 가능하다	열량 기준에 미달한 석탄을 사용할 경우 같은 열량을 내기 위해 더 많은 석탄 투입해야 한다	이산화탄소 온실가스 배출량 증가는 전기요금을 결정짓는 전력 생산 비용의 증가로까지 전이된다	2016년 국회 입법조사처는 석탄화력 발전소가 발전기의 열효율에 맞는 질 좋은 화력발전 연료를 사용하기만 해도 오염물질 저감이 가능하다 는 조사 결과를 내놓기도 했다	타라콤 내부고발 소송 문건을 분석한 결과 국내로 들어온 전체 9건의 석탄 운송 실적 중 7건은 국내 발전사로 반입이 확인됐다	한국중부발전 4건 한국남동발전 3건이다	도입 규모는 약 67만4000톤 619억원에 달하는 것으로 나타났다	해당 석탄의 열량 차이는 당 평균 72 9 편차가 더 컸다	계약 열량에 맞추기 위해 품질인증서를 조작한 결과라는 평가다	실제 노블이 한국중부발전과 한국남동발전으로 석탄을 공급할 당시 밝힌 석탄의 열량 품질은 계약상 품질과 일치했다	국내 발전사가 석탄을 도입한 이후 검사한 품질 열량에선 당 최대 266 열량 차이가 났다	발전업계 관계자는 발전사는 석탄을 받은 후 내부 품질 검사를 진행한다 면서 열량 오차가 클 경우 가격 조정 조치를 취해야 하기 때문인데 오차가 크면 문제가 있다고 봐야 한다 라고 설명했다	세부적으로는 2018년 12월 30일 한국남동발전이 도입한 8만톤 규모 석탄에서 266 오차가 발생했다	타라콤 소송 문건 분석 결과 한국남동발전은 5722 석탄을 납품받기로 계약했지만 타라콤은 5585 석탄을 5722 꾸며 노블을 통해 보냈다	실제 한국남동발전이 석탄을 받아 품질을 직접 분석한 결과는 5456 불과했다	한국중부발전이 2019년 5월 31일 도입한 석탄도 마찬가지였다	5370 석탄 8만8000톤을 구매했는데 노블은 열량 5307 석탄을 63 가량 부풀려 보냈다
66,"[단독 | 호주산 ‘품질 위조 의혹탄’ 국내 반입됐다] 한국중부발전·남동발전, 67만톤 넘게 수입--2",한국중부발전 분석 결과 해당 석탄의 열량 품질은 5277 나타났다	위조 의혹 알지만 오차 범위라 상관없다	국내 발전사는 품질 위조 의혹 석탄을 도입 열량 오차를 파악하고도 가격 조정이나 입하 거절에 나서지 않은 것으로 드러났다	위조 의혹은 알지만 열량 조작이 미미하다는 것이다	가격 조정 벌칙 규정 적용도 이뤄지지 않았다	김성환 의원실이 확보한 국내 발전사의 석탄 품질 미달시 페널티 부과 내역 에서도 한국중부발전과 한국남동발전은 노블에서 공급받은 석탄에 별도의 페널티를 부과하지 않은 것으로 확인됐다	윤세종 기후솔루션 변호사는 국내 발전사는 석탄 도입 과정에서 공급사가 제시하는 바이어샘플 분석 인증과 수입한 석탄 하역시 거치는 입하탄 분석 크게 두 가지 품질 인증 절차를 거친다 면서 공급사가 제시한 품질 인증과 입하탄 분석 결과가 다르면 가격 조정 벌칙 규정을 적용해야 함에도 않고 고 지적했다	호주 인증업체가 곧장 해당 부서 임원을 해고하고 관련자들을 징계한 것과 대조된다	호주선 지난 4월 초 해당 조작 의혹에 대한 경찰 수사도 시작된 상태다	국내 발전사들은 수입한 위조 의혹 석탄을 돌려보내거나 벌칙을 부과할 근거가 없다는 태도다	한국중부발전이나 한국남동발전은 한국동서발전 한국남부발전 한국서부발전 발전 5개사가 석탄 심판분석 기준 제정해 열량 품질에 허용오차를 정하고 있다는 것이다	한국남동발전 관계자는 당 5500 이상인 석탄은 플러스마이너스 112 당 5500 이하인 석탄은 136 까지를 분석 오차로 인정한다 면서 노블이 공급한 석탄은 심판분석 기준에서 정한 분석 오차 안에 있어 페널티를 부과할 수가 없다 고 해명했다	전문가들은 국내 발전사들의 석탄 심판분석 기준이 제멋대로라는 지적을 내놓고	국내 발전사들이 미국재료시험협회의 석탄 열량 분석 방법을 도입했다고 주장하는 것과 달리 기준 자체가 임의설정 돼 있어서다	석탄 심판분석 기준 제정에 관여했던 국내 발전사 관계자는 ASTM의 허용오차를 그대로 도입하기에는 어려운 측면이 면서 2009년 최초 제정 당시 2006년부터 2008년까지 국내로 들어오는 석탄 관련 데이터를 종합해 오차를 반영했다 고 말했다	그는 이어 해외 기준을 따로 반영하지는 않은 것으로 안다 고 덧붙였다	석탄 심판분석 기준은 한국중부발전이나 한국남동발전 국내 발전사가 공급사와 맺는 계약 규정과도 것으로 나타났다	국내 발전사는 공급사와 맺는 석탄 구매 계약에 석탄 열량 차이가 50 경우 가격 조정 페널티를 부과한다 는 규정을 넣어두고 있는 것으로 확인됐다	한국중부발전이나 한국남동발전이 2018년 5월부터 2019년 6월까지 도입한 것으로 드러난 품질 위조 의혹 석탄의 열량 차에도 가격 조정 페널티를 부과하지 않은 것과 대조된다	이에 대해 한국중부발전 관계자는 계약서에 포함한 50 규정은 공급사에서 먼저 열량 부족을 인정할 경우 적용할 수 있는 규정으로 차이가 는 설명을 내놨다
67,"[단독 | 호주산 ‘품질 위조 의혹탄’ 국내 반입됐다] 한국중부발전·남동발전, 67만톤 넘게 수입--3",석탄 심판분석 기준 강화해야 지적상황이 이렇다 보니 국내 발전사의 품질 위조 의혹 석탄 도입의 피해는 고스란히 국민에게 떠넘겨지고	특히 열량 부족을 석탄의 양으로 메꿔야 해 온실가스 배출이 증가했을 것이라는 전망이다	타라콤 내부고발 소송 자료에 명시된 열량 차를 이산화탄소 추가 배출량을 계산한 결과 2만4539톤의 온실가스가 더 발생하는 것으로 집계됐다	한국중부발전과 한국남동발전 발전사가 요구한 석탄 계약 열량보다 실제 열량이 낮은데 총 1만1000톤의 석탄이 추가로 전력 생산에 사용될 수밖에 없기 때문이다	손민우 그린피스 기후에너지 캠페이너는 이산화탄소 2만4000톤을 상쇄하기 위해선 소나무 372만 그루가 필요할 정도 라고 말했다	국내 발전사들이 석탄 심판분석 기준을 강화해야 한다는 목소리에 힘이 실리고	석탄 심판분석 기준 강화가 품질 위조 의혹 석탄의 국내 반입을 막을 수 있는 최소한의 안전장치라는 이유에서다	한국중부발전이나 한국남동발전처럼 타라콤 석탄을 수입하는 일본 최대 화력발전업체인 JERA는 열량 차이가 50 만 생겨도 반입을 거절해 온 것으로 알려졌다	익명을 요구한 발전업계 전문가는 심판분석 기준을 강화해 질 좋은 석탄만을 도입할 수 있는 최소한의 토대를 마련해야 한다 고 말했다
68,[CEO UP & DOWN] 권세창 vs 허기호--0,UP 권세창 한미약품 대표치료신약 미 FDA 패스트트랙 지정에 활짝 한미약품의 비알코올성 지방간염 치료 신약인 랩스 트리플 아고니스트 미국 식품의약국의 패스트트랙으로 지정되면서 한미약품 연구원 출신의 권세창 대표가 주목받고	FDA는 심각하거나 생명의 위협을 가하는 질환에 우수한 효능을 보이는 신약에 대해 면밀한 심사를 거쳐 개발 필요성이 있다고 판단되면 해당 의약품을 패스트트랙으로 지정한다	패스트트랙으로 지정되면 신약 개발과 관련해 FDA의 전폭적인 지원을 받을 수 있으며 FDA와의 긴밀한 협의를 통해 신속한 신약 개발이 가능하다	한미약품에 따르면 이번에 FDA 패스트 트랙으로 지정된 랩스 트리플 아고니스트는 단일 타깃 경구 치료제의 한계를 극복할 수 있는 삼중 작용제로 한미약품의 독자 플랫폼 기술인 랩스커버리 적용된 혁신 신약이다	한미약품 측은 랩스 트리플 아고니스트가 NASH 치료 효과의 평가 기준이 되는 다양한 지표를 개선할 수 있어 현재 전 세계에서 개발되고 있는 NASH 치료제 가운데서도 혁신적인 약물이 될 수 있을 것으로 기대하고	한미약품의 삼중 작용제인 랩스 트리플 아고니스트의 상용화가 이뤄질 경우 수십조원의 NASH 치료제 시장을 선도할 수 있을 것이란 전망도 흘러나온다	한미약품이 같은 성과를 내고 있는 것은 연구개발에 대한 과감한 투자가 있기에 가능했다는 평가다	금융감독원 전자공시 시스템에 따르면 한미약품의 지난해 연결기준 연구개발비용은 2098억원에 달한다	올해 1분기 별도기준 연구개발비용은 476억원으로 매출액의 21 3 차지했다	DOWN 허기호 한일홀딩스 회장 주가 조작 혐의로 압수수색 곤혹 금융감독원 자본시장특별사법경찰이 지난 7월 15일 허기호 한일홀딩스 회장의 자택을 포함해 서울 서초구 한일시멘트 본사 한일홀딩스 본사 등에서 압수수색을 벌였다	한일시멘트 주가 조작 혐의 등과 관련한 압수수색인 것으로 전해졌다	이에 한일시멘트그룹을 둘러싼 위기감도 고조되는 분위기다	특사경은 지난 6월에 패스트트랙으로 한일시멘트의 주가 조작 혐의 등을 포착해 검찰에 통보했으며 서울남부지검의 지휘를 받아 관련 수사에 돌입한 것으로 전해지고	금융업계 안팎에선 압수수색과 관련해 지난 5월 공시된 한일시멘트와 에이치엘케이홀딩스의 흡수합병 과정을 주목할 필요가 있다는 의견이 나온다	당시 한일홀딩스는 수직 계열화를 통한 주주가치 제고 등을 위해 한일시멘트와 한일현대시멘트의 모회사인 에이치엘케이 홀딩스의 흡수합병을 결정했다고 공시했다	양사의 합병 비율은 한일시멘트 1 대 에이치엘케이홀딩스 0 5024632로 책정됐다	한일홀딩스는 에이치엘케이홀딩스 지분 100 보유해 회사를 자회사로 거느리고 있고 한일시멘트 지분 34 67 가진 최대주주다	한일시멘트 주가가 낮은 상태에서 에이치엘케이홀딩스와의 흡수합병이 이뤄지면 합병된 한일시멘트에 대한 한일홀딩스의 지분율이 높아지는 구조다	금융권에서는 회장 등이 한일시멘트 주가를 낮춰 한일홀딩스에 유리한 합병 비율을 산출한 아니냐 는 의구심이 나온다	한일시멘트 주가는 2018년 7월 한일홀딩스에서 인적 분할돼 같은 해 8월 재상장한 이후 지속 상승했다
69,[CEO UP & DOWN] 권세창 vs 허기호--1,2018년 8월에는 18만원까지 올랐지만 올해 들어 지속 하락했다	5월에는 8만원 수준이었다
